Month,sector,Sl No,project_name,agency,project_code,state,original_cost,Date of Commissioning,expenditure,report_month,source_file,source_sheet,Report Month,Sl.No,ministry,approval_date,start_date,Actual Date of Completion (MM/YYYY),Original/Target DoC (MM/YYYY),revised_doc,revised_cost,Actual Completion Date,original_doc,Revised Approval/Start Date MM/YYYY,actual_completion,Revised DoC MM/YYYY,Date of Commissioning - Original (MM/YYYY),revised_start_date,Cumulative Expenditure (Rs Crore),Agency Name,Date of Approval/Start (MM/YYYY),Target Completion Date (MM/YYYY),Revised Completion Date (MM/YYYY)
,Sector,,PARBATI HEP (4X200 MW) (NHPC) II,,180100210,NHPC,3919.59,,12832.59,2025-03,March n Q1 2025.xlsx,QPISR_T3_Completed,,19.0,,,,,,,,,,,,,09-2009,,,HIMACHAL PRADESH,,,
May 2025,POWER,6.0,PARBATI HEP (4X200 MW) (NHPC) II,NHPC,180100210,HIMACHAL PRADESH,3919.59,09/2009,12832.59,2025-05,Apr-May 2025.xlsx,Completed Projects,,,,,,,,,,,,,,,,,,,,,
,Sector,,"UDHAMPUR-SRINAGAR-BARAMULLA (NL),NR",,220100133,NR,37012.0,,42328.83,2025-03,March n Q1 2025.xlsx,QPISR_T3_Completed,,23.0,,,,,,,,,,,,,08-2024,,,JAMMU AND KASHMIR,,,
May 2025,POWER,7.0,"UDHAMPUR-SRINAGAR-BARAMULLA (NL),NR",NR,220100133,JAMMU AND KASHMIR,37012.0,08/2024,42328.83,2025-05,Apr-May 2025.xlsx,Completed Projects,,,,,,,,,,,,,,,,,,,,,
,Transmission & Distribution,,Transmission Network Expansion in Gujarat to increase its ATC from ISTS Part B,Power Grid Corporation of India Limited [POWERGRID],400005,"Multi-States (Dadra & Nagar Haveli and Daman & Diu, Gujarat, Maharashtra)",4546.26,,4546.26,2026-05,April-May 2026.xlsx,Completed Projects,May 2026,13.0,Ministry of Power,01/2022,07/2022,05/2026,06/2023,05/2026,,,,,,,,,,,,,
,,,"Grass Root Rail-fed Depot at Sekerkote, Agartala as resitement of existing Dharmanagar Depot",(Indian Oil Corporation Limited [IOCL]),400035,Tripura,656.0,,,2026-07,June-July 2026.xlsx,Completed Projects,June 2026,3.0,,06/2022,,,,06/2026,656.0,,(09/2025),,,,,06/2022,546.57,,,,
,Steel,,Installation of 4th Slab Caster along with its Auxiliaries and a New Ladle Furnace in SMS-II at Rourkela Steel Plant,Steel Authority of India Limited [SAIL],400065,Odisha,1105.23,,809.53,2025-12,Nov-Dec 2025.xlsx,December_T3_Completed,,17.0,Ministry of Steel,,,,,,,,,,,,,,,,01/2022 (02/2022),,05/2025
,,,"Grass root POL Terminal at Vallur, Chennai",Indian Oil Corporation Limited [IOCL],400077,Tamil Nadu,827.0,,661.1,2025-03,March n Q1 2025.xlsx,Flash_T3_Completed,,6.0,,01/2022,01/2022,,03/2026,,887.71,,,,12/2024,,,,,,,,
,,,New Mundra Panipat Crude Oil Pipeline,(Indian Oil Corporation Limited [IOCL]),400078,Rajasthan,9028.0,,,2026-07,June-July 2026.xlsx,Completed Projects,July 2026,4.0,,12/2021,,,,07/2026,9028.0,,12/2024,,07/2026,,,12/2021,7554.56,,,,
,Coal,,CHHAL OC SEAM III [6 MTY],South Eastern Coalfields Limited [SECL],400145,Chhattisgarh,610.63,,583.26,2025-12,Nov-Dec 2025.xlsx,December_T3_Completed,,5.0,Ministry of Coal,,,,,,,,,,,,,,,,12/2013 (12/2013),12/2025,03/2022
,Oil & Gas,,Debottlenecking and Augmentation of Cryogenic facilities at Uran LPG Import Terminal,"Department of Water Resources, River Development & GR",400158,Maharashtra,1164.69,,1048.74,2025-12,Nov-Dec 2025.xlsx,December_T3_Completed,,8.0,Ministry of Petroleum & Natural Gas,,,,,,1629.86,,,,,,,,,,04/2021 (04/2021),12/2025,02/2024
,Oil & Gas,,"PP Project, Pata",Gas Authority of India Limited [GAIL],400161,Uttar Pradesh,910.56,,1082.0,2025-02,JAN-FEB 2025.xlsx,Table3_Completed_Projects,February 2026,4.0,Ministry of Petroleum & Natural Gas,03/2019,,,,,1299.02,,01/2024,03/2019,02/2026,02/2026,,,,,,,
,Railways,,Third Railway Line between Patratu-Sonnagar [291 kms],RVNL - II,400234,"Multi-States (Bihar, Jharkhand)",8975.0,,5690.22,2025-02,JAN-FEB 2025.xlsx,Table3_Completed_Projects,January 2026,3.0,Ministry of Railways,11/2016,,,,,8975.0,,03/2026,08/2018,02/2026,07/2026,,,,,,,
,Energy Storage,,"Setting up a common user Petroleum Terminal at Jammu, J&K for resitement of existing PSU OMC's Depots from Jammu City",Bharat Petroleum Corporation Limited [BPCL],400235,Jammu and Kashmir,676.89,,587.36,2025-02,JAN-FEB 2025.xlsx,Table3_Completed_Projects,January 2026,1.0,Ministry of Petroleum & Natural Gas,04/2023,,,,,715.89,,03/2025,04/2023,01/2026,01/2026,,,,,,,
,Electricity Generation,,Ghatampur Thermal Power Plant 3 X 660 MW,NLC India Limited [NLCIL],400259,Uttar Pradesh,17237.8,,21287.24,2026-05,April-May 2026.xlsx,Completed Projects,May 2026,3.0,Ministry of Coal,07/2016,08/2016,06/2026,11/2020,06/2026,21780.9,,,,,,,,,,,,
,,,Tehri Pumped Storage Plant Project [4x250 MW],THDC India Limited,602193,Uttarakhand,4825.6,,8267.03,2025-03,March n Q1 2025.xlsx,Flash_T3_Completed,,12.0,,07/2006,06/2011,,04/2026,,8339.0,,,,06/2022,,,,,,,,
,Electricity Generation,,Khurja super Thermal Power Plant [2X660 MW],THDC India Limited,602194,Uttar Pradesh,11089.42,,12888.23,2025-12,Nov-Dec 2025.xlsx,December_T3_Completed,,11.0,Ministry of Power,,,,,,13276.2,,,,,,,,,,03/2019 (08/2019),09/2025,02/2024
,Transmission & Distribution,,Transmission System for Strengthening of Srinagar-Leh Tr. System,Power Grid Corporation of India Limited [POWERGRID],606781,"Multi-States (Jammu and Kashmir, Ladakh)",288.71,,288.71,2025-11,Nov-Dec 2025.xlsx,November_T3_Completed,,13.0,Ministry of Power,,,,,,,,,,,,,,,,03/2022 (03/2022),11/2025,12/2024
,Oil & Gas,,"Guwahati Refinery Expansion [1.0 to 1.2 MMTPA] along with installation of CRU, Guwahati Refinery",Ministry of Petroleum & Natural Gas,607701,Assam,412.3,,487.31,2026-05,April-May 2026.xlsx,Completed Projects,May 2026,9.0,Ministry of Petroleum & Natural Gas,05/2021,05/2021,05/2026,10/2023,05/2026,577.0,,,,,,,,,,,,
,Transmission & Distribution,,Transmission system strengthening scheme for evacuation of power from solar energy zones in Rajasthan 8.1 GW under Phase II- Part- G1,Power Grid Corporation of India Limited [POWERGRID],608301,Delhi,359.47,,359.47,2025-11,Nov-Dec 2025.xlsx,November_T3_Completed,,8.0,Ministry of Power,,,,,,,,,,,,,,,,02/2022 (02/2022),11/2025,09/2023
,Transmission & Distribution,,Transmission system for evacuation of Power from Pakaldul HEP in Chenab Valley HEPs - LTA System,Power Grid Corporation of India Limited [POWERGRID],608302,Jammu and Kashmir,318.12,,318.12,2025-11,Nov-Dec 2025.xlsx,November_T3_Completed,,11.0,Ministry of Power,,,,,,,,,,,,,,,,02/2022 (02/2022),11/2025,04/2025
,Transmission & Distribution,,Transmission System Strengthening Scheme for evacuation of power from SEZ in Rajasthan 8.1 GW under Phase II Part G,Power Grid Corporation of India Limited [POWERGRID],608922,"Multi-States (Delhi, Haryana, Rajasthan)",1666.0,,2218.0,2025-11,Nov-Dec 2025.xlsx,November_T3_Completed,,12.0,Ministry of Power,,,,,,2218.0,,,,,,,,,,05/2022 (05/2022),,11/2023
,Education,,"Additional Infrastructure at IISc Bangalore-RCC Monolithic for Men Hostel S14, Women Hostel S11 , Postdoctoral Hostel S12 2 Block , International Hostel S 12 , D&E Block S 12 2 Block FR.",IISC Bangalore,610940,Karnataka,420.41,,367.92,2025-12,Nov-Dec 2025.xlsx,December_T3_Completed,,1.0,Department of Higher Education,,,,,,420.41,,,,,,,,,,08/2021 (08/2021),12/2025,03/2024
,Oil & Gas,,Construction of lube oil blending plant at Rasayani,Ministry of Petroleum & Natural Gas,610985,Maharashtra,423.39,,333.48,2025-12,Nov-Dec 2025.xlsx,December_T3_Completed,,9.0,Ministry of Petroleum & Natural Gas,,,,,,526.26,,,,,,,,,,05/2022 (05/2022),12/2025,12/2023
,Transmission & Distribution,,Transmission scheme for evacuation of 4.5GW RE injection at Khavda PS under Phase II- Part B,Power Grid Corporation of India Limited [POWERGRID],611656,Gujarat,1167.55,,1167.0,2025-11,Nov-Dec 2025.xlsx,November_T3_Completed,,9.0,Ministry of Power,,,,,,1167.0,,,,,,,,,,03/2023 (03/2023),12/2025,03/2025
,Transmission & Distribution,,Transmission scheme for evacuation of 4.5GW RE injection at Khavda PS under Phase II- Part C,Power Grid Corporation of India Limited [POWERGRID],611657,Gujarat,2820.99,,2820.99,2025-02,JAN-FEB 2025.xlsx,Table3_Completed_Projects,January 2026,2.0,Ministry of Power,03/2023,,,,,,,03/2025,03/2023,01/2026,01/2026,,,,,,,
,Transmission & Distribution,,Transmission system strengthening scheme for evacuation of power from solar energy zones in Rajasthan[8.1 GW] under phase-II- Part E,Power Grid Corporation of India Limited [POWERGRID],611659,Rajasthan,1433.28,,1433.0,2025-12,Nov-Dec 2025.xlsx,December_T3_Completed,,12.0,Ministry of Power,,,,,,1433.0,,,,,,,,,,03/2023 (03/2023),01/2026,09/2024
,Transmission & Distribution,,Establishment of Khavda Pooling Station-2 KPS2 in Khavda RE Park KPS2 TRANSMISSION SYSTEM LIMITED,Power Grid Corporation of India Limited [POWERGRID],611660,Gujarat,966.79,,966.79,2025-11,Nov-Dec 2025.xlsx,November_T3_Completed,,10.0,Ministry of Power,,,,,,,,,,,,,,,,03/2023 (03/2023),12/2025,12/2024
,Transmission & Distribution,,Western Region Expansion Scheme-XXV,Power Grid Corporation of India Limited [POWERGRID],611737,Chhattisgarh,385.84,,385.84,2025-11,Nov-Dec 2025.xlsx,November_T3_Completed,,7.0,Ministry of Power,,,,,,,,,,,,,,,,05/2022 (05/2022),,08/2023
,Railways,,Adraj Moti Vijapur 40 Kms (Western Railway (WR) - II),,611937,Gujarat,417.53,,513.61,2025-12,Nov-Dec 2025.xlsx,December_T3_Completed,,13.0,Ministry of Railways,,,,,,417.53,,,,,,,,,,05/2022 (05/2022),12/2025,05/2026
October 2025,Railways,,Vijapur Ambliyasan Gauge Conversion,Western Railway (WR) - II,611938,Gujarat,415.38,,701.04,2025-10,Aug-Oct 2025.xlsx,Oct - Completed,,3.0,Ministry of Railways,05/2022,05/2022,,,10/2025,415.38,10/2025,05/2026,,,,,,,,,,
October 2025,Railways,,Himmatnagar Khedbrahma Gauge Conversion,Western Railway (WR) - II,611939,Gujarat,482.42,,894.4,2025-10,Aug-Oct 2025.xlsx,Oct - Completed,,4.0,Ministry of Railways,06/2022,04/2017,,,08/2025,482.42,08/2025,06/2001,,,,,,,,,,
,Railways,,Quadrupling between Gandhidham Adipur with Y connection at Adipur for providing direct entry towards Mundra Port and Bhuj and high level platform at Gopalpur 11Kms,Western Railway [WR] - II,611944,Gujarat,152.44,,120.36,2025-02,JAN-FEB 2025.xlsx,Table3_Completed_Projects,February 2026,7.0,Ministry of Railways,02/2023,,,,,152.44,,03/2026,02/2023,02/2026,01/2026,,,,,,,
,Transmission & Distribution,,Transmission System for Evacuation of Power from REZ in Rajasthan 20GW under Phase III- Part E2,Power Grid Corporation of India Limited [POWERGRID],611947,Rajasthan,428.3,,428.3,2026-05,April-May 2026.xlsx,Completed Projects,May 2026,14.0,Ministry of Power,11/2023,11/2023,05/2026,06/2025,06/2026,,,,,,,,,,,,,
,,,Transmission system for evacuation of power from REZ in Rajasthan 20 GW under Phase-III part H,(Power Grid Corporation of India Limited [POWERGRID]),611948,Rajasthan,1910.0,,,2026-07,June-July 2026.xlsx,Completed Projects,June 2026,8.0,,10/2023,,,,06/2026,,,(04/2025),,,,,10/2023,1910.0,,,,
,Transmission & Distribution,,Transmission system for evacuation of power from REZ in Rajasthan 20 GW under Phase-III part B1,Power Grid Corporation of India Limited [POWERGRID],611950,Rajasthan,2190.54,,2190.54,2025-02,JAN-FEB 2025.xlsx,Table3_Completed_Projects,February 2026,5.0,Ministry of Power,09/2023,,,,,,,04/2025,09/2023,03/2026,02/2026,,,,,,,
,Transmission & Distribution,,Transmission system for evacuation of power from REZ in Rajasthan 20GW under Phase-III Part E1,Power Grid Corporation of India Limited [POWERGRID],611951,Rajasthan,688.74,,688.74,2026-05,April-May 2026.xlsx,Completed Projects,April 2026,7.0,Ministry of Power,12/2021,08/2023,04/2026,02/2025,04/2026,,,,,,,,,,,,,
,,,Transmission System for Evacuation of power from Potential RE Zone in Khavda Area of Gujarat under phase IV 7GW-Part E4,(Power Grid Corporation of India Limited [POWERGRID]),611966,Maharashtra,224.41,,,2026-07,June-July 2026.xlsx,Completed Projects,July 2026,5.0,,11/2023,,,,05/2026,,,07/2025,,06/2026,,,11/2023,224.41,,,,
,,,Transmission Scheme for Solar Energy Zone in Ananthpuram 2500MW and Kurnool 1000MW,(Power Grid Corporation of India Limited [POWERGRID]),611967,Andhra Pradesh,823.0,,,2026-07,June-July 2026.xlsx,Completed Projects,June 2026,6.0,,09/2023,,,,05/2026,,,(09/2025),,,,,09/2023,798.31,,,,
,Aviation & Aviation Infrastructure,,"Construction of New Terminal Building, Second Link Taxi Track, Apron Expansion, and associated works at Prayagraj Airport- On Design & Build Basis.",Airport Authority of India [AAI],612063,Uttar Pradesh,219.18,,215.51,2025-12,Nov-Dec 2025.xlsx,December_T3_Completed,,4.0,Ministry of Civil Aviation,,,,,,274.38,,,,,,,,,,(08/2023),10/2025,11/2024
,Education,,Hostel 4 -Earlier Known as Hostel 20,"Indian Institute of Technology, Bombay",612135,Maharashtra,182.33,,178.17,2025-12,Nov-Dec 2025.xlsx,December_T3_Completed,,2.0,Department of Higher Education,,,,,,,,,,,,,,,,09/2022 (12/2023),12/2025,09/2025
,Transmission & Distribution,,Transmission System for Evacuation of Power from potential Renewable Energy zone in Khavda Area of Gujarat under Phase IV [7 GW] Part E3,Power Grid Corporation of India Limited [POWERGRID],612151,Gujarat,334.0,,334.0,2026-05,April-May 2026.xlsx,Completed Projects,April 2026,6.0,Ministry of Power,07/2023,07/2023,04/2026,07/2025,04/2026,,,,,,,,,,,,,
,Healthcare,,"Construction of 100 Bedded ESIC Hospital building and 32 Nos Residential Quarters at Vallam Vadangal, SIPCOT, Sriperumbudur",Employee's State Insurance Company [ESIC],612178,Tamil Nadu,152.95,,130.22,2026-05,April-May 2026.xlsx,Completed Projects,April 2026,5.0,Ministry of Labour and Employment,02/2015,03/2023,05/2026,06/2025,05/2026,177.01,,,,,,,,,,,,
,,,C/o Construction of 200 bedded [Up-gradable to 300 bedded] ESI Hospital at Surat Gujarat.,Employee's State Insurance Company [ESIC],612185,Gujarat,209.36,,202.62,2025-03,March n Q1 2025.xlsx,Flash_T3_Completed,,4.0,,06/2019,03/2021,,,,,,,,06/2025,,,,,,,,
,Healthcare,,"Construction of 200 Bedded [Upgradable to 500 Bedded including 50 beds of SST] ESIC Hospital at Bibewadi, Pune",Employee's State Insurance Company [ESIC],612188,Maharashtra,429.25,,341.9,2026-05,April-May 2026.xlsx,Completed Projects,May 2026,8.0,Ministry of Labour and Employment,05/2018,03/2023,,09/2025,08/2026,,,,,,,,,,,,,
,Healthcare,,"Construction of 200 bedded ESIC Hospital with 62 Nos Staff quarters , Beltola",Employee's State Insurance Company [ESIC],612201,Assam,143.23,,130.08,2026-05,April-May 2026.xlsx,Completed Projects,May 2026,7.0,Ministry of Labour and Employment,12/2017,10/2021,05/2026,04/2025,06/2026,154.75,,,,,,,,,,,,
,Healthcare,,Construction of 100 bedded ESIC Hospital & 32 nos. of Staff qtrs at OMPURA J&K.,Employee's State Insurance Company [ESIC],612239,Jammu and Kashmir,131.05,,162.05,2025-12,Nov-Dec 2025.xlsx,December_T3_Completed,,7.0,Ministry of Labour and Employment,,,,,,164.93,,,,,,,,,,09/2019 (12/2021),12/2025,09/2024
,Healthcare,,"Construction of New OPD Block 200 Bed ward Basement + GF + 6 Floors at the location of old OPD block, at existing ESIC Hospital/ Medical college campus, Sanathnagar, Hyderabad",Employee's State Insurance Company [ESIC],612688,Telangana,211.13,,198.95,2025-11,Nov-Dec 2025.xlsx,November_T3_Completed,,5.0,Ministry of Labour and Employment,,,,,,,,,,,,,,,,11/2017 (10/2021),06/2025,06/2024
,Electricity Generation,,300 MW SPP part of 510 MW CPSU scheme,NLC India Limited [NLCIL],612819,Rajasthan,1813.0,,1753.07,2026-05,April-May 2026.xlsx,Completed Projects,May 2026,1.0,Ministry of Coal,07/2022,03/2023,01/2026,09/2024,01/2026,1813.0,,,,,,,,,,,,
,,,Augmentation of 1x1500 MVA 3rd 765/400 kV transformation capacity at Kurnool New Substation,Power Grid Corporation of India Limited [POWERGRID],612856,Andhra Pradesh,163.61,,163.61,2025-03,March n Q1 2025.xlsx,Flash_T3_Completed,,13.0,,05/2023,12/2023,,03/2026,,,,,,09/2025,,,,,,,,
October 2025,Oil & Gas,,Bathinda Sangrur Pipeline,Ministry of Petroleum and Natural Gas,612998,Punjab,367.0,,355.93,2025-10,Aug-Oct 2025.xlsx,Oct - Completed,,2.0,Ministry of Petroleum & Natural Gas,11/2021,11/2021,,,10/2025,397.0,10/2015,05/2024,,,,,,,,,,
,Coal,,JAMPALI OC RCE [2.0 MTY],South Eastern Coalfields Limited [SECL],613795,Chhattisgarh,278.64,,210.07,2025-11,Nov-Dec 2025.xlsx,November_T3_Completed,,2.0,Ministry of Coal,,,,,,,,,,,,,,,,05/2020 (05/2020),08/2024,03/2025
,Electricity Generation,,50 MW Solar PP Minedout Area,NLC India Limited [NLCIL],615327,Tamil Nadu,218.03,,170.13,2026-05,April-May 2026.xlsx,Completed Projects,May 2026,2.0,Ministry of Coal,08/2023,02/2024,01/2026,03/2025,01/2026,,,,,,,,,,,,,
,,,Construction of Aviation Fuel farm Facilities at Bhogapuram Airport,Ministry of Petroleum & Natural Gas,616235,Andhra Pradesh,240.0,,152.91,2025-03,March n Q1 2025.xlsx,Flash_T3_Completed,,5.0,,08/2024,08/2024,,03/2026,,240.0,,,,03/2026,,,,,,,,
,,,Revamping of old sub-systems of Blast Furnace 3 at Bokaro Steel Plant,(Steel Authority of India Limited [SAIL]),617253,Jharkhand,513.82,,,2026-07,June-July 2026.xlsx,Completed Projects,June 2026,130.0,,08/2023,,,,05/2026,,,(07/2025),,,,,10/2023,415.18,,,,
,Construction,,"C/o 184 MS Flats for Hon'ble MPs at BKS Marg, New Delhi",Central Public Works Department [CPWD],617282,Delhi,646.53,,540.04,2025-11,Nov-Dec 2025.xlsx,November_T3_Completed,,3.0,Ministry of Housing & Urban Affairs,,,,,,646.52,,,,,,,,,,01/2022 (05/2022),09/2025,05/2025
,,,Beawer Gomti 4LPS from km 58.245 to km 108.600 Pkg-I,(MoRTH),617887,Rajasthan,379.23,,,2026-07,June-July 2026.xlsx,Completed Projects,July 2026,11.0,,12/2020,,,,12/2025,,,10/2023,,12/2025,,,10/2021,206.48,,,,
,,,"Construction of Two lane with Paved Shoulder for Fatehpur Bypass Design Km 0.000 to Km 7.400 , Mandawa Bypass Design Km 20.925 to Km 27.300 & Jhunjhunu Bypass Design Km 41.625 to Km 54.689 of NH-11 on EPC Mode in the state of Rajasthan .",(MoRTH),617891,Rajasthan,186.29,,,2026-07,June-July 2026.xlsx,Completed Projects,June 2026,95.0,,03/2022,,,,09/2025,,,(08/2024),,,,,02/2023,78.06,,,,
,,,Upgradation to Two Lane Paved Shoulder in km 33/0 to 126/520 of NH-23 Old NH-11B Kothun-Lalsot-Karoli-Dholpur road in the state of Rajasthan under EPC mode Length-93.52 Km.,(MoRTH),617900,Rajasthan,150.11,,,2026-07,June-July 2026.xlsx,Completed Projects,June 2026,96.0,,12/2021,,,,05/2026,,,(09/2024),,,,,09/2022,12.25,,,,
,,,Rehabilitation and Up-gradation from Km 170700 Bhadrachalam to Km 234567 Konta on NH-30 to Two lane with Paved Shoulder in the State of Andra Pradesh on EPC mode.,(MoRTH),617907,Andhra Pradesh,436.09,,,2026-07,June-July 2026.xlsx,Completed Projects,June 2026,9.0,,12/2021,,,,04/2026,,,(09/2024),,,,,09/2022,240.15,,,,
,,,Upgradation of Dindori-Sagartola-kabichabutra MP-CG border section of NH -45 from km 000Design to km 77.00 Design to Two lane with paved shoulder configration along with one time improvement in 04 nos. of bypaased built-up areas in a total length of 9.1 km in the state of Madhya Pradesh on EPC mode.,(MoRTH),617915,Madhya Pradesh,329.14,,,2026-07,June-July 2026.xlsx,Completed Projects,July 2026,8.0,,01/2022,,,,03/2026,319.09,,09/2025,,03/2026,,,09/2023,204.39,,,,
,,,Construction of bypass to Nayagarh town from km 235.469 to 252.482 of NH-57 including land acquisition in the state of Odisha.,(MoRTH),617924,Odisha,300.33,,,2026-07,June-July 2026.xlsx,Completed Projects,June 2026,90.0,,01/2022,,,,02/2026,,,(04/2025),,,,,05/2023,103.64,,,,
,,,Tadipatri Bypass Km 0000 to Km 6285 of 4-Lane on NH-67 in Anantapuramu district of AP state under NHO on EPC Mode under Annual Plan 2022-23,(MoRTH),617949,Andhra Pradesh,159.66,,,2026-07,June-July 2026.xlsx,Completed Projects,July 2026,6.0,,03/2023,,,,01/2026,,,03/2026,,01/2026,,,03/2024,75.74,,,,
,,,Balance work of Rehabilitation and upgrading to 2lane/2lane with paved shoulder configuration and strengthening from from Km 343.80 to 400.33 of Gowribidanur- Chik Ballapur section in the state of Karnataka Under Annual Plan 2021-22 under EPC Mode.-952,(MoRTH),617954,Karnataka,398.48,,,2026-07,June-July 2026.xlsx,Completed Projects,June 2026,57.0,,03/2022,,,,10/2025,,,(02/2025),,,,,02/2023,242.02,,,,
,,,Rehabilitation & Widening work for 2 Lane with Paved Shoulder of Existing NH-80 from km 70.15 to Km 121.025 of Munger-Suttanganj -BhagatpurMirzachowki section on EPC Mode in the State of Bihar.,(MoRTH),617959,Bihar,477.54,,,2026-07,June-July 2026.xlsx,Completed Projects,June 2026,25.0,,03/2021,,,,11/2025,,,(01/2025),,,,,02/2023,343.05,,,,
,,,Reconstruction of existing 2 L/IL to 2L with paved shoulder from existing km 52.200 to 92.880 of NH-,(MoRTH),617970,Uttarakhand,282.08,,,2026-07,June-July 2026.xlsx,Completed Projects,June 2026,128.0,,10/2016,,,,09/2023,,,(06/2019),,,,,06/2017,352.53,,,,
,,,Strengthening and widening of existing 2 lane road to two lane paved shoulder from km 7.750 to 26.542 & km. 32.093 to 45.786 of NH-130 on EPC mode in the state of chhattisgarh.job No. 130-CG-2017-18-348,(MoRTH),617973,Chhattisgarh,188.8,,,2026-07,June-July 2026.xlsx,Completed Projects,June 2026,35.0,,11/2017,,,,06/2023,,,(11/2020),,,,,05/2019,107.79,,,,
,,,Rehabilitation and upgradation to 2 lane with paved shoulder configuration from km 122.00 Dharasu Bend to km 147.230 Silkyara Bend of NH-94 in the state of Uttarakhand,(MoRTH),617975,Uttarakhand,237.79,,,2026-07,June-July 2026.xlsx,Completed Projects,June 2026,129.0,,03/2017,,,,01/2026,,,(11/2019),,,,,11/2017,196.69,,,,
,,,Widening to Two with Paved shoulders from Km 59.500 to Km 132.033 of Manneguda- Ravunapally section of NH-163 Erstwhile SH-4 in the State of Telangana on EPC mode under NH O Annual Plan 2016-17,(MoRTH),617981,Telangana,359.0,,,2026-07,June-July 2026.xlsx,Completed Projects,July 2026,12.0,,03/2017,,,,10/2024,,,05/2019,,10/2024,,,05/2017,724.23,,,,
,,,Widening and strengthening of existing 2-lane to 2- lane with paved shoulders from km 159/0 to 165/4 and 186/0 to 215/0 of NH-163 on EPC mode int the state of Telangana,(MoRTH),617982,Telangana,230.03,,,2026-07,June-July 2026.xlsx,Completed Projects,July 2026,13.0,,01/2018,,,,11/2024,,,11/2019,,11/2024,,,06/2018,383.3,,,,
,,,Construction of bypass road to Adoni town connecting NH-167 Hagari - Jadcharla road from km.62/700 to 71/400 in Kurnool District in the State of Andhra Pradesh.,(MoRTH),617990,Andhra Pradesh,242.0,,,2026-07,June-July 2026.xlsx,Completed Projects,June 2026,10.0,,03/2023,,,,11/2025,,,(11/2025),,,,,02/2024,99.13,,,,
,,,Rehabilitation & upgradation of NH - 167 from design km 187.723 to 234.434 Miryalaguda to Kodad section to two lane with paved shoulder on EPC mode in the state of Telangana,(MoRTH),617992,Telangana,322.81,,,2026-07,June-July 2026.xlsx,Completed Projects,June 2026,110.0,,03/2018,,,,01/2026,322.81,,(09/2020),,,,,09/2018,154.47,,,,
,,,Rehabilitation and upgradation of NH-167 from design km 157.707 to 187.723 design length 30.016 km to two lane with paved shoulders of Alinagar- Miryalaguda Sec on EPC mode in the state of Telangana,(MoRTH),617993,Telangana,220.28,,,2026-07,June-July 2026.xlsx,Completed Projects,July 2026,14.0,,02/2018,,,,12/2025,,,11/2019,,12/2025,,,05/2018,223.79,,,,
,,,Widening to 2/4 Lane with paved shoulders from Km 182.120 to Km 227.600 of NH 167 on Haggari-Jadcherla Road on EPC mode under NHO in the state of Telangana,(MoRTH),617996,Telangana,298.0,,,2026-07,June-July 2026.xlsx,Completed Projects,June 2026,111.0,,10/2016,,,,04/2024,,,(02/2019),,,,,02/2017,238.2,,,,
,,,Widening of existing single lane to intermediate lane road from Mokokchung to Chare via Dikhu in the state of Nagaland on EPC mode,(MoRTH),618002,Nagaland,192.93,,,2026-07,June-July 2026.xlsx,Completed Projects,June 2026,88.0,,02/2021,,,,11/2025,,,(06/2025),,,,,06/2023,110.98,,,,
,,,"Construction of four-lane elevated viaduct from km.4634 to km.6345 on NH-24A including Retaining wall, service lane, at grade road and improvement of junctions, on EPC mode",(MoRTH),618008,Uttar Pradesh,185.09,,,2026-07,June-July 2026.xlsx,Completed Projects,June 2026,117.0,,03/2021,,,,09/2024,269.81,,(09/2023),,,,,03/2022,200.32,,,,
,,,Rehabilitation and upgradation to two lane with paved shoulders from Km 0/000 to 72/6 of NH-365 Nakrekal to Tanamcherla section under NHDP IV in the state of Telangana under EPC mode,(MoRTH),618026,Telangana,605.08,,,2026-07,June-July 2026.xlsx,Completed Projects,June 2026,112.0,,06/2017,,,,05/2025,,,(10/2019),,,,,11/2017,585.2,,,,
,,,"Construction of Mihona bypass, Lahar bypass, Daboh bypass & Bhander Bypass total length 20.60 km to 2-lane with paved shoulder from on Mihona-Bhander- MP/UP border section of NH 552E in the State of Madhya Pradesh on EPC mode",(MoRTH),618045,Madhya Pradesh,179.18,,,2026-07,June-July 2026.xlsx,Completed Projects,June 2026,61.0,,03/2022,,,,07/2025,,,(12/2024),,,,,06/2023,74.89,,,,
,,,Rehabilitation and Upgradation to 2-lane/Intermediate lane configuration of Ashyari-Shri Kyari Section km 50.000 to km 75.000 of NH-707 in the state of Himachal Pradesh under Green National Highways Corridor Project GNHCP with the loan assistance of World Bank on EPC mode.,(MoRTH),618050,Himachal Pradesh,345.89,,,2026-07,June-July 2026.xlsx,Completed Projects,June 2026,53.0,,08/2020,,,,12/2025,359.56,,(09/2023),,,,,09/2021,232.82,,,,
,,,Rehabilitation and Upgrading of NH-707 OLD 72-B Package - 2 Hewna to Ashyari,(MoRTH),618051,Himachal Pradesh,242.8,,,2026-07,June-July 2026.xlsx,Completed Projects,July 2026,7.0,,04/2020,,,,12/2025,220.95,,03/2023,,12/2025,,,03/2021,145.49,,,,
,,,Up-gradation of NH-930 Sherpar to Kohka from Km.67880 to Km.114860 to 2LPS in Chhattisgarh under EPC mode,(MoRTH),618064,Chhattisgarh,278.97,,,2026-07,June-July 2026.xlsx,Completed Projects,June 2026,36.0,,03/2020,,,,12/2025,,,(05/2024),,,,,05/2022,210.82,,,,
,,,Up-gradation of NH-130C Abhanpur to Paund from NH Km. 0000 to KM 40380 to two lane with paved shoulders in the State of Chhattisgarh on EPC mode.,(MoRTH),618078,Chhattisgarh,193.16,,,2026-07,June-July 2026.xlsx,Completed Projects,June 2026,37.0,,12/2020,,,,08/2025,,,(09/2023),,,,,03/2022,116.5,,,,
,,,Up-gradation to 2 lane with Paved shoulder from Charbhuja at Design km 0.00 existing km 150.00 to Neechli Oden Nathdwara at Design ch. Km 88.800 existing km 55.950 of NH-162E on EPC mode.,(MoRTH),618093,Rajasthan,838.43,,,2026-07,June-July 2026.xlsx,Completed Projects,June 2026,97.0,,02/2022,,,,04/2025,,,(09/2025),,,,,09/2023,43.9,,,,
,,,"Rehabilitation & up-gradation for Talere Gaganbawada - kolhapur Road NH 166G stretch start from km. 0/00 to Km. 06/00 and km. 13/00 to km 19/440 of NH-166G, length 12.440 km in the State of Maharashtra.",(MoRTH),618099,Maharashtra,164.13,,,2026-07,June-July 2026.xlsx,Completed Projects,June 2026,66.0,,03/2024,,,,10/2025,,,(04/2026),,,,,10/2024,115.51,,,,
,,,Improvement and upgradation to two lane with Paved Shoulder configuration from existing km 55.00 to km 90.00 Design length 34.76 of NH-227A near Chhapia Village to near Sikriganj in the State of UP on EPC Mode.,(MoRTH),618110,Uttar Pradesh,307.11,,,2026-07,June-July 2026.xlsx,Completed Projects,June 2026,118.0,,11/2021,,,,05/2025,,,(05/2024),,,,,11/2022,136.8,,,,
,,,Upgradation of two lane paved shoulder from Shahpura existing km. 0.00 Design Ch. 000 to Thanagazi existing Km.37352 Design Ch. 36810 of NH- 248A on EPC mode in the State of Rajasthan.,(MoRTH),618118,Rajasthan,174.34,,,2026-07,June-July 2026.xlsx,Completed Projects,June 2026,98.0,,03/2022,,,,07/2025,,,(07/2024),,,,,02/2023,100.48,,,,
,,,Widening & strengthening of existing carriageway in 2 lane with paved shoulders from km 25/0 to 59/2 design Ch km 25.467 to 59.200 of NH - 353C on EPC mode in the state of Telangana,(MoRTH),618132,Telangana,206.13,,,2026-07,June-July 2026.xlsx,Completed Projects,June 2026,113.0,,02/2018,,,,01/2025,,,(06/2020),,,,,06/2018,318.62,,,,
,,,Upgradatiobn and Rehabilitation of Section of NH 361 F from Parli 00/000 to Gangakhed 30/400 to Two Lanes with paved shoulder / Four lane configurations on EPC mode in the State of Maharashtra.,(MoRTH),618136,Maharashtra,224.44,,,2026-07,June-July 2026.xlsx,Completed Projects,July 2026,9.0,,03/2021,,,,08/2025,,,09/2023,,08/2025,,,02/2022,268.45,,,,
,,,Widening to Two lane with Paved shoulders from km.40/410 to 84/037 of Thirumanlagiri-- Suryapet Section of NH-365B earstwhile section of SH-16,(MoRTH),618142,Telangana,244.54,,,2026-07,June-July 2026.xlsx,Completed Projects,June 2026,114.0,,01/2017,,,,08/2023,,,(05/2019),,,,,05/2017,147.48,,,,
,,,widening to two lane with Paved shoulders from Km.0/970 to Km.40/410 of Jangaon - Thirumal giriof NH- 365B in the state of Telanganaon EPC mode under NHO Annual Plan 2016-17,(MoRTH),618143,Telangana,197.0,,,2026-07,June-July 2026.xlsx,Completed Projects,June 2026,115.0,,03/2017,,,,10/2023,,,(10/2019),,,,,11/2017,3.24,,,,
,,,Widening to two lane with paved shoulder of Rampachodavaram - Koyyuru section of NH 516E from Km 43700 to Km 113820 in the State of Andhra Pradesh on EPC mode Job No. 737,(MoRTH),618145,Andhra Pradesh,568.12,,,2026-07,June-July 2026.xlsx,Completed Projects,June 2026,11.0,,03/2022,,,,04/2026,,,(01/2025),,,,,01/2023,324.96,,,,
,,,Widening and Reconstruction of existing road to four lane from Km.56400 to Km 120300 i.e. from B.Kothapalli Junction to Gorantla excluding Kadiri Bypass from Km 70200 to Km 77105 of NH 716G in the State of Andhra Pradesh on EPC mode Job no. 742,(MoRTH),618161,Andhra Pradesh,839.98,,,2026-07,June-July 2026.xlsx,Completed Projects,June 2026,12.0,,03/2022,,,,03/2026,,,(12/2025),,,,,09/2023,415.11,,,,
,,,Rehabilitation and Upgradation of Satana to Mangrul Chandwad Section of NH752 G Design Ch Km 64.000 to Ch Km 101.140 two lane with paved shoulder/four lane configuration in the state of Maharashtra on EPC mode.,(MoRTH),618175,Maharashtra,428.8,,,2026-07,June-July 2026.xlsx,Completed Projects,July 2026,10.0,,03/2022,,,,02/2026,,,05/2025,,02/2026,,,05/2023,184.63,,,,
,,,"Rehabilitation and upgradation of NH-167AD from Macherla to Dachepalli via Paluvai Junction, Rentachinthala, Gurazala from Km.0.000 to 43.659 to two lane with paved shoulders in the state of Andhra Pradesh job-729",(MoRTH),618191,Andhra Pradesh,403.22,,,2026-07,June-July 2026.xlsx,Completed Projects,June 2026,13.0,,01/2022,,,,02/2026,,,(01/2025),,,,,01/2023,256.17,,,,
,,,Rehabilitation and Up-gradation of Pasarlapudi to Dhindi section from Km 105/170 to Km 126/510 of NH -214 New NH -216 to two lane with paved shoulder in the state of Andhra Pradesh under NHDP-IV,(MoRTH),618237,Andhra Pradesh,263.45,,,2026-07,June-July 2026.xlsx,Completed Projects,June 2026,14.0,,03/2017,,,,01/2026,,,(09/2019),,,,,09/2017,158.8,,,,
,,,Two laning with paved shoulders of Gondiguda to Araku uptoBhallaguda section of NH 516E,(MoRTH),618258,Andhra Pradesh,296.66,,,2026-07,June-July 2026.xlsx,Completed Projects,June 2026,15.0,,08/2020,,,,12/2025,289.11,,(09/2023),,,,,09/2021,275.38,,,,
,,,Two laning with paved shoulders of Paderu to GundigudaSection of NH 516E,(MoRTH),618259,Andhra Pradesh,222.61,,,2026-07,June-July 2026.xlsx,Completed Projects,June 2026,16.0,,08/2020,,,,10/2025,,,(03/2023),,,,,03/2021,181.04,,,,
,,,Widening/Improvement to 4 -Lane with Paved Shoulder from Ch. 88.000km to Ch.99.930 km Design Ch.84.100km to Ch.96.000 km of Sagunbashi forest near Nichinta to starting of Krishnai Bypass Section of Bilasipura Guwahati road NH 17 on EPC Package-7,(NHIDCL),618285,Assam,286.72,,,2026-07,June-July 2026.xlsx,Completed Projects,June 2026,21.0,,03/2021,,,,08/2025,,,(10/2025),,,,,10/2023,220.81,,,,
,,,Widening/Improvement to 4-Lane with Paved Shoulder from KM 113300 to Km 146230 Design Chainage 113830 to 145712 of Kwaram Taro Village - Dillai Section in Assam on EPC Package-6,(NHIDCL),618327,Assam,625.64,,,2026-07,June-July 2026.xlsx,Completed Projects,June 2026,22.0,,09/2021,,,,03/2025,,,(07/2024),,,,,07/2022,578.19,,,,
,,,Construction of 4/6 Laning from Km 132.375 to Km 153.058 Total New Alignment length of 20.683 Km of Daboka-Dimapur Section Dimapur Bypass Nagaland Portion of NH-36 & 39 in the State of Nagaland on EPC basis under PhaseA of SARDP-NE,(NHIDCL),618329,Nagaland,819.39,,,2026-07,June-July 2026.xlsx,Completed Projects,June 2026,89.0,,02/2017,,,,09/2025,,,(09/2020),,,,,09/2017,635.0,,,,
,,,Construction of 4/6 Laning from existing Km 159.400 of NH-36 to existing Km 102.500 of NH-39 and upto end point of Assam portion [Design Km 118.050 to design Km 132.375] Total New Alignment length of 14.325 Km of Daboka - Dimapur Section Dimapur Bypass in the state of Assam under SARDP-NE 'Phase-A' on EPC mode Assam Portion,(NHIDCL),618330,Assam,511.02,,,2026-07,June-July 2026.xlsx,Completed Projects,June 2026,23.0,,03/2018,,,,11/2025,,,(11/2022),,,,,11/2019,671.35,,,,
,,,Up-gradation to 2-lane with paved shoulders of Ngopa - Pawlrang section of NH 102B of Aizawl - Imphal Economic Corridor from Existing Chainage km 32.796 to km 72.030 [Design Chainage km 31.280 to km 68.170] in the State of Mizoram under Bharatmala Pariyojna on EPC mode under NHO-NE Package-2 Keifang- Tuivai Pkg-2,(NHIDCL),618341,Mizoram,523.78,,,2026-07,June-July 2026.xlsx,Completed Projects,June 2026,71.0,,09/2021,,,,06/2025,,,(02/2025),,,,,09/2023,426.69,,,,
,,,Rehabilitation and upgradation to 2 Lane with Paved shoulder of Economic corridor of NH-6 from Design chaiange Km 0.000 to Km 13.510 Package-1 in the state of Mizoram under Bharatmala Pariyojana on EPC mode,(NHIDCL),618342,Mizoram,206.9,,,2026-07,June-July 2026.xlsx,Completed Projects,July 2026,24.0,,03/2020,,,,06/2024,,,06/2022,,06/2024,,,07/2020,214.51,,,,
,,,"Rehabilitation and Up gradation to 2-lane with paved shoulder of Keifang Section Economic Corridor of NH-06 from Existing Chainage Km 30050 Keifang to Km 50360 Keifang, Design Chainage Km 27400 to Km 45040 PkgIII in the State of Mizoram under Bharatmala Pariyojna on EPC Mode Seling-Dulte - III",(NHIDCL),618343,Mizoram,292.23,,,2026-07,June-July 2026.xlsx,Completed Projects,July 2026,25.0,,03/2020,,,,10/2024,,,06/2022,,10/2024,,,07/2020,298.93,,,,
,,,"Widening / Improvement to 4-Lane with Paved Shoulder configuration of existing single lane road from Kachukhana Harichara Paglagaunj to Dhubri - Phulbari Bridge approach Package-II of Srirampur - Dhubri Section of NH-127B from existing Km 28.050 to Km 55.060 Design Km 27.650 to Km 54.154, Design Length26.504 Km under JICA ODA Loan assistance Phase-V [Srirampur - Dhubri Pkg-2]",(NHIDCL),618372,Assam,909.02,,,2026-07,June-July 2026.xlsx,Completed Projects,June 2026,24.0,,03/2022,,,,06/2025,,,(01/2025),,,,,01/2023,683.81,,,,
,,,Widening and up-gradation to 2-lane with paved shoulder configuration and geometric improvements from km 250.00 Lunglei to km 298.00 on Aizawl- Tuipang section under JICA ODA Loan assistance Phase-I Package-6,(NHIDCL),618381,Mizoram,768.76,,,2026-07,June-July 2026.xlsx,Completed Projects,June 2026,72.0,,09/2019,,,,05/2025,,,(06/2023),,,,,12/2019,168.78,,,,
,,,Widening and up-gradation to 2-lane with paved shoulder configuration and geometric improvements from km 298.00 to km 339.00 on Aizawl-Tuipang section under JICA ODA Loan assistance Phase-I Package-7,(NHIDCL),618382,Mizoram,605.76,,,2026-07,June-July 2026.xlsx,Completed Projects,June 2026,73.0,,09/2019,,,,05/2025,750.32,,(04/2024),,,,,10/2020,132.33,,,,
,,,Widening and Up-gradation to 2- Lane with Paved Shoulder Configuration and geometric improvement from Km. 166. 000 to Km 208.000 Package-4 on Aizawl Tuipang Section of NH-54 in the State of Mizoram Package-4,(NHIDCL),618384,Mizoram,899.45,,,2026-07,June-July 2026.xlsx,Completed Projects,June 2026,74.0,,09/2019,,,,04/2025,,,(04/2023),,,,,10/2019,191.68,,,,
,,,Rehabilitation & Upgradation of Road from Km 0.00 to Km 18.600 Total length- 18.600 km of Kumarghat-Kailashahar section on NH-208 to 2-lane with Paved shoulder on EPC bais under NHO,(NHIDCL),618386,Tripura,277.5,,,2026-07,June-July 2026.xlsx,Completed Projects,June 2026,116.0,,02/2020,,,,12/2024,302.03,,(01/2022),,,,,07/2020,273.04,,,,
,,,Construction & Upgradation to 2 lane with paved shoulder from Design Km. 31.449 Khellani Ex. Km 44.946 to Km 51.700 Prem Nagar Ex. Km 68617 of 20.251 Km length on Khellani - Kishtwar - Chattroo section of NH-244 in the UT of J&K on EPC Mode under NHO-Gen PKG- 1,(NHIDCL),618396,Jammu and Kashmir,486.45,,,2026-07,June-July 2026.xlsx,Completed Projects,June 2026,54.0,,02/2021,,,,11/2024,,,(09/2022),,,,,03/2021,300.52,,,,
,Roads & Highways,,Construction of 2-Laning with hard shoulders of Hayuliang Hawai bypass Road on EPC basis from design Km. 51.825 to Km. 63.131 Existing Km 45.050 of HayuliangHawai road to Hawai Town under SARDP-NE -Balance work Pkg - IV,NHIDCL,618424,Arunachal Pradesh,256.66,,0.0,2025-02,JAN-FEB 2025.xlsx,Table3_Completed_Projects,February 2026,9.0,Ministry of Road Transport & Highways,01/2017,,,,,216.76,,05/2023,05/2021,,07/2026,,,,,,,
,,,Construction of Balance work of 2-Lane with PS of Joram-Koloriang Road NH- 713 on EPC basis from Design Km 44.989 to Km 61.547 Existing Km 50.050 to Km 70.000 in the state of Arunachal Pradesh under SARDP-NE Pkg-3,(NHIDCL),618432,Arunachal Pradesh,228.72,,,2026-07,June-July 2026.xlsx,Completed Projects,July 2026,23.0,,02/2017,,,,09/2024,,,04/2022,,09/2024,,,10/2020,205.68,,,,
,,,Delhi-Vadodara Greenfield Alignment NH-148N Pkg-14 Ch. 388.420 to Ch. 419.000 [Junction with NH- 76 to Junction with NH-12 near village Ummedpura],(NHAI),618456,Rajasthan,1119.35,,,2026-07,June-July 2026.xlsx,Completed Projects,June 2026,99.0,,11/2019,,,,03/2025,1194.17,,(05/2023),,,,,05/2021,1114.19,,,,
,,,Delhi-Vadodara Greenfield Alignment NH-148N Pkg-28 Ch.756052 to Ch.781282,(NHAI),618460,Gujarat,1263.38,,,2026-07,June-July 2026.xlsx,Completed Projects,July 2026,16.0,,09/2020,,,,04/2026,1266.98,,11/2023,,04/2026,,,11/2021,935.5,,,,
,,,Delhi-Vadodara Greenfield Alignment NH-148N Pkg-30 Ch 803420 to Ch.824920 [Baletiya Village - Junction near Pratap Nagar Village],National Highways Authority of India [NHAI],618461,Gujarat,1800.73,,1090.06,2025-03,March n Q1 2025.xlsx,Flash_T3_Completed,,17.0,,11/2019,09/2021,,,,1800.73,,,,09/2023,,,,,,,,
,,,Vadodara Mumbai Expressway Ena -Kim Phase IB - Pkg VI [Km 217.500 to Km 254.430],(NHAI),618464,Gujarat,2271.86,,,2026-07,June-July 2026.xlsx,Completed Projects,June 2026,40.0,,05/2020,,,,06/2025,4297.28,,(12/2023),,,,,12/2021,2991.42,,,,
,,,Vadodara Mumbai Expressway Gandeva to Ena Phase IB - Pkg VII [Km 190.00 to Km 217.500],(NHAI),618465,Gujarat,1710.3,,,2026-07,June-July 2026.xlsx,Completed Projects,June 2026,41.0,,07/2020,,,,01/2026,3392.21,,(11/2023),,,,,11/2021,2451.01,,,,
,,,Vadodara Mumbai Expressway Phase II - Pkg XI [Km. 77.000 to Km. 103.400] Ganjad - Talsari,(NHAI),618468,Maharashtra,1524.71,,,2026-07,June-July 2026.xlsx,Completed Projects,June 2026,67.0,,06/2020,,,,01/2026,1913.95,,(05/2024),,,,,05/2022,901.76,,,,
,,,Delhi-Amritsar-Katra Expressway Phase-I Pkg-III from Junction with Jind-Panipat road NH-352A near Gangana village to Junction with Jind-Karnal road NH-709A near Alewa village Km 60800 to Km 91400,(NHAI),618484,Haryana,1606.27,,,2026-07,June-July 2026.xlsx,Completed Projects,June 2026,51.0,,12/2020,,,,11/2025,1813.91,,(12/2023),,,,,12/2021,1322.85,,,,
,,,Delhi-Amritsar-Katra Expressway Phase-I Pkg-IV from Junction with Jind-Karnal road NH-709A near Alewa village to Junction with Ambala-Kaithal-Hissar road NH-152 near Kharak Pandwa village Km 91400 to Km 120250,(NHAI),618485,Haryana,1306.95,,,2026-07,June-July 2026.xlsx,Completed Projects,June 2026,52.0,,01/2021,,,,11/2025,1578.66,,(12/2023),,,,,12/2021,1098.84,,,,
,,,Delhi-Amritsar-Katra Expressway Phase-I Pkg-VII from Junction with Patiala- Bathinda road NH-7 near Bhawanigarh to Junction with Ludhiana-Malerhkotla SH-11 near Bhogiwal village Km 188830 to km 225770,(NHAI),618487,Punjab,1759.82,,,2026-07,June-July 2026.xlsx,Completed Projects,June 2026,94.0,,12/2020,,,,02/2026,1774.32,,(07/2024),,,,,07/2022,1695.83,,,,
,,,6L Greenfield Kanpur - Lucknow Expressway Pkg II from km. 28.500 to km. 73.744,(NHAI),618498,Uttar Pradesh,2471.56,,,2026-07,June-July 2026.xlsx,Completed Projects,June 2026,119.0,,12/2021,,,,02/2026,2489.0,,(05/2025),,,,,11/2022,1439.5,,,,
,,,Ahmedabad - Dholera Pkg I from km. 0.00 to km. 22.00 [Sardar Patel Ring Road - Sindhrej Village],(NHAI),618501,Gujarat,1298.0,,,2026-07,June-July 2026.xlsx,Completed Projects,June 2026,42.0,,05/2020,,,,01/2026,1421.05,,(01/2024),,,,,01/2022,1385.83,,,,
,,,Ahmedabad - Dholera Pkg II from km. 22.00 to km. 48.52 [Sindhrej Village - Vejallka Village],(NHAI),618502,Gujarat,1415.34,,,2026-07,June-July 2026.xlsx,Completed Projects,June 2026,43.0,,05/2020,,,,04/2026,1729.69,,(01/2024),,,,,01/2022,1785.68,,,,
,,,6L from Belgaum to Sankeshwar Bypass from Km. 515.000 to Km. 555.017 of NH-48 Pkg-I,(NHAI),618515,"Multi-States (Maharashtra, Karnataka)",1479.3,,,2026-07,June-July 2026.xlsx,Completed Projects,June 2026,78.0,,11/2021,,,,03/2026,1237.04,,(04/2025),,,,,10/2022,1199.4,,,,
,,,Six Laning of Vijayawada Bypass from Gollapudi to Chinnakakani in Vijayawada - Gundugolanu Section from km. 30.00 to km. 47.881 Pkg-IV,(NHAI),618527,Andhra Pradesh,1194.57,,,2026-07,June-July 2026.xlsx,Completed Projects,June 2026,17.0,,01/2020,,,,05/2026,1757.82,,(01/2024),,,,,07/2021,862.83,,,,
,,,6L of Aurangabad to Bihar-Jharkhand border Chordaha section from km. 209.827 to Km. 249.525 of NH-19 PKG-02,(NHAI),618532,"Multi-States (Bihar, Jharkhand)",1822.46,,,2026-07,June-July 2026.xlsx,Completed Projects,June 2026,76.0,,06/2021,,,,04/2026,738.11,,(03/2024),,,,,03/2022,611.43,,,,
,,,Construction of Tunnels/Viaducts at identified sliding/slip zones at Km 130.550 to Km.130.750 Km. 131.170 to Km. 131.763 Km. 132.560 to Km. 133.168 Km. 133.590 to Km. 133.743 and Km. 147.877 to Km. 148.715 of Udhampur-Ramban section of NH-44,National Highways Authority of India [NHAI],618546,Jammu and Kashmir,442.14,,458.86,2025-03,March n Q1 2025.xlsx,Flash_T3_Completed,,18.0,,09/2021,04/2022,,,,533.11,,,,10/2023,,,,,,,,
,,,Stand-alone Ring road/bypass around Jammu City from Raya Morh km. -0.687 to Jagti km. 57.568,National Highways Authority of India [NHAI],618548,Jammu and Kashmir,2023.88,,996.53,2025-03,March n Q1 2025.xlsx,Flash_T3_Completed,,19.0,,12/2017,01/2018,,,,2117.63,,,,01/2021,,,,,,,,
,,,6L of Agra Bypass Northern connecting Km. 174.500 of NH-2 new NH-19 to Km. 141.000 of Yamuna Expressways,(NHAI),618553,Uttar Pradesh,957.62,,,2026-07,June-July 2026.xlsx,Completed Projects,June 2026,120.0,,01/2022,,,,01/2026,1034.42,,(02/2025),,,,,02/2023,759.58,,,,
,Roads & Highways,,"Flyover at Km.544.650 including ROB, Service Roads ,Footpath for RCC drains on urban link to Nagpur -Raipur road Pardi octroi Naka to Itwari",National Highways Authority of India [NHAI],618555,Maharashtra,1097.81,,316.23,2026-05,April-May 2026.xlsx,Completed Projects,April 2026,9.0,Ministry of Road Transport & Highways,12/2015,03/2016,,03/2019,04/2026,758.4,,,,,,,,,,,,
,,,Dindigul Bypass - Samyanallore from km. 373.275 to km. 426.00,(NHAI),618562,Tamil Nadu,579.0,,,2026-07,June-July 2026.xlsx,Completed Projects,June 2026,101.0,,06/2005,,,,07/2025,295.5,,(01/2009),,,,,07/2006,141.09,,,,
,,,Strengthening of existing 4L Ayodhya Bypass Section from design Km. 121 600 to Km. 144020 of NH 28 New NH 27Pkg-3,(NHAI),618565,Uttar Pradesh,526.45,,,2026-07,June-July 2026.xlsx,Completed Projects,June 2026,121.0,,03/2023,,,,11/2025,281.13,,(03/2025),,,,,09/2023,270.75,,,,
,,,4L Elevated Highway and at grade improvements at Gopalganj Town from Km. 384.000 to Km. 386.750 on NH-27,(NHAI),618570,Bihar,325.57,,,2026-07,June-July 2026.xlsx,Completed Projects,June 2026,26.0,,10/2021,,,,05/2025,248.92,,(08/2024),,,,,03/2022,241.89,,,,
,,,"6L Standalone Flyovers at Bongaigaon, Chapaguri, Pathsala, Simlaguri chowk and Baihata Bypass Junctions on stretches of NH-31 and NH-27",National Highways Authority of India [NHAI],618575,Assam,457.72,,371.63,2025-03,March n Q1 2025.xlsx,Flash_T3_Completed,,16.0,,03/2022,01/2023,,,,412.15,,,,07/2024,,,,,,,,
,,,"6L Standalone Flyovers at Raha, Demow, Borghat, Kathiatali junctions and ROB at Jagiroad on stretches of NH 36 and NH 27",(NHAI),618576,Assam,280.75,,,2026-07,June-July 2026.xlsx,Completed Projects,June 2026,20.0,,03/2022,,,,10/2024,255.53,,(06/2024),,,,,12/2022,212.27,,,,
,,,Dwarka Expressway Pkg-III Delhi/HR Border to Start of RoB Gurugram,(NHAI),618577,"Multi-States (Delhi, Haryana)",2228.26,,,2026-07,June-July 2026.xlsx,Completed Projects,July 2026,19.0,,01/2018,,,,05/2024,2298.37,,11/2020,,05/2024,,,11/2018,1775.04,,,,
,,,6L Access Controlled Highway from DND Maharani Bagh - Jn. with Jaitpur - Pushta Road of NH-148NA from km. 0.00 to km. 9.00 in NCR,(NHAI),618578,Delhi,1467.44,,,2026-07,June-July 2026.xlsx,Completed Projects,June 2026,39.0,,07/2020,,,,04/2026,2510.34,,(07/2024),,,,,01/2022,1652.29,,,,
,,,4L of Galgalia - Bahadurganj section from Km 0.000 to Km 49.000 Package-I of NH327E,(NHAI),618582,Bihar,1282.97,,,2026-07,June-July 2026.xlsx,Completed Projects,June 2026,27.0,,01/2021,,,,02/2025,1282.97,,(01/2024),,,,,01/2022,816.12,,,,
,,,4L of Bahadurganj Araria section from Km 49.000 to Km 94.000 Package-II of NH-327E,(NHAI),618583,Bihar,1358.77,,,2026-07,June-July 2026.xlsx,Completed Projects,June 2026,28.0,,01/2021,,,,01/2025,1358.77,,(01/2024),,,,,01/2022,812.28,,,,
,,,Sanchore - Santalpur from km 67.000 - km 99.000 of NH-754K AJ-RGBS- Package-3,(NHAI),618614,Gujarat,752.3,,,2026-07,June-July 2026.xlsx,Completed Projects,June 2026,44.0,,02/2020,,,,01/2024,765.25,,(08/2023),,,,,08/2021,601.6,,,,
,,,Mangloor to Telangana Maharashtra Border,(NHAI),618624,"Multi-States (Maharashtra, Telangana)",1082.65,,,2026-07,June-July 2026.xlsx,Completed Projects,June 2026,79.0,,03/2018,,,,10/2025,1323.12,,(04/2021),,,,,04/2019,1011.7,,,,
,,,Indore - Gujarat / MP Border from km. Km 9.500 to Km 171.000 of NH-59 in MP,(NHAI),618625,Madhya Pradesh,1175.0,,,2026-07,June-July 2026.xlsx,Completed Projects,June 2026,62.0,,12/2009,,,,02/2026,217.22,,(02/2013),,,,,08/2010,191.43,,,,
,,,Tarsod - Fagne section of NH-6,(NHAI),618638,Maharashtra,2267.99,,,2026-07,June-July 2026.xlsx,Completed Projects,June 2026,68.0,,06/2016,,,,04/2026,2560.5,,(07/2021),,,,,01/2019,2213.75,,,,
,,,Chakur Loha Section of NH-361 from km 114.600 to km 187.80,(NHAI),618652,Maharashtra,1241.38,,,2026-07,June-July 2026.xlsx,Completed Projects,June 2026,69.0,,03/2018,,,,02/2026,3342.11,,(03/2021),,,,,03/2019,1717.21,,,,
,,,4L of Sagar - Mohari from Km.8 to Km.50 Pkg-I,(NHAI),618665,Madhya Pradesh,790.78,,,2026-07,June-July 2026.xlsx,Completed Projects,June 2026,63.0,,03/2021,,,,03/2026,660.38,,(04/2024),,,,,04/2022,555.28,,,,
,,,6L of Dhanara - Hatibena Section from Km 124.611 to km 146.50 of NH-130-CD Package OD-1,(NHAI),618676,"Multi-States (Chhattisgarh, Odisha)",477.76,,,2026-07,June-July 2026.xlsx,Completed Projects,June 2026,77.0,,02/2021,,,,03/2026,638.32,,(03/2024),,,,,03/2022,359.28,,,,
,,,4L Rampur Bypass from Km. 181.000 to Km. 189.500,National Highways Authority of India [NHAI],618689,Uttar Pradesh,364.47,,272.05,2025-03,March n Q1 2025.xlsx,Flash_T3_Completed,,24.0,,10/2021,10/2022,,,,307.95,,,,04/2024,,,,,,,,
,,,Aligarh-Kanpur Pkg I [Aligarh-Bhadwas],(NHAI),618692,Uttar Pradesh,1226.64,,,2026-07,June-July 2026.xlsx,Completed Projects,July 2026,22.0,,03/2018,,,,12/2024,2069.6,,06/2022,,12/2024,,,02/2019,1359.15,,,,
,,,Indore - Harda Pkg-III [Nanasa to Pidgaon Section from km 95.000 to km 142.445],(NHAI),618695,Madhya Pradesh,1146.22,,,2026-07,June-July 2026.xlsx,Completed Projects,June 2026,64.0,,01/2020,,,,04/2026,1240.64,,(10/2023),,,,,10/2021,758.23,,,,
,,,Bellary to Byrapura Section km 253.600 to km 308.550 of NH-150A,National Highways Authority of India [NHAI],618696,"Multi-States (Andhra
Pradesh, Karnataka)",1281.47,,553.21,2025-03,March n Q1 2025.xlsx,Flash_T3_Completed,,21.0,,03/2018,10/2019,,,,1689.6,,,,10/2021,,,,,,,,
,,,Challakere to Hariyur section from km 358.500 to km 414.205 of NH-150 A,(NHAI),618698,Karnataka,1167.52,,,2026-07,June-July 2026.xlsx,Completed Projects,June 2026,58.0,,03/2018,,,,12/2025,1873.58,,(01/2023),,,,,01/2021,1243.48,,,,
,,,Pipli Bhavnagar-Package 1 from km 136.025 to km 169.328,(NHAI),618699,Gujarat,819.14,,,2026-07,June-July 2026.xlsx,Completed Projects,June 2026,45.0,,03/2018,,,,03/2024,1297.38,,(09/2021),,,,,02/2019,975.85,,,,
,,,Balance work of 4L of Nauradehi Sanctuary de-scoped stretch of Hiran River to Sindoor River from Km. 66.00 to 130.00 NH-12 New NH-45,(NHAI),618701,Madhya Pradesh,178.18,,,2026-07,June-July 2026.xlsx,Completed Projects,June 2026,65.0,,01/2021,,,,07/2025,153.15,,(07/2023),,,,,07/2021,143.37,,,,
,,,Trichy 135.800 to Karur 218.000 section of NH-67 - Trichy Bypass,(NHAI),618743,Tamil Nadu,876.88,,,2026-07,June-July 2026.xlsx,Completed Projects,June 2026,102.0,,12/2006,,,,06/2026,360.88,,(07/2010),,,,,01/2008,336.71,,,,
,,,4L of Vadugapatti to Therkuvenganallur Rajapalyam section from km 36.000 to km 71.600 of NH-744,(NHAI),618745,Tamil Nadu,1317.6,,,2026-07,June-July 2026.xlsx,Completed Projects,June 2026,103.0,,02/2022,,,,06/2026,1137.16,,(04/2025),,,,,04/2023,954.04,,,,
,,,Khammam-Devarapalle Pkg IV [4L Access Controlled Greenfield from Recherla village to Gurvaygudem village Design Chainage 105236 to 132664],(NHAI),618748,Andhra Pradesh,569.37,,,2026-07,June-July 2026.xlsx,Completed Projects,June 2026,18.0,,11/2020,,,,01/2026,752.02,,(09/2024),,,,,09/2022,499.99,,,,
,,,Khammam-Devarapalle Pkg V [4L Access Controlled Greenfield from Gurvaygudem village to Devarapalle village Design Chainage 132664 to 162126,(NHAI),618749,Andhra Pradesh,711.94,,,2026-07,June-July 2026.xlsx,Completed Projects,July 2026,15.0,,12/2020,,,,05/2026,926.48,,09/2024,,05/2026,,,09/2022,591.01,,,,
,,,4L of left out existing road section from Lalgopalganj Km 161.450 to Nawabganj Km 180.200 in Prayagraj,(NHAI),618755,"Multi-States (Rajasthan, Uttar Pradesh)",159.53,,,2026-07,June-July 2026.xlsx,Completed Projects,June 2026,83.0,,03/2024,,,,04/2026,100.74,,(03/2026),,,,,04/2025,93.24,,,,
,,,4L Greenfield a Malout bypass from ch. Km 44.500 to ch. Km 35.500 on NH-07 and Ch. Km 0.000 to Km 6.984 on NH-09 bMandi Dabwali Bypass from Ch. 38.450 Km to Km 27.910 Pkg-02,(NHAI),618760,"Multi-States (Punjab, Haryana)",646.42,,,2026-07,June-July 2026.xlsx,Completed Projects,June 2026,81.0,,11/2021,,,,01/2026,556.09,,(07/2024),,,,,12/2022,571.11,,,,
,,,4L Spur of Panipat - Shamli connecting NH-709AD Panipat Shamli Muzaffarnagar and NH-709A Karnal Meerut bypassing Shamli district UP,(NHAI),618770,Uttar Pradesh,516.16,,,2026-07,June-July 2026.xlsx,Completed Projects,June 2026,122.0,,10/2021,,,,05/2025,273.42,,(10/2024),,,,,10/2022,247.21,,,,
,,,6L of Varadharajula to Kumarajapet from km 0.000 to km 43.800 of NH-716B Pkg-I,(NHAI),618771,"Multi-States (Andhra Pradesh, Tamil Nadu)",1924.75,,,2026-07,June-July 2026.xlsx,Completed Projects,June 2026,75.0,,02/2021,,,,02/2026,1887.38,,(12/2024),,,,,12/2022,1120.2,,,,
,,,Tuticorin - Tirunelveli from km. 0.00 to km. 47.250,(NHAI),618773,Tamil Nadu,449.85,,,2026-07,June-July 2026.xlsx,Completed Projects,June 2026,104.0,,11/2009,,,,06/2014,452.48,,(04/2012),,,,,04/2010,2.8,,,,
,,,Ara - Mohania Pkg-II,(NHAI),618774,Bihar,984.63,,,2026-07,June-July 2026.xlsx,Completed Projects,June 2026,29.0,,08/2020,,,,11/2025,827.51,,(07/2023),,,,,01/2021,798.25,,,,
,,,4L of Aurangabad-Paithan,(NHAI),618779,Bihar,1505.0,,,2026-07,June-July 2026.xlsx,Completed Projects,June 2026,30.0,,09/2022,,,,12/2025,349.96,,(07/2024),,,,,01/2023,328.32,,,,
,,,6L of IT City Chowk to Kurali Chandigarh Road,National Highways Authority of India [NHAI],618789,Punjab,1525.31,,1695.39,2025-03,March n Q1 2025.xlsx,Flash_T3_Completed,,23.0,,03/2021,10/2022,,,,1936.54,,,,10/2024,,,,,,,,
,,,Balance work of Panikoili Rimoli Section of new NH-20 from Km 0.00 to Km. 163.000,(NHAI),618819,Odisha,183.03,,,2026-07,June-July 2026.xlsx,Completed Projects,June 2026,91.0,,09/2020,,,,12/2023,200.79,,(03/2022),,,,,03/2021,185.4,,,,
,,,4L from Km 219.600 Khajuri to Km 260.483 Wyndhamganj on NH-75 Sec-V,(NHAI),618828,"Multi-States (Uttar Pradesh, Jharkhand)",1436.49,,,2026-07,June-July 2026.xlsx,Completed Projects,June 2026,85.0,,03/2022,,,,05/2026,1465.55,,(09/2025),,,,,09/2023,959.96,,,,
,,,4L from km 196.87 Sankha to km 219.6 Khajuri on NH-75 [Rehla / Garhwa Bypass],(NHAI),618829,Jharkhand,1129.48,,,2026-07,June-July 2026.xlsx,Completed Projects,June 2026,55.0,,09/2020,,,,03/2025,1129.48,,(10/2023),,,,,10/2021,790.59,,,,
,,,Kodinar - Veraval Package VI from km. 221.610 to km. 263.00 of NH-8E & km. 120.900 to km. 121.150 of NH-8D,(NHAI),618833,Gujarat,894.01,,,2026-07,June-July 2026.xlsx,Completed Projects,July 2026,17.0,,02/2016,,,,05/2026,1127.42,,07/2020,,05/2026,,,02/2018,730.06,,,,
,,,4L Kodinar - Veraval Package VI from km. 222.400 to km. 230.00 Kodinar Bypass of NH-8E NH 51 new,(NHAI),618834,Gujarat,162.73,,,2026-07,June-July 2026.xlsx,Completed Projects,June 2026,46.0,,03/2022,,,,05/2025,192.01,,(09/2023),,,,,04/2022,189.95,,,,
,,,4L of Bal Works of Talaja - Mahuva from 54.990 km. to 100.450 km. of Old NH- 8E Package-II,(NHAI),618835,Gujarat,698.4,,,2026-07,June-July 2026.xlsx,Completed Projects,June 2026,47.0,,08/2020,,,,05/2024,735.51,,(09/2022),,,,,03/2021,726.01,,,,
,,,Aunta - Simaria including Ganga Bridge,(NHAI),618839,Bihar,1309.47,,,2026-07,June-July 2026.xlsx,Completed Projects,June 2026,31.0,,01/2017,,,,03/2026,2107.68,,(02/2022),,,,,08/2018,1209.46,,,,
,,,Conversion of Partially Excavated Escape Tunnel to Uni-Directional 2L Tunnelincluding construction of cross passages and approach roads on either side of the tunnel from Km 12.732 to Km 14.568 of Kiratpur to Nerchowk Section of NH-21,(NHAI),618849,Chhattisgarh,444.21,,,2026-07,June-July 2026.xlsx,Completed Projects,June 2026,38.0,,05/2022,,,,04/2026,412.88,,(03/2024),,,,,09/2022,394.73,,,,
,,,2L PS of Raebareli - Jagdishpur with 4L Jagdishpur Bypass Spur,(NHAI),618854,Uttar Pradesh,706.41,,,2026-07,June-July 2026.xlsx,Completed Projects,June 2026,123.0,,02/2021,,,,11/2025,752.52,,(01/2024),,,,,01/2022,534.31,,,,
,,,"Improvement and Up-Gradation of Existing Road to 2/4L PS from Km 40.000 to 88.750, start of Khutar bypass to start of Shahjahanpur bypass of NH 731Pkg-I",(NHAI),618855,Uttar Pradesh,838.68,,,2026-07,June-July 2026.xlsx,Completed Projects,June 2026,124.0,,03/2022,,,,03/2026,838.68,,(02/2025),,,,,02/2023,616.56,,,,
,,,4L from Mathura Bypass Start at Existing Km. 154.20 of NH-44 to Gaju Village at Km 32.982 of NH-530B Pkg-IB,(NHAI),618864,Uttar Pradesh,1722.11,,,2026-07,June-July 2026.xlsx,Completed Projects,June 2026,125.0,,01/2022,,,,01/2026,1820.77,,(03/2025),,,,,03/2023,1057.04,,,,
,,,4L from Gaju Village at Km. 32.982 to Devinagar Bypass End at Km. 208.000 of NH-530B Pkg-1C.,(NHAI),618865,Uttar Pradesh,1384.79,,,2026-07,June-July 2026.xlsx,Completed Projects,June 2026,126.0,,12/2021,,,,04/2025,1496.44,,(01/2025),,,,,01/2023,862.65,,,,
,,,Four Laning of Trichy - Dindigul from km. 333.00 to km. 421.273 of NH-45,(NHAI),618874,Tamil Nadu,1003.11,,,2026-07,June-July 2026.xlsx,Completed Projects,June 2026,105.0,,12/2006,,,,06/2026,435.81,,(07/2010),,,,,01/2008,377.7,,,,
,,,4L of Nagina-Kashipur section from km. 73.00 to km. 175.00 of NH-74,National Highways Authority of India [NHAI],618876,"Multi-States (Uttar
Pradesh, Uttarakhand)",2125.03,,496.78,2025-03,March n Q1 2025.xlsx,Flash_T3_Completed,,22.0,,01/2015,10/2017,,,,2531.19,,,,04/2020,,,,,,,,
,,,4L of Sethiyathope -Cholapuram section from Km. 65.960 to Km. 116.440 section of NH45 C Pkg-II,(NHAI),618897,Tamil Nadu,2356.19,,,2026-07,June-July 2026.xlsx,Completed Projects,June 2026,106.0,,03/2017,,,,11/2025,2356.9,,(08/2020),,,,,08/2018,1697.35,,,,
,,,Construction of Rudrapur Bypass Section from Km. 0.000 to 20.640 in the state of Uttar Pradesh & Uttarakhand,(NHAI),618912,"Multi-States (Uttar Pradesh, Uttarakhand)",1051.73,,,2026-07,June-July 2026.xlsx,Completed Projects,June 2026,86.0,,03/2023,,,,03/2026,1117.17,,(01/2026),,,,,01/2024,670.74,,,,
,,,4-L of Rajamunda to Barkote Section of NH-23 from km. 287.200 to km. 337.185,(NHAI),618913,Odisha,609.63,,,2026-07,June-July 2026.xlsx,Completed Projects,June 2026,92.0,,10/2017,,,,07/2025,630.97,,(06/2021),,,,,12/2018,608.19,,,,
,,,4L of Bal. works of Patna - Gaya -Dobhi Pkg-II from km. 39.00 to km. 83.00 of Old NH-83,(NHAI),618915,Bihar,1637.29,,,2026-07,June-July 2026.xlsx,Completed Projects,June 2026,32.0,,09/2019,,,,05/2025,777.2,,(11/2022),,,,,11/2020,764.68,,,,
,,,4L of Bal. works of Patna - Gaya -Dobhi Pkg-III from km. 83.00 to km. 127.217 of Old NH-83,(NHAI),618916,Bihar,1077.46,,,2026-07,June-July 2026.xlsx,Completed Projects,June 2026,33.0,,09/2019,,,,05/2025,799.7,,(11/2022),,,,,11/2020,803.33,,,,
,,,4L PS from Mandlem Existing Km. 38.000/Design Km.30.600 to Atmakur Existing Km.73.000/Design Km 66.115 of NH340C Package2,(NHAI),618919,Andhra Pradesh,887.28,,,2026-07,June-July 2026.xlsx,Completed Projects,June 2026,19.0,,03/2023,,,,11/2025,913.03,,(11/2025),,,,,11/2023,550.42,,,,
,,,4L Ambala - Kalaamb from Km. -0.800 to Km. 33.015 of old NH-72,(NHAI),618935,"Multi-States (Punjab, Haryana)",1183.7,,,2026-07,June-July 2026.xlsx,Completed Projects,June 2026,82.0,,10/2022,,,,02/2026,1190.34,,(06/2025),,,,,06/2023,706.54,,,,
,,,4L of Rajura-Korpana-Adilabad Road upto M.S. Border from km 32.910 to km 89.090 of NH-353B,(NHAI),618938,"Multi-States (Maharashtra, Telangana)",1013.33,,,2026-07,June-July 2026.xlsx,Completed Projects,June 2026,80.0,,03/2022,,,,03/2026,1274.63,,(10/2024),,,,,10/2022,699.33,,,,
,,,Salem - Ulundurpet section from km 0.313 to km 136.670 of NH-68,(NHAI),618943,Tamil Nadu,861.23,,,2026-07,June-July 2026.xlsx,Completed Projects,June 2026,107.0,,12/2006,,,,11/2025,1019.85,,(01/2011),,,,,01/2008,940.44,,,,
,,,4L of Mehgama - Hansdiha from km. 41.900 to km. 93.000 of NH -133A Pkg-II,(NHAI),618946,Jharkhand,1479.72,,,2026-07,June-July 2026.xlsx,Completed Projects,June 2026,56.0,,03/2022,,,,05/2026,1568.18,,(05/2025),,,,,05/2023,1034.52,,,,
,,,4L Prayagraj Greenfield By-pass from design Km 50860 near Nibi Kala Uperhar to design Km 64763 on NH-19 near Khodaypur Kasgaon including Interchange loop at NH-19,(NHAI),618959,Uttar Pradesh,1017.99,,,2026-07,June-July 2026.xlsx,Completed Projects,June 2026,127.0,,08/2023,,,,02/2026,427.54,,(03/2025),,,,,12/2023,412.74,,,,
,,,4L Greenfield spur from Delhi-Vadodara Greenfield expressway near Bandikui to Jaipur,(NHAI),619063,Rajasthan,1636.15,,,2026-07,June-July 2026.xlsx,Completed Projects,June 2026,100.0,,03/2022,,,,10/2025,2170.39,,(11/2024),,,,,11/2022,1283.3,,,,
,,,6L of Chiloda-Naroda section from Km. 540.595 to Km. 555.595 of NH- 8Package-VII,(NHAI),619067,Gujarat,356.6,,,2026-07,June-July 2026.xlsx,Completed Projects,June 2026,48.0,,11/2016,,,,02/2026,463.03,,(05/2019),,,,,05/2017,443.07,,,,
,Roads & Highways,,Tumkur-Chitradurga,National Highways Authority of India [NHAI],619070,Karnataka,839.0,,8.42,2026-05,April-May 2026.xlsx,Completed Projects,May 2026,16.0,Ministry of Road Transport & Highways,04/2010,06/2011,,12/2013,05/2026,47.44,,,,,,,,,,,,
,,,6L of Bhubaneswar - Jagatpur - Chandikhole Section of NH-16,(NHAI),619075,Odisha,639.3,,,2026-07,June-July 2026.xlsx,Completed Projects,June 2026,93.0,,01/2009,,,,04/2026,632.89,,(06/2014),,,,,12/2011,579.23,,,,
,,,Thumbipadi-Namakkal from km. 180.00 to km. 248.625 Package No. NS- 2/BOT/TN-02,(NHAI),619083,Tamil Nadu,255.53,,,2026-07,June-July 2026.xlsx,Completed Projects,June 2026,108.0,,06/2005,,,,06/2026,395.43,,(02/2009),,,,,08/2006,392.41,,,,
,,,Start of Karur Bypass - Dindigul from km. 292.600 to km. 305.600 Contract Package No. NS2/BOT/TN-4,(NHAI),619084,Tamil Nadu,461.54,,,2026-07,June-July 2026.xlsx,Completed Projects,June 2026,109.0,,08/2005,,,,12/2025,515.03,,(04/2009),,,,,10/2006,222.72,,,,
,,,4L/2L PS of Govindpur Raiganj - Chas - WB border section of from km. 0.00 to km. 56.889 of Old NH-32,(NHAI),619104,"Multi-States (West Bengal, Jharkhand)",1139.65,,,2026-07,June-July 2026.xlsx,Completed Projects,June 2026,87.0,,03/2016,,,,09/2025,1154.8,,(12/2019),,,,,12/2017,1064.7,,,,
,,,4L of Padalur - Trichy section from km. 285.00 to km. 325.00 of NH - 45 Pkg VI-C,(NHAI),619113,Tamil Nadu,555.8,,,2026-07,June-July 2026.xlsx,Completed Projects,July 2026,21.0,,12/2005,,,,02/2026,235.8,,05/2009,,02/2026,,,11/2006,235.51,,,,
,,,4L of Byrapura to Challakere Section from km 308.550 to km 358.500 of NH-150 A,National Highways Authority of India [NHAI],619115,Karnataka,796.77,,430.26,2025-03,March n Q1 2025.xlsx,Flash_T3_Completed,,20.0,,03/2018,12/2018,,,,1195.54,,,,12/2020,,,,,,,,
,,,4L of Hubli - Hospet Section of NH-63 from Km 128.850 to Km 272.571,(NHAI),619121,Karnataka,2531.99,,,2026-07,June-July 2026.xlsx,Completed Projects,June 2026,59.0,,07/2016,,,,03/2026,3619.32,,(03/2020),,,,,03/2017,3522.85,,,,
,,,Akshardham - DL/UP Border Pkg-01,(NHAI),619122,"Multi-States (Uttar Pradesh, Delhi)",1479.22,,,2026-07,June-July 2026.xlsx,Completed Projects,June 2026,84.0,,09/2020,,,,08/2024,1476.75,,(12/2024),,,,,06/2022,1399.88,,,,
,Roads & Highways,,4L of Dwarka-Khambaliya-Devariya section from km 203.500 to km 176.500 and from km 171.800 to km 125.000 of NH-151A,National Highways Authority of India [NHAI],619137,Gujarat,1024.69,,885.64,2026-05,April-May 2026.xlsx,Completed Projects,May 2026,15.0,Ministry of Road Transport & Highways,01/2019,02/2020,,08/2022,05/2026,1753.95,,,,,,,,,,,,
,,,Hospet - Chitradurga from km. 299.00 to km. 418.750,(NHAI),619144,Karnataka,1519.72,,,2026-07,June-July 2026.xlsx,Completed Projects,June 2026,60.0,,03/2015,,,,06/2026,387.48,,(08/2018),,,,,02/2016,331.26,,,,
,,,Kagvadar - Una Package-IV,(NHAI),619146,Gujarat,750.53,,,2026-07,June-July 2026.xlsx,Completed Projects,July 2026,18.0,,02/2016,,,,06/2026,955.78,,09/2019,,06/2026,,,03/2017,833.13,,,,
,,,4L of Bal Works of Mahuva to Kagvadar from 100.450 Km. to 140.470 Km. of NH-8E Pkg- III,(NHAI),619147,Gujarat,603.08,,,2026-07,June-July 2026.xlsx,Completed Projects,June 2026,49.0,,08/2020,,,,07/2024,628.49,,(09/2022),,,,,03/2021,624.43,,,,
,,,4L of Bhavnagar - Talaja Package-I from Km. 6.945 to Km. 54.990 of Old NH-8E,(NHAI),619148,Gujarat,1185.66,,,2026-07,June-July 2026.xlsx,Completed Projects,June 2026,50.0,,03/2016,,,,06/2024,1343.16,,(08/2019),,,,,02/2017,1316.53,,,,
,,,4L of existing 2/4L stretch from Lonand to Dive Ghat Km 166.400 to Km 220.900 of Mohol Alandi section of NH-965 Pkg - V,(NHAI),619209,Maharashtra,1709.56,,,2026-07,June-July 2026.xlsx,Completed Projects,June 2026,70.0,,10/2021,,,,03/2026,2049.51,,(05/2024),,,,,05/2022,1295.04,,,,
,,,4L Poanta SahebMednipur from Km. 435.65 to km. 458.65 of NH-07Pkg-1,(NHAI),619291,"Multi-States (Uttarakhand, Himachal Pradesh)",524.54,,,2026-07,June-July 2026.xlsx,Completed Projects,July 2026,20.0,,03/2022,,,,03/2026,657.32,,05/2025,,03/2026,,,05/2023,321.15,,,,
,,,Muzaffarpur - Sonbarsa Section of NH-77 from km 2.800 to km 89.000,(NHAI),619320,Bihar,2290.72,,,2026-07,June-July 2026.xlsx,Completed Projects,June 2026,34.0,,05/2011,,,,03/2026,2311.1,,(11/2013),,,,,05/2011,2308.19,,,,
,Aviation & Aviation Infrastructure,,Lucknow Airport-Terminal 3- Phase 1 & Other Associated Works,Adani Airport Holdings Limited,701091,Uttar Pradesh,3100.0,,3112.57,2025-11,Nov-Dec 2025.xlsx,November_T3_Completed,,1.0,Ministry of Civil Aviation,,,,,,,,,,,,,,,,06/2018 (09/2018),03/2024,03/2026
,,,Goa Airport Terminal Building Extension Project,(Airport Authority of India [AAI]),701105,Goa,255.69,,,2026-07,June-July 2026.xlsx,Completed Projects,June 2026,1.0,,11/2017,,,,04/2026,255.69,,(12/2021),,,,,12/2019,161.06,,,,
,,,Rajasthan Refinery Project,(MinistryofPetroleumNaturalGas),701263,Rajasthan,43129.0,,,2026-07,June-July 2026.xlsx,Completed Projects,June 2026,2.0,,10/2017,,,,06/2026,79459.0,,(10/2022),,,,,10/2017,70293.57,,,,
,,,Srikakulam Angul Gas Pipeline Project,(Gas Authority of India Limited [GAIL]),701343,Odisha,2658.34,,,2026-07,June-July 2026.xlsx,Completed Projects,July 2026,3.0,,09/2019,,,,07/2026,2810.0,,07/2026,,07/2026,,,09/2019,2315.2,,,,
,,,Upgradation of Facilities of Numaligarh-Siliguri Product Pipeline [NSPL] for transportation of additional products from existing 1.72 MMTPA to 5.5 MMTPA,Ministry of Petroleum & Natural Gas,701350,"Multi-States (Assam,
West Bengal)",860.0,,639.43,2025-03,March n Q1 2025.xlsx,Flash_T3_Completed,,9.0,,06/2021,06/2021,,03/2026,,750.0,,,,12/2024,,,,,,,,
,Oil & Gas,,Mumbai Nagpur Jharsuguda Pipeline Project,Ministry of Petroleum & Natural Gas,701354,"Multi-States (Chhattisgarh, Madhya Pradesh, Maharashtra, Odisha)",7844.25,,7109.3,2026-05,April-May 2026.xlsx,Completed Projects,May 2026,11.0,Ministry of Petroleum & Natural Gas,06/2020,06/2020,05/2026,05/2023,06/2026,8255.0,,,,,,,,,,,,
,,,Rajiv Bhima Lift Irrigation Scheme,(Irrigation and CAD-TG),701406,Telangana,1402.0,,,2026-07,June-July 2026.xlsx,Completed Projects,July 2026,1.0,,04/2007,,,,03/2026,2509.66,,12/2019,,06/2026,,,01/2008,1839.76,,,,
,Shipping,,"Construction of new dry dock at exisitng Cochin Shipyard Limited premises at Perumanoor, Kochi 682 015",Cochin Shipyard,701564,Kerala,1799.0,,1558.39,2025-11,Nov-Dec 2025.xlsx,November_T3_Completed,,6.0,"Ministry of Ports, Shipping and Waterways",,,,,,,,,,,,,,,,04/2018 (05/2018),03/2025,12/2022
,,,Construction of oil jetty No.8 at old kandla through internal resources,Deendayal Port Trust [DPT],701568,Gujarat,100.0,,186.47,2025-03,March n Q1 2025.xlsx,Flash_T3_Completed,,10.0,,02/2018,02/2021,,03/2024,,225.85,,,,02/2023,,,,,,,,
,,,Berth No. 2 [previously Berth 3] of HDC Mechanization Project,"Haldia Dock Complex, Syama Prasad Mookerjee Port Authority",701576,West Bengal,298.26,,480.0,2025-03,March n Q1 2025.xlsx,Flash_T3_Completed,,11.0,,11/2022,03/2023,,01/2026,,298.26,,,,09/2025,,,,,,,,
,,,354 Uncovered Villages Scheme,Department of Telecommunications [DoT],701600,"Multi-States (Bihar,
Gujarat, Himachal
Pradesh, Jammu and
Kashmir, Ladakh,
Rajasthan, Uttar
Pradesh)",336.89,,246.04,2025-03,March n Q1 2025.xlsx,Flash_T3_Completed,,1.0,,12/2019,04/2020,,,,301.13,,,,10/2021,,,,,,,,
,,,"Ahmedabad Metro Rail Project, Phase-II",Gujarat Metro Rail Corporation Limited [GMRCL],702631,Gujarat,5384.17,,5358.41,2025-03,March n Q1 2025.xlsx,Flash_T3_Completed,,2.0,,03/2019,03/2019,,,,,,,,03/2024,,,,,,,,
,,,Delhi-Ghaziabad-Meerut Regional Rapid Transit System [RRTS] corridor,National Capital Region Transport Corporation [NCRTC],702633,"Multi-States (Delhi, Uttar
Pradesh)",30274.0,,27950.13,2025-03,March n Q1 2025.xlsx,Flash_T3_Completed,,3.0,,03/2019,03/2019,,02/2026,,30274.0,,,,06/2025,,,,,,,,
,Urban Public Transport,,Ahmedabad Metro Rail Project [Phase-I],Gujarat Metro Rail Corporation Limited [GMRCL],702639,Gujarat,10773.0,,12521.43,2026-05,April-May 2026.xlsx,Completed Projects,May 2026,4.0,Ministry of Housing & Urban Affairs,11/2014,02/2015,05/2026,03/2018,05/2026,12924.5,,,,,,,,,,,,
,Waste & Water,,Dibrugarh Water Supply Infrastructure Project,Ministry of Housing & Urban Affairs,702682,Assam,186.8,,186.8,2025-11,Nov-Dec 2025.xlsx,November_T3_Completed,,4.0,Ministry of Housing & Urban Affairs,,,,,,,,,,,,,,,,02/2016 (01/2020),12/2025,03/2023
,Waste & Water,,Sewerage Management Scheme Part-3 Implementation,Ministry of Housing & Urban Affairs,702735,Haryana,213.19,,180.32,2026-05,April-May 2026.xlsx,Completed Projects,April 2026,2.0,Ministry of Housing & Urban Affairs,03/2017,10/2018,04/2026,03/2023,04/2026,,,,,,,,,,,,,
,Waste & Water,,24/7 water supply under AMRUT for Davanagere,Ministry of Housing & Urban Affairs,702764,Karnataka,174.96,,171.6,2026-05,April-May 2026.xlsx,Completed Projects,April 2026,3.0,Ministry of Housing & Urban Affairs,11/2016,01/2018,05/2026,03/2023,05/2026,,,,,,,,,,,,,
,Waste & Water,,Jabalpur Sewerage Management and Treatment Infrastructure Project,Ministry of Housing & Urban Affairs,702798,Madhya Pradesh,362.31,,332.05,2026-05,April-May 2026.xlsx,Completed Projects,April 2026,4.0,Ministry of Housing & Urban Affairs,10/2018,12/2017,04/2026,03/2023,04/2026,,,,,,,,,,,,,
,Waste & Water,,Mira-Bhayandar Water Supply Infrastructure Project,Ministry of Housing & Urban Affairs,702840,Maharashtra,204.55,,193.2,2026-05,April-May 2026.xlsx,Completed Projects,May 2026,5.0,Ministry of Housing & Urban Affairs,11/2016,08/2018,06/2026,03/2023,06/2026,,,,,,,,,,,,,
,Waste & Water,,Nagpur Water Supply Infrastructure Project,Ministry of Housing & Urban Affairs,702842,Maharashtra,273.78,,267.57,2025-12,Nov-Dec 2025.xlsx,December_T3_Completed,,6.0,Ministry of Housing & Urban Affairs,,,,,,271.86,,,,,,,,,,12/2015 (08/2018),01/2026,03/2023
,,,Pune Water Supply Infrastructure Project,(Ministry of Housing & Urban Affairs),702851,Maharashtra,235.95,,,2026-07,June-July 2026.xlsx,Completed Projects,July 2026,2.0,,03/2017,,,,08/2026,,,03/2023,,07/2026,,,07/2017,220.77,,,,
,Waste & Water,,Solapur Sewerage Management Infrastructure Project,Ministry of Housing & Urban Affairs,702854,Maharashtra,180.24,,172.22,2026-05,April-May 2026.xlsx,Completed Projects,May 2026,6.0,Ministry of Housing & Urban Affairs,03/2017,04/2018,06/2026,03/2023,06/2026,,,,,,,,,,,,,
,Waste & Water,,Jaunpur Sewerage Management Infrastructure Project,Ministry of Housing & Urban Affairs,702948,Uttar Pradesh,235.73,,231.62,2025-02,JAN-FEB 2025.xlsx,Table3_Completed_Projects,February 2026,1.0,Ministry of Housing & Urban Affairs,03/2017,,,,,231.62,,06/2023,08/2019,03/2026,03/2026,,,,,,,
,Railways,,Western Region Video Surveillance Project,RCIL,705300,PAN India,227.59,,0.0,2025-12,Nov-Dec 2025.xlsx,December_T3_Completed,,14.0,Ministry of Railways,,,,,,,,,,,,,,,,06/2020 (04/2023),01/2026,12/2023
,Railways,,Pune - Miraj-Londa [467 Kilometres],Central Railway,705503,Maharashtra,4027.53,,4924.05,2026-05,April-May 2026.xlsx,Completed Projects,April 2026,8.0,Ministry of Railways,06/2016,06/2016,,02/2025,08/2025,4872.52,,,,,,,,,,,,
October 2025,Railways,,Domingarh-Gorakhpur-Gorakhpur Cantt.-Kusumhi - 3rd Railway Line Project,North Eastern Railway [NER],705566,Uttar Pradesh,351.0,,499.64,2025-10,Aug-Oct 2025.xlsx,Oct - Completed,,5.0,Ministry of Railways,11/2016,06/2018,,,09/2025,521.47,09/2025,02/2025,,,,,,,,,,
,Railways,,Trivandrum- Kanyakumari,Southern Railway [SR] - I,705635,"Multi-States (Kerala, Tamil Nadu)",1432.0,,2882.55,2025-02,JAN-FEB 2025.xlsx,Table3_Completed_Projects,February 2026,8.0,Ministry of Railways,08/2017,,,,,3785.45,,03/2025,03/2016,03/2026,12/2026,,,,,,,
,,,Katni - Bina Third Railway Line [279 km],West Central Railway WCR I,705651,Madhya Pradesh,2478.23,,3368.11,2025-03,March n Q1 2025.xlsx,Flash_T3_Completed,,14.0,,06/2016,01/2017,,03/2026,,4127.23,,,,03/2022,,,,,,,,
,,,Hotgi-Kudgi-Gadag Doubling Project,South Western Railway [SWR] - II,705662,"Multi-States (Karnataka,
Maharashtra)",1878.0,,2771.29,2025-03,March n Q1 2025.xlsx,Flash_T3_Completed,,15.0,,04/2014,01/2016,,03/2026,,2459.0,,,,12/2024,,,,,,,,
,Railways,,"Phephna-Indara, Mau-Shahganj doubling excluding Indara-Mau",RVNL - I,705779,Uttar Pradesh,1178.0,,2217.85,2025-12,Nov-Dec 2025.xlsx,December_T3_Completed,,15.0,Ministry of Railways,,,,,,2215.0,,,,,,,,,,05/2017 (10/2019),12/2025,12/2024
,Railways,,Janghai-Phaphamau Doubling Rail Line Project,RVNL,705784,Uttar Pradesh,357.0,,844.84,2025-12,Nov-Dec 2025.xlsx,December_T3_Completed,,16.0,Ministry of Railways,,,,,,978.77,,,,,,,,,,11/2018 (03/2020),01/2025,03/2025
,Railways,,Penukonda - Dharmavaram Doubling Project [41.5 Km],South Western Railway [SWR] - II,705789,Andhra Pradesh,307.66,,311.28,2025-02,JAN-FEB 2025.xlsx,Table3_Completed_Projects,February 2026,6.0,Ministry of Railways,06/2018,,,,,307.66,,03/2026,12/2018,02/2026,03/2026,,,,,,,
October 2025,Railways,,Bahraich - Nanpara - Nepalganj Road Gauge Conversion,North Eastern Railway [NER],705863,Uttar Pradesh,950.0,,507.02,2025-10,Aug-Oct 2025.xlsx,Oct - Completed,,6.0,Ministry of Railways,07/2020,04/2021,,,09/2025,550.0,09/2025,07/2025,,,,,,,,,,
,Waste & Water,,Upgradation of Sewerage system in Gandhinagar City,ministry of housing and urban affairs,707267,Gujarat,200.0,,100.0,2026-05,April-May 2026.xlsx,Completed Projects,April 2026,1.0,Ministry of Housing & Urban Affairs,07/2020,03/2021,03/2026,06/2023,-,,,,,,,,,,,,,
,Electricity Generation,,BIKANER SOLAR POWER PROJECT,Satluj Jal Vidyut Nigam [SJVN] Thermal Limited,709748,Rajasthan,5491.89,,5523.11,2025-12,Nov-Dec 2025.xlsx,December_T3_Completed,,10.0,Ministry of Power,,,,,,,,,,,,,,,,10/2021 (05/2022),12/2025,04/2024
,Oil & Gas,,"CGD Project in Banka, Dumka, Godda, Jamtara, Pakur, Sahibganj GA ID 11A.02",Hindustan Petroleum Corporation Limited,709757,"Multi-States (Bihar, Jharkhand)",1377.0,,377.51,2026-05,April-May 2026.xlsx,Completed Projects,May 2026,10.0,Ministry of Petroleum & Natural Gas,06/2022,06/2022,05/2026,06/2030,05/2026,1377.0,,,,,,,,,,,,
,Oil & Gas,,"CGD Project in Malda, Birbhum, Murshidabad, Dakshin Dinajpur GA ID 11A.03",Hindustan Petroleum Corporation Limited,709758,West Bengal,2628.0,,390.91,2026-05,April-May 2026.xlsx,Completed Projects,May 2026,12.0,Ministry of Petroleum & Natural Gas,06/2022,06/2022,05/2026,06/2030,05/2026,2628.0,,,,,,,,,,,,
,,,HP TDAE Unit in Mumbai Refinery,(Hindustan Petroleum Corporation Limited),709760,Maharashtra,240.0,,,2026-07,June-July 2026.xlsx,Completed Projects,June 2026,4.0,,06/2024,,,,06/2026,240.0,,(04/2026),,,,,06/2024,160.8,,,,
October 2025,Oil & Gas,,HP Trijet Unit in Visakh Refinery,Hindustan Petroleum Corporation Limited,709761,Andhra Pradesh,193.0,,0.43,2025-10,Aug-Oct 2025.xlsx,Oct - Completed,,1.0,Ministry of Petroleum & Natural Gas,07/2024,07/2024,,,11/2025,193.0,11/2025,07/2027,,,,,,,,,,
,,,"City Gas Distribution Project at Kurnool, Guntur & Prakasam Districts",MinistryofPetroleumNaturalGas,709766,Andhra Pradesh,1420.0,,171.55,2025-03,March n Q1 2025.xlsx,Flash_T3_Completed,,7.0,,03/2022,03/2022,,03/2026,,1420.0,,,,03/2030,,,,,,,,
,,,ATF Pipeline from Jawaharlal Nehru Port Trust to Navi Mumbai International Airport,(Indian Oil Corporation Limited [IOCL]),709782,Maharashtra,165.0,,,2026-07,June-July 2026.xlsx,Completed Projects,June 2026,5.0,,08/2022,,,,06/2026,165.0,,(08/2025),,,,,08/2022,103.36,,,,
,Oil & Gas,,Installation of Independent De- Aromatized Solvents [DAS] production facilities at MR,Bharat Petroleum Corporation Limited [BPCL],709789,Maharashtra,405.0,,254.56,2025-02,JAN-FEB 2025.xlsx,Table3_Completed_Projects,February 2026,3.0,Ministry of Petroleum & Natural Gas,03/2023,,,,,343.0,,07/2025,03/2023,02/2026,02/2026,,,,,,,
,Oil & Gas,,Replacement and Extension of Jetty Pipelines [REJP] at KR,Bharat Petroleum Corporation Limited [BPCL],709790,Kerala,621.87,,220.0,2025-02,JAN-FEB 2025.xlsx,Table3_Completed_Projects,February 2026,2.0,Ministry of Petroleum & Natural Gas,03/2023,,,,,372.0,,03/2026,03/2023,02/2026,02/2026,,,,,,,
,,,CONSTRUCTION OF RESIDENTIAL TOWERS AT BIOM KIRANDUL COMPLEX,National Mineral Development Corporation Limited [NMDC],709827,Chhattisgarh,349.75,,326.85,2025-03,March n Q1 2025.xlsx,Flash_T3_Completed,,25.0,,07/2021,10/2022,,03/2026,,,,,,12/2025,,,,,,,,
,,,Part Replacement Pipeline Project [PRPP],Oil and Natural Gas Corporation Limited [ONGC],709846,Maharashtra,1219.48,,833.21,2025-03,March n Q1 2025.xlsx,Flash_T3_Completed,,8.0,,11/2022,11/2022,,03/2026,,1145.1,,,,05/2024,,,,,,,,
,Telecommunication,,OPTICAL TRANSPORT NETWORK [OTN] PH-4 IN BSNL,BSNL,709858,PAN India,810.99,,786.86,2025-12,Nov-Dec 2025.xlsx,December_T3_Completed,,3.0,Department of Telecommunications,,,,,,,,,,,,,,,,02/2024 (02/2024),10/2025,08/2025
,,,Transmission System for Kurnool Wind Energy Zone/ Solar Energy Zone Part-A and Part-B,(Power Grid Corporation of India Limited [POWERGRID]),900808,"Multi-States (Telangana, Andhra Pradesh)",3546.94,,,2026-07,June-July 2026.xlsx,Completed Projects,June 2026,7.0,,11/2022,,,,05/2026,,,(11/2024),,,,,03/2023,3546.94,,,,
,CIVIL AVIATION,,UPGRADATION OF PASSENGER TERMINAL BUILDING AND AIRSIDE FACILITIES AT TIRUCHIRAPALLI INTERNATIONAL AI,,N04000075,AAI,951.28,,1084.94,2025-03,March n Q1 2025.xlsx,QPISR_T3_Completed,,2.0,,,,,,,,,,,,,10-2021,,,TAMIL NADU,,,
April 2025,CIVIL AVIATION,1.0,UPGRADATION OF PASSENGER TERMINAL BUILDING AND AIRSIDE FACILITIES AT TIRUCHIRAPALLI INTERNATIONAL AI,AAI,N04000075,TAMIL NADU,951.28,10/2021,1084.94,2025-05,Apr-May 2025.xlsx,Completed Projects,,,,,,,,,,,,,,,,,,,,,
,CIVIL AVIATION,,"CO CIVIL AVIATION REASEARCH ORG. (PH-II) AT BEGUMPET AIRPORT, HYDRABAD",,N04000086,AAI,353.61,,303.22,2025-03,March n Q1 2025.xlsx,QPISR_T3_Completed,,1.0,,,,,,,,,,,,,05-2022,,,TELANGANA,,,
April 2025,CIVIL AVIATION,2.0,"CO CIVIL AVIATION REASEARCH ORG. (PH-II) AT BEGUMPET AIRPORT, HYDRABAD",AAI,N04000086,TELANGANA,353.61,05/2022,303.22,2025-05,Apr-May 2025.xlsx,Completed Projects,,,,,,,,,,,,,,,,,,,,,
,CIVIL AVIATION,,EXT AND STR. OF EXISTING RUNWAY 08/26 AT TIRUPATI AIRPORT,,N04000089,AAI,177.1,,143.08,2025-03,March n Q1 2025.xlsx,QPISR_T3_Completed,,3.0,,,,,,,,,,,,,02-2020,,,ANDHRA PRADESH,,,
April 2025,CIVIL AVIATION,3.0,EXT AND STR. OF EXISTING RUNWAY 08/26 AT TIRUPATI AIRPORT,AAI,N04000089,ANDHRA PRADESH,177.1,02/2020,143.08,2025-05,Apr-May 2025.xlsx,Completed Projects,,,,,,,,,,,,,,,,,,,,,
,COAL,,TALABIRA II AND III OCP,,N06000189,NLC,2401.07,,1626.71,2025-03,March n Q1 2025.xlsx,QPISR_T3_Completed,,4.0,,,,,,,,,,,,,01-2027,,,ODISHA,,,
May 2025,COAL,1.0,TALABIRA II AND III OCP,NLC,N06000189,ODISHA,2401.07,01/2027,1626.71,2025-05,Apr-May 2025.xlsx,Completed Projects,,,,,,,,,,,,,,,,,,,,,
,Sector,,REVAMPING OF FACILITIES AT VIZAG TERMINAL,,N16000343,IOCL,355.0,,249.0,2025-03,March n Q1 2025.xlsx,QPISR_T3_Completed,,10.0,,,,,,,,,,,,,04-2022,,,ANDHRA PRADESH,,,
April 2025,PETROLEUM,4.0,REVAMPING OF FACILITIES AT VIZAG TERMINAL,IOCL,N16000343,ANDHRA PRADESH,355.0,04/2022,249.0,2025-05,Apr-May 2025.xlsx,Completed Projects,,,,,,,,,,,,,,,,,,,,,
,Sector,,MUMBAI HIGH NORTH REDEVELOPMENT PHASE-IV,,N16000358,ONGC,3228.8,,3867.19,2025-03,March n Q1 2025.xlsx,QPISR_T3_Completed,,9.0,,,,,,,,,,,,,03-2022,,,MAHARASHTRA,,,
April 2025,PETROLEUM,5.0,MUMBAI HIGH NORTH REDEVELOPMENT PHASE-IV,ONGC,N16000358,MAHARASHTRA,3228.8,03/2022,3867.19,2025-05,Apr-May 2025.xlsx,Completed Projects,,,,,,,,,,,,,,,,,,,,,
,Sector,,ADDITIONAL STORAGE TANKS AT PARADIP,,N16000361,IOCL,462.3,,493.72,2025-03,March n Q1 2025.xlsx,QPISR_T3_Completed,,11.0,,,,,,,,,,,,,09-2021,,,ODISHA,,,
May 2025,PETROLEUM,5.0,ADDITIONAL STORAGE TANKS AT PARADIP,IOCL,N16000361,ODISHA,462.3,09/2021,493.72,2025-05,Apr-May 2025.xlsx,Completed Projects,,,,,,,,,,,,,,,,,,,,,
,Sector,,CITY GAS DISTRIBUTION IN WEST BENGAL,,N16000392,HPCL,5830.2,,875.27,2025-03,March n Q1 2025.xlsx,QPISR_T3_Completed,,12.0,,,,,,,,,,,,,03-2031,,,WEST BENGAL,,,
,PETROLEUM,,CITY GAS DISTRIBUTION IN WEST BENGAL,HPCL,N16000392,WEST BENGAL,5830.2,,875.27,2025-07,June-July 2025.xlsx,June_Table3_Completed,,,,,,,,,,,,,,,03/2031,,,,,,
,Sector,,AUGMENTATION OF FACILITIES AT THE EXISTING RAIPUR DEPOT,,N16000413,HPCL,456.0,,271.44,2025-03,March n Q1 2025.xlsx,QPISR_T3_Completed,,14.0,,,,,,,,,,,,,03-2024,,,CHHATTISGARH,,,
April 2025,PETROLEUM,6.0,AUGMENTATION OF FACILITIES AT THE EXISTING RAIPUR DEPOT,HPCL,N16000413,CHHATTISGARH,456.0,03/2024,271.44,2025-05,Apr-May 2025.xlsx,Completed Projects,,,,,,,,,,,,,,,,,,,,,
,HOME AFFAIRS,,CGD PROJECT AT NAWADA AND KODERMA DISTRICTS,,N16000426,IOCL,169.0,,71.0,2025-03,March n Q1 2025.xlsx,QPISR_T3_Completed,,8.0,,,,,,,,,,,,,12-2029,,,MULTI STATE,,,
,PETROLEUM,,CGD PROJECT AT NAWADA AND KODERMA DISTRICTS,IOCL,N16000426,MULTI STATE,169.0,,71.0,2025-07,June-July 2025.xlsx,June_Table3_Completed,,,,,,,,,,,,,,,12/2029,,,,,,
,Sector,,"CGD PROJECT IN TONK, SAWAI MADHOPUR, DAUSA, KARAULI",,N16000496,HPCL,1751.0,,301.39,2025-03,March n Q1 2025.xlsx,QPISR_T3_Completed,,13.0,,,,,,,,,,,,,03-2030,,,RAJASTHAN,,,
,PETROLEUM,,"CGD PROJECT IN TONK, SAWAI MADHOPUR, DAUSA, KARAULI",HPCL,N16000496,RAJASTHAN,1751.0,,301.39,2025-07,June-July 2025.xlsx,June_Table3_Completed,,,,,,,,,,,,,,,03/2030,,,,,,
,Sector,,SAMBHU KI BHURJ-II SOLAR 300MW,,N18000286,NTPC,1782.0,,1369.88,2025-03,March n Q1 2025.xlsx,QPISR_T3_Completed,,21.0,,,,,,,,,,,,,09-2021,,,RAJASTHAN,,,
,POWER,,SAMBHU KI BHURJ-II SOLAR 300MW,NTPC,N18000286,RAJASTHAN,1782.0,,1369.88,2025-07,June-July 2025.xlsx,June_Table3_Completed,,,,,,,,,,,,,,,09/2021,,,,,,
,Sector,,BHENSARA 320 MW,,N18000293,NTPC,1221.73,,1139.42,2025-03,March n Q1 2025.xlsx,QPISR_T3_Completed,,17.0,,,,,,,,,,,,,07-2022,,,RAJASTHAN,,,
,POWER,,BHENSARA 320 MW,NTPC,N18000293,RAJASTHAN,1221.73,,1139.42,2025-07,June-July 2025.xlsx,June_Table3_Completed,,,,,,,,,,,,,,,07/2022,,,,,,
,Sector,,"150 MW SOLAR PV PROJECT IN GUJARAT (LIMBDI, MESANKA AND RADHANPUR)",,N18000296,NTPC,674.92,,572.53,2025-03,March n Q1 2025.xlsx,QPISR_T3_Completed,,18.0,,,,,,,,,,,,,09-2022,,,GUJARAT,,,
,POWER,,"150 MW SOLAR PV PROJECT IN GUJARAT (LIMBDI, MESANKA AND RADHANPUR)",NTPC,N18000296,GUJARAT,674.92,,572.53,2025-07,June-July 2025.xlsx,June_Table3_Completed,,,,,,,,,,,,,,,09/2022,,,,,,
,Sector,,TRANSMISSION NETWORK EXPANSION IN GUJARAT TO INCREASE ATC FROM ISTS: PART C,,N18000338,PGCIL,186.19,,91.53,2025-03,March n Q1 2025.xlsx,QPISR_T3_Completed,,15.0,,,,,,,,,,,,,03-2025,,,MULTI STATE,,,
April 2025,PETROLEUM,7.0,TRANSMISSION NETWORK EXPANSION IN GUJARAT TO INCREASE ATC FROM ISTS: PART C,PGCIL,N18000338,MULTI STATE,186.19,03/2025,91.53,2025-05,Apr-May 2025.xlsx,Completed Projects,,,,,,,,,,,,,,,,,,,,,
,Sector,,TRANSMISSION SYSTEM ASSOCIATED WITH WESTERN REGION EXPANSION SCHEME XXVII,,N18000354,PGCIL,271.69,,192.03,2025-03,March n Q1 2025.xlsx,QPISR_T3_Completed,,20.0,,,,,,,,,,,,,09-2024,,,CHHATTISGARH,,,
April 2025,PETROLEUM,8.0,TRANSMISSION SYSTEM ASSOCIATED WITH WESTERN REGION EXPANSION SCHEME XXVII,PGCIL,N18000354,CHHATTISGARH,271.69,09/2024,192.03,2025-05,Apr-May 2025.xlsx,Completed Projects,,,,,,,,,,,,,,,,,,,,,
,Sector,,TRANSMISSION SYSTEM ASSOCIATED WITH WESTERN REGION EXPANSION SCHEME-XXVIII AND XXIX,,N18000355,PGCIL,260.3,,197.79,2025-03,March n Q1 2025.xlsx,QPISR_T3_Completed,,16.0,,,,,,,,,,,,,03-2025,,,CHHATTISGARH,,,
April 2025,,9.0,TRANSMISSION SYSTEM ASSOCIATED WITH WESTERN REGION EXPANSION SCHEME-XXVIII AND XXIX,PGCIL,N18000355,CHHATTISGARH,260.3,03/2025,197.79,2025-05,Apr-May 2025.xlsx,Completed Projects,,,,,,,,,,,,,,,,,,,,,
,Sector,,NEW BONGAIGAON-RANGIA-KAMAKGHYA DOUBLING,,N22000183,NFR,2047.51,,3709.47,2025-03,March n Q1 2025.xlsx,QPISR_T3_Completed,,32.0,,,,,,,,,,,,,08-2024,,,MULTI STATE,,,
May 2025,POWER,8.0,NEW BONGAIGAON-RANGIA-KAMAKGHYA DOUBLING,NFR,N22000183,MULTI STATE,2047.51,08/2024,3709.47,2025-05,Apr-May 2025.xlsx,Completed Projects,,,,,,,,,,,,,,,,,,,,,
,Sector,,VARANASI-MODHOSINGH-ALLAHABAD DOUBLING,,N22000401,RVNL,2018.23,,1780.22,2025-03,March n Q1 2025.xlsx,QPISR_T3_Completed,,31.0,,,,,,,,,,,,,12-2024,,,UTTAR PRADESH,,,
May 2025,,9.0,VARANASI-MODHOSINGH-ALLAHABAD DOUBLING,RVNL,N22000401,UTTAR PRADESH,2018.23,12/2024,1780.22,2025-05,Apr-May 2025.xlsx,Completed Projects,,,,,,,,,,,,,,,,,,,,,
,Sector,,2880.4,,N22000417,ECR,2880.4,,3074.78,2025-03,March n Q1 2025.xlsx,QPISR_T3_Completed,,29.0,,,,,,,,,,,,,08-2024,,,UTTAR PRADESH,,,
May 2025,,10.0,2880.4,ECR,N22000417,UTTAR PRADESH,2880.4,08/2024,3074.78,2025-05,Apr-May 2025.xlsx,Completed Projects,,,,,,,,,,,,,,,,,,,,,
,Sector,,EXECUTION OF RAIL CONNECTIVITY PROJECT FOR COAL TRANSPORTATION IN ODISHA FOR MCRL,,N22000418,IRCON,5200.0,,389.0,2025-03,March n Q1 2025.xlsx,QPISR_T3_Completed,,28.0,,,,,,,,,,,,,03-2020,,,ODISHA,,,
May 2025,,11.0,EXECUTION OF RAIL CONNECTIVITY PROJECT FOR COAL TRANSPORTATION IN ODISHA FOR MCRL,IRCON,N22000418,ODISHA,5200.0,03/2020,389.0,2025-05,Apr-May 2025.xlsx,Completed Projects,,,,,,,,,,,,,,,,,,,,,
,Sector,,KARAILA ROAD - SHAKTINAGAR DOUBLING,,N22000419,ECR,762.97,,808.96,2025-03,March n Q1 2025.xlsx,QPISR_T3_Completed,,26.0,,,,,,,,,,,,,08-2024,,,UTTAR PRADESH,,,
May 2025,,12.0,KARAILA ROAD - SHAKTINAGAR DOUBLING,ECR,N22000419,UTTAR PRADESH,762.97,08/2024,808.96,2025-05,Apr-May 2025.xlsx,Completed Projects,,,,,,,,,,,,,,,,,,,,,
,Sector,,"MANSA-BHATINDA (PHASE-I), INCL. NEW MATERIAL MODIFICATION FOR RAMA MANDI (RAMAN) - SADA SINGHWALA VI",,N22000502,NR,404.0,,190.0,2025-03,March n Q1 2025.xlsx,QPISR_T3_Completed,,24.0,,,,,,,,,,,,,08-2016,,,PUNJAB,,,
May 2025,,13.0,"MANSA-BHATINDA (PHASE-I), INCL. NEW MATERIAL MODIFICATION FOR RAMA MANDI (RAMAN) - SADA SINGHWALA VI",NR,N22000502,PUNJAB,404.0,08/2016,190.0,2025-05,Apr-May 2025.xlsx,Completed Projects,,,,,,,,,,,,,,,,,,,,,
,Sector,,MEHSANA PALANPUR DOUBLING PROJECT 65.10 KMS,,N22000505,WR,537.31,,944.55,2025-03,March n Q1 2025.xlsx,QPISR_T3_Completed,,22.0,,,,,,,,,,,,,03-2024,,,GUJARAT,,,
May 2025,,16.0,MEHSANA PALANPUR DOUBLING PROJECT 65.10 KMS,WR,N22000505,GUJARAT,537.31,03/2024,944.55,2025-05,Apr-May 2025.xlsx,Completed Projects,,,,,,,,,,,,,,,,,,,,,
,Sector,,DARBHANGA - BYPASS LINE CONNECTING SHISHO HALT AND KAKARGHATI EXCL DARBHANGA YARD (7.64 KM),,N22000523,ECR,983.62,,417.57,2025-03,March n Q1 2025.xlsx,QPISR_T3_Completed,,25.0,,,,,,,,,,,,,06-2025,,,BIHAR,,,
May 2025,,14.0,DARBHANGA - BYPASS LINE CONNECTING SHISHO HALT AND KAKARGHATI EXCL DARBHANGA YARD (7.64 KM),ECR,N22000523,BIHAR,983.62,06/2025,417.57,2025-05,Apr-May 2025.xlsx,Completed Projects,,,,,,,,,,,,,,,,,,,,,
,Sector,,AZIMGANJ-MURSHIDABAD (JIYAGANJ) INCL. RLY. BRIDGE OVER RIVER BHAGIRATHI,,N22000609,ER,164.33,,160.82,2025-03,March n Q1 2025.xlsx,QPISR_T3_Completed,,30.0,,,,,,,,,,,,,02-2024,,,WEST BENGAL,,,
May 2025,,15.0,AZIMGANJ-MURSHIDABAD (JIYAGANJ) INCL. RLY. BRIDGE OVER RIVER BHAGIRATHI,ER,N22000609,WEST BENGAL,164.33,02/2024,160.82,2025-05,Apr-May 2025.xlsx,Completed Projects,,,,,,,,,,,,,,,,,,,,,
,Sector,,KARAIKAL PERALAM(23KM)-NEW LINE PROJECT,,N22000625,SR,304.22,,292.65,2025-03,March n Q1 2025.xlsx,QPISR_T3_Completed,,27.0,,,,,,,,,,,,,03-2026,,,TAMIL NADU,,,
,RAILWAYS,,KARAIKAL PERALAM(23KM)-NEW LINE PROJECT,SR,N22000625,TAMIL NADU,304.22,,292.65,2025-07,June-July 2025.xlsx,June_Table3_Completed,,,,,,,,,,,,,,,03/2026,,,,,,
,Sector,,REHABILITATION AND UPGRADATION OF NH-219 FROM KM 58-600 TO KM 140-750 IN THE STATE OF ANDHRA PRADES,,N24000301,MoRTH,271.45,,240.23,2025-03,March n Q1 2025.xlsx,QPISR_T3_Completed,,98.0,,,,,,,,,,,,,10-2015,,,ANDHRA PRADESH,,,
,RAILWAYS,,REHABILITATION AND UPGRADATION OF NH-219 FROM KM 58-600 TO KM 140-750 IN THE STATE OF ANDHRA PRADES,MoRTH,N24000301,ANDHRA PRADESH,271.45,,240.23,2025-07,June-July 2025.xlsx,June_Table3_Completed,,,,,,,,,,,,,,,10/2015,,,,,,
,Sector,,REHABILITATION AND UPGRADATION OF END OF AHMEDNAGAR BYPASS TO KHARWANDI KASAR SECTION OF NH-222 FROM,,N24000332,MoRTH,225.81,,118.84,2025-03,March n Q1 2025.xlsx,QPISR_T3_Completed,,56.0,,,,,,,,,,,,,N.A.,,,MAHARASHTRA,,,
,RAILWAYS,,REHABILITATION AND UPGRADATION OF END OF AHMEDNAGAR BYPASS TO KHARWANDI KASAR SECTION OF NH-222 FROM,MoRTH,N24000332,MAHARASHTRA,225.81,,118.84,2025-07,June-July 2025.xlsx,June_Table3_Completed,,,,,,,,,,,,,,,N.A.,,,,,,
,Sector,,4-LANNING EXISTING KM 189.700 TO 237.00] HASSAN TO MARANAHALLY,,N24000552,NHAI,701.4,,923.99,2025-03,March n Q1 2025.xlsx,QPISR_T3_Completed,,80.0,,,,,,,,,,,,,03-2019,,,KARNATAKA,,,
April 2025,,22.0,4-LANNING EXISTING KM 189.700 TO 237.00] HASSAN TO MARANAHALLY,NHAI,N24000552,KARNATAKA,701.4,03/2019,923.99,2025-05,Apr-May 2025.xlsx,Completed Projects,,,,,,,,,,,,,,,,,,,,,
,Sector,,FOUR LANING OF BHAVNAGAR-TALAJA SECTION OF NH-8E FROM KM. 7.090 TO KM. 53.585 (DESIGN CH FROM KM. 6.,,N24000567,NHAI,998.18,,802.89,2025-03,March n Q1 2025.xlsx,QPISR_T3_Completed,,93.0,,,,,,,,,,,,,08-2019,,,GUJARAT,,,
May 2025,,39.0,FOUR LANING OF BHAVNAGAR-TALAJA SECTION OF NH-8E FROM KM. 7.090 TO KM. 53.585 (DESIGN CH FROM KM. 6.,NHAI,N24000567,GUJARAT,998.18,08/2019,1105.25,2025-05,Apr-May 2025.xlsx,Completed Projects,,,,,,,,,,,,,,,,,,,,,
,Sector,,FOUR LANING OF UNA TO KODINAR OF NH-8E FROM KM. 180.478 TO KM 221.610 (PACKAGE-V) IN THE STATE OF GU,,N24000570,NHAI,763.08,,520.19,2025-03,March n Q1 2025.xlsx,QPISR_T3_Completed,,63.0,,,,,,,,,,,,,08-2019,,,GUJARAT,,,
May 2025,,40.0,FOUR LANING OF UNA TO KODINAR OF NH-8E FROM KM. 180.478 TO KM 221.610 (PACKAGE-V) IN THE STATE OF GU,NHAI,N24000570,GUJARAT,763.08,08/2019,734.78,2025-05,Apr-May 2025.xlsx,Completed Projects,,,,,,,,,,,,,,,,,,,,,
,Sector,,4-LANNING OF WARANGA-MAHAGAON SECTION(KM 253.7000 TO 320.580),,N24000659,NHAI,1059.73,,928.19,2025-03,March n Q1 2025.xlsx,QPISR_T3_Completed,,44.0,,,,,,,,,,,,,03-2017,,,MAHARASHTRA,,,
,RAILWAYS,,4-LANNING OF WARANGA-MAHAGAON SECTION(KM 253.7000 TO 320.580),NHAI,N24000659,MAHARASHTRA,1059.73,,928.19,2025-07,June-July 2025.xlsx,June_Table3_Completed,,,,,,,,,,,,,,,03/2017,,,,,,
,Sector,,4-LANNING OF THALSERRY -MAHE BYPASS,,N24000704,NHAI,1124.11,,1527.28,2025-03,March n Q1 2025.xlsx,QPISR_T3_Completed,,86.0,,,,,,,,,,,,,05-2020,,,KERALA,,,
,RAILWAYS,,4-LANNING OF THALSERRY -MAHE BYPASS,NHAI,N24000704,KERALA,1124.11,,1527.28,2025-07,June-July 2025.xlsx,June_Table3_Completed,,,,,,,,,,,,,,,05/2020,,,,,,
,Sector,,BALANCE WORK FOR FOUR LANING OF ITARSI TO BETUL SECTION OF NH69 FROM KM 63.000 TO KM 137.00 (DESIGN,,N24000709,NHAI,950.27,,643.9,2025-03,March n Q1 2025.xlsx,QPISR_T3_Completed,,62.0,,,,,,,,,,,,,02-2020,,,MADHYA PRADESH,,,
May 2025,,36.0,BALANCE WORK FOR FOUR LANING OF ITARSI TO BETUL SECTION OF NH69 FROM KM 63.000 TO KM 137.00 (DESIGN,NHAI,N24000709,MADHYA PRADESH,950.27,02/2020,643.9,2025-05,Apr-May 2025.xlsx,Completed Projects,,,,,,,,,,,,,,,,,,,,,
,Sector,,CONSTRUCTION AND UPGRADATION OF EXISTING ROAD TO 2 LANE WITH PAVED SHOULDER FROM KM 368.00 TO KM 399,,N24000741,NHIDCL,274.31,,253.61,2025-03,March n Q1 2025.xlsx,QPISR_T3_Completed,,60.0,,,,,,,,,,,,,11-2020,,,UTTARAKHAND,,,
,RAILWAYS,,CONSTRUCTION AND UPGRADATION OF EXISTING ROAD TO 2 LANE WITH PAVED SHOULDER FROM KM 368.00 TO KM 399,NHIDCL,N24000741,UTTARAKHAND,274.31,,253.61,2025-07,June-July 2025.xlsx,June_Table3_Completed,,,,,,,,,,,,,,,11/2020,,,,,,
,Sector,,CONSTRUCTION OF 2-LANE WITH PAVED SHOULDER INCLUDING GEOMETRIC IMPROVEMENT FROM KM 16.000 TO KM 32.5,,N24000768,NHIDCL,290.05,,218.36,2025-03,March n Q1 2025.xlsx,QPISR_T3_Completed,,97.0,,,,,,,,,,,,,10-2020,,,SIKKIM,,,
,RAILWAYS,,CONSTRUCTION OF 2-LANE WITH PAVED SHOULDER INCLUDING GEOMETRIC IMPROVEMENT FROM KM 16.000 TO KM 32.5,NHIDCL,N24000768,SIKKIM,290.05,,218.36,2025-07,June-July 2025.xlsx,June_Table3_Completed,,,,,,,,,,,,,,,10/2020,,,,,,
,Sector,,CONSTRUCTION OF NH-24 EXTENSION 4-LANE BYPASS STARTING FROM BEHTA ROAD AND TERMINATING AT SITAPUR RO,,N24000796,NHAI,1117.84,,1960.91,2025-03,March n Q1 2025.xlsx,QPISR_T3_Completed,,70.0,,,,,,,,,,,,,12-2021,,,UTTAR PRADESH,,,
April 2025,,23.0,CONSTRUCTION OF NH-24 EXTENSION 4-LANE BYPASS STARTING FROM BEHTA ROAD AND TERMINATING AT SITAPUR RO,NHAI,N24000796,UTTAR PRADESH,1117.84,12/2021,1960.91,2025-05,Apr-May 2025.xlsx,Completed Projects,,,,,,,,,,,,,,,,,,,,,
,Sector,,WIDENING AND UP-GRADATION TO 2-LANE WITH PAVED SHOULDER CONFIGURATION AND GEOMETRIC IMPROVEMENTS FRO,,N24000859,NHIDCL,642.96,,686.42,2025-03,March n Q1 2025.xlsx,QPISR_T3_Completed,,53.0,,,,,,,,,,,,,06-2023,,,MIZORAM,,,
April 2025,,31.0,WIDENING AND UP-GRADATION TO 2-LANE WITH PAVED SHOULDER CONFIGURATION AND GEOMETRIC IMPROVEMENTS FRO,NHIDCL,N24000859,MIZORAM,642.96,06/2023,686.42,2025-05,Apr-May 2025.xlsx,Completed Projects,,,,,,,,,,,,,,,,,,,,,
,Sector,,REHABILITATION AND UPGRADATION TO 2 LANE WITH PAVED SHOULDER OF MOGA (DESIGN CH 0.000) TO MAKHU (DES,,N24000941,MoRTH,293.64,,295.46,2025-03,March n Q1 2025.xlsx,QPISR_T3_Completed,,37.0,,,,,,,,,,,,,08-2020,,,PUNJAB,,,
April 2025,,32.0,REHABILITATION AND UPGRADATION TO 2 LANE WITH PAVED SHOULDER OF MOGA (DESIGN CH 0.000) TO MAKHU (DES,MoRTH,N24000941,PUNJAB,293.64,08/2020,295.46,2025-05,Apr-May 2025.xlsx,Completed Projects,,,,,,,,,,,,,,,,,,,,,
,Sector,,CONSTRUCTION OF 2 LANING OF EXISTING HUNLI-ANINI ROAD ON EPC BASIS FROM DESIGN KM 53.500 TO KM 92.50,,N24000948,NHIDCL,568.92,,508.65,2025-03,March n Q1 2025.xlsx,QPISR_T3_Completed,,77.0,,,,,,,,,,,,,12-2019,,,ARUNACHAL PRADESH,,,
April 2025,,33.0,CONSTRUCTION OF 2 LANING OF EXISTING HUNLI- ANINI ROAD ON EPC BASIS FROM DESIGN KM 53.500 TO KM 92.50,NHIDCL,N24000948,ARUNACHAL PRADESH,568.92,12/2019,508.65,2025-05,Apr-May 2025.xlsx,Completed Projects,,,,,,,,,,,,,,,,,,,,,
,Sector,,AKOLA TO AKOT,,N24001003,MoRTH,313.95,,270.02,2025-03,March n Q1 2025.xlsx,QPISR_T3_Completed,,94.0,,,,,,,,,,,,,06-2019,,,MAHARASHTRA,,,
,RAILWAYS,,AKOLA TO AKOT,MoRTH,N24001003,MAHARASHTRA,313.95,,270.02,2025-07,June-July 2025.xlsx,June_Table3_Completed,,,,,,,,,,,,,,,06/2019,,,,,,
,Sector,,AJANTHA TO BULDHANA,,N24001008,MoRTH,401.0,,246.39,2025-03,March n Q1 2025.xlsx,QPISR_T3_Completed,,75.0,,,,,,,,,,,,,07-2019,,,ANDAMAN AND NICOBAR ISLANDS,,,
,RAILWAYS,,AJANTHA TO BULDHANA,MoRTH,N24001008,ANDAMAN AND NICOBAR ISLANDS,401.0,,246.39,2025-07,June-July 2025.xlsx,June_Table3_Completed,,,,,,,,,,,,,,,07/2019,,,,,,
,Sector,,BHANDARA TO GHOTITOK,,N24001018,MoRTH,392.83,,264.35,2025-03,March n Q1 2025.xlsx,QPISR_T3_Completed,,109.0,,,,,,,,,,,,,06-2019,,,MAHARASHTRA,,,
,RAILWAYS,,BHANDARA TO GHOTITOK,MoRTH,N24001018,MAHARASHTRA,392.83,,264.35,2025-07,June-July 2025.xlsx,June_Table3_Completed,,,,,,,,,,,,,,,06/2019,,,,,,
,Sector,,AMDI TO SAONER,,N24001021,MoRTH,396.91,,253.59,2025-03,March n Q1 2025.xlsx,QPISR_T3_Completed,,42.0,,,,,,,,,,,,,06-2019,,,MAHARASHTRA,,,
,RAILWAYS,,AMDI TO SAONER,MoRTH,N24001021,MAHARASHTRA,396.91,,253.59,2025-07,June-July 2025.xlsx,June_Table3_Completed,,,,,,,,,,,,,,,06/2019,,,,,,
,Sector,,SHAHPUR PATGAON SECTION I,,N24001027,MoRTH,150.79,,81.14,2025-03,March n Q1 2025.xlsx,QPISR_T3_Completed,,76.0,,,,,,,,,,,,,12-2019,,,MAHARASHTRA,,,
April 2025,,24.0,SHAHPUR PATGAON SECTION I,MoRTH,N24001027,MAHARASHTRA,150.79,12/2019,81.14,2025-05,Apr-May 2025.xlsx,Completed Projects,,,,,,,,,,,,,,,,,,,,,
,Sector,,JINTUR TO PARBHANI,,N24001039,MoRTH,356.66,,209.48,2025-03,March n Q1 2025.xlsx,QPISR_T3_Completed,,110.0,,,,,,,,,,,,,N.A.,,,MAHARASHTRA,,,
April 2025,,25.0,JINTUR TO PARBHANI,MoRTH,N24001039,MAHARASHTRA,356.66,N.A.,209.48,2025-05,Apr-May 2025.xlsx,Completed Projects,,,,,,,,,,,,,,,,,,,,,
,Sector,,RALEGAON TO RAMTIRTH,,N24001046,MoRTH,210.81,,132.0,2025-03,March n Q1 2025.xlsx,QPISR_T3_Completed,,112.0,,,,,,,,,,,,,07-2019,,,MAHARASHTRA,,,
,RAILWAYS,,RALEGAON TO RAMTIRTH,MoRTH,N24001046,MAHARASHTRA,210.81,,132.0,2025-07,June-July 2025.xlsx,June_Table3_Completed,,,,,,,,,,,,,,,07/2019,,,,,,
,Sector,,PUNE TO MALE VILLAGE,,N24001078,MoRTH,228.31,,113.29,2025-03,March n Q1 2025.xlsx,QPISR_T3_Completed,,33.0,,,,,,,,,,,,,12-2019,,,MAHARASHTRA,,,
,RAILWAYS,,PUNE TO MALE VILLAGE,MoRTH,N24001078,MAHARASHTRA,228.31,,113.29,2025-07,June-July 2025.xlsx,June_Table3_Completed,,,,,,,,,,,,,,,12/2019,,,,,,
,Sector,,ARDHAPUR TO HIMAYATNAGAR,,N24001079,MoRTH,426.06,,268.96,2025-03,March n Q1 2025.xlsx,QPISR_T3_Completed,,100.0,,,,,,,,,,,,,06-2020,,,MAHARASHTRA,,,
,RAILWAYS,,ARDHAPUR TO HIMAYATNAGAR,MoRTH,N24001079,MAHARASHTRA,426.06,,268.96,2025-07,June-July 2025.xlsx,June_Table3_Completed,,,,,,,,,,,,,,,06/2020,,,,,,
,Sector,,MALE VILLAGE TO PUNE RAIGARH DISTRICT BORDER,,N24001080,MoRTH,256.15,,115.53,2025-03,March n Q1 2025.xlsx,QPISR_T3_Completed,,51.0,,,,,,,,,,,,,12-2019,,,MAHARASHTRA,,,
,RAILWAYS,,MALE VILLAGE TO PUNE RAIGARH DISTRICT BORDER,MoRTH,N24001080,MAHARASHTRA,256.15,,115.53,2025-07,June-July 2025.xlsx,June_Table3_Completed,,,,,,,,,,,,,,,12/2019,,,,,,
,Sector,,HIMAYATNAGAR TO PHULSAWANGI,,N24001081,MoRTH,294.87,,183.17,2025-03,March n Q1 2025.xlsx,QPISR_T3_Completed,,54.0,,,,,,,,,,,,,12-2019,,,MAHARASHTRA,,,
April 2025,,26.0,HIMAYATNAGAR TO PHULSAWANGI,MoRTH,N24001081,MAHARASHTRA,294.87,12/2019,183.17,2025-05,Apr-May 2025.xlsx,Completed Projects,,,,,,,,,,,,,,,,,,,,,
,Sector,,KOLDE TO KHETIYA,,N24001090,MoRTH,509.18,,246.83,2025-03,March n Q1 2025.xlsx,QPISR_T3_Completed,,84.0,,,,,,,,,,,,,07-2019,,,MAHARASHTRA,,,
,RAILWAYS,,KOLDE TO KHETIYA,MoRTH,N24001090,MAHARASHTRA,509.18,,246.83,2025-07,June-July 2025.xlsx,June_Table3_Completed,,,,,,,,,,,,,,,07/2019,,,,,,
,Sector,,SATARA MURVAD PILLOV PANDHARPUR,,N24001095,MoRTH,388.44,,240.05,2025-03,March n Q1 2025.xlsx,QPISR_T3_Completed,,106.0,,,,,,,,,,,,,N.A.,,,MAHARASHTRA,,,
April 2025,,28.0,SATARA MURVAD PILLOV PANDHARPUR,MoRTH,N24001095,MAHARASHTRA,388.44,N.A.,240.05,2025-05,Apr-May 2025.xlsx,Completed Projects,,,,,,,,,,,,,,,,,,,,,
,Sector,,SELDOH TO PANVAR,,N24001097,MoRTH,404.33,,140.65,2025-03,March n Q1 2025.xlsx,QPISR_T3_Completed,,78.0,,,,,,,,,,,,,05-2020,,,MAHARASHTRA,,,
April 2025,,27.0,SELDOH TO PANVAR,MoRTH,N24001097,MAHARASHTRA,404.33,05/2020,140.65,2025-05,Apr-May 2025.xlsx,Completed Projects,,,,,,,,,,,,,,,,,,,,,
,Sector,,KURUDWADI TO PANDHARPUR,,N24001101,MoRTH,307.63,,208.22,2025-03,March n Q1 2025.xlsx,QPISR_T3_Completed,,71.0,,,,,,,,,,,,,07-2019,,,MAHARASHTRA,,,
,RAILWAYS,,KURUDWADI TO PANDHARPUR,MoRTH,N24001101,MAHARASHTRA,307.63,,208.22,2025-07,June-July 2025.xlsx,June_Table3_Completed,,,,,,,,,,,,,,,07/2019,,,,,,
,Sector,,PANDHARPUR TO SANGOLA,,N24001102,MoRTH,218.38,,176.99,2025-03,March n Q1 2025.xlsx,QPISR_T3_Completed,,105.0,,,,,,,,,,,,,07-2019,,,MAHARASHTRA,,,
,RAILWAYS,,PANDHARPUR TO SANGOLA,MoRTH,N24001102,MAHARASHTRA,218.38,,176.99,2025-07,June-July 2025.xlsx,June_Table3_Completed,,,,,,,,,,,,,,,07/2019,,,,,,
,Sector,,KOLHA TO NASRATPUR,,N24001111,MoRTH,281.78,,77.83,2025-03,March n Q1 2025.xlsx,QPISR_T3_Completed,,96.0,,,,,,,,,,,,,04-2019,,,MAHARASHTRA,,,
April 2025,,29.0,KOLHA TO NASRATPUR,MoRTH,N24001111,MAHARASHTRA,281.78,04/2019,77.83,2025-05,Apr-May 2025.xlsx,Completed Projects,,,,,,,,,,,,,,,,,,,,,
,Sector,,KUMBHARI PHTA TO DEULGAON RAJA,,N24001127,MoRTH,406.51,,340.26,2025-03,March n Q1 2025.xlsx,QPISR_T3_Completed,,46.0,,,,,,,,,,,,,06-2019,,,MAHARASHTRA,,,
April 2025,,30.0,KUMBHARI PHTA TO DEULGAON RAJA,MoRTH,N24001127,MAHARASHTRA,406.51,06/2019,340.26,2025-05,Apr-May 2025.xlsx,Completed Projects,,,,,,,,,,,,,,,,,,,,,
,Sector,,PARLI PIMPLA DAHIGUDA,,N24001138,MoRTH,205.72,,813.5,2025-03,March n Q1 2025.xlsx,QPISR_T3_Completed,,81.0,,,,,,,,,,,,,06-2019,,,MAHARASHTRA,,,
,RAILWAYS,,PARLI PIMPLA DAHIGUDA,MoRTH,N24001138,MAHARASHTRA,205.72,,813.5,2025-07,June-July 2025.xlsx,June_Table3_Completed,,,,,,,,,,,,,,,06/2019,,,,,,
,Sector,,CONSTRUCTION OF 2 LANE WITH PAVED SHOULDER FROM KM. 168 TO 183.783 (YESEMYONG TO UNGER) ON MOKOKCHUN,,N24001179,MoRTH,217.35,,214.18,2025-03,March n Q1 2025.xlsx,QPISR_T3_Completed,,85.0,,,,,,,,,,,,,11-2020,,,NAGALAND,,,
May 2025,,37.0,CONSTRUCTION OF 2 LANE WITH PAVED SHOULDER FROM KM. 168 TO 183.783 (YESEMYONG TO UNGER) ON MOKOKCHUN,MoRTH,N24001179,NAGALAND,217.35,11/2020,214.18,2025-05,Apr-May 2025.xlsx,Completed Projects,,,,,,,,,,,,,,,,,,,,,
,Sector,,WIDENING OF EXISTING SINGLE/INTERMEDIATE LANE ROAD TO 2 LANE ROAD FROM KM. 83.00 TO KM 101.00 ON NH-,,N24001180,MoRTH,237.51,,215.47,2025-03,March n Q1 2025.xlsx,QPISR_T3_Completed,,68.0,,,,,,,,,,,,,12-2022,,,NAGALAND,,,
May 2025,,38.0,WIDENING OF EXISTING SINGLE/INTERMEDIATE LANE ROAD TO 2 LANE ROAD FROM KM. 83.00 TO KM 101.00 ON NH-,MoRTH,N24001180,NAGALAND,237.51,12/2022,215.47,2025-05,Apr-May 2025.xlsx,Completed Projects,,,,,,,,,,,,,,,,,,,,,
,Sector,,CONSTUCTION/UPGRADATION OF EXISTING HIGHWAY TO 2 LANE WITH PAVED SHOULDER FROM KM 26.10 TO KM 40.00,,N24001254,NHIDCL,242.97,,246.91,2025-03,March n Q1 2025.xlsx,QPISR_T3_Completed,,73.0,,,,,,,,,,,,,06-2022,,,SIKKIM,,,
,RAILWAYS,,CONSTUCTION/UPGRADATION OF EXISTING HIGHWAY TO 2 LANE WITH PAVED SHOULDER FROM KM 26.10 TO KM 40.00,NHIDCL,N24001254,SIKKIM,242.97,,246.91,2025-07,June-July 2025.xlsx,June_Table3_Completed,,,,,,,,,,,,,,,06/2022,,,,,,
,Sector,,CONSTRUCTION OF CHHIATHLANG -SERCHHIP BYPASS (PKG-1) ON AIZAWL-TUIPANG SECTION OF NH-54,,N24001277,NHIDCL,275.02,,237.68,2025-03,March n Q1 2025.xlsx,QPISR_T3_Completed,,89.0,,,,,,,,,,,,,10-2022,,,MIZORAM,,,
April 2025,,34.0,CONSTRUCTION OF CHHIATHLANG -SERCHHIP BYPASS (PKG-1) ON AIZAWL-TUIPANG SECTION OF NH-54,NHIDCL,N24001277,MIZORAM,275.02,10/2022,237.68,2025-05,Apr-May 2025.xlsx,Completed Projects,,,,,,,,,,,,,,,,,,,,,
,Sector,,2-LANING OF CHANGTONGYA TO LONGLENG ROAD OF NH- 702 (PKG-I),,N24001286,NHIDCL,278.95,,166.29,2025-03,March n Q1 2025.xlsx,QPISR_T3_Completed,,90.0,,,,,,,,,,,,,06-2022,,,NAGALAND,,,
,RAILWAYS,,2-LANING OF CHANGTONGYA TO LONGLENG ROAD OF NH-702 (PKG-I),NHIDCL,N24001286,NAGALAND,278.95,,166.29,2025-07,June-July 2025.xlsx,June_Table3_Completed,,,,,,,,,,,,,,,06/2022,,,,,,
,Sector,,RANIKOR-MAHESHKHOLA- BAGHMARA (RMB) PKG-4 (KANAI-RONGARA),,N24001339,NHIDCL,157.86,,152.95,2025-03,March n Q1 2025.xlsx,QPISR_T3_Completed,,55.0,,,,,,,,,,,,,04-2022,,,MEGHALAYA,,,
,RAILWAYS,,RANIKOR-MAHESHKHOLA- BAGHMARA (RMB) PKG-4 (KANAI-RONGARA),NHIDCL,N24001339,MEGHALAYA,157.86,,152.95,2025-07,June-July 2025.xlsx,June_Table3_Completed,,,,,,,,,,,,,,,04/2022,,,,,,
,Sector,,RANIKOR-MAHESHKHOLA- BAGHMARA (RMB) PKG-3,,N24001360,NHIDCL,260.21,,239.35,2025-03,March n Q1 2025.xlsx,QPISR_T3_Completed,,64.0,,,,,,,,,,,,,12-2022,,,MEGHALAYA,,,
May 2025,,35.0,RANIKOR-MAHESHKHOLA- BAGHMARA (RMB) PKG-3,NHIDCL,N24001360,MEGHALAYA,260.21,12/2022,239.35,2025-05,Apr-May 2025.xlsx,Completed Projects,,,,,,,,,,,,,,,,,,,,,
,Sector,,CHANGTONGYA TO LONGLENG ROAD PKG-2,,N24001389,NHIDCL,206.53,,119.25,2025-03,March n Q1 2025.xlsx,QPISR_T3_Completed,,66.0,,,,,,,,,,,,,06-2022,,,NAGALAND,,,
May 2025,,33.0,CHANGTONGYA TO LONGLENG ROAD PKG-2,NHIDCL,N24001389,NAGALAND,206.53,06/2022,119.25,2025-05,Apr-May 2025.xlsx,Completed Projects,,,,,,,,,,,,,,,,,,,,,
,Sector,,JORAM ? KOLORIANG ROAD FROM EXISTING KM 70.00 TO KM 88.700 (PKG-4),,N24001391,NHIDCL,294.04,,147.13,2025-03,March n Q1 2025.xlsx,QPISR_T3_Completed,,65.0,,,,,,,,,,,,,04-2022,,,ARUNACHAL PRADESH,,,
May 2025,,34.0,JORAM ? KOLORIANG ROAD FROM EXISTING KM 70.00 TO KM 88.700 (PKG-4),NHIDCL,N24001391,ARUNACHAL PRADESH,294.04,04/2022,147.13,2025-05,Apr-May 2025.xlsx,Completed Projects,,,,,,,,,,,,,,,,,,,,,
,Sector,,FOUR LANING OF VILUPPURAM TO PUDHUCHERRY (DESIGN CH. KM. 00/000 TO KM. 29/000) SECTION OF NH- 45A ON,,N24001428,NHAI,998.7,,975.74,2025-03,March n Q1 2025.xlsx,QPISR_T3_Completed,,101.0,,,,,,,,,,,,,11-2021,,,TAMIL NADU,,,
May 2025,,17.0,FOUR LANING OF VILUPPURAM TO PUDHUCHERRY (DESIGN CH. KM. 00/000 TO KM. 29/000) SECTION OF NH-45A ON,NHAI,N24001428,TAMIL NADU,998.7,11/2021,975.68,2025-05,Apr-May 2025.xlsx,Completed Projects,,,,,,,,,,,,,,,,,,,,,
,Sector,,FOUR LANING OF POONDIYANKUPPAM (KM.67/000) TO SATTANATHAPOURAM (KM.123/800) SECTION OF NH-45A ON HAM,,N24001430,NHAI,2120.4,,1588.35,2025-03,March n Q1 2025.xlsx,QPISR_T3_Completed,,82.0,,,,,,,,,,,,,01-2022,,,TAMIL NADU,,,
May 2025,,18.0,FOUR LANING OF POONDIYANKUPPAM (KM.67/000) TO SATTANATHAPOURAM (KM.123/800) SECTION OF NH-45A ON HAM,NHAI,N24001430,TAMIL NADU,2120.4,01/2022,1588.17,2025-05,Apr-May 2025.xlsx,Completed Projects,,,,,,,,,,,,,,,,,,,,,
,Sector,,KEIFANG - TUVAI PKG-1,,N24001440,NHIDCL,492.94,,365.86,2025-03,March n Q1 2025.xlsx,QPISR_T3_Completed,,69.0,,,,,,,,,,,,,05-2023,,,MIZORAM,,,
,RAILWAYS,,KEIFANG - TUVAI PKG-1,NHIDCL,N24001440,MIZORAM,492.94,,365.86,2025-07,June-July 2025.xlsx,June_Table3_Completed,,,,,,,,,,,,,,,05/2023,,,,,,
,Sector,,DIBRUGARH-LAHOAL-CHABUA BYPASS PACKAGE-1,,N24001451,NHIDCL,215.27,,105.4,2025-03,March n Q1 2025.xlsx,QPISR_T3_Completed,,40.0,,,,,,,,,,,,,07-2024,,,ASSAM,,,
April 2025,,17.0,DIBRUGARH-LAHOAL-CHABUA BYPASS PACKAGE-1,NHIDCL,N24001451,ASSAM,215.27,07/2024,105.4,2025-05,Apr-May 2025.xlsx,Completed Projects,,,,,,,,,,,,,,,,,,,,,
,Sector,,CONSTRUCTION OF 2 LANE WITH HARD SHOULDER FROM DESIGN CHAINAGE KM 283.000 TO KM 325.440 (5- LEGGED J,,N24001475,NHIDCL,605.36,,273.21,2025-03,March n Q1 2025.xlsx,QPISR_T3_Completed,,88.0,,,,,,,,,,,,,12-2024,,,NAGALAND,,,
May 2025,,19.0,CONSTRUCTION OF 2 LANE WITH HARD SHOULDER FROM DESIGN CHAINAGE KM 283.000 TO KM 325.440 (5- LEGGED J,NHIDCL,N24001475,NAGALAND,605.36,12/2024,273.21,2025-05,Apr-May 2025.xlsx,Completed Projects,,,,,,,,,,,,,,,,,,,,,
,Sector,,"CONSTRUCTION OF 4-LANE NH-344P-PACKAGE-4 (FROM KM 0+000 TO KM 29+600, 29.6KM), STARTING FROM BAWANA",,N24001532,NHAI,694.0,,1466.82,2025-03,March n Q1 2025.xlsx,QPISR_T3_Completed,,47.0,,,,,,,,,,,,,11-2023,,,HARYANA,,,
May 2025,,20.0,"CONSTRUCTION OF 4-LANE NH-344P-PACKAGE-4 (FROM KM 0+000 TO KM 29+600, 29.6KM), STARTING FROM BAWANA",NHAI,N24001532,HARYANA,694.0,11/2023,1466.82,2025-05,Apr-May 2025.xlsx,Completed Projects,,,,,,,,,,,,,,,,,,,,,
,Sector,,CONSTRUCTION OF 4-LANE GREEN FIELD DELHI- AMRITSAR-KATRA EXPRESSWAY (NE-05) FROM JUSSUR KHERI ON KMP,,N24001533,NHAI,1690.23,,1462.45,2025-03,March n Q1 2025.xlsx,QPISR_T3_Completed,,34.0,,,,,,,,,,,,,12-2023,,,HARYANA,,,
May 2025,,21.0,CONSTRUCTION OF 4-LANE GREEN FIELD DELHI-AMRITSAR- KATRA EXPRESSWAY (NE-05) FROM JUSSUR KHERI ON KMP,NHAI,N24001533,HARYANA,1690.23,12/2023,1462.45,2025-05,Apr-May 2025.xlsx,Completed Projects,,,,,,,,,,,,,,,,,,,,,
,Sector,,CONSTRUCTION OF FOUR-LANE GREENFIELD DELHI- AMRITSAR-KATRA EXPRESSWAY FROM JUNCTION WITH ROHTAK-PANIP,,N24001534,NHAI,1334.04,,1048.12,2025-03,March n Q1 2025.xlsx,QPISR_T3_Completed,,61.0,,,,,,,,,,,,,01-2024,,,HARYANA,,,
May 2025,,22.0,CONSTRUCTION OF FOUR-LANE GREENFIELD DELHI- AMRITSAR-KATRA EXPRESSWAY FROM JUNCTION WITH ROHTAK-PANIP,NHAI,N24001534,HARYANA,1334.04,01/2024,1048.12,2025-05,Apr-May 2025.xlsx,Completed Projects,,,,,,,,,,,,,,,,,,,,,
,Sector,,FOUR LANING OF JIND GOHANA GREENFIELD ALIGNMENT PACKAGE 1 IN THE STATE OF HARYANA UNDER HYBRID ANNUI,,N24001536,NHAI,817.0,,986.08,2025-03,March n Q1 2025.xlsx,QPISR_T3_Completed,,91.0,,,,,,,,,,,,,07-2022,,,HARYANA,,,
May 2025,,23.0,FOUR LANING OF JIND GOHANA GREENFIELD ALIGNMENT PACKAGE 1 IN THE STATE OF HARYANA UNDER HYBRID ANNUI,NHAI,N24001536,HARYANA,817.0,07/2022,986.08,2025-05,Apr-May 2025.xlsx,Completed Projects,,,,,,,,,,,,,,,,,,,,,
,Sector,,BALANCE WORK 2-LANE WITH PAVED SHOULDERS OF NAGAPATTINAM - THANJAVUR SECTION OF NH-67 (NEW NH-83),,N24001600,NHAI,434.12,,268.92,2025-03,March n Q1 2025.xlsx,QPISR_T3_Completed,,92.0,,,,,,,,,,,,,05-2023,,,TAMIL NADU,,,
,RAILWAYS,,BALANCE WORK 2-LANE WITH PAVED SHOULDERS OF NAGAPATTINAM - THANJAVUR SECTION OF NH-67 (NEW NH-83),NHAI,N24001600,TAMIL NADU,434.12,,268.92,2025-07,June-July 2025.xlsx,June_Table3_Completed,,,,,,,,,,,,,,,05/2023,,,,,,
,Sector,,4-LANING OF ODDANCHATRAM - MADATHUKULAM SECTION OF NH-209 (NEW NH-83),,N24001603,NHAI,1518.53,,915.4,2025-03,March n Q1 2025.xlsx,QPISR_T3_Completed,,103.0,,,,,,,,,,,,,10-2022,,,TAMIL NADU,,,
,RAILWAYS,,4-LANING OF ODDANCHATRAM - MADATHUKULAM SECTION OF NH-209 (NEW NH-83),NHAI,N24001603,TAMIL NADU,1518.53,,915.4,2025-07,June-July 2025.xlsx,June_Table3_Completed,,,,,,,,,,,,,,,10/2022,,,,,,
,Sector,,2L PS OF SATNA - MAIHAR SECTION OF NH-135BG FROM KM 80.800 TO KM 120.125,,N24001616,NHAI,428.04,,351.97,2025-03,March n Q1 2025.xlsx,QPISR_T3_Completed,,50.0,,,,,,,,,,,,,10-2023,,,MADHYA PRADESH,,,
May 2025,,24.0,2L PS OF SATNA - MAIHAR SECTION OF NH-135BG FROM KM 80.800 TO KM 120.125,NHAI,N24001616,MADHYA PRADESH,428.04,10/2023,351.97,2025-05,Apr-May 2025.xlsx,Completed Projects,,,,,,,,,,,,,,,,,,,,,
,Sector,,6L OF MH/KN BORDER (NIMBAL VILLAGE) TO KN/TS BORDER (SINGNODI VILLAGE) FROM KM. 162.5 TO KM. 203.100,,N24001675,NHAI,1732.73,,754.79,2025-03,March n Q1 2025.xlsx,QPISR_T3_Completed,,41.0,,,,,,,,,,,,,05-2025,,,KARNATAKA,,,
April 2025,,18.0,6L OF MH/KN BORDER (NIMBAL VILLAGE) TO KN/TS BORDER (SINGNODI VILLAGE) FROM KM. 162.5 TO KM. 203.100,NHAI,N24001675,KARNATAKA,1732.73,05/2025,754.79,2025-05,Apr-May 2025.xlsx,Completed Projects,,,,,,,,,,,,,,,,,,,,,
,Sector,,AURAD - BIDAR KM 0.00 TO KM 45.878,,N24001683,NHAI,912.37,,255.94,2025-03,March n Q1 2025.xlsx,QPISR_T3_Completed,,79.0,,,,,,,,,,,,,04-2023,,,KARNATAKA,,,
April 2025,,19.0,AURAD - BIDAR KM 0.00 TO KM 45.878,NHAI,N24001683,KARNATAKA,912.37,04/2023,255.94,2025-05,Apr-May 2025.xlsx,Completed Projects,,,,,,,,,,,,,,,,,,,,,
,Sector,,FOUR LANING OF BANAVARA TO BETTADAHALLI SECTION FROM KM. 119+790 (DESIGN KM. 121+900) TO KM. 166+100,,N24001686,NHAI,1065.06,,736.55,2025-03,March n Q1 2025.xlsx,QPISR_T3_Completed,,58.0,,,,,,,,,,,,,03-2023,,,KARNATAKA,,,
April 2025,,20.0,FOUR LANING OF BANAVARA TO BETTADAHALLI SECTION FROM KM. 119+790 (DESIGN KM. 121+900) TO KM. 166+100,NHAI,N24001686,KARNATAKA,1065.06,03/2023,736.55,2025-05,Apr-May 2025.xlsx,Completed Projects,,,,,,,,,,,,,,,,,,,,,
,Sector,,FOUR LANING OF KARADI TO BANAVARA SECTION FROM KM. 66+540 (DESIGN KM. 65+195) TO KM. 119+790 (DESIGN,,N24001691,NHAI,1225.24,,1043.0,2025-03,March n Q1 2025.xlsx,QPISR_T3_Completed,,108.0,,,,,,,,,,,,,10-2021,,,KARNATAKA,,,
April 2025,,21.0,FOUR LANING OF KARADI TO BANAVARA SECTION FROM KM. 66+540 (DESIGN KM. 65+195) TO KM. 119+790 (DESIGN,NHAI,N24001691,KARNATAKA,1225.24,10/2021,1043.0,2025-05,Apr-May 2025.xlsx,Completed Projects,,,,,,,,,,,,,,,,,,,,,
,Sector,,BAKHTIYARPUR RAJAULI PKG-III FROM KM 101.630 TO KM 152.520 NH20,,N24001708,NHAI,2156.22,,1397.72,2025-03,March n Q1 2025.xlsx,QPISR_T3_Completed,,83.0,,,,,,,,,,,,,06-2024,,,BIHAR,,,
May 2025,,25.0,BAKHTIYARPUR RAJAULI PKG-III FROM KM 101.630 TO KM 152.520 NH20,NHAI,N24001708,BIHAR,2156.22,06/2024,1397.72,2025-05,Apr-May 2025.xlsx,Completed Projects,,,,,,,,,,,,,,,,,,,,,
,Sector,,6L OF KANHAULI RAMNAGAR PATNA RING ROAD PKG I FROM KM 0.000 TO KM 39.160 OF SH78 NEW NH131G,,N24001711,NHAI,939.43,,1030.75,2025-03,March n Q1 2025.xlsx,QPISR_T3_Completed,,113.0,,,,,,,,,,,,,03-2023,,,BIHAR,,,
May 2025,,26.0,6L OF KANHAULI RAMNAGAR PATNA RING ROAD PKG I FROM KM 0.000 TO KM 39.160 OF SH78 NEW NH131G,NHAI,N24001711,BIHAR,939.43,03/2023,1030.75,2025-05,Apr-May 2025.xlsx,Completed Projects,,,,,,,,,,,,,,,,,,,,,
,Sector,,"IMPROVEMENT AND UP-GRADATION OF EXISTING ROAD TO 4L PS FROM KM 175.080 TO 229.070, FROM END OF HARDO",,N24001728,NHAI,1138.81,,528.1,2025-03,March n Q1 2025.xlsx,QPISR_T3_Completed,,43.0,,,,,,,,,,,,,07-2025,,,UTTAR PRADESH,,,
April 2025,,10.0,"IMPROVEMENT AND UP-GRADATION OF EXISTING ROAD TO 4L PS FROM KM 175.080 TO 229.070, FROM END OF HARDO",NHAI,N24001728,UTTAR PRADESH,1138.81,07/2025,528.1,2025-05,Apr-May 2025.xlsx,Completed Projects,,,,,,,,,,,,,,,,,,,,,
,Sector,,"ADDITIONAL WORKS (2VUPS, MR-10 JUNCTION FLYOVER AND UNDERPASS) IN SIX LANE INDORE-DEWAS SECTION OF N",,N24001765,NHAI,207.77,,147.24,2025-03,March n Q1 2025.xlsx,QPISR_T3_Completed,,57.0,,,,,,,,,,,,,07-2024,,,MADHYA PRADESH,,,
May 2025,,27.0,"ADDITIONAL WORKS (2VUPS, MR-10 JUNCTION FLYOVER AND UNDERPASS) IN SIX LANE INDORE-DEWAS SECTION OF N",NHAI,N24001765,MADHYA PRADESH,207.77,07/2024,147.24,2025-05,Apr-May 2025.xlsx,Completed Projects,,,,,,,,,,,,,,,,,,,,,
,Sector,,BALANCE WORK OF 4L OF INDORE-GUJARAT/MP BORDER FROM KM 106.210 TO KM 115.250 (START AND END POINT OF,,N24001768,NHAI,323.51,,246.27,2025-03,March n Q1 2025.xlsx,QPISR_T3_Completed,,67.0,,,,,,,,,,,,,04-2023,,,MADHYA PRADESH,,,
May 2025,,28.0,BALANCE WORK OF 4L OF INDORE-GUJARAT/MP BORDER FROM KM 106.210 TO KM 115.250 (START AND END POINT OF,NHAI,N24001768,MADHYA PRADESH,323.51,04/2023,246.27,2025-05,Apr-May 2025.xlsx,Completed Projects,,,,,,,,,,,,,,,,,,,,,
,Sector,,CONSTRUCTION OF 8LANE EXPRESSWAY NE4 STARTING BEFORE KMP EXPRESSWAY AND ENDS AT CH. 47+000 NEAR KHAN,,N24001783,NHAI,2252.75,,1223.07,2025-03,March n Q1 2025.xlsx,QPISR_T3_Completed,,72.0,,,,,,,,,,,,,09-2021,,,HARYANA,,,
April 2025,,11.0,CONSTRUCTION OF 8LANE EXPRESSWAY NE4 STARTING BEFORE KMP EXPRESSWAY AND ENDS AT CH. 47+000 NEAR KHAN,NHAI,N24001783,HARYANA,2252.75,09/2021,1223.07,2025-05,Apr-May 2025.xlsx,Completed Projects,,,,,,,,,,,,,,,,,,,,,
,Sector,,CONSTRUCTION OF EIGHT LANE ACCESS CONTROLLED EXPRESSWAY FROM KM 217.500 TO KM 254.430 OF VADODARA MU,,N24001788,NHAI,2271.86,,2655.78,2025-03,March n Q1 2025.xlsx,QPISR_T3_Completed,,104.0,,,,,,,,,,,,,12-2023,,,GUJARAT,,,
May 2025,,29.0,CONSTRUCTION OF EIGHT LANE ACCESS CONTROLLED EXPRESSWAY FROM KM 217.500 TO KM 254.430 OF VADODARA MU,NHAI,N24001788,GUJARAT,2271.86,12/2023,2655.78,2025-05,Apr-May 2025.xlsx,Completed Projects,,,,,,,,,,,,,,,,,,,,,
,Sector,,SANCHORE - SANTALPUR FROM KM 4.888 - KM 35.000 OF NH-754K (AJ-RGBS-PACKAGE-1),,N24001791,NHAI,606.51,,453.89,2025-03,March n Q1 2025.xlsx,QPISR_T3_Completed,,48.0,,,,,,,,,,,,,06-2023,,,GUJARAT,,,
April 2025,,12.0,SANCHORE - SANTALPUR FROM KM 4.888 - KM 35.000 OF NH-754K (AJ-RGBS-PACKAGE-1),NHAI,N24001791,GUJARAT,606.51,06/2023,453.89,2025-05,Apr-May 2025.xlsx,Completed Projects,,,,,,,,,,,,,,,,,,,,,
,Sector,,"4L BYPASSES FOR JAGATPUR, B4ABUGANJ, UNCHAHAR, ALAPUR BYPASS, AND SAI RIVER BRIDGE OF RAEBARELI- PRA",,N24001815,NHAI,1699.0,,1033.72,2025-03,March n Q1 2025.xlsx,QPISR_T3_Completed,,87.0,,,,,,,,,,,,,11-2024,,,UTTAR PRADESH,,,
May 2025,,30.0,"4L BYPASSES FOR JAGATPUR, B4ABUGANJ, UNCHAHAR, ALAPUR BYPASS, AND SAI RIVER BRIDGE OF RAEBARELI- PRA",NHAI,N24001815,UTTAR PRADESH,1699.0,11/2024,1033.72,2025-05,Apr-May 2025.xlsx,Completed Projects,,,,,,,,,,,,,,,,,,,,,
,Sector,,UPGRADATION AND REHABILITATION TO TWO LANE WITH PAVED SHOULDER OF GHAGARIYA- MUNABAO SECTION FROM KM,,N24001869,MoRTH,235.15,,159.69,2025-03,March n Q1 2025.xlsx,QPISR_T3_Completed,,111.0,,,,,,,,,,,,,08-2025,,,RAJASTHAN,,,
May 2025,,31.0,UPGRADATION AND REHABILITATION TO TWO LANE WITH PAVED SHOULDER OF GHAGARIYA- MUNABAO SECTION FROM KM,MoRTH,N24001869,RAJASTHAN,235.15,08/2025,152.69,2025-05,Apr-May 2025.xlsx,Completed Projects,,,,,,,,,,,,,,,,,,,,,
,Sector,,REHABILITATION AND UPGRADATION OF BHOKARDAN TO KUMBHARI FATA DESIGN CH. (KM 13+500 TO 17+00) AND RAJ,,N24001887,MoRTH,291.37,,157.59,2025-03,March n Q1 2025.xlsx,QPISR_T3_Completed,,36.0,,,,,,,,,,,,,06-2024,,,MAHARASHTRA,,,
,RAILWAYS,,REHABILITATION AND UPGRADATION OF BHOKARDAN TO KUMBHARI FATA DESIGN CH. (KM 13+500 TO 17+00) AND RAJ,MoRTH,N24001887,MAHARASHTRA,291.37,,157.59,2025-07,June-July 2025.xlsx,June_Table3_Completed,,,,,,,,,,,,,,,06/2024,,,,,,
,Sector,,"UP-GRADATION OF TIRORA-GONDIA, STATE HIGHWAY FROM EXISTING KM 163+213 (ON SH-335, TIRORA) TO KM 191+",,N24001888,MoRTH,288.14,,72.78,2025-03,March n Q1 2025.xlsx,QPISR_T3_Completed,,39.0,,,,,,,,,,,,,04-2023,,,MAHARASHTRA,,,
,RAILWAYS,,"UP-GRADATION OF TIRORA-GONDIA, STATE HIGHWAY FROM EXISTING KM 163+213 (ON SH-335, TIRORA) TO KM 191+",MoRTH,N24001888,MAHARASHTRA,288.14,,72.78,2025-07,June-July 2025.xlsx,June_Table3_Completed,,,,,,,,,,,,,,,04/2023,,,,,,
,Sector,,2 LANE + PS PIMPLNER TO SATANA -[DESIGN CHAINAGE KM 21.427 TO 64.00 ] OF NH-752G],,N24001889,MoRTH,277.81,,155.01,2025-03,March n Q1 2025.xlsx,QPISR_T3_Completed,,52.0,,,,,,,,,,,,,07-2021,,,MAHARASHTRA,,,
,RAILWAYS,,2 LANE + PS PIMPLNER TO SATANA -[DESIGN CHAINAGE KM 21.427 TO 64.00 ] OF NH-752G],MoRTH,N24001889,MAHARASHTRA,277.81,,155.01,2025-07,June-July 2025.xlsx,June_Table3_Completed,,,,,,,,,,,,,,,07/2021,,,,,,
,Sector,,2 LANE + PS ASTHAMODE - TIVATYAL [DESIGN CH. KM 24.300 - 62.00] [KM 134.98-172.95 OF NH-63],,N24001894,MoRTH,228.82,,145.5,2025-03,March n Q1 2025.xlsx,QPISR_T3_Completed,,59.0,,,,,,,,,,,,,07-2021,,,MAHARASHTRA,,,
,RAILWAYS,,2 LANE + PS ASTHAMODE - TIVATYAL [DESIGN CH. KM 24.300 - 62.00] [KM 134.98-172.95 OF NH-63],MoRTH,N24001894,MAHARASHTRA,228.82,,145.5,2025-07,June-July 2025.xlsx,June_Table3_Completed,,,,,,,,,,,,,,,07/2021,,,,,,
,Sector,,REHABILATION AND UPGRADATION TO TWO LANES WITH PAVED SHOULDER CONFIGURATION FROM WATUR TO CHARTHANA,,N24001895,MoRTH,228.01,,106.11,2025-03,March n Q1 2025.xlsx,QPISR_T3_Completed,,95.0,,,,,,,,,,,,,09-2023,,,MAHARASHTRA,,,
,RAILWAYS,,REHABILATION AND UPGRADATION TO TWO LANES WITH PAVED SHOULDER CONFIGURATION FROM WATUR TO CHARTHANA,MoRTH,N24001895,MAHARASHTRA,228.01,,106.11,2025-07,June-July 2025.xlsx,June_Table3_Completed,,,,,,,,,,,,,,,09/2023,,,,,,
,Sector,,"CONSTRUCTION OF MAJOR BRIDGE ACROSS MANJRA RIVER NEAR YESGI VILLAGE @ KM, 166/500 ON NH 63 TQ BILOLI",,N24001905,MoRTH,188.69,,111.25,2025-03,March n Q1 2025.xlsx,QPISR_T3_Completed,,38.0,,,,,,,,,,,,,08-2023,,,MAHARASHTRA,,,
,RAILWAYS,,"CONSTRUCTION OF MAJOR BRIDGE ACROSS MANJRA RIVER NEAR YESGI VILLAGE @ KM, 166/500 ON NH 63 TQ BILOLI",MoRTH,N24001905,MAHARASHTRA,188.69,,111.25,2025-07,June-July 2025.xlsx,June_Table3_Completed,,,,,,,,,,,,,,,08/2023,,,,,,
,Sector,,"STRENGTHING AND WIDINING OF EXISTING CARRIAGEWAY TO 10 M IN KM, 156/160 TO 229/160 (TEMBHURNI - KUSL",,N24001909,MoRTH,157.72,,80.37,2025-03,March n Q1 2025.xlsx,QPISR_T3_Completed,,99.0,,,,,,,,,,,,,06-2024,,,MAHARASHTRA,,,
,RAILWAYS,,"STRENGTHING AND WIDINING OF EXISTING CARRIAGEWAY TO 10 M IN KM, 156/160 TO 229/160 (TEMBHURNI - KUSL",MoRTH,N24001909,MAHARASHTRA,157.72,,80.37,2025-07,June-July 2025.xlsx,June_Table3_Completed,,,,,,,,,,,,,,,06/2024,,,,,,
,Sector,,4 LANING OF BATHALAPALLI TO MUDIGUBBA SECTION (DESIGN CHAINAGE KM. 96.300 TO 129.300) INCLUDING BATH,,N24001931,MoRTH,536.0,,334.06,2025-03,March n Q1 2025.xlsx,QPISR_T3_Completed,,74.0,,,,,,,,,,,,,02-2025,,,ANDHRA PRADESH,,,
April 2025,,13.0,4 LANING OF BATHALAPALLI TO MUDIGUBBA SECTION (DESIGN CHAINAGE KM. 96.300 TO 129.300) INCLUDING BATH,MoRTH,N24001931,ANDHRA PRADESH,536.0,02/2025,334.06,2025-05,Apr-May 2025.xlsx,Completed Projects,,,,,,,,,,,,,,,,,,,,,
,Sector,,NH167B FROM KM 99.103 CS PURAM TO KM 143.320 MALAKONDA TO 2LPS,,N24001949,MoRTH,277.3,,206.25,2025-03,March n Q1 2025.xlsx,QPISR_T3_Completed,,107.0,,,,,,,,,,,,,03-2024,,,ANDHRA PRADESH,,,
April 2025,,14.0,NH167B FROM KM 99.103 CS PURAM TO KM 143.320 MALAKONDA TO 2LPS,MoRTH,N24001949,ANDHRA PRADESH,277.3,03/2024,206.25,2025-05,Apr-May 2025.xlsx,Completed Projects,,,,,,,,,,,,,,,,,,,,,
,Sector,,NH167B FROM KM.143.320 MALAKONDA TO 189.050 SINGARAYAKONDA ON NH 16 TO TWO LANE WITH PAVED SHOULDERS,,N24001950,MoRTH,369.81,,303.78,2025-03,March n Q1 2025.xlsx,QPISR_T3_Completed,,45.0,,,,,,,,,,,,,02-2025,,,ANDHRA PRADESH,,,
April 2025,,15.0,NH167B FROM KM.143.320 MALAKONDA TO 189.050 SINGARAYAKONDA ON NH 16 TO TWO LANE WITH PAVED SHOULDERS,MoRTH,N24001950,ANDHRA PRADESH,369.81,02/2025,303.78,2025-05,Apr-May 2025.xlsx,Completed Projects,,,,,,,,,,,,,,,,,,,,,
,Sector,,WIDENING OF RAEBARELI TO PRAYAGRAJ SECTION FROM KM. 82.650 TO KM. 161.450 OF NH-30 AND LINK ROAD FRO,,N24002085,NHAI,1470.93,,1088.3,2025-03,March n Q1 2025.xlsx,QPISR_T3_Completed,,49.0,,,,,,,,,,,,,03-2025,,,UTTAR PRADESH,,,
May 2025,,32.0,WIDENING OF RAEBARELI TO PRAYAGRAJ SECTION FROM KM. 82.650 TO KM. 161.450 OF NH-30 AND LINK ROAD FRO,NHAI,N24002085,UTTAR PRADESH,1470.93,03/2025,1088.3,2025-05,Apr-May 2025.xlsx,Completed Projects,,,,,,,,,,,,,,,,,,,,,
,Sector,,STRENGTHENING OF 6-LANE PIMPALGAON-NASHIK- GONDE (KM. 380 - KM. 440) SECTION OF NH-3 IN MAHARASHTRA U,,N24002137,NHAI,175.0,,201.0,2025-03,March n Q1 2025.xlsx,QPISR_T3_Completed,,102.0,,,,,,,,,,,,,03-2025,,,MAHARASHTRA,,,
,RAILWAYS,,STRENGTHENING OF 6-LANE PIMPALGAON-NASHIK- GONDE (KM. 380 - KM. 440) SECTION OF NH-3 IN MAHARASHTRA U,NHAI,N24002137,MAHARASHTRA,175.0,,201.0,2025-07,June-July 2025.xlsx,June_Table3_Completed,,,,,,,,,,,,,,,03/2025,,,,,,
,Sector,,2 LANE WITH PAVED SHOULDER CONFIGURATION FROM SEETHARAMAPURAM TO DUTTALURU SECTION OF NH-167 BG FROM,,N24002141,MoRTH,364.07,,227.21,2025-03,March n Q1 2025.xlsx,QPISR_T3_Completed,,35.0,,,,,,,,,,,,,07-2025,,,ANDHRA PRADESH,,,
April 2025,,16.0,2 LANE WITH PAVED SHOULDER CONFIGURATION FROM SEETHARAMAPURAM TO DUTTALURU SECTION OF NH-167 BG FROM,MoRTH,N24002141,ANDHRA PRADESH,364.07,07/2025,227.21,2025-05,Apr-May 2025.xlsx,Completed Projects,,,,,,,,,,,,,,,,,,,,,
,HOME AFFAIRS,,NSG AT KOLKATA,,N28000104,CPWD FOR MHA,162.88,,193.91,2025-03,March n Q1 2025.xlsx,QPISR_T3_Completed,,7.0,,,,,,,,,,,,,04-2018,,,WEST BENGAL,,,
May 2025,HOME AFFAIRS,3.0,NSG AT KOLKATA,CPWD FOR MHA,N28000104,WEST BENGAL,162.88,04/2018,193.91,2025-05,Apr-May 2025.xlsx,Completed Projects,,,,,,,,,,,,,,,,,,,,,
,"HEALTH AND FAMILY
WELFARE",,C/O NEW HOSPITAL BLOCK FOR SREE CHITRA TIRUNAL INSTITIUTE OF MEDICAL SCIENCE AND TECHNOLOGY (SCTIMST,,N28000112,CPWD FOR HEALTH,150.29,,162.52,2025-03,March n Q1 2025.xlsx,QPISR_T3_Completed,,5.0,,,,,,,,,,,,,03-2020,,,KERALA,,,
May 2025,HEALTH AND FAMILY WELFARE,2.0,C/O NEW HOSPITAL BLOCK FOR SREE CHITRA TIRUNAL INSTITIUTE OF MEDICAL SCIENCE AND TECHNOLOGY (SCTIMST,CPWD FOR HEALTH,N28000112,KERALA,150.29,03/2020,162.52,2025-05,Apr-May 2025.xlsx,Completed Projects,,,,,,,,,,,,,,,,,,,,,
,URBAN DEVELOPMENT,,PUNE METRO RAIL PROJECT (PHASE 1),,N28000121,MMRC,11420.0,,13088.19,2025-03,March n Q1 2025.xlsx,QPISR_T3_Completed,,116.0,,,,,,,,,,,,,11-2021,,,MAHARASHTRA,,,
,URBAN DEVELOPMENT,,PUNE METRO RAIL PROJECT (PHASE 1),MMRC,N28000121,MAHARASHTRA,11420.0,,13088.19,2025-07,June-July 2025.xlsx,June_Table3_Completed,,,,,,,,,,,,,,,11/2021,,,,,,
,URBAN DEVELOPMENT,,KOCHI METRO RAIL PROJECT PHASE IB SECTION FROM S N JUNCTION TO THRIPUNITHURA,,N28000159,KMRCL,355.7,,448.39,2025-03,March n Q1 2025.xlsx,QPISR_T3_Completed,,115.0,,,,,,,,,,,,,09-2023,,,KERALA,,,
,URBAN DEVELOPMENT,,KOCHI METRO RAIL PROJECT PHASE IB SECTION FROM S N JUNCTION TO THRIPUNITHURA,KMRCL,N28000159,KERALA,355.7,,448.39,2025-07,June-July 2025.xlsx,June_Table3_Completed,,,,,,,,,,,,,,,09/2023,,,,,,
,Sector,,CENTRE FOR DISABILITY SPORTS,,N38000001,CPWD,170.99,,162.63,2025-03,March n Q1 2025.xlsx,QPISR_T3_Completed,,114.0,,,,,,,,,,,,,03-2024,,,MADHYA PRADESH,,,
,SOCIAL JUSTICE,,CENTRE FOR DISABILITY SPORTS,CPWD,N38000001,MADHYA PRADESH,170.99,,162.63,2025-07,June-July 2025.xlsx,June_Table3_Completed,,,,,,,,,,,,,,,03/2024,,,,,,
,HOME AFFAIRS,,CONSTRUCTION OF 683 VARIOUS TYPE FAMILY QUARTERS AT GROUP CENTRE CRPF CHANDAULI,,N45000003,CPWD FOR MHA,199.31,,86.49,2025-03,March n Q1 2025.xlsx,QPISR_T3_Completed,,6.0,,,,,,,,,,,,,01-2022,,,UTTAR PRADESH,,,
May 2025,HOME AFFAIRS,4.0,CONSTRUCTION OF 683 VARIOUS TYPE FAMILY QUARTERS AT GROUP CENTRE CRPF CHANDAULI,CPWD FOR MHA,N45000003,UTTAR PRADESH,199.31,01/2022,86.49,2025-05,Apr-May 2025.xlsx,Completed Projects,,,,,,,,,,,,,,,,,,,,,
