actual_target,xgboost_probability,catboost_probability,lightgbm_probability,soft_voting_probability,weighted_ensemble_probability,soft_voting_prediction,weighted_ensemble_prediction
1,0.55523854,0.602312786466166,0.737099055325588,0.6315501272639179,0.6555836469560272,1,1
1,0.60269517,0.6367622228755977,0.7302723181389466,0.6565765703381814,0.6732971546445928,1,1
0,0.5642282,0.353868977590975,0.4282344277793423,0.4487772017901057,0.4541594694078661,0,0
1,0.74821275,0.9632754884882092,0.8669224334344509,0.85947022397422,0.8505801394148673,1,1
0,0.37821305,0.6248051031982773,0.0461551740099226,0.3497244424027333,0.26150252264461676,0,0
0,0.008958176,0.0332368216773402,0.0073752963730429,0.0165234313501277,0.013022465321989491,0,0
1,0.9910369,0.9669547561414694,0.9951434520202818,0.9843783693872504,0.9882737472384348,1,1
1,0.7440463,0.6417532105587339,0.8933354970180573,0.7597116691922637,0.7982322806207753,1,1
1,0.59992266,0.4124325882690564,0.8080600634389002,0.6068051039026522,0.6664933473732615,1,1
1,0.87617075,0.7673924935438805,0.9429430727072216,0.8621687720837007,0.8878012600623868,1,1
0,0.019987425,0.0205180616361353,0.0006108024301139,0.013705429688749736,0.01040524104228401,0,0
1,0.9594235,0.9012552502923756,0.989312412551573,0.9499970542813162,0.9627343063342616,1,1
1,0.97838336,0.9340708651312576,0.9979372576390688,0.9701304942567756,0.979297809845786,1,1
0,0.014821737,0.024029695121195,0.0034259249870069,0.014092452369400632,0.01096542261774245,0,0
0,0.11233599,0.0993443185433976,0.0414330158163309,0.0843711081199095,0.07428616861684498,0,0
1,0.9387764,0.9563339518397,0.977080903304322,0.9573970850480072,0.961440162020101,1,1
0,0.6634613,0.6260258585434568,0.3191253644710956,0.5362041743381841,0.4838062439442392,1,0
1,0.385841,0.2816547793414059,0.3197275605968923,0.32907444664609936,0.33194703616672727,0,0
1,0.9687261,0.9275297050387676,0.9730009944592912,0.9564189331660197,0.9626242682373991,1,1
0,0.16076677,0.0775473490016575,0.0973418142313727,0.11188531107767674,0.11241040791601785,0,0
1,0.9612253,0.9548017170434734,0.9790321257844208,0.9650197142759648,0.968843996300905,1,1
0,0.38114256,0.4904334823837997,0.1872345610750039,0.3529368678196012,0.3060467450142619,0,0
1,0.95436287,0.947805003001554,0.977657566477917,0.9599418131598236,0.9646986448392693,1,1
1,0.97678816,0.9336156556045568,0.9970952391054292,0.9691663515699953,0.978307198673626,1,1
0,0.7187039,0.5738704755625508,0.4487666021068799,0.5804469925564769,0.55476856616595,1,1
0,0.34794787,0.4427503161347013,0.1622742205341995,0.3176574688896336,0.27407153449404,0,0
0,0.70808816,0.7496967909050019,0.9289421344005409,0.7955756951018476,0.8268368733812708,1,1
0,0.43341523,0.4706557420210335,0.1348312006831747,0.34630072423473607,0.29157131774579403,0,0
0,0.18929625,0.1847617804184323,0.0294439553882301,0.13450066193555413,0.10846320877780151,0,0
0,0.6756527,0.633212146365673,0.5161024861656602,0.608322444177111,0.5873894823559647,1,1
0,0.109641664,0.1643888193441111,0.0239574284309597,0.0993293039250236,0.07774897728430208,0,0
0,0.13522398,0.1927726439019843,0.0634051381605303,0.13046725402083817,0.110824291860662,0,0
1,0.95402974,0.876497384857796,0.9912788534575796,0.9406019927717919,0.957147825700349,1,1
1,0.97654814,0.9439345368412556,0.9966838202649762,0.9723888323687438,0.9800932595007392,1,1
1,0.8295887,0.8474634122736268,0.94374338154947,0.8735984979410322,0.8902409832294603,1,1
0,0.32839084,0.3286840402667528,0.3955099780542626,0.35086161944033845,0.36200904908048187,0,0
0,0.090699635,0.167915236962055,0.0156061073496347,0.09140699310389656,0.06859599156722834,0,0
0,0.63821137,0.636660320215367,0.2406865991797711,0.505186096465046,0.4391387746329589,1,0
1,0.6445631,0.5626446033692748,0.947297062089766,0.7181682551530136,0.779546381718738,1,1
1,0.84069073,0.7604744557975099,0.9156409807620968,0.8389353888532023,0.8621226005405505,1,1
0,0.2901245,0.1742855270962313,0.1355966469649538,0.20000222468706172,0.18969277890172315,0,0
0,0.5419472,0.6503559651095799,0.3977433458888754,0.5300155036661517,0.49152702596635367,1,0
0,0.026876306,0.0191589990715876,0.0019378341884424,0.015991046420009997,0.01286360870853872,0,0
0,0.44827664,0.4058390404125764,0.6090663811230363,0.48772735384520427,0.5201839906440334,0,1
1,0.67705524,0.534047459940212,0.8875264995461729,0.6995430664954615,0.7536893137611288,1,1
0,0.45956495,0.4156147088334282,0.5664389534030047,0.4805395374121442,0.504211903468188,0,1
1,0.8399676,0.722712798452194,0.9681211969301156,0.8436005317941033,0.8805934381554966,1,1
1,0.78748494,0.8158231377710241,0.9461135420685663,0.8498072066131969,0.8724668805884881,1,1
1,0.859111,0.7452149433893752,0.956589750667414,0.8536385646855965,0.885071164011582,1,1
1,0.78528017,0.7346004918367394,0.9760073479843244,0.8319626699403546,0.87050782335951,1,1
0,0.21109042,0.195605357756516,0.0770435009044492,0.16124642622032173,0.1409699480035278,0,0
1,0.9795243,0.9303054023174596,0.994603956119058,0.9681445528121726,0.977220348523021,1,1
1,0.9784476,0.954857278526018,0.9949866110863524,0.9760971632041234,0.9819990412483799,1,1
1,0.9903487,0.9579564307606148,0.9971279649636818,0.9818110319080988,0.9872598786339639,1,1
1,0.78515995,0.7059427011818894,0.9644050483793524,0.8185025665204139,0.858939049426054,1,1
1,0.6458557,0.6813211322446758,0.8065092502853747,0.7112286941766836,0.7332755615916224,1,1
0,0.18347245,0.2525974547158369,0.051153009581993,0.16240763809927664,0.13113773073416388,0,0
1,0.99303764,0.9636208375973998,0.9981428433565268,0.984933773651309,0.9897068811977434,1,1
1,0.9765778,0.9649365617034392,0.9878028966063702,0.9764390861032699,0.979862100643873,1,1
0,0.42208213,0.2773079221170121,0.1606033228683278,0.2866644583284466,0.2623878848575663,0,0
0,0.7986423,0.7495385353354572,0.5737755851059155,0.7073188068137909,0.6763881896200492,1,1
1,0.9745675,0.9745218986124342,0.9974295417695364,0.9821729801273236,0.985989400607255,1,1
1,0.32930705,0.280737396730956,0.2561699205038516,0.28873812241160257,0.28302455459811704,0,0
0,0.012949904,0.0098488345594062,0.0004449643720376,0.007747900977147934,0.006077220297900039,0,0
1,0.892153,0.8734708893499304,0.9291884345829224,0.8982707746442843,0.9069342951614473,1,1
0,0.22849824,0.4484948235884597,0.1317634288770651,0.2695854974885083,0.2241301511562245,0,0
1,0.62303853,0.8575142878113499,0.9327408172059132,0.804431211672421,0.8247848251652266,1,1
1,0.9588228,0.9361451689358916,0.9944335286705868,0.9631338325354927,0.9720926381224717,1,1
1,0.98330474,0.9590365432207332,0.996194811306052,0.9795120315089284,0.9848961362971727,1,1
0,0.22079207,0.249237423047019,0.0674708579352722,0.17916678366076375,0.1498205345770399,0,0
0,0.6632055,0.5594017353767838,0.8528966368767635,0.6918346240845158,0.7372903155137385,1,1
1,0.9595358,0.94261786386492,0.9960416679115012,0.9660651105921404,0.9744051467287346,1,1
0,0.0166872,0.0769341581080143,0.0014581824548387,0.031693180187617666,0.021122082849022207,0,0
0,0.0037448779,0.0178793573106832,0.0005274585263234,0.007383897912335533,0.00496306409529834,0,0
0,0.6321516,0.4780293533647429,0.5866422717366788,0.5656077417004739,0.578572486541288,1,1
0,0.027795048,0.0368482215644549,0.0041739822372248,0.022939083933893236,0.017795149831503383,0,0
0,0.04879733,0.1270467790751862,0.0045676643852963,0.06013725782016083,0.042332387007685386,0,0
0,0.5470275,0.6847400191631067,0.2301005301653209,0.4872893497761426,0.41610651891528183,0,0
0,0.05965386,0.1136951791606558,0.0227732646278614,0.06537410126283906,0.05202182614606186,0,0
0,0.013878657,0.0143490161721808,0.003376239286602,0.010534637486260934,0.00872151997773716,0,0
0,0.5896278,0.7271123491738958,0.1357055008719869,0.4841485500152942,0.3901635602707726,0,0
0,0.31085616,0.5931244723408071,0.3237902142568207,0.40925694886587594,0.37377684959657176,0,0
1,0.88716245,0.8912760922308378,0.9610115042635292,0.9131500154981224,0.9249097055779322,1,1
0,0.107549876,0.1116752775720692,0.0755089712042598,0.09824470825877633,0.09235450391654373,0,0
0,0.362397,0.2914431991423655,0.4406303590151965,0.364823519385854,0.3873229193360713,0,0
1,0.93128115,0.921223398665314,0.9592308485385824,0.9372451324012988,0.9432444490023539,1,1
1,0.76430124,0.8577995494550928,0.9592891087637692,0.8604632994062874,0.8804948362729031,1,1
0,0.27571225,0.344369426032382,0.0918388630706832,0.2373068463676884,0.19750699174181802,0,0
0,0.20564559,0.2789710482729992,0.0908184629165348,0.19181170039651133,0.16289711811286722,0,0
0,0.45250246,0.4571531543366015,0.3552709202905564,0.42164217820905264,0.40481682901259847,0,0
0,0.2506483,0.4542476905147838,0.0275557017669796,0.24415056409392114,0.17982187898644655,0,0
0,0.8535258,0.8550557566388653,0.9146136747087772,0.8743984104492141,0.8843757286821616,1,1
1,0.658253,0.6058353839212754,0.7006135112586526,0.6549006317266426,0.6689497324135814,1,1
0,0.75001067,0.4767693197280078,0.6329402926044,0.6199067607774693,0.6368272112478015,1,1
0,0.6837496,0.7819835207134752,0.3184510431630838,0.5947280546255197,0.520747105724237,1,1
0,0.96291107,0.9399389013159688,0.7983990904606552,0.9004163539255413,0.8760606464935212,1,1
1,0.84529,0.7791184040760497,0.9483294764366084,0.8575792935042195,0.8835754190335141,1,1
0,0.1955908,0.4620917957065063,0.0195120191735226,0.225731538293343,0.16085160872806256,0,0
1,0.6876279,0.7115926924180702,0.7193356691894092,0.7061854205358266,0.7082747430783186,1,1
0,0.017442452,0.0788238634094995,0.0061553203445255,0.034140545251341664,0.02407516845416265,0,0
0,0.51285547,0.5912606959169747,0.2423305135864452,0.44881555983447335,0.3932740369766175,0,0
0,0.0737299,0.1124634347255239,0.025469608625545,0.0705543144503563,0.05734646125787728,0,0
1,0.98479915,0.9658333448565072,0.998395427245557,0.9830093073673547,0.9878041275940799,1,1
1,0.7788445,0.6990704191630531,0.9641876839053096,0.8140342010227876,0.8555612757852654,1,1
1,0.9653619,0.9496266408568323,0.9739026417416532,0.9629637275328286,0.9664852190421931,1,1
0,0.7992438,0.7100704359461921,0.9031190771490778,0.8041444376984233,0.8333467657637773,1,1
0,0.4329938,0.3555594041391722,0.1655767223240021,0.3180433088210581,0.2837983819898355,0,0
0,0.6979608,0.6242389020517001,0.3024862390149747,0.5415619803555584,0.4854791399178273,1,0
0,0.32775322,0.3543150250976277,0.2035223075707437,0.29519685088945713,0.2709501248048974,0,0
1,0.9730137,0.9414957507589942,0.9919217127958376,0.9688103878516107,0.9761641165497177,1,1
1,0.68671614,0.8480974184589697,0.6901209728491191,0.7416448437693629,0.7206948121163534,1,1
0,0.009264389,0.0318083423112687,0.0008405905295876,0.013971107280285432,0.009561280427047542,0,0
0,0.028929079,0.0219031703854451,0.003448116085934,0.018093455157126365,0.014783415820056019,0,0
0,0.112359986,0.0422179849565635,0.0092489313231232,0.05460896742656224,0.046776058452874296,0,0
1,0.6833408,0.8545735525564436,0.8783137038662832,0.8054093521409089,0.8150738024444303,1,1
0,0.5210989,0.4497905878103017,0.1005170894847172,0.35713552576500635,0.29654633230441896,0,0
0,0.7006257,0.7400953615261558,0.559036973476678,0.6665860116676113,0.6377252690435702,1,1
0,0.010570853,0.0419878865411152,0.0016127686681031,0.018057169403072768,0.01237521754227459,0,0
0,0.042369965,0.0422070241974189,0.0145860334497867,0.03305434088240187,0.02844541106437713,0,0
0,0.10301923,0.3177007938587377,0.0563670556870767,0.15902902651527148,0.12262945561528589,0,0
0,0.021397626,0.0826160952766222,0.0030678344622734,0.0356938519129652,0.02447642408646114,0,0
0,0.87505037,0.8789224420935045,0.3442521159844756,0.6994083093593266,0.6104256574109387,1,1
1,0.62073714,0.4830089339250257,0.7221852322792716,0.6086437687347658,0.643915544924641,1,1
1,0.9537164,0.8949499908485727,0.9842279621486169,0.9442981176657299,0.9572188992440229,1,1
1,0.9573019,0.9347823704630084,0.9944172208854216,0.9621671637828101,0.9713556545353125,1,1
1,0.7285726,0.7919477892819736,0.8724287636790082,0.7976497176536607,0.8131757196958989,1,1
0,0.7058391,0.6818930475674934,0.7118101053489563,0.6998474176388166,0.7040353921879768,1,1
0,0.579267,0.5632556540830563,0.38781341318933,0.5101120224241288,0.4803379374112763,1,0
1,0.9815046,0.9282425986447308,0.9907919962661494,0.9668463983036267,0.975495897862021,1,1
0,0.026114354,0.0368237680273489,0.000845827683154,0.021261316570167634,0.01562197364704678,0,0
1,0.97056323,0.9635099187874064,0.9909152171847584,0.9749961219907216,0.9793285613498605,1,1
1,0.92366123,0.90658777025426,0.9497065511027694,0.9266518504523432,0.9332691986022367,1,1
0,0.40998048,0.1743260594889975,0.2650635753102673,0.2831233715997549,0.29039114355293316,0,0
1,0.499214,0.4596518933719002,0.7995115562948089,0.5861258165555697,0.6414503568217844,1,1
1,0.86771494,0.6511361064716515,0.916811083786277,0.8118873767526429,0.8489472451874689,1,1
1,0.9621933,0.8635753399338674,0.9746887783757442,0.9334858061032039,0.9487174471746456,1,1
0,0.5170444,0.3830903851153111,0.2717935644230404,0.3906427831794505,0.3676281792345824,0,0
1,0.3823984,0.6354757558197052,0.4792749608587717,0.49904970555949224,0.4814521515933269,0,0
0,0.17270781,0.1138330821326134,0.0877951252578883,0.12477867246350055,0.11847652205546683,0,0
0,0.042193465,0.1209830689685657,0.0089048122871373,0.057360448751900994,0.04130705943728179,0,0
1,0.65424824,0.6790648072133659,0.8943999086940526,0.7425709853024728,0.7792873877896995,1,1
1,0.98467445,0.9535806826566892,0.9965076258720772,0.978254252842922,0.9843722844673763,1,1
0,0.03678934,0.089134446854651,0.0022552320787869,0.0427263396444793,0.029991307410323645,0,0
0,0.6053245,0.7015621983858746,0.2007782379050214,0.502554978763632,0.42229890862968567,1,0
0,0.3887418,0.2873887470589278,0.232976771384998,0.30303577281464195,0.29058867510428454,0,0
0,0.014472852,0.0508422787421867,0.0010414366869785,0.02211885580972173,0.01503102969192659,0,0
0,0.054930225,0.0758521752728982,0.0119508039399719,0.04757773473762336,0.03762490452456559,0,0
1,0.6455604,0.5077347669878671,0.8979333240804315,0.6837428303560995,0.7441817354377891,1,1
1,0.98921865,0.9819138904726412,0.996356655161711,0.9891630652114508,0.9913267006753838,1,1
0,0.03872668,0.1245344366109448,0.0056598246224131,0.05630698041111929,0.03935480363339551,0,0
0,0.061789066,0.0880692257780537,0.027609613325229,0.0591559683677609,0.04995537161822524,0,0
0,0.03598561,0.0211381969946146,0.0061699688439979,0.021097925279537497,0.01810830682092187,0,0
1,0.6585783,0.5879166937273635,0.8924797208990342,0.7129915715421326,0.7613966891949897,1,1
0,0.11871512,0.2435577306823655,0.0149245785030834,0.12573247639514962,0.09178837138801481,0,0
0,0.31336486,0.1401450061496655,0.2215836874726872,0.22503118454078422,0.23283030296627671,0,0
0,0.08791605,0.2363578163628994,0.018376679058848,0.11421684847391579,0.08283471780200388,0,0
0,0.029956097,0.0823410742223994,0.0052546445373134,0.03918393858657094,0.02808236621313658,0,0
0,0.09612926,0.3736093264517716,0.0141574533013528,0.16129867991770813,0.11063936994103071,0,0
0,0.007531428,0.0066828866638808,0.00109342585005,0.005102580171310266,0.00414271865780116,0,0
0,0.043074965,0.075533182652762,0.0035337214627178,0.0407139563718266,0.0297959867619113,0,0
0,0.057518113,0.0768649452936384,0.0117851451920058,0.04872273449521473,0.038520995554730576,0,0
0,0.47643498,0.5320306100069834,0.6292454588366383,0.545903682947874,0.5639593454197158,1,1
0,0.14296484,0.2125842916397054,0.0255107655333812,0.12701996572436222,0.09816169309463167,0,0
1,0.68758047,0.5421394368427268,0.9063685708315488,0.7120294925580919,0.7678863137843197,1,1
1,0.8017287,0.8229778244624314,0.9118633871794868,0.8455233038806395,0.8610458684822296,1,1
0,0.34547174,0.1768486697049505,0.0740791749732373,0.1987998615593959,0.17605084342760874,0,0
0,0.08368354,0.1406933868716601,0.0201026542118688,0.08149319369450964,0.06329506648026642,0,0
1,0.96290004,0.9376876770224658,0.9834361884767998,0.9613413018330884,0.9681256416428929,1,1
0,0.58321327,0.4704623261459272,0.56927580221072,0.5409837994522158,0.5536943473345455,1,1
1,0.45052308,0.5444439028261021,0.4411600956108914,0.4787090261456645,0.46462575237066617,0,0
1,0.61329705,0.6849886993320002,0.7076363183480946,0.6686406892266983,0.6748050140404473,1,1
0,0.10150215,0.1203539221956839,0.0226246509204346,0.08149357437203951,0.06583375489935409,0,0
1,0.6170645,0.4824166506021728,0.6944938017486669,0.5979916507836133,0.6288495809947681,1,1
0,0.11715881,0.2831396862893187,0.0276640016277405,0.14265416597235306,0.10560758107173399,0,0
0,0.49669993,0.5553142272187896,0.4693814591243784,0.5071318721143894,0.49476355400594707,1,0
1,0.95840615,0.940430441074328,0.986470354856511,0.9617689819769463,0.9688431106431211,1,1
1,0.9731963,0.966468450278095,0.9896331267338916,0.9764326256706622,0.9800691434225648,1,1
0,0.3073727,0.4332641339027315,0.0946196470046842,0.27841882696913856,0.2261744602828884,0,0
0,0.43020308,0.3526447199818187,0.070276327261308,0.28437470908104223,0.23472803162701775,0,0
1,0.9541375,0.9243677575496928,0.9953372357163056,0.9579474977553328,0.9687834193680913,1,1
0,0.11333673,0.1321858574561721,0.0321080060410399,0.09254353116573732,0.07649219351175437,0,0
0,0.017332325,0.071704756397681,0.0026409400095199,0.03055934046906696,0.02086111878429615,0,0
1,0.9163182,0.9101703004085347,0.9699976252520472,0.9321620418868607,0.9419283327077306,1,1
1,0.9799803,0.9487145728169966,0.9927198809559812,0.9738049179243259,0.9800969450413899,1,1
1,0.77180713,0.6029816049347922,0.8675666356327508,0.7474517901891811,0.7859217778033338,1,1
0,0.25048536,0.3289165387992822,0.05259000287789,0.21066396722572403,0.16722391719880145,0,0
0,0.5499016,0.6082828453470729,0.2934434807039826,0.4838759753503518,0.43334878942140587,0,0
1,0.8594021,0.8486312825111898,0.9653245282438188,0.8911193035850028,0.9102091506241473,1,1
0,0.5952868,0.4560654218857836,0.2781921470331797,0.44318145630632105,0.4088951978937465,0,0
1,0.98433995,0.9607706706022108,0.9973308274963816,0.980813816032864,0.986121532868633,1,1
1,0.57562786,0.4286317864340072,0.7383001873088132,0.5808532779142735,0.627564808941208,1,1
1,0.67136425,0.5947831414382146,0.5063307579944382,0.5908260498108843,0.5735312822848619,1,1
0,0.5984935,0.5985930014224277,0.3605397107381768,0.5192087373868682,0.4795365056535739,1,0
0,0.31640187,0.4951681132818529,0.2762231916538567,0.36259772497856985,0.33206577948329896,0,0
1,0.39936796,0.5121470007225065,0.8742853763467433,0.5952667790230833,0.659382476317873,1,1
1,0.3230804,0.3846389213462166,0.88986025785591,0.5325265264007089,0.6187820331971983,1,1
1,0.97861195,0.9516095720873752,0.9890604730570396,0.9730939983814716,0.9784357359459948,1,1
0,0.20569602,0.2756430710545605,0.0714399573821812,0.18425968281224725,0.1525573989020027,0,0
0,0.008293752,0.0108614120121327,0.0002367123815613,0.006463958797898,0.004778764193207189,0,0
0,0.3959375,0.3050607977250408,0.1417644454525079,0.28092091439251626,0.2506756322712621,0,0
0,0.41752532,0.4891135477786957,0.5803242651359315,0.495654377638209,0.5132424381237048,0,1
1,0.92480403,0.9542631403142722,0.973146185467524,0.9507377852605986,0.9548669297966164,1,1
1,0.95171237,0.936679620227594,0.993720823058478,0.9607042710953574,0.9697100465747578,1,1
0,0.08775167,0.1026908750522148,0.0264836142500283,0.07230871976741436,0.060105483135457105,0,0
0,0.09012544,0.1793340364316434,0.007153935466873,0.09220447063283878,0.06648140701976518,0,0
0,0.4636831,0.2767315207908611,0.3333885872928522,0.35793440269457105,0.3611455278045983,0,0
0,0.5719994,0.4461316849886552,0.2494270509736032,0.4225193786540861,0.38553968248453263,0,0
0,0.30790463,0.3634504501417938,0.079833240679578,0.2503961069404573,0.20497809936814776,0,0
0,0.06073172,0.1910194449004107,0.0059098529628377,0.08588700595441613,0.059378331461501004,0,0
0,0.47643498,0.5320306100069834,0.6292454588366383,0.545903682947874,0.5639593454197158,1,1
1,0.94110733,0.9370764558616947,0.9919686679000448,0.9567174845872465,0.9657318241223614,1,1
0,0.46108007,0.5404556940006232,0.7081188794765374,0.5698848811590536,0.6004745995383933,1,1
1,0.97630537,0.943393629206832,0.9976509712664292,0.9724499901577537,0.980395822474581,1,1
1,0.9681801,0.963995971043434,0.989987892798618,0.9740546546140173,0.9782471706079958,1,1
0,0.5796283,0.7186582325981011,0.0892404369011407,0.4625089898330807,0.3622403549701905,0,0
0,0.059632596,0.1863430513392588,0.0308417740347024,0.0922724737913204,0.07057927608520297,0,0
1,0.97267985,0.9437636426528015,0.9934474572372002,0.9699636499633338,0.9772804121491605,1,1
1,0.98882127,0.9639834025928214,0.9984985685356976,0.9837677470428398,0.9886923457864131,1,1
0,0.34809598,0.6657959637867535,0.4168820603065482,0.47692466803110056,0.4460290169106248,0,0
0,0.36561143,0.4255917331300479,0.190817995892807,0.32734038634095164,0.2902107735724131,0,0
0,0.07262423,0.1240686019710807,0.0261459675335204,0.07427959983486704,0.05967397316097634,0,0
0,0.03627061,0.0568943255074063,0.0217517751744703,0.0383055702272922,0.03313593568871641,0,0
0,0.03227727,0.0589325926073681,0.0059611068030976,0.0323903231368219,0.02445025292302242,0,0
1,0.99126184,0.9780871067247509,0.9962468019944892,0.9885319162397467,0.9911193743421948,1,1
0,0.06254547,0.0956554767434379,0.0047470754816615,0.05431600740836647,0.04026827408951833,0,0
0,0.4566646,0.5484704683477951,0.1644668506811194,0.38986730634297145,0.32892689901011873,0,0
0,0.010148263,0.0503940801825858,0.0023564286432789,0.020966257275288235,0.014301509258156611,0,0
1,0.8787009,0.8220523849215469,0.9685417853290867,0.8897650234168779,0.9122916396488527,1,1
0,0.05432097,0.1100562400541038,0.0103868028893504,0.0582546709811514,0.04350094045549596,0,0
1,0.8597308,0.9490080590447992,0.9966409249155798,0.9351265946534597,0.9460413142667496,1,1
1,0.8213318,0.7377276350672347,0.938474458700551,0.8325112979225953,0.8631822963637223,1,1
1,0.742134,0.7399028981454038,0.924697495484298,0.8022447978765673,0.8329695273712298,1,1
0,0.034385335,0.0492475389651511,0.0110010439748957,0.03154463931334893,0.02566563028047807,0,0
0,0.031002376,0.1739876319167687,0.0270009585125434,0.07733032214310402,0.05759871843962544,0,0
0,0.024225745,0.0564891990325994,0.0077462737302755,0.02948707258762497,0.022438700171657628,0,0
0,0.100593425,0.1347797415638909,0.0272450855141957,0.0875394173593622,0.07075651856987603,0,0
0,0.03577673,0.071233880992618,0.0094513240729866,0.038820645021868196,0.0297054572350169,0,0
0,0.074266456,0.1149187056988722,0.1307440399888423,0.10664306722923816,0.11063569793419559,0,0
0,0.11874034,0.124142013052248,0.0658381772363491,0.10290684342953237,0.09336959322862415,0,0
1,0.4890414,0.4595745723909354,0.6229560730304043,0.52385734847378,0.5501053709933893,1,1
0,0.014107431,0.0744756158160085,0.0043742010384772,0.03098574928482857,0.021314452982440304,0,0
1,0.4944033,0.2940988226458219,0.6742132446343296,0.4875717890933838,0.5442473768463292,0,1
0,0.44364554,0.4159061141078291,0.1669983138169634,0.3421833226415975,0.2997740417300475,0,0
0,0.030924166,0.0520176585587634,0.0124965757054272,0.03181280008806353,0.02592906936446628,0,0
0,0.018285464,0.0474071204213406,0.003277196610254,0.02298992701053153,0.016605661589395124,0,0
0,0.72556204,0.8446417817648438,0.6842785902816615,0.7514941373488352,0.7287362634937995,1,1
0,0.062792994,0.1000333979989225,0.0426609883410447,0.06849579344665574,0.06017507197030685,0,0
0,0.02989467,0.0717630532374809,0.0057180094556795,0.03579191089772014,0.026180016375335933,0,0
1,0.51677114,0.6803151748425891,0.828780006603193,0.6752887738152605,0.7054843802701143,1,1
0,0.12038307,0.1613654018274284,0.0517651008115956,0.11117119087967466,0.09427055177128348,0,0
1,0.88229084,0.8695972936951536,0.9763064436791176,0.9093981924580904,0.9267599325785895,1,1
0,0.018780274,0.0425842946583553,0.0032217395239569,0.02152876939410407,0.01576181089364951,0,0
0,0.0064328187,0.0194727960168907,0.0008811724419868,0.008928929052959167,0.00626499103437154,0,0
0,0.13698801,0.1845791214347669,0.0139858171085705,0.11185098284777913,0.08500513584123863,0,0
0,0.7484915,0.4259430938071624,0.1938293003416458,0.4560879647162694,0.40665071893225535,0,0
0,0.8191466,0.855590011791652,0.9213815465749372,0.8653727194555296,0.8775527556457989,1,1
0,0.01331514,0.1498995232767848,0.0206735707675525,0.0612960780147791,0.04431123203913321,0,0
0,0.23691589,0.4432495207840191,0.1501772978933919,0.2767809028924703,0.23481332010349978,0,0
0,0.03200727,0.0530797551296199,0.0103782765130048,0.03182176721420823,0.025407270282426377,0,0
0,0.078399345,0.1616307063281728,0.0224847711230953,0.08750494081708937,0.06708833032718221,0,0
1,0.72089934,0.6996130872547769,0.8622034742835948,0.7609053005127905,0.7872941565927527,1,1
0,0.6241731,0.4190033531913818,0.3187242881189009,0.4539669137700943,0.4304147446977269,0,0
0,0.3861645,0.397076290663623,0.221197658427372,0.334812816363665,0.30586343734641064,0,0
0,0.17943892,0.1048412830868987,0.0326117576533249,0.10563065358007455,0.0911058114440422,0,0
0,0.16098635,0.2439890161757546,0.051632164468694,0.1522025102148162,0.12290979046949793,0,0
1,0.97434753,0.9143379815098002,0.9721961946233612,0.9536272353777204,0.9612699526136406,1,1
0,0.2856769,0.4466026846914002,0.0542288659717769,0.26216948355439235,0.2021380399241685,0,0
0,0.09722348,0.0639520278118834,0.0104556710206011,0.0572103929441615,0.04718528507267723,0,0
0,0.56218624,0.4760022811436611,0.0544042197288447,0.36419758029083527,0.29105843809315457,0,0
0,0.016167194,0.082681148693038,0.0042946573484484,0.0343810000138288,0.023533716612831802,0,0
0,0.018194364,0.0535549632984024,0.0040135297594383,0.0252542856859469,0.01817606673939963,0,0
0,0.47459128,0.5227442590973078,0.1420618786102988,0.37979913923586883,0.31795717512461097,0,0
0,0.8617281,0.8471855837017563,0.7104015398992678,0.806438407867008,0.7831563166899851,1,1
0,0.69582283,0.5714214236877706,0.6273239376740596,0.6315227304539434,0.6366931025745839,1,1
0,0.00948109,0.030456715191941,0.0048015026338885,0.014913102608609832,0.01133642135533245,0,0
0,0.2635343,0.2649693676058794,0.0437866801589404,0.19076344925493993,0.15394750360064607,0,0
0,0.10063368,0.131084943875016,0.0100854921114591,0.08060137199549171,0.06144983883073275,0,0
0,0.2831086,0.2923022645951865,0.1067056613936588,0.2273721753296151,0.19674586361586668,0,0
1,0.9888292,0.940772821644808,0.995279582023723,0.974960534556177,0.9824431153408231,1,1
0,0.07331694,0.0903675476352477,0.0049999237917171,0.05622813714232159,0.04256855342290809,0,0
1,0.97844577,0.9469123290750584,0.995712916181536,0.9736903384188649,0.9807726549057796,1,1
0,0.96052897,0.7567869234371366,0.9584932295932456,0.8919363743434608,0.9187626904840501,1,1
0,0.07492049,0.1137628782877231,0.0124974466295777,0.06706027163910026,0.051477445972333474,0,0
0,0.017261494,0.0128930192715369,0.0020441620531504,0.010732891774895767,0.00877913308088258,0,0
0,0.060450677,0.1590786547357006,0.0083245237254831,0.0759512851537279,0.05411319590988168,0,0
0,0.12182027,0.1452782584492215,0.0086906157949765,0.091929714748066,0.06994704058733253,0,0
0,0.013290523,0.0146971549787706,0.0027295758556606,0.010239084611477068,0.00829137582358442,0,0
0,0.5658541,0.5293513766535808,0.2291217527706411,0.441442409808074,0.39018738171603673,0,0
1,0.8565851,0.7138337566002494,0.9404817900611824,0.8369668822204773,0.869983176350641,1,1
1,0.98638713,0.9602322051571432,0.9983396597343562,0.9816529982971666,0.9871324098986067,1,1
1,0.47654876,0.6851248759411914,0.6307353379941242,0.5974696579784385,0.5953572721853004,1,1
1,0.6370792,0.8586422200868166,0.5566366493950292,0.6841193564939486,0.6411705287148779,1,1
0,0.017472362,0.0514316128373629,0.0095475888261214,0.026150521221161436,0.020301825580533284,0,0
0,0.356138,0.5227617920894629,0.0772611796937361,0.31872032392773303,0.25002434826476067,0,0
0,0.017849809,0.0512502148175487,0.0027061937072989,0.023935405841615867,0.01695808251715919,0,0
0,0.0040540914,0.0096775942424682,0.0001200490357139,0.004617244892727366,0.00321177078635059,0,0
0,0.23941037,0.2369750374591186,0.1624079294681425,0.21293111230908704,0.20042208322589497,0,0
0,0.010275238,0.0613043365436865,0.0020442257505995,0.024541266764762,0.016365551584037054,0,0
0,0.112707615,0.1335113652453434,0.0107969729771701,0.0856719844075045,0.06591304403765373,0,0
0,0.020198734,0.0700133496812539,0.0030545973062704,0.0310888936625081,0.02158958878938598,0,0
1,0.9250404,0.9214161180849152,0.9822756494267806,0.9429107225038985,0.9529331683303733,1,1
1,0.9366961,0.923258511553347,0.9859180564326664,0.9486242226620045,0.9586195605270026,1,1
1,0.9548242,0.9356893717889389,0.982487151453658,0.9576669077475323,0.9648287100846167,1,1
0,0.19596829,0.0924011460494364,0.0387837018190847,0.1090510459561737,0.09666256711942962,0,0
0,0.18913954,0.2188401264133898,0.0535417247959339,0.15384046373644122,0.1272807496806449,0,0
0,0.10259214,0.2118661979012567,0.0787081179867142,0.1310554852959903,0.11250494057360844,0,0
0,0.37757847,0.532049728086859,0.0832554842347534,0.33096122744053746,0.2613112287347485,0,0
1,0.60925543,0.5515368099196977,0.7175580425907857,0.6261167608368278,0.6518630122793324,1,1
0,0.7578154,0.7118275304324766,0.8528587890179654,0.7741672398168141,0.796139520595478,1,1
0,0.048305605,0.0761797648843883,0.0179334763882878,0.0474729487575587,0.03869437267102156,0,0
1,0.6697318,0.6886419404008771,0.7810348196247638,0.7131361866752136,0.7291653378925573,1,1
0,0.3368025,0.5130117008623257,0.0905413307609589,0.3134518438744282,0.2489137555529446,0,0
0,0.023080414,0.0150777562443237,0.0027526716074791,0.013636947283934267,0.01131601125260429,0,0
0,0.2787472,0.3606765012717691,0.0813067241212237,0.24024347513099756,0.19641282231496565,0,0
0,0.016723268,0.0365080715270306,0.0026974243608699,0.018642921295966834,0.013667306885841071,0,0
0,0.19724448,0.2015617652509935,0.1273928655376924,0.1753997035962286,0.1631821298190449,0,0
0,0.060213737,0.0932218799644542,0.0393223951744375,0.06425267071296391,0.05636969468010959,0,0
0,0.31709146,0.3536466433497801,0.1109691009272135,0.2605690680923312,0.22134131713356278,0,0
0,0.014060051,0.0490906354415457,0.0031903791727976,0.022113688538114434,0.01563133197470794,0,0
0,0.23398864,0.2672642022469112,0.1312271842939861,0.21082667551363246,0.1892630245963753,0,0
1,0.74686605,0.7450449377436589,0.8826868626475459,0.7915326167970682,0.8144122338725047,1,1
0,0.10528503,0.1868763557869249,0.0284194375316618,0.1068602744395289,0.08317049892321587,0,0
0,0.39630815,0.5793817871517513,0.0446352702096822,0.3401084024538112,0.25708643753519134,0,0
1,0.9438991,0.9217271190311824,0.9901165915134272,0.9519142701815365,0.9625734495629501,1,1
0,0.46108007,0.5404556940006232,0.7081188794765374,0.5698848811590536,0.6004745995383933,1,1
1,0.92738694,0.8994827961331098,0.9942522484966368,0.9403739948765822,0.9552387654749404,1,1
1,0.6169255,0.7963944416228043,0.9324669667096316,0.7819289694441452,0.8105900216793767,1,1
0,0.20428269,0.1991561603042074,0.0384661621615592,0.1473016708219222,0.1203491201416211,0,0
0,0.46108007,0.5404556940006232,0.7081188794765374,0.5698848811590536,0.6004745995383933,1,1
0,0.46108007,0.5404556940006232,0.7081188794765374,0.5698848811590536,0.6004745995383933,1,1
0,0.06754522,0.1084595172347513,0.0203687802441007,0.06545783915961734,0.052139859569000614,0,0
0,0.010365876,0.0354429604573144,0.0014046690243734,0.0157378351605626,0.010900689403649579,0,0
0,0.11352068,0.2323673725858595,0.0168152130993371,0.12090108856173219,0.08893728506684045,0,0
0,0.14961705,0.1697854688412849,0.0304639799510797,0.11662216626412153,0.09407419874379683,0,0
1,0.98369527,0.9542670334776806,0.997891575128103,0.9786179595352612,0.9849077752595876,1,1
1,0.54590094,0.837441652661074,0.9073396200879532,0.763560737583009,0.7849284225761914,1,1
1,0.951321,0.9445373009898446,0.9883324016646002,0.961396900884815,0.968469961030269,1,1
0,0.16455956,0.2142017309212421,0.0657106948784751,0.14815732859990574,0.12506356162348597,0,0
1,0.8594325,0.7625008578961301,0.8708041481534217,0.8309125020165172,0.8457319956559368,1,1
0,0.20561096,0.2698796345655624,0.0774275550738077,0.18430604987979005,0.15437299245001634,0,0
0,0.20343576,0.1211237886151304,0.0082696710504562,0.11094307322186218,0.08939032124825418,0,0
0,0.3077191,0.7036127484102436,0.0476752839936097,0.3530023774679511,0.25687592167885354,0,0
0,0.4486074,0.3437823006478197,0.2825493317916209,0.35831301081314687,0.3446133460253744,0,0
0,0.1373886,0.2168155842877178,0.1381898953248411,0.16413135987085298,0.1536746445199641,0,0
0,0.18446322,0.2642741930409951,0.0495659599682447,0.16610112433641328,0.13297678459232137,0,0
0,0.26086974,0.2212517509956893,0.0506395749368055,0.1775870219774983,0.14783105966754062,0,0
0,0.1970211,0.2057208167674455,0.0380189072060243,0.14692027465782329,0.11925994695650124,0,0
1,0.29635623,0.2905318601486857,0.3637271320394237,0.3168717407293698,0.328876807049449,0,0
1,0.9804601,0.9513476768309994,0.9954628027374786,0.9757568598561592,0.9821389667349392,1,1
1,0.63929176,0.6449570252848482,0.8600644766322949,0.7147710873057144,0.7508111713731171,1,1
1,0.5977733,0.6546186694859377,0.5398008984590129,0.5973976226483169,0.580156173126694,1,1
1,0.884174,0.8635588490418262,0.8708568928882997,0.872863247310042,0.8733924162525151,1,1
0,0.22474806,0.1970585860120675,0.0485187355648423,0.15677512719230327,0.13109550298483466,0,0
1,0.9819373,0.954624907070532,0.994794964282892,0.977119057117808,0.9829036535555524,1,1
0,0.3241166,0.4310064711453755,0.1511539789153783,0.30209235002025125,0.25901326368676425,0,0
0,0.14763643,0.2387093873064065,0.1012147179412616,0.16252017841588937,0.1426401654319121,0,0
0,0.35272616,0.5509076099760702,0.4662137377797042,0.45661583591859145,0.4491062388850662,0,0
1,0.7849935,0.8794001884753965,0.6689019656042146,0.777765218026537,0.7458290704971866,1,1
0,0.019745419,0.0171659428975372,0.0024162133550766,0.013109191750871267,0.01056492095704574,0,0
0,0.19631413,0.1938032100997242,0.0499697843206438,0.14669570814012267,0.12263977318026675,0,0
0,0.55479205,0.4661961902363375,0.2699835561932255,0.4303239321431877,0.3946686311438803,0,0
1,0.9756453,0.9394483553280556,0.9983834073256496,0.9711590208845684,0.979774964728436,1,1
1,0.56114835,0.4642584289453439,0.6266787946910063,0.5506951912121166,0.574535588134572,1,1
1,0.18223332,0.1022130379081641,0.181382317006728,0.1552762249716307,0.1658037620849968,0,0
0,0.6702647,0.4932515547403581,0.7420362637685484,0.6351841728363022,0.6707478528323458,1,1
1,0.6801478,0.6640815123940385,0.7932747368399118,0.7125013497446501,0.7334980108987635,1,1
0,0.63529223,0.7136955365452748,0.1944786563605225,0.5144888076352658,0.4305661044893162,1,0
0,0.19486521,0.2931324100361966,0.0587967077304821,0.18226477592222623,0.14648439887248038,0,0
0,0.14524311,0.1823180441375934,0.0244651878456874,0.11734211399442694,0.09226913575036239,0,0
0,0.19394965,0.648728714938653,0.1092605741806944,0.3173129797064491,0.24256092507807783,0,0
0,0.6115722,0.5217366158075709,0.4816642544136186,0.5383243567403965,0.5286511103683236,1,1
0,0.90336186,0.9171631483311854,0.7975564155327958,0.8726938079546604,0.8532193954326349,1,1
0,0.22111729,0.3687528543709691,0.0824997820293643,0.2241233088001111,0.18133564888887596,0,0
0,0.2425356,0.3076780766903109,0.0480554628046648,0.1994230464983252,0.15832402674039459,0,0
0,0.16775742,0.1092964099135173,0.0613281027642375,0.1127939775592516,0.10285055936482221,0,0
0,0.07618005,0.2321188912275436,0.0673611015826301,0.12522001427005788,0.10295834403682377,0,0
0,0.17030941,0.1973180722959138,0.1717462106753076,0.17979123099040714,0.17642954279683656,0,0
1,0.504242,0.2567094839661581,0.715586923444152,0.49217946913677,0.5604079585153076,0,1
0,0.12074348,0.1378215168146947,0.0642668850955625,0.10761062730341907,0.09592078991072019,0,0
0,0.17760909,0.2629186423197165,0.0629605324618993,0.16782942159387193,0.13734672169489295,0,0
0,0.16182885,0.2399779846222863,0.0481013817773398,0.14996940546654203,0.12059494281312716,0,0
0,0.39016837,0.4700479772632617,0.2932761055859693,0.384497484283077,0.35769815924563697,0,0
0,0.14489834,0.209546162410796,0.110380285628234,0.15494159601300997,0.14056887729627618,0,0
0,0.21870065,0.291549542208276,0.0495024033409535,0.18658419851640984,0.14867130511213195,0,0
0,0.14495185,0.1254347898150241,0.0808542538928187,0.11708029790261426,0.10899963990941416,0,0
0,0.0718537,0.1841516019717455,0.0130549616834938,0.08968675455174642,0.064913911236096,0,0
0,0.18829903,0.1192450186215025,0.0667698493707627,0.12477129933075508,0.11372363740968186,0,0
0,0.18115357,0.2699119879078321,0.062331807043015,0.1711324549836157,0.13949437210307392,0,0
0,0.1851331,0.1797589179456031,0.1228146937198865,0.16256890388849654,0.15289906044906387,0,0
1,0.39950338,0.1852491671146333,0.4706097834260294,0.35178744351355423,0.39220573913594137,0,0
0,0.16755714,0.2610552697372734,0.0392488663748868,0.1559537587040534,0.12210262913489807,0,0
0,0.24822098,0.1931440868302157,0.2304634004720935,0.22394282243410304,0.2283268116020899,0,0
0,0.16759674,0.1430478591620543,0.0594939023010332,0.12337950048769585,0.10863554498292746,0,0
0,0.09173989,0.1063376983983539,0.0437398653088926,0.0806058179024155,0.07065943933411709,0,0
0,0.17355837,0.1299276174445073,0.0750129631934786,0.12616631687932864,0.11555951608564075,0,0
0,0.007291711,0.0091927395464549,0.0005983113105845,0.005694253952346466,0.00432521686458323,0,0
0,0.17562103,0.1991131819566207,0.2041013217907787,0.1929451779157998,0.19455960628671348,0,0
0,0.2092772,0.2223738144054211,0.1755799950425554,0.20241033648265883,0.1950479204023619,0,0
0,0.14958881,0.1302583511339885,0.0837091288719454,0.12118543000197797,0.1127828776627704,0,0
0,0.1894954,0.189395468479467,0.1751307169800538,0.18467386181984027,0.1822930721859203,0,0
0,0.38100362,0.1934069350439501,0.351240630748011,0.30855039526398703,0.32860278838279555,0,0
0,0.009715988,0.0089201313811017,0.0010795793250084,0.006571899568703366,0.00523861233872454,0,0
0,0.107951425,0.0924974722349069,0.1193805412804663,0.10660981283845772,0.11057519258721453,0,0
0,0.12540972,0.0872871050810481,0.1242354463295759,0.11231075713687466,0.11719806018099757,0,0
0,0.1844285,0.1581480170358511,0.1047164668743567,0.1490976613034026,0.13931638684434858,0,0
0,0.15228693,0.1004310008413226,0.0207005699535774,0.09113950026496666,0.07612256414505322,0,0
0,0.022126202,0.0292983359207179,0.0081285951331787,0.019851044351298867,0.01656182535073293,0,0
0,0.13203587,0.1291071415430839,0.0640408728354443,0.10839462812617606,0.09745262572633892,0,0
1,0.22007085,0.1904737041319971,0.2604314921676147,0.22365868209987058,0.23433174191020678,0,0
1,0.17862749,0.1392176115584064,0.0854219417273712,0.13442234776192588,0.12414274017536689,0,0
0,0.020389006,0.0448451255306191,0.0058590016250382,0.02369771105188577,0.018015227718642918,0,0
0,0.064833425,0.1124782802827655,0.0321491910874204,0.06982029879006198,0.0580202791002633,0,0
0,0.003680519,0.0082972455216298,0.0003102838300674,0.0040960161172324,0.0029187467193596602,0,0
0,0.24506178,0.2371513283436127,0.1062156870291434,0.19614293179091868,0.17405664318329425,0,0
0,0.16801096,0.2786212322047327,0.0832805148466296,0.17663756901712077,0.14776779186426137,0,0
1,0.24522856,0.1082653230199438,0.3503091219127063,0.23460100164421668,0.2703761935603419,0,0
0,0.072385125,0.0940883686977154,0.0141088207658586,0.060194104821191335,0.047587621622472376,0,0
0,0.18327671,0.1134820613119089,0.0880083971737108,0.1282557228285399,0.12168362384923717,0,0
0,0.011843858,0.027617916435359,0.0031636578756912,0.014208477437016734,0.0106585696249174,0,0
0,0.08916714,0.1077454252092698,0.026438453606805,0.07445033960535827,0.06151845384525646,0,0
0,0.12387166,0.1187411465138583,0.0785981022441945,0.10707030291935093,0.1002087784248689,0,0
0,0.14205202,0.1153426807230627,0.078016048314867,0.11180358301264322,0.10469216630204604,0,0
0,0.09792724,0.1064032144335228,0.0695263011514484,0.0912855851949904,0.08542196546242875,0,0
0,0.1402524,0.1462753331540052,0.0261966457134648,0.10424145962249,0.08442910948753345,0,0
0,0.13261522,0.1097247254848854,0.0430767122779697,0.09513888592095171,0.08326786723596193,0,0
0,0.11433833,0.1063359701530499,0.0442877316323846,0.08832067726181149,0.07771255884680228,0,0
0,0.124427654,0.1194735770618958,0.0940021940990649,0.11263447505365358,0.10822410866191162,0,0
0,0.09697268,0.1112416619895193,0.0292319339585514,0.0791487586493569,0.06595610337717955,0,0
0,0.042207487,0.0715967358485101,0.0114930386663188,0.0417657538382763,0.032728112602861424,0,0
0,0.104427144,0.0899658439435954,0.0306972163907774,0.0750300681114576,0.06466992018410778,0,0
0,0.13144857,0.1747605790227307,0.1443260343061336,0.15017839444295475,0.14654970395761294,0,0
0,0.15228862,0.1654722277314452,0.1296040991419456,0.14912164895779692,0.14358308111726184,0,0
1,0.16647969,0.1168384006658253,0.2485186617840277,0.17727891748328437,0.19757091802517893,0,0
0,0.3986298,0.3106622227893794,0.565556536655727,0.4249495198150354,0.46449965288573936,0,0
0,0.30201015,0.174982828258578,0.3136690796779046,0.2635540193121609,0.2824341504906679,0,0
0,0.09383775,0.180340382267816,0.0292971200277939,0.10115841743186997,0.07886796146746014,0,0
0,0.0258605,0.0904829886654734,0.0026763479592722,0.039673278874915195,0.02719292171273078,0,0
0,0.37296352,0.3328315574567974,0.4408552035029051,0.38221676031990076,0.398882969242812,0,0
0,0.11092028,0.1978138714298516,0.0537228555572745,0.12081900232904204,0.09970028606460757,0,0
0,0.07051333,0.0518651456762062,0.0083127389889391,0.0435637382217151,0.03568339762971079,0,0
0,0.10664511,0.1684319142302635,0.0304150142726276,0.1018306795009637,0.08088742298236651,0,0
0,0.13717346,0.1046405672270894,0.113823297575453,0.1185457749341808,0.11899180023314437,0,0
0,0.2803544,0.2273053229338424,0.1514028461187897,0.21968752301754405,0.20526880764616334,0,0
0,0.25968236,0.1363587635429402,0.2177967469420936,0.20461262349501128,0.21407483417963485,0,0
0,0.3554909,0.4349046923187808,0.1715592428438249,0.3206516117208686,0.2794078298856686,0,0
0,0.09774603,0.1128089416344285,0.044088053135664,0.08488100825669749,0.0739296238947177,0,0
0,0.06581951,0.1448076908869087,0.0129511711234138,0.07452612400344083,0.05518297673908864,0,0
0,0.07241897,0.1039014351383197,0.0365385496550157,0.0709529849311118,0.06077525285517179,0,0
0,0.021867534,0.037657180288119,0.0028090232341773,0.020777912507432102,0.015496207874712451,0,0
0,0.044039845,0.0829918585213238,0.0139221110943664,0.046984604871896735,0.036771380751447966,0,0
0,0.036492176,0.0659299128010335,0.0086949429310162,0.0370390105773499,0.028481106825714798,0,0
0,0.124798656,0.1339767799489031,0.0054361614014985,0.08807053245013387,0.06695303349052986,0,0
0,0.033785123,0.0616907124949234,0.0042116080924995,0.0332291478624743,0.024579483445234432,0,0
0,0.059643436,0.176408806166499,0.0072752240200842,0.08110915539552774,0.0568124040433419,0,0
0,0.06774581,0.0542872051021329,0.0159627565905401,0.04599859056422434,0.039162562315696633,0,0
1,0.2508864,0.1628539637577976,0.2865569621640947,0.2334324419739641,0.25111519383360686,0,0
0,0.1325179,0.1138977865420234,0.0472295744279193,0.09788175365664757,0.08614971452236433,0,0
0,0.18189834,0.1695012763092205,0.0809630499310786,0.14412088874676635,0.1289512822273834,0,0
0,0.19730508,0.1664402638297229,0.1284658468264942,0.1640703968854057,0.1567125001791917,0,0
0,0.05670141,0.1604284124599349,0.0057023877525918,0.07427740340417556,0.05194729936828288,0,0
0,0.11813362,0.1018948320130322,0.0386028710068224,0.08621044100661819,0.07512048790601764,0,0
0,0.32599986,0.3640910524093007,0.18303860441829,0.29104317227586357,0.2621374706910051,0,0
0,0.08811727,0.2015038831839022,0.0309646292043963,0.10686192746276617,0.0822182722389786,0,0
1,0.30414078,0.2893450525517067,0.6906943493194777,0.42806006062372814,0.4944584191700802,0,0
0,0.2181017,0.3068667662730935,0.0941133786815057,0.20636061498486644,0.17386055259537156,0,0
0,0.15041201,0.1815398705511966,0.0527039735609011,0.12821861803736592,0.10778356389068987,0,0
0,0.07825621,0.1069390304937337,0.0684868751304952,0.0845607052080763,0.07910810666399434,0,0
0,0.19717322,0.3154281278700395,0.0772754666404914,0.19662560483684363,0.1608753248942536,0,0
0,0.34298202,0.2246393630849193,0.0565033021312113,0.20804156173871022,0.1760741296825895,0,0
0,0.2102873,0.2413609975704349,0.106000564767051,0.1858829541124953,0.1643586718976125,0,0
0,0.1777555,0.1720380506272905,0.0781247653251645,0.14263943865081832,0.12679664278804034,0,0
0,0.08771541,0.1970237039072452,0.0360032453804005,0.10691411976254855,0.08372098647164929,0,0
0,0.0026737293,0.0080263913639354,0.0003239999644158,0.0036747068761170663,0.00256939704499498,0,0
0,0.25350615,0.315854828080943,0.094467277910058,0.2212760853303337,0.1864564495712176,0,0
0,0.2023026,0.2704131953666154,0.181826554562489,0.21818078330970148,0.2056866963545676,0,0
0,0.15580358,0.159816074346941,0.1152565068791311,0.14362538707535735,0.13633254230895375,0,0
0,0.0387425,0.0773017156560596,0.0291249828748831,0.048389732843647566,0.04164558456865347,0,0
0,0.32041,0.2936761223459737,0.1478159209711121,0.2539673477723619,0.22876618495475076,0,0
0,0.009240959,0.0469036460403835,0.0015687639909962,0.01923778967712657,0.0129373989035748,0,0
0,0.14076166,0.09899643814372,0.1083827104793697,0.11604693620769657,0.11621914086842886,0,0
0,0.18212518,0.2938515385065542,0.0464363608891558,0.17413769313190333,0.13662604214588875,0,0
0,0.11377057,0.1228297522160105,0.0815681706027302,0.10605616427291358,0.0994812067445672,0,0
0,0.21241556,0.3300512606010283,0.0776100625595147,0.2066922943868477,0.168539951399963,0,0
0,0.14049362,0.2378794707615692,0.0373415890586342,0.1385715599400678,0.10839477468163095,0,0
0,0.09568756,0.1668240524842307,0.0347670325008874,0.09909288166170604,0.07945459474728984,0,0
0,0.007431801,0.0095062059661323,0.0012204647844661,0.006052823916866133,0.00474101388545951,0,0
0,0.14026453,0.1908187328160052,0.0961181497960623,0.14240047087068916,0.12830218046123218,0,0
0,0.19086422,0.1958184754005911,0.1782146160181319,0.188299103806241,0.18553026908918419,0,0
0,0.13296609,0.2257244066497273,0.0608298123210618,0.13984010299026303,0.11544961449047636,0,0
0,0.08443403,0.1846295415880904,0.0194746381235994,0.09617940323722991,0.07199343637941777,0,0
0,0.14252514,0.2489203110577558,0.0655338692635016,0.15232644010708582,0.12530853884330195,0,0
0,0.07929077,0.1413045017209651,0.0296730991638461,0.08342279029493706,0.06688468092611607,0,0
0,0.012850693,0.0176984297067514,0.0061644103530938,0.012237844353281733,0.010477099017897179,0,0
0,0.022816978,0.0798854942998268,0.0076612003139559,0.0367878908712609,0.02665279241694331,0,0
0,0.11578337,0.1034191811749628,0.2126865229436882,0.143963024706217,0.16176210870683666,0,0
0,0.08625889,0.0847183902456917,0.1102526983170917,0.09374332618759447,0.09794769420768419,0,0
0,0.0023185806,0.0057918512672689,0.0005047558233524,0.0028717292302071,0.00210632234512998,0,0
0,0.15264392,0.1524722479636877,0.0832297725831111,0.12944864684893292,0.11790251188429308,0,0
1,0.21879455,0.1998121273103139,0.3062896358886165,0.24163210439964344,0.25874560840637106,0,0
0,0.57083315,0.2864844285589951,0.5602913638621677,0.4725363141403876,0.5086925126428828,0,1
0,0.4919483,0.3261033487690162,0.6864704123021167,0.5015073536903776,0.5560403659048616,1,1
0,0.0049985293,0.0062936267963734,0.0010917433156255,0.0041279664706663005,0.00330415580708743,0,0
1,0.3789328,0.2687518021397435,0.4071612271713699,0.35161527643703777,0.37101081401363367,0,0
0,0.21362601,0.3453251513746467,0.1164229942505221,0.22512471854172297,0.19136433040019038,0,0
0,0.14234562,0.2041158842123273,0.0911121086730654,0.14585787096179756,0.12908291717899817,0,0
0,0.15516526,0.2312007789476109,0.0914148124873917,0.15926028381166754,0.13849714003321803,0,0
0,0.09301077,0.1000047363203235,0.0433918899139103,0.07880246541141127,0.06960012322101986,0,0
0,0.025779853,0.1133975077743183,0.0051166067207894,0.0480979891650359,0.03297176081525836,0,0
0,0.5011217,0.6096889819794152,0.2975531263090861,0.46945460276283374,0.42105086955042614,0,0
0,0.20952725,0.1333238630354853,0.1221205872955116,0.154990566776999,0.15058324125485287,0,0
0,0.18138063,0.2347792775655538,0.0464485496480926,0.15420281907121544,0.12459431933715706,0,0
0,0.21556132,0.2282046043725211,0.0897644933879975,0.17784347258683952,0.15519156356850297,0,0
0,0.19176537,0.1818095706692365,0.1420147532516703,0.17186323130696893,0.16489890175968244,0,0
0,0.19894941,0.2447327252918213,0.0836056052366685,0.17576258017616328,0.1504341706766985,0,0
0,0.34347513,0.3847025560897962,0.2145403043377045,0.3142393301425002,0.2872532023868115,0,0
0,0.02162449,0.0490644083317234,0.0052355561217911,0.025308151484504837,0.01891800672724023,0,0
0,0.38880983,0.4482846963942141,0.2970013322958781,0.3780319528966974,0.3548005544267819,0,0
0,0.14551707,0.2576266340285739,0.028878966633466,0.14400755688734665,0.10961993112244778,0,0
0,0.32879162,0.2987137519757422,0.212785825435621,0.28009706580378774,0.2647731491129589,0,0
1,0.54079366,0.4587836990435517,0.8555230433003574,0.618366800781303,0.6817563594588891,1,1
0,0.02874573,0.1112154136334661,0.0094434839510896,0.04980154252818523,0.03558854370223802,0,0
0,0.4125305,0.2528058550105982,0.1177049367313359,0.261013763913978,0.2331727893677876,0,0
0,0.147276,0.1106078546130537,0.0910232363355956,0.11630236364954977,0.11181598909040855,0,0
0,0.47103587,0.4045975126333092,0.130595620770479,0.33540966780126275,0.2875280739119014,0,0
0,0.36246324,0.2499746275799448,0.3474408703206106,0.3199595793001851,0.33245433267629426,0,0
0,0.008090297,0.0116118820294763,0.0008556351273406,0.0068526047189389665,0.00517728306956556,0,0
0,0.16046444,0.1990967707713944,0.0807723224546928,0.14677784440869573,0.12834484738162527,0,0
0,0.57460713,0.5753471374880238,0.1763876296209055,0.44211396570297645,0.37564538130805747,0,0
0,0.070678644,0.0768750088312172,0.0569249034574676,0.06815951876289493,0.06504104669497723,0,0
0,0.1651976,0.1247950634038823,0.0450273689585874,0.11167334412082323,0.09703197716007017,0,0
1,0.12972406,0.1331511134844433,0.1121377203072416,0.12500429793056164,0.12161630085050945,0,0
0,0.01201315,0.0231511454659833,0.0019769515065631,0.012380415657515466,0.00922264984647821,0,0
0,0.31001237,0.1405225769086227,0.2908339281541319,0.2471229583542515,0.2665251904587905,0,0
0,0.34064227,0.3818292474195175,0.2745736351316242,0.3323483841837139,0.31584534804971565,0,0
0,0.07502388,0.185428433065263,0.023264675114654,0.09457232939330568,0.0712251881703796,0,0
0,0.007224862,0.0126107302531345,0.0011828382979715,0.007006143517035333,0.00528102379961265,0,0
0,0.10849649,0.128626819398034,0.042419409146206,0.09318090618141334,0.0794840154527098,0,0
0,0.011356665,0.0356915687501276,0.0058245596227113,0.017624264457612965,0.01345759306138117,0,0
0,0.18269974,0.2038096255788606,0.1037027542722211,0.16340403995036057,0.14742322425188267,0,0
0,0.1585373,0.1582671217430847,0.0412401425088473,0.1193481880839773,0.09983468560304058,0,0
0,0.16963524,0.1780016645364586,0.0735647458717327,0.14040055013606376,0.12327327784315807,0,0
0,0.030987998,0.0713551059432533,0.0069212828010213,0.036421462248091535,0.027028061989161307,0,0
0,0.09266196,0.1942888755710543,0.0173292938509132,0.10142670980732249,0.07532101003966746,0,0
0,0.16356197,0.2819137521752332,0.0527071151499569,0.16606094577506336,0.1318048990100251,0,0
0,0.25599596,0.1978202545120432,0.1563142481492236,0.20337682088708894,0.19451996297702046,0,0
0,0.15225941,0.146603874043252,0.0578415763166647,0.11890162011997224,0.10391938596698275,0,0
0,0.1736806,0.1767415816925442,0.0695503674855518,0.139990849726032,0.12222768008128473,0,0
0,0.18367891,0.1895724194171144,0.0564120333569118,0.1432211209246754,0.12122417356187878,0,0
0,0.18710427,0.1789380144185069,0.04220845976669,0.13608358139506563,0.11302311376704638,0,0
0,0.07938657,0.1088418891231298,0.0213400876986488,0.0698561822739262,0.05625439267395036,0,0
0,0.13447693,0.264824424420384,0.0517222304696401,0.15034119496334136,0.11916907911889685,0,0
0,0.24283543,0.3502397359904001,0.1554606428622925,0.24951193628423085,0.22062889762922627,0,0
0,0.06686018,0.0961081803559112,0.0170314870067179,0.05999994912087637,0.0477954335745412,0,0
0,0.10800674,0.1959134826070976,0.0146773572355378,0.10619919328087847,0.07892339713918842,0,0
0,0.6771923,0.626668013193421,0.834220179829157,0.7126934976741927,0.7456013825532626,1,1
0,0.08416777,0.1240743634165722,0.0194978797668887,0.07591333772782032,0.05981414356675879,0,0
0,0.1996592,0.1597441836989516,0.1975815385928358,0.18566164076392913,0.19063736603620823,0,0
0,0.08576941,0.1126859191174661,0.0254956248044779,0.07465031797398133,0.06101581922573217,0,0
0,0.15221585,0.1193950013167733,0.0529979312432419,0.10820292752000508,0.0960427208849756,0,0
0,0.011804112,0.0263231638564909,0.0017153453720417,0.013280873742844201,0.009663539057319028,0,0
1,0.23522244,0.2014795698597086,0.4240152511292658,0.2869057536629915,0.3228702715365746,0,0
0,0.12417057,0.1334596597825766,0.0721159199060655,0.10991538322954737,0.10000106290954806,0,0
0,0.036217876,0.1010702442174456,0.0097028772822515,0.0489969991665657,0.035930850284614874,0,0
0,0.2274824,0.1825412574972661,0.1168263563459637,0.1756166712810766,0.16316614967243506,0,0
0,0.15119438,0.1112716192774489,0.0600254345282715,0.1074971446019068,0.09762535511962553,0,0
0,0.007822644,0.0144600691105003,0.0013739723807319,0.007885561830410732,0.0059257932124660104,0,0
0,0.4427322,0.6402173505884454,0.1656593464674694,0.41620296568530496,0.3436928033514238,0,0
0,0.5944797,0.6285105344882145,0.4271261229886781,0.5500387858256308,0.517609078391982,1,1
0,0.011945679,0.01572760309027,0.0002904544766497,0.009321245522306567,0.00687445155637885,0,0
1,0.81715685,0.7727597907078562,0.8245550819540353,0.8048239075539638,0.8119765541185888,1,1
1,0.85341763,0.834209705951359,0.9019611471038212,0.8631961610183935,0.8738478037421824,1,1
1,0.8985437,0.8422769660828573,0.9294305659712276,0.8900837440180283,0.9027337862021853,1,1
0,0.00428343,0.0083127474739233,9.806444939438024e-05,0.004231413974439226,0.0029966107194818506,0,0
1,0.7554259,0.8055841100497403,0.8689838172387337,0.8099979424294913,0.8222365006293149,1,1
0,0.20519315,0.1833920083927039,0.11687174356948,0.16848563398739466,0.15667221846328078,0,0
0,0.20211966,0.2879799815729192,0.1884920405540973,0.22619722737567216,0.21247791459163248,0,0
0,0.0107782,0.033429843974263,0.0030520257065054,0.015753356560256133,0.0114454416481053,0,0
0,0.25516245,0.3285015646261022,0.1676027107011399,0.25042224177574735,0.22605040327579037,0,0
0,0.0032211412,0.0064622694671462,0.000413516872573,0.0033656425132397327,0.00246555468971574,0,0
0,0.059594367,0.1580047089285548,0.0241668091671166,0.0805886283652238,0.06156265646926926,0,0
1,0.18742368,0.2990469570165049,0.2218533624875139,0.23610799983467293,0.22696317664705795,0,0
1,0.41586518,0.484369733874736,0.8312915781798832,0.5771754973515397,0.6372792898648888,1,1
0,0.09452462,0.1397964902772574,0.0560363441137816,0.09678581813034633,0.08433485611234229,0,0
0,0.04054739,0.1616620648782144,0.018043428360742,0.0734176277463188,0.05351834415601388,0,0
0,0.0037847257,0.0104759753386004,0.0003361152480814,0.004865605428893934,0.00339867040176078,0,0
0,0.3760107,0.2702604024784508,0.1737293147427752,0.27333347240707534,0.25371994786707774,0,0
0,0.20771219,0.1239767224418509,0.0549967824632893,0.12889523163504674,0.11460739272001481,0,0
0,0.15089281,0.231675408848538,0.199989751609269,0.19418599015260232,0.19159780057434211,0,0
0,0.009671299,0.0287412992031627,0.0013015963095093,0.013238064837557335,0.00930044769538719,0,0
0,0.13613047,0.182137704601461,0.0917010994163954,0.13665642467261882,0.1231172316284899,0,0
0,0.22552839,0.3332963194623447,0.1428888252726622,0.23390451157833567,0.20576219352880004,0,0
0,0.11708021,0.1603158590690756,0.0629718683727082,0.11345597914726126,0.0986731690001692,0,0
0,0.16561346,0.1997862451158106,0.1997104725543544,0.18837005922338834,0.18949652330033934,0,0
0,0.007316584,0.0290007911280656,0.0010637773998993,0.0124603841759883,0.00852702212556277,0,0
0,0.12629607,0.113309899427533,0.0858623801901386,0.10848944987255721,0.1034819909805759,0,0
1,0.17214641,0.0956946352674701,0.5424628301039203,0.27010129179046344,0.3420142651054542,0,0
0,0.4382826,0.3754948453576142,0.2752640842550651,0.36301384320422647,0.3442157911990554,0,0
0,0.23901764,0.2721537734553099,0.1461069192883143,0.21909277758120807,0.19918950633521915,0,0
0,0.3471984,0.3639754267655627,0.2499090996777793,0.32036097548111403,0.30190915519200223,0,0
1,0.7078324,0.7263987043531692,0.8518974431699206,0.7620428491743633,0.7835781824555941,1,1
0,0.3619147,0.3734476845361263,0.0712290091997738,0.26886379791196674,0.21887845150711216,0,0
0,0.6040064,0.6235228164309201,0.5115564301321915,0.5796952155210372,0.5616846983522799,1,1
0,0.021386549,0.0673824686626306,0.0032409848573982,0.030670000840009603,0.02151295086122522,0,0
1,0.79119146,0.741488740737328,0.8491043597370479,0.7939281868247919,0.8102073660159895,1,1
0,0.48964465,0.6206963090166048,0.3858818104287336,0.4987409231484461,0.4639735620176878,0,0
1,0.83418787,0.7730473556135199,0.9030019752680958,0.8367457336272053,0.8563668197567519,1,1
0,0.70152545,0.6990692906977677,0.4808173287675311,0.6271373564884329,0.590680157523319,1,1
0,0.6501616,0.7199747828063611,0.3825324639800715,0.5842229489288109,0.530309668551308,1,1
0,0.0782958,0.1407736506441477,0.0457764118358211,0.08828195415998961,0.07453167604674009,0,0
1,0.7336294,0.6371247601532265,0.8178419323231028,0.729532030825443,0.7564347381921966,1,1
1,0.85721797,0.855741001353336,0.7973254011701336,0.8367614575078232,0.826976291855734,1,1
0,0.15716769,0.2818138594003229,0.036093151216135,0.15835823353881928,0.12155965448813208,0,0
1,0.90916777,0.9287700943030462,0.950622749039545,0.9295202044475305,0.9338157243803817,1,1
0,0.516317,0.4225842277752471,0.1209317036310304,0.35327764380209253,0.29987779737056464,0,0
0,0.39040875,0.4185270224218234,0.2962845276483397,0.36840676669005434,0.3489702933085345,0,0
1,0.89181364,0.955076390433997,0.953004649836307,0.9332982267567679,0.9350616950049528,1,1
0,0.60441136,0.5297839620811435,0.7223396240083106,0.6188449820298181,0.648450012420384,1,1
1,0.7596082,0.828572037944593,0.828146572813187,0.8054422702525933,0.8076701539955121,1,1
0,0.17732054,0.2776812954553302,0.1830936614381079,0.21269849896447937,0.20027925181012,0,0
0,0.6993885,0.7459099536024424,0.4434602291697891,0.6295862275907439,0.580728655305383,1,1
0,0.5053019,0.596119196549256,0.4176540316506488,0.5063583760666349,0.4796414251351756,1,0
1,0.16771655,0.245593717965466,0.1948867638930929,0.20273234395285297,0.19687709053963964,0,0
1,0.85868853,0.736737531652345,0.9081245867887684,0.8345168828137045,0.8590163587248532,1,1
0,0.31958994,0.3627779131382538,0.0669339663713943,0.24976727316988268,0.20189954781334793,0,0
1,0.6881631,0.616142900332913,0.6162563915896241,0.640187463974179,0.6378057058613946,1,1
1,0.7036705,0.6670093563613375,0.7276268167150588,0.6994355576921322,0.7083164296297969,1,1
1,0.60918415,0.5733989721329981,0.6754726467775313,0.6193519229701764,0.6351713628153652,1,1
1,0.8144164,0.7209874381826196,0.8970711415025125,0.8108249932283774,0.8370579783877802,1,1
0,0.34279126,0.3563403120114382,0.2366238791262344,0.31191848371255754,0.29241737996540484,0,0
0,0.5779749,0.6850748782564319,0.3759694636402625,0.5463397472988981,0.4983921774714176,1,0
0,0.72571224,0.7236928188411786,0.4512931239511659,0.6335660609307815,0.5880987977438187,1,1
0,0.81367415,0.7232870919888605,0.4835770745107609,0.6735127721665405,0.6305482006531525,1,1
0,0.6055079,0.705042731942806,0.4375482897953671,0.582699640579391,0.5414350612862447,1,1
0,0.092812546,0.0865914201727072,0.0252462219540088,0.06821672937557201,0.057785158811545834,0,0
0,0.36049244,0.4641474037220941,0.1862541819010638,0.3369646752077193,0.2941043036949507,0,0
1,0.20454834,0.2436792914408763,0.0627633157047141,0.17033031571519683,0.1414820181405323,0,0
0,0.34064475,0.5658969580534864,0.1681443012066478,0.3582286697533781,0.2994449672140212,0,0
1,0.9069388,0.8526709182181628,0.9743861284437224,0.9113319488872951,0.9298088878654938,1,1
1,0.9177146,0.8531181352024414,0.9734206028213778,0.9147511126746064,0.9326483084511772,1,1
0,0.23376235,0.3317208194373409,0.1976269828860784,0.2543700507744731,0.23528636033050737,0,0
1,0.8608094,0.8056687030849665,0.8613713214021678,0.8426164748290447,0.8500622213180772,1,1
1,0.8607984,0.7287590161931989,0.8852993190099838,0.8249522450677276,0.8466409827436316,1,1
1,0.8425533,0.8382347794472261,0.8950252065928905,0.8586044286800388,0.8679255491858905,1,1
0,0.84105927,0.7982490568510527,0.7440937796487366,0.7944673688332631,0.7840144821945789,1,1
0,0.095886216,0.1920082516184979,0.0451340898593888,0.11100951915929558,0.08973456005339399,0,0
0,0.20655389,0.1883741083001027,0.0299802787597595,0.14163609235328742,0.11463112803990029,0,0
0,0.114203684,0.1214994490346229,0.062926527340983,0.09954322012520196,0.09002425867741608,0,0
0,0.27315336,0.2909030477683766,0.1683272823284289,0.24412789669893517,0.22429025871788977,0,0
0,0.17092444,0.1468848118091066,0.0575305369239849,0.1251132629110305,0.10941956282381378,0,0
0,0.0046683187,0.0068950778658829,0.0003852877392259,0.0039828947683696,0.00297215505278953,0,0
0,0.16106251,0.160471800474473,0.0491772746746082,0.12357052838302707,0.1050017504321987,0,0
0,0.19828244,0.1391327873353724,0.1067051240354696,0.148040117123614,0.14066385148480928,0,0
0,0.17605323,0.1332982592489641,0.0705145905620672,0.1266220266036771,0.11473291613082642,0,0
0,0.09088031,0.1155405753035168,0.0190671696666037,0.07516268499004018,0.05990579289400521,0,0
0,0.005220012,0.0074927127004401,0.0003251493944414,0.004345958031627167,0.0032271208373087197,0,0
0,0.14991404,0.0835885699268032,0.1456161944459921,0.12637293479093178,0.1345000232083567,0,0
0,0.21392846,0.1595891092532464,0.1581480761060422,0.17722188178642953,0.17517039790367037,0,0
0,0.066121355,0.1086021906406677,0.0219908532241293,0.06557146628826567,0.05255227124019819,0,0
0,0.14813873,0.1663248315889124,0.1113901317135995,0.14195123110083732,0.13340165117458222,0,0
0,0.0038639528,0.0066503412013817,0.0002897974398965,0.0036013638137594004,0.00263415280022459,0,0
0,0.21695827,0.195249950640795,0.1020189758042112,0.1714090654816687,0.1551469590302646,0,0
0,0.21555059,0.1097332187080779,0.159550307653324,0.1616113721204673,0.16638697456827756,0,0
0,0.13593857,0.1164335424721909,0.0473804931446343,0.09991753520560842,0.08775852606675534,0,0
0,0.18705411,0.1097499200408094,0.140446115280889,0.14575004844056613,0.14828927464860636,0,0
0,0.1587526,0.1794226317355229,0.0367683479168311,0.12498119321745133,0.10189448030552012,0,0
0,0.3146823,0.2629339775235859,0.1425939390871234,0.24007007220356977,0.21828845504827887,0,0
0,0.105677925,0.1825729922514053,0.0774664329120485,0.12190578338781792,0.10695119240630531,0,0
0,0.004319099,0.0079538018625704,0.0005416622487256,0.0042715210370986665,0.00315732119687688,0,0
0,0.12485181,0.1723149229182723,0.0152042005657228,0.10412364449466503,0.07952062786651586,0,0
0,0.08404791,0.1751637224865384,0.0170182290992035,0.09207662052858062,0.06875623204690944,0,0
0,0.25503272,0.275863074345812,0.1508688758140623,0.2272548900532914,0.20711686877619356,0,0
0,0.17277052,0.1005777333479925,0.058407223238174,0.1105851588620555,0.10115031428868551,0,0
0,0.17609632,0.2006589125869629,0.1565816580307356,0.17777896353923284,0.17125150753276036,0,0
0,0.003114579,0.0052225172674757,0.0014293880383488,0.0032554947686081665,0.00269357117266954,0,0
0,0.12995893,0.1996540565717448,0.0285890020019748,0.11940066285790651,0.09321299131533636,0,0
0,0.060329657,0.1358909455001644,0.0041753565824676,0.066798653027544,0.047364764491266684,0,0
0,0.08015401,0.1487451473553735,0.019612813365302,0.0828373235735585,0.0636016391537257,0,0
0,0.0022527603,0.0050800536550658,0.0004121421590083,0.0025816520380247004,0.00189790990051731,0,0
0,0.048251905,0.0969924708997002,0.0170315820432629,0.054091985980987696,0.04238985670157149,0,0
0,0.04036243,0.0578730595839265,0.0115276331934257,0.03658770759245073,0.02944715751349815,0,0
0,0.06981423,0.0590364360420727,0.0162932914976803,0.04838131917991767,0.040898201957254694,0,0
0,0.3673002,0.1476032802721724,0.2398181774747241,0.2515738859156322,0.2596198047917965,0,0
0,0.10667719,0.1545494797152199,0.0293921453415647,0.09687293835226153,0.07760912561382632,0,0
0,0.11026211,0.1516892381866921,0.0249583843115156,0.09563657749940256,0.07589567279309621,0,0
0,0.101464584,0.148992554163994,0.0245363616252317,0.0916644999297419,0.07250606684541465,0,0
0,0.0035544946,0.0117832851104632,0.0003783359103078,0.005238705206923666,0.0036121733572465403,0,0
0,0.27932674,0.1532106957959023,0.1852797123673074,0.20593904938773658,0.20708001734283416,0,0
0,0.08530301,0.1537693340547873,0.0042097025594073,0.08109401553806486,0.058449621090661104,0,0
0,0.107328475,0.2183818461069971,0.0338599409939594,0.11985675403365216,0.09280488221837913,0,0
1,0.7567692,0.728464101432437,0.918671863391389,0.801301721607942,0.8320595119821819,1,1
0,0.4836729,0.3303462841747826,0.3136689035320602,0.3758960292356142,0.3680055786009866,0,0
0,0.15388829,0.1290151848266955,0.0425622298658292,0.10848856823084158,0.09325063889825369,0,0
0,0.003751808,0.0074217223101168,0.0006173635270705,0.003930297945729099,0.00291856862555861,0,0
0,0.05952015,0.0814223437716891,0.0280863577596215,0.05634295051043687,0.048183692634148574,0,0
0,0.057279076,0.1346599260906157,0.0240860140497759,0.07200833871346386,0.05615871504301109,0,0
0,0.07324162,0.123982458049892,0.0226342789309296,0.0732861189936072,0.0580861170754432,0,0
0,0.006913401,0.0177886058287712,0.0013190009784198,0.008673669269063667,0.00629124195496414,0,0
0,0.071192555,0.1225276413009894,0.0162465541366888,0.0699889168125594,0.05398657182854228,0,0
0,0.09690055,0.1838543923385848,0.0533719032590847,0.11137561519922316,0.09252699509725931,0,0
0,0.14325017,0.1823250588741215,0.0569061031753466,0.1274937773498227,0.1078931143624976,0,0
0,0.028465886,0.0718140116967316,0.0120186473937562,0.03743284836349593,0.02891189183622442,0,0
0,0.04092876,0.0487093784100492,0.0130618807965959,0.03423333973554837,0.02855144408030779,0,0
1,0.34875593,0.2227917637462936,0.4137281719556064,0.32842528856729997,0.3560492177270619,0,0
0,0.11286013,0.1466153180827578,0.0358629400880984,0.09844612939028541,0.08111257266060076,0,0
0,0.16532615,0.2138290369830126,0.0262805708518106,0.13514525261160773,0.10550393782250782,0,0
0,0.123755075,0.1105276822143076,0.0255094269605353,0.08659739472494764,0.07198677242312918,0,0
0,0.016708251,0.0209987913704023,0.0019291974773082,0.013212079949236835,0.01017683231273456,0,0
0,0.07900808,0.0763844404132426,0.0326993357447868,0.06269728538600979,0.055328979955041914,0,0
0,0.26982266,0.2020915350524683,0.106287580815128,0.19273392528919875,0.17450889541805767,0,0
0,0.1562531,0.1159084412441382,0.0627290899171008,0.11163021038707967,0.10142216320737804,0,0
0,0.07441116,0.0670154172638511,0.0312851468853781,0.05757057471640973,0.05136900489545927,0,0
0,0.019463904,0.0384837357944434,0.0025347103314081,0.02016078337528383,0.01480327352459273,0,0
0,0.22543198,0.1322093583845884,0.0823252763648999,0.14665553824982944,0.13523410385936763,0,0
0,0.34410554,0.3857406831319276,0.3070882812238859,0.3456448347852712,0.33392393923832847,0,0
0,0.0072147558,0.0138406516119116,0.0011426267357966,0.007399344715902734,0.00550387043028062,0,0
0,0.19023651,0.1309271496952453,0.0640846223816741,0.1284160940256398,0.11529869412988611,0,0
0,0.09216292,0.1132830015963778,0.1514575647689791,0.1189678287884523,0.1260342587037651,0,0
0,0.042697165,0.1085886919399375,0.0042585317885997,0.05184812957617907,0.03665615378228735,0,0
0,0.0035549677,0.007642671725228,0.0003585736674141,0.0038520710308807007,0.0027743114887526497,0,0
0,0.09704229,0.1798659119707122,0.0145916371672595,0.09716661304599056,0.07238168797777218,0,0
0,0.18067984,0.2671183120439711,0.0538074102430362,0.1672018540956691,0.13453131953031233,0,0
0,0.0059441957,0.0092889518803849,0.0008642004741744,0.0053657826848531,0.00407314932316418,0,0
0,0.2184796,0.1481016980975967,0.0494986126239719,0.1386933035738562,0.1199135259315053,0,0
0,0.2738188,0.1565851677810467,0.0795404926345365,0.1699814868051944,0.1532329198734776,0,0
0,0.22943817,0.2059080078369181,0.0641217020357791,0.16648929329089907,0.14207390358527316,0,0
0,0.28451014,0.2683914565729076,0.1724710331484906,0.2417908765737994,0.2252668498888268,0,0
0,0.00370834,0.0096153905902273,0.0006164238162066,0.004646718135477967,0.00334379202614876,0,0
0,0.06727438,0.0864587108132077,0.02060170153335,0.05811159744885256,0.04777490692931654,0,0
0,0.06967661,0.123204766086244,0.0454989777632453,0.07946011794982977,0.06829342509887146,0,0
0,0.40663058,0.3674316257475014,0.1439921759639854,0.30601812723716226,0.267471587131493,0,0
0,0.04836727,0.1030310204887569,0.0126656091324729,0.05468796654040992,0.04144918966398783,0,0
0,0.008487731,0.0069493425134857,0.001034326188819,0.0054904665674349006,0.004453350897106641,0,0
0,0.08001337,0.1601582302914304,0.0343098490660557,0.09149381645249537,0.07319058159131393,0,0
0,0.10290789,0.0819806772368622,0.0240446503634845,0.06964440586678224,0.05929082762911468,0,0
0,0.14056596,0.0924284763805169,0.0210865547545942,0.08469366371170368,0.07119876065340047,0,0
0,0.26502165,0.0927226566907104,0.1626323676234982,0.17345889143806956,0.17936721014989118,0,0
0,0.43358138,0.466755414683111,0.1805477092388054,0.3602948346406388,0.3136993515560249,0,0
0,0.30813897,0.2229450522999917,0.2467435729014389,0.25927586506714356,0.2604024879107178,0,0
0,0.12288034,0.1240705099560379,0.0814887699588117,0.10947987330494986,0.10242258897061343,0,0
0,0.2731177,0.3146083135791101,0.1025222982865477,0.23008277062188595,0.19611812185909588,0,0
0,0.08691245,0.0924519868221531,0.2022578938265122,0.12720744354955507,0.1456930792776867,0,0
0,0.13802901,0.2757094248797582,0.2000219371076357,0.20458679066246463,0.19656155652976948,0,0
0,0.18227509,0.2592969980252629,0.205213660546744,0.21559524952400233,0.2091487568784246,0,0
0,0.06440518,0.0966522111026732,0.0469691494300309,0.06934218017756803,0.06213657093555009,0,0
0,0.08671945,0.0990721973331324,0.0347227793059578,0.07350480887969674,0.06319166411960538,0,0
0,0.21209027,0.2433449250375459,0.2137209533821235,0.22305204947322313,0.21915654269857093,0,0
0,0.10793485,0.1187201654062135,0.0370815587626683,0.08791219138962726,0.07466526746257685,0,0
0,0.3718091,0.3681259636638421,0.1993944737192089,0.31310984579435036,0.28486515959237285,0,0
0,0.14096868,0.2947697266190136,0.0570416369649241,0.16426001452797923,0.12976536780626477,0,0
0,0.105956644,0.0959207513451977,0.0111847757775352,0.07102072370757764,0.05656353135780714,0,0
0,0.14601232,0.1428455047568951,0.0885396220013354,0.12579914891941016,0.11664260795204673,0,0
0,0.052754607,0.1027228304949584,0.0251810096312116,0.06021948237539001,0.048961453014597485,0,0
0,0.08198282,0.1960419053358757,0.0169390826057856,0.09832126931388709,0.07227276837006795,0,0
1,0.17767826,0.1719022917847512,0.1915986614648272,0.1803930710831928,0.18348326708936386,0,0
0,0.036316108,0.1018005619847265,0.0023922411135064,0.04683630369941096,0.0324510653536985,0,0
0,0.3181615,0.1919137675872497,0.118378642097632,0.20948463656162727,0.19302052456626592,0,0
0,0.19418374,0.2301314051858512,0.1329413060854755,0.18575215042377557,0.17075205607990798,0,0
0,0.023895552,0.0506262039508985,0.002449100991519,0.025656952314139166,0.0185184568859392,0,0
0,0.06336913,0.08620689109375,0.017820855904238,0.05579895899932933,0.045162545170869005,0,0
0,0.086314335,0.1111414739679677,0.1154325216552761,0.10429611020774794,0.10583885612123159,0,0
0,0.22755522,0.3011090968807011,0.0258390922790082,0.18483446971990306,0.14140793151564432,0,0
0,0.06779846,0.1014555335539105,0.0044617077594963,0.05790523377113561,0.042861498590530255,0,0
0,0.3397223,0.3181875560928118,0.1418764055576053,0.266595420550139,0.23649240399736499,0,0
0,0.008403583,0.0297411346199412,0.0014165963166063,0.013187104645515835,0.00917759998229139,0,0
0,0.02665565,0.0508484443733186,0.0041719639660417,0.027225352779786768,0.020252365857684567,0,0
0,0.47912824,0.47371804158873,0.6395371534079315,0.5307944783322205,0.5582506570217117,1,1
0,0.43790728,0.3289032345591816,0.0848406923190332,0.2838837356260716,0.23957317707135292,0,0
0,0.25442624,0.2114549808102482,0.1561079115886848,0.20732971079964435,0.19667282395639205,0,0
0,0.030973025,0.0466512184403774,0.016175629015903,0.03126662415209347,0.02670996569602698,0,0
0,0.1580113,0.1865567488853029,0.0431384084315371,0.12923548577228,0.10628394399282913,0,0
0,0.02421254,0.0466780122566641,0.0094842579743049,0.026791603410323,0.021341493438485272,0,0
0,0.022278909,0.0749168556812142,0.0124645695252138,0.036553444735476,0.027899328598849738,0,0
0,0.06394688,0.1195439918698409,0.0947855244961409,0.0927587987886606,0.09048562462203863,0,0
0,0.111589484,0.121792205562041,0.0430135850751684,0.09213175821240314,0.0793420788499924,0,0
0,0.010239982,0.0299382264453727,0.0021850277140416,0.014121078719804767,0.01015215374609534,0,0
0,0.20010628,0.2309049135162037,0.032969027401695,0.15466007363929957,0.12269738040408823,0,0
0,0.34496096,0.3268554682259637,0.1552219009188824,0.275679443048282,0.24647033210463393,0,0
0,0.22591662,0.1505776209849601,0.1672113053665952,0.18123518211718512,0.18149616288028964,0,0
0,0.080620155,0.1711389798925025,0.0061932882271998,0.08598414103990076,0.0615104865921004,0,0
0,0.2821289,0.361510329402521,0.0774018502615438,0.2403470265546883,0.19564166101127609,0,0
1,0.116841674,0.1529222912622287,0.0780085359673988,0.1159241670765425,0.10464122843614515,0,0
0,0.087530695,0.0837499395829239,0.1744124894825832,0.11523104135516904,0.13021544115787637,0,0
1,0.8934107,0.9157017799442142,0.9065802642414806,0.905230914728565,0.9044536981095832,1,1
0,0.47967076,0.5385915156534494,0.1382144024117746,0.3854922260217413,0.3207267323365772,0,0
0,0.11275729,0.1390347832587506,0.1085178359321728,0.12010330306364113,0.11589306161783652,0,0
0,0.05831089,0.0947077843189324,0.0824150129565506,0.07847789575849433,0.07764233034206178,0,0
0,0.19084454,0.1967043821566982,0.0888975236153071,0.15881548192400177,0.1410430002389932,0,0
0,0.03697656,0.039957789691499,0.007628303777937,0.028187551156478665,0.0228986778272683,0,0
0,0.21886896,0.3269896852469651,0.0686117326586424,0.20482345930186918,0.16536449137871423,0,0
0,0.08961152,0.1258508936743336,0.0468668298578155,0.08744308117738303,0.07548704966377448,0,0
0,0.1574625,0.1772692398681153,0.0667526619420924,0.1338281339367359,0.11606892894466926,0,0
0,0.11849914,0.1382470895986647,0.1047109653188837,0.12048573163918279,0.11555464257917478,0,0
0,0.089582525,0.1280771510762103,0.0727899218607061,0.09681653264563879,0.0888851486455951,0,0
0,0.08078363,0.0986583878882437,0.0257327359734503,0.06839158462056467,0.05683313456437389,0,0
0,0.5737509,0.4236897220460537,0.8316381557785784,0.609692925941544,0.6726822922984999,1,1
0,0.031808138,0.0421921363642186,0.0071669305100267,0.027055734958081768,0.021564333927857067,0,0
1,0.14384726,0.1305091041300168,0.4171058823283943,0.23048741548613702,0.2778089399902005,0,0
1,0.38391617,0.3427108760607747,0.7776331107799851,0.5014200522802533,0.5725335816021475,1,1
0,0.09517235,0.1824604285514525,0.044535456169805,0.1073894115737525,0.087311518795193,0,0
0,0.06949953,0.0854684635577944,0.0122872664783168,0.05575175334537039,0.044087184950717284,0,0
0,0.11112475,0.1095782671435478,0.0638800165452562,0.09486101122960133,0.08719308670133766,0,0
1,0.32437888,0.4758733984200887,0.4684755741466708,0.4229092841889199,0.4267261307573531,0,0
0,0.30438864,0.3437096016159789,0.2193993735920167,0.2891658717359985,0.2697581991192041,0,0
0,0.08054754,0.1846569914406143,0.0134461541834226,0.09288356187467896,0.06781873737983415,0,0
0,0.03172988,0.0617414192518328,0.0026844589445081,0.032051919398780306,0.02320947732262061,0,0
1,0.59167105,0.3703206562622465,0.6791661652958061,0.5470526238526842,0.5911485289003524,1,1
0,0.17362036,0.1743795932014794,0.0475749071519494,0.13185828678447625,0.11074948021627057,0,0
1,0.089310594,0.1272884633327265,0.107241769120936,0.10794694215122085,0.1058717554270133,0,0
0,0.12784366,0.1479042530586584,0.0390710358517775,0.10493964963681197,0.08746946653762042,0,0
0,0.15773474,0.1287267202964094,0.0922016223059724,0.12622102753412726,0.11916657721226809,0,0
0,0.032558724,0.0614085251416284,0.0071486697635553,0.033705306301727904,0.02562365711010333,0,0
0,0.28963378,0.2556682392431513,0.3375635678061067,0.2942885290164193,0.3068055657516836,0,0
0,0.16636789,0.1349052495466618,0.1384052840363278,0.14655947452766319,0.14609405892749627,0,0
0,0.19596164,0.2199422092883728,0.1583289238994726,0.19141092439594845,0.18194139580741087,0,0
0,0.24765512,0.1598534801599121,0.2623300237809349,0.22327954131361563,0.23743224392244988,0,0
0,0.06705345,0.1014725054666935,0.0046133622552979,0.05771310590733047,0.042717217220987654,0,0
0,0.026476994,0.0703042599209953,0.0029756052729616,0.033252286397985636,0.02349175282067986,0,0
0,0.07856576,0.1490152560851755,0.0171753710128068,0.08158546236599411,0.061960464723438496,0,0
0,0.08609033,0.1358632889402649,0.0342570555764152,0.08540355817222671,0.07012828457626058,0,0
0,0.22532102,0.1228610761024108,0.1124345783126283,0.1535388914716797,0.14838581037679632,0,0
1,0.5864785,0.4764379831651187,0.5251902971901837,0.5293689267851008,0.5338262952281156,1,1
0,0.08175377,0.1174479228222202,0.0233400339045092,0.07418057557557647,0.05968573251669864,0,0
0,0.22447272,0.2465431739906555,0.1350642723289513,0.20202672210653558,0.18418258696260675,0,0
0,0.052195862,0.1641026174444933,0.0076242583875341,0.0746409126106758,0.05229141128266571,0,0
0,0.24474427,0.1688940518527927,0.7245699299193437,0.3794027505907121,0.46948705633023036,0,0
0,0.12867166,0.1476218073538277,0.1176796337076284,0.13132436702048536,0.12696567632457975,0,0
0,0.24737532,0.2534285797898443,0.1867148030953808,0.2291729009617417,0.21825571350565925,0,0
0,0.17694758,0.2700779480800488,0.0426890296806279,0.16323818592022557,0.1284443784563237,0,0
0,0.07290267,0.0801700697060665,0.0143756698514222,0.055816136519162896,0.0450926498669244,0,0
0,0.04288259,0.0519399133721767,0.0036618748681366,0.032828126080104436,0.02508369710850364,0,0
0,0.2729942,0.3830049935524409,0.0728732043809523,0.24295746597779777,0.19493586090096435,0,0
0,0.17157507,0.297600090072921,0.0314212376950728,0.1668654659226646,0.1267031578621206,0,0
0,0.0927525,0.1330407349548505,0.0350577330165087,0.08695032265711973,0.07196276349922445,0,0
0,0.0112039335,0.0332975265236716,0.0016958893071096,0.015399116443593734,0.010868630008289122,0,0
0,0.008641118,0.0267457578072786,0.0013567349960193,0.012247870267765968,0.00861985445946537,0,0
0,0.031196196,0.072876686264024,0.0094983642338761,0.03785708216596669,0.02868337816974285,0,0
0,0.02826917,0.0681293898578972,0.0043778544841415,0.0335921381140129,0.024295556213650187,0,0
0,0.012794566,0.0323352162499103,0.0016439939981243,0.015591258749344868,0.01112741004904421,0,0
0,0.15433763,0.2274957302905262,0.0389960281465422,0.14027646281235612,0.11129844913137635,0,0
0,0.008933171,0.0060898836883707,0.0018436569025938,0.005622237196988167,0.0048197564889710404,0,0
0,0.238803,0.2277032479165458,0.0339964504738916,0.16683423279681245,0.13417977482025495,0,0
0,0.043252178,0.0940283139282309,0.013335608193127,0.0502053667071193,0.03844912028220968,0,0
0,0.044284582,0.0469813979784836,0.0056983036406356,0.03232142787303973,0.025530806016014523,0,0
0,0.022433845,0.041693559989084,0.0069389803781499,0.023688795122411302,0.018538355686891748,0,0
0,0.008083645,0.0137996343199285,0.0012986266671253,0.0077273019956846,0.0058343336975483495,0,0
0,0.2580336,0.2972229746597015,0.0794310406926531,0.21156253845078485,0.17657019527826684,0,0
1,0.9895778,0.958415841839812,0.9970628048241736,0.9816854822213285,0.9870879107800492,1,1
0,0.043578263,0.0493374596427391,0.0093053228260335,0.034073681822924196,0.027593632241564567,0,0
0,0.012455752,0.0389042027113827,0.0021863418990587,0.0178487655368138,0.012610737091805891,0,0
0,0.038952954,0.111705811481569,0.0033463686280143,0.05133504470319442,0.03570023281032095,0,0
0,0.038233172,0.1777338393500238,0.0034934235277906,0.07315347829260481,0.04876343123390006,0,0
0,0.37841788,0.4052183050274908,0.2446826335617838,0.34277293952975824,0.31691034178639005,0,0
0,0.081356294,0.1705288630288483,0.0126725882166382,0.08818591508182883,0.06484895491408875,0,0
0,0.23151822,0.2245330458601477,0.1539617349518568,0.20333766693733482,0.19134294264795793,0,0
0,0.014868475,0.0424241636184444,0.0049523536516804,0.020748330756708264,0.015421552049529082,0,0
1,0.46432126,0.4653457382047064,0.8274538811579777,0.5857069597875614,0.6460924662199301,1,1
0,0.03042452,0.0534749182427187,0.0025370062605375,0.02881214816775207,0.021090842778812492,0,0
0,0.03340404,0.0525218459715038,0.0071060271017717,0.031010637691091834,0.02407859474518661,0,0
0,0.0062762015,0.0065781789161642,0.0017935138399494,0.004882631418704533,0.0040952531532075405,0,0
0,0.071189515,0.1142543703616072,0.0195251668211216,0.06832301739424293,0.05397031198288224,0,0
0,0.04774257,0.0583352105375557,0.0247513035783062,0.043609694705287305,0.03836546489666424,0,0
0,0.14164013,0.3053737062522088,0.0156930096717902,0.15423561530799967,0.11141328508633686,0,0
0,0.019778972,0.0847992670777777,0.0019811182064117,0.035519785761396465,0.02388410411876139,0,0
0,0.61597705,0.5635281096451134,0.439764438857613,0.5397565328342421,0.5173809563578292,1,1
0,0.09167486,0.1204690165933316,0.0031169315667517,0.07175360272002777,0.05315472710204217,0,0
0,0.039526314,0.0604860909087009,0.0136465049202514,0.03788630327631743,0.03077836484186588,0,0
0,0.03102861,0.1149160102550537,0.0009678731983926,0.04897083115114876,0.03277572165020704,0,0
0,0.019390522,0.0863584684644325,0.0013755068841333,0.035708165782855274,0.02377660373495315,0,0
0,0.019196017,0.0758884479278192,0.0011371006119944,0.03207385517993786,0.02150504499156104,0,0
0,0.013728077,0.0525783157101193,0.0003749886075932,0.02222712710590417,0.014821580545820461,0,0
0,0.043150235,0.0163243927350184,0.0062721143940289,0.02191558070968243,0.01934600624401813,0,0
0,0.66007596,0.4780109761821544,0.6964612135907535,0.6115160499243026,0.6418555900318077,1,1
0,0.33159655,0.4326752278282214,0.1218092651757581,0.29536034766799313,0.2469186431535233,0,0
0,0.04588272,0.0726694505747566,0.0103360396599784,0.04296273674491167,0.03346672594494052,0,0
0,0.013175136,0.0532408693143806,0.0018775178961479,0.022764507736842837,0.015539473610950073,0,0
0,0.17044769,0.2095818817774093,0.0389073873704991,0.1396456530493028,0.11250437704073141,0,0
0,0.00645847,0.0075104447364962,0.0005534984577776,0.004840804398091266,0.00371637917618804,0,0
0,0.018902406,0.0719833102271954,0.005530217646801,0.032138644624665466,0.02283249266883958,0,0
0,0.8466838,0.7688367845351689,0.75667725929415,0.790732614609773,0.7861111265541088,1,1
0,0.09304704,0.0633305583071492,0.0437031815870399,0.06669359329806303,0.06243181445494979,0,0
0,0.077013254,0.0571185802124221,0.0342035132470389,0.05611178248648701,0.051629448866003874,0,0
0,0.3379122,0.2800353801935989,0.2565020016717791,0.29148319395512606,0.2856317368746093,0,0
0,0.032093197,0.0299689833052852,0.006643907365154,0.02290202922347973,0.01894370944363404,0,0
0,0.023672355,0.0347273545689328,0.0034698850796265,0.020623198216186432,0.015782119953599807,0,0
0,0.0096001495,0.0317190603773259,0.0019451852521993,0.014421465043175067,0.010196449551564828,0,0
0,0.025051007,0.118250164002525,0.0043424828486346,0.049214551283719855,0.0333365763248223,0,0
0,0.008101003,0.0288098641995794,0.0011817718338894,0.0126975463444896,0.00878315965686058,0,0
0,0.13598551,0.1299918868851805,0.0245748019975526,0.09685073296091103,0.0790814313758124,0,0
0,0.14477837,0.2228009872224292,0.0220301305428142,0.12986982925508114,0.09900877371589294,0,0
0,0.014912534,0.0407790608209017,0.0027765417061909,0.019489378842364197,0.01401784321727579,0,0
0,0.07065186,0.0876663386364034,0.0100216391419469,0.056113279259450095,0.04373964529825413,0,0
0,0.014400537,0.0265011471568228,0.0029706730161468,0.014624119057656532,0.011105727039437959,0,0
0,0.017160457,0.0462704043962192,0.0029998022306389,0.022143554542286035,0.01590211909456329,0,0
0,0.019447671,0.0482229522628776,0.004299875139678,0.023990166134185198,0.01762882932241452,0,0
0,0.22325571,0.134523704448104,0.2088196129628979,0.18886634247033396,0.19829126037106976,0,0
0,0.0021027124,0.0097514960205552,0.0003347315511643,0.0040629799905731664,0.0027484786996931905,0,0
0,0.4420404,0.4654351921070064,0.5987858930813308,0.5020871617294457,0.5250921049620667,1,1
0,0.062424254,0.0644469783078555,0.0138769346064685,0.046916055638107995,0.038555139164805345,0,0
0,0.01082893,0.0386902632901811,0.0009712676956949,0.016830153661958665,0.011472365505883668,0,0
0,0.06893521,0.1495972527553303,0.0041165321597065,0.07421633163834561,0.05265827963091932,0,0
0,0.08112154,0.1517608416014658,0.0043806388265151,0.07908767347599363,0.05687894973355071,0,0
0,0.012537941,0.0507280740051095,0.0038428352031765,0.022369616736095336,0.01582841470261015,0,0
0,0.01552853,0.0639491614322965,0.0056777220660475,0.02838513783278133,0.02028725231948305,0,0
0,0.07619893,0.0379959908986377,0.0142732541878903,0.04282272502884266,0.037595504273672684,0,0
0,0.029224247,0.0663664576854643,0.0022521828678979,0.03261429585112073,0.02316665707104181,0,0
0,0.16237429,0.1931184362344842,0.0168209075792467,0.12410454460457697,0.0957464280365202,0,0
1,0.98732054,0.948349776228361,0.9896880170716178,0.9751194444333263,0.9807101257814811,1,1
0,0.011204905,0.0263876565729227,0.0017636167987014,0.0131187261238747,0.00952081121393524,0,0
0,0.27115768,0.3698241166664415,0.1688726528399255,0.269951483168789,0.23974845375325105,0,0
0,0.825327,0.6373728920928133,0.606582629488722,0.6897608405271786,0.6783639931629236,1,1
0,0.13011391,0.1104651535757328,0.0171033571524904,0.08589414024274107,0.06967888229139176,0,0
0,0.012259439,0.0253224154834292,0.0017666595608422,0.013116171348090467,0.00962564457710694,0,0
0,0.16012986,0.1951369544471384,0.0566033609986914,0.13729005848194328,0.11536802938877339,0,0
0,0.046517953,0.1499268320447932,0.004502901259093,0.0669825621012954,0.04619220293850514,0,0
0,0.015081713,0.0209226827802272,0.0042668493888135,0.013423748389680232,0.01084247515045219,0,0
0,0.114428915,0.2008434202712176,0.1181417533211226,0.1444713628641134,0.13356823521480482,0,0
0,0.018680276,0.0377952696406339,0.0030085660479032,0.019828037229512364,0.01466741975207838,0,0
0,0.029052904,0.1198731464957565,0.0053301468363213,0.05141873244402593,0.03535557391731195,0,0
0,0.010500802,0.0470427935500118,0.0017358827349619,0.019759826094991235,0.01342674067748331,0,0
1,0.16569847,0.2036502425969873,0.5503686229209425,0.30657244517264326,0.3656239009798687,0,0
1,0.31143507,0.3070367742694976,0.276653367703611,0.29837507065770286,0.293164559705705,0,0
0,0.015943762,0.0169659338976722,0.0017025324498754,0.011537409449182535,0.009027581604472139,0,0
0,0.07479164,0.1264491165130804,0.0222800390628132,0.0745069318586312,0.058867334834022685,0,0
0,0.1507699,0.1594395966872044,0.1488929221126095,0.15303413959993797,0.15156535039374563,0,0
0,0.11174948,0.1253191016116879,0.1368838769503728,0.1246508195206869,0.12703060279752398,0,0
0,0.25857514,0.2001393474972291,0.0329080770722597,0.1638741881898296,0.13405445003557565,0,0
0,0.050638936,0.128906688099271,0.0224500679008537,0.0673318973333749,0.05219805237028105,0,0
0,0.0069729653,0.0208402070644073,0.0009376521569335,0.009583608173780267,0.0067287570813482096,0,0
0,0.072277285,0.1173409510818778,0.024349161499753,0.0713224658605436,0.057325956466252055,0,0
0,0.10282255,0.1033232167533614,0.0380230944051298,0.08138962038616372,0.07052295555323718,0,0
0,0.2805085,0.3351728590929954,0.1392286089258344,0.2516366560062766,0.22080142628151628,0,0
0,0.17636693,0.1973005271687996,0.0912898834266265,0.15498578019847534,0.13801512614707317,0,0
0,0.19932663,0.2226403085826046,0.1574981999564278,0.19315504617967746,0.18307515069473485,0,0
0,0.0053794854,0.0064645769973817,0.0002594981016307,0.004034520166337467,0.00303651007029169,0,0
0,0.05091607,0.0904257827232465,0.0130566725597889,0.05146617509434514,0.03988831382454375,0,0
0,0.3752771,0.5058026569074167,0.2707900375477251,0.3839565981517139,0.3491386801553459,0,0
0,0.126608,0.1555786389437598,0.02443077590318,0.10220580494897995,0.08131351574034196,0,0
0,0.16689245,0.2295467277989166,0.0672248890778391,0.15455468895891855,0.12958952509870286,0,0
0,0.124556124,0.1707058220129755,0.0429447613800121,0.11273556913099587,0.09298038229260115,0,0
0,0.16607082,0.1551721113632422,0.0925212306664174,0.13792138734321988,0.12711628360585714,0,0
0,0.13150394,0.1300132782710929,0.0896560833469308,0.11705776720600791,0.11028187932768399,0,0
0,0.12024236,0.0547033400433511,0.112668657145951,0.09587145239643403,0.10334770458164572,0,0
0,0.26936993,0.2744338694557396,0.1720968383120975,0.2386335459226124,0.22174617204719665,0,0
0,0.05923403,0.1116172300299526,0.0141634206268039,0.061671560218918835,0.04717536531939247,0,0
0,0.0770479,0.1208747627057215,0.0189991712769267,0.07230727799421606,0.056788908179607654,0,0
0,0.36208415,0.2738396816690973,0.1315015207076589,0.25580845079225206,0.2291439416876489,0,0
0,0.0040004016,0.0036819355310227,0.0001974568905999,0.0026265980072075336,0.0020352360315044897,0,0
0,0.04944491,0.1246883041522552,0.0206333369718413,0.06492218370803217,0.05008780231637169,0,0
1,0.39739677,0.3204570378938538,0.6646381547221148,0.4608306542053229,0.5156295159398282,0,1
0,0.012086668,0.012665389292367,0.001136486568604,0.008629514620323667,0.0067273215427754,0,0
0,0.120828524,0.1240337434535175,0.0720392350518965,0.10563383416847134,0.09707492341665175,0,0
0,0.066981286,0.1597467729534866,0.0443327508587718,0.0903536032707528,0.07421011582008323,0,0
0,0.11736132,0.0854151597399302,0.2293558639692374,0.14404411456972255,0.16696935993260476,0,0
0,0.082286924,0.1375182648736944,0.0455246311904921,0.08844327335472883,0.07495204576998493,0,0
0,0.064362064,0.0804310408573674,0.0221759221783167,0.05565634234522804,0.04648278846063183,0,0
1,0.56821024,0.352587739641175,0.7002792057043121,0.540359061781829,0.5911202227803911,1,1
0,0.01550677,0.0130556429002453,0.0013831354385061,0.009981849446250466,0.007954727299302109,0,0
0,0.14361583,0.1134569536154255,0.0610982556553464,0.1060570130902573,0.0963252675507583,0,0
0,0.32247818,0.3809156123493796,0.1918793232384942,0.2984243718626246,0.268866238089123,0,0
0,0.07535549,0.1164928429115477,0.0115354074602059,0.06779458012391786,0.05167291931241248,0,0
0,0.3334357,0.4104664809463338,0.2821353465571332,0.34201250916782233,0.32319167946783334,0,0
0,0.013049095,0.0130873709614375,0.0014868883961111,0.009207784785849533,0.0072756468903430495,0,0
0,0.00587763,0.0066327682556564,0.0010673174778842,0.004525905244513534,0.00362350139007338,0,0
0,0.14320065,0.1763857395752179,0.102892401074668,0.14082626354996197,0.1296835434523776,0,0
0,0.12977706,0.1357511071761318,0.0696232318593614,0.11171713301183106,0.10089495536490706,0,0
0,0.16715816,0.2454441029449859,0.1006258346700227,0.17107603253833623,0.1495491859240085,0,0
0,0.29701003,0.2882970041799451,0.1229612474841933,0.2360894272213795,0.20824303357808566,0,0
0,0.05840416,0.0890593777849469,0.0287897102528619,0.058751082679269595,0.049727978683420326,0,0
0,0.15922292,0.2362301443528288,0.0958034301259874,0.16375216482627206,0.14291461993355944,0,0
0,0.16685773,0.2287598372460252,0.0533490140798798,0.149655527108635,0.12248379348914494,0,0
0,0.1678993,0.1352235436375492,0.1093355224166872,0.1374861220180788,0.13208225993585343,0,0
0,0.05406284,0.1213303803378937,0.0272443593308274,0.06754585988957369,0.05410710773299244,0,0
0,0.015479983,0.0494352057031782,0.0026637796855027,0.022526322796226964,0.015862925883386992,0,0
0,0.07865483,0.1919044867255052,0.0486731842574753,0.1064108336609935,0.0863139384738387,0,0
0,0.18726492,0.2167797630933443,0.1768042282651612,0.19361630378616848,0.18793754275124946,0,0
0,0.17511843,0.1663007668152433,0.0803608848000728,0.1405933605384387,0.12597612476308506,0,0
0,0.17511843,0.1758097769949969,0.0817451301602234,0.14422444571840676,0.12857004947911108,0,0
0,0.09617912,0.1293811727497153,0.0260098576416811,0.08385671679713214,0.06773489937078361,0,0
0,0.123471,0.1608023987009299,0.0187441969621602,0.10100586522103004,0.07857387822126609,0,0
0,0.014328744,0.03656776899696,0.0023149123178056,0.01773714177158853,0.012769633158294802,0,0
0,0.1676331,0.1064093264916411,0.1073535514487105,0.12713199264678388,0.12524857102268347,0,0
0,0.16780303,0.1832999547199116,0.0769279068808945,0.14267696386693537,0.12546485338442956,0,0
0,0.09385694,0.1179954609146311,0.0594717047046749,0.09044136853976865,0.08149202653526366,0,0
0,0.08092401,0.1317773964565939,0.0238851456338775,0.07886218403015714,0.06257525510825752,0,0
0,0.14760177,0.1326072073702495,0.1295893930040231,0.1365994567914242,0.13559666897606146,0,0
0,0.10693304,0.2603016544113246,0.0470283778191016,0.13808769074347538,0.1076544317918157,0,0
0,0.2605807,0.207819837924147,0.1729450792350281,0.2137818723863917,0.20621071720234346,0,0
0,0.13769907,0.1909253459890931,0.0588191883244673,0.12914786810452014,0.10890438436005229,0,0
0,0.02762616,0.0602245855120234,0.01729613663404,0.03504896071535447,0.02898083341942468,0,0
0,0.49367538,0.5138954347649319,0.3767758788582616,0.4614488978743978,0.4392696403821172,0,0
0,0.104583375,0.1360044024944594,0.0214737970369948,0.0873538581771514,0.06931279151738928,0,0
0,0.32046866,0.3119308630985236,0.3094297421937908,0.31394308843077146,0.3132416417166001,0,0
0,0.017423175,0.0568507093559737,0.0022997590454456,0.025524547800473103,0.01774697389391754,0,0
0,0.07254267,0.107094422508216,0.0183409223839476,0.06599267163072121,0.052352146693617,0,0
0,0.20652178,0.1941908760105151,0.26224109668088,0.22098458423046505,0.23191525754254302,0,0
0,0.37842113,0.262988571171985,0.0839841976875407,0.2417979662865086,0.20811615207816736,0,0
0,0.0067706066,0.0340864401920752,0.0007028941959186,0.013853313662664601,0.00919991711637434,0,0
0,0.19304107,0.1920232878410319,0.1552943616033252,0.18011957314811902,0.17396415936986898,0,0
0,0.109572574,0.101070032436323,0.1202487178367842,0.11029710809103573,0.11321013760565671,0,0
0,0.0790285,0.1251758747985354,0.0302625696508763,0.0781556481498039,0.06387500978514524,0,0
0,0.11934508,0.1372966903033437,0.1311795642309184,0.12927377817808738,0.12885264417612796,0,0
0,0.16899532,0.1269731299275434,0.0447415874613712,0.11357001246297153,0.09846401571619427,0,0
0,0.03908721,0.0497815592330644,0.0121993211350841,0.0336893634560495,0.027782135414154925,0,0
0,0.02246666,0.0045427522956805,0.001898687979132,0.009636033424937499,0.008597892448702099,0,0
0,0.15961109,0.222974163363502,0.0622591258568603,0.14828145974012077,0.12360772260113055,0,0
0,0.17253678,0.1358915181726684,0.2099413396220525,0.17278987926490696,0.1839100074455599,0,0
0,0.12770507,0.2396297803868878,0.0136605122407122,0.1269984542092,0.09306773319773365,0,0
0,0.18987925,0.1509887359081821,0.2165749647425577,0.18581431688357994,0.19544900455291525,0,0
0,0.0116455,0.0326447304224485,0.0023404671610184,0.01554356586115563,0.0111928296649989,0,0
0,0.2666555,0.3011898179109569,0.1239303997936335,0.23059190590153011,0.20219981347900812,0,0
0,0.19540998,0.1872610979762352,0.1035807236951104,0.16208393389044853,0.14786557544280224,0,0
0,0.12000793,0.1809775222833962,0.05919410389979,0.12005985206106207,0.10179493540657424,0,0
0,0.04104292,0.071635687020321,0.0238920275133439,0.04552354484455496,0.03858602716073615,0,0
0,0.07878847,0.2228842596400382,0.0089201082029107,0.10353094594764965,0.07267344702946299,0,0
0,0.10402085,0.0994520206456838,0.0460781553457339,0.08318367533047256,0.07413573680200371,0,0
0,0.06584923,0.074429110787277,0.030759463601043,0.05701260146277334,0.0500203229579769,0,0
1,0.5063458,0.355951254577395,0.713093705236004,0.5251302532711329,0.579640843533481,1,1
0,0.19030048,0.2564575849599381,0.0428280311345806,0.16319536536483956,0.12979567655927793,0,0
0,0.065257736,0.1100269078702078,0.053931074651598,0.0764052395072686,0.06854823969984056,0,0
0,0.30486456,0.3688935872105045,0.212283581419029,0.2953472428765112,0.2713798761516154,0,0
0,0.2826149,0.3604410029036166,0.1433001346989131,0.26211867920084325,0.22852273793017985,0,0
0,0.18537948,0.2173141181345838,0.0193387705221545,0.14067745621891278,0.10874605288799401,0,0
0,0.08887927,0.1097057949635861,0.063129628271726,0.08723823107843735,0.08016975412858021,0,0
0,0.3509799,0.3157627179513197,0.2320857572079927,0.2996094583864375,0.2844893921942603,0,0
0,0.13510588,0.2145909127582856,0.1174383965074083,0.1557117297552313,0.14216914480536127,0,0
0,0.19238353,0.2967818968623547,0.0988067328385363,0.19599071990029696,0.1664748047917391,0,0
1,0.18836848,0.2791209689467488,0.1535198074562328,0.20700308546766055,0.1890946415174662,0,0
0,0.11519019,0.0746343839922882,0.0271683660549418,0.07233098001574333,0.06306811682592853,0,0
0,0.06764912,0.1180663138074987,0.0121755295032539,0.06596365443691753,0.04999576351312669,0,0
0,0.10095899,0.0977990232578326,0.0462480817827977,0.08166869834687678,0.07297154254296537,0,0
1,0.6495957,0.4948940249571164,0.8283658213440784,0.6576185154337316,0.7080404256634625,1,1
1,0.03725422,0.0643265100694974,0.0613662305177598,0.05431565352908573,0.05472468327277938,0,0
0,0.1664007,0.1809864749285493,0.0533476236934332,0.13357826620732752,0.11279131683242646,0,0
0,0.10864155,0.1241607218694337,0.0825882387458911,0.10513017020510827,0.0987187287468323,0,0
0,0.083447374,0.0852977713933212,0.0206820364192078,0.06314239393750966,0.052434784688268135,0,0
1,0.24611384,0.3235559849333861,0.328681016011533,0.29945028031497306,0.30288585699244375,0,0
0,0.0050102915,0.0206434008260173,0.0006109503745256,0.008754880900180966,0.005937242802466261,0,0
1,0.1916417,0.1478400270120225,0.1627612339243553,0.1674143203121259,0.16844113236458214,0,0
0,0.06648956,0.1041268605018037,0.0224528604626219,0.06435642698814187,0.051998670331671694,0,0
0,0.15694472,0.202916513321156,0.0957446341303808,0.1518686224838456,0.1355390357294216,0,0
1,0.4580301,0.3552429615425289,0.4235863114136353,0.4122864576520547,0.4202507780153234,0,0
0,0.21173464,0.3212931898281456,0.0751661774627685,0.20273133576363803,0.16536211869701337,0,0
0,0.004861208,0.0210552443087151,0.0003691752518441,0.008761875853519733,0.00585399888766507,0,0
0,0.7795053,0.7044394676807043,0.8684069933075467,0.7841172536627502,0.8089429801899142,1,1
0,0.1872961,0.2060685403623278,0.0475050204495383,0.14695655360395535,0.12115504829723471,0,0
0,0.44348344,0.5465096864710806,0.2068900103897648,0.39896104562028184,0.3457919744890985,0,0
0,0.08579291,0.1245682709705038,0.0265447754421085,0.07896865213753744,0.063923914915155,0,0
0,0.06888353,0.1279760589201754,0.0498630386276394,0.0822408758492716,0.07119179009785478,0,0
0,0.108474486,0.1050157186891694,0.0273820539551971,0.0802907528814555,0.06723651651543243,0,0
0,0.029956963,0.0751416548699778,0.0100570488693187,0.03838522224643217,0.02904394430865491,0,0
0,0.085416086,0.1750243983909222,0.0263341147690928,0.09559153305333834,0.07379676286273085,0,0
0,0.24507163,0.2623971602729938,0.1617827695578382,0.22308385327694402,0.20689230583351786,0,0
0,0.1653207,0.2174604636995406,0.163977106036104,0.1822527565785482,0.17507685575796011,0,0
0,0.06501949,0.1449675451475787,0.0184527261319468,0.07614658709317516,0.057725719095489146,0,0
0,0.25062913,0.307928118005994,0.0673142978912881,0.20862384863242733,0.17043151154684283,0,0
0,0.014203879,0.0628276226258018,0.0019891789195048,0.026340226848435535,0.017821277684912762,0,0
1,0.10095918,0.1456448865981887,0.064303490178122,0.10363585225877021,0.09156847640869872,0,0
0,0.02404023,0.0370308258890581,0.005944983551953,0.022338679813670367,0.01759072595378812,0,0
0,0.30127656,0.1367947741735734,0.130196542970597,0.18942262571472349,0.1828401943200132,0,0
0,0.09285963,0.1149535883716532,0.0169299581633864,0.07491439217834654,0.059313585756023836,0,0
0,0.16564026,0.236986275877599,0.1327798576645812,0.17846879784739342,0.16347926200781038,0,0
0,0.12996715,0.1614406027864152,0.065480043855095,0.11896259888050338,0.10401828748483052,0,0
0,0.04596395,0.1299354598043307,0.0069316232639062,0.0609436776894123,0.04324208859281924,0,0
0,0.01765942,0.0430372527224709,0.0035521204815923,0.0214162644013544,0.01568133678529033,0,0
0,0.058027606,0.0771386452060046,0.0149664365782451,0.05004422926141656,0.04031922913032347,0,0
0,0.10530897,0.1261369180868807,0.0161109837898577,0.08251895729224613,0.06487556651230499,0,0
0,0.12423354,0.1839372544449174,0.0676327384927998,0.1252678443125724,0.10787388213538339,0,0
0,0.07409823,0.0864645494140378,0.0306599256800923,0.06374090169804336,0.054852341722853706,0,0
0,0.11697653,0.1459409416361294,0.0508632327390712,0.10459356812506686,0.08971276369676148,0,0
1,0.19254985,0.2524507215646877,0.1158430420073962,0.1869478711906946,0.16617662031663563,0,0
0,0.07799513,0.1367839738869427,0.056860124620569,0.09054640950250388,0.07918539608767304,0,0
0,0.020854201,0.0411745891370195,0.0032388780455092,0.02175588939417623,0.0161106171501585,0,0
0,0.22011313,0.2270747406500555,0.1359866554987308,0.1943915087162621,0.1794422148793765,0,0
0,0.23871939,0.2740511116342595,0.1301607472584459,0.2143104162975685,0.19150641295607485,0,0
0,0.018577138,0.040636777133422,0.0023709867533059,0.020528300628909302,0.01488599020333735,0,0
0,0.072447345,0.0765889113712241,0.0309261709599898,0.05998747577707129,0.052515071254239716,0,0
0,0.09517285,0.0776944635144456,0.0844511292389107,0.08577281425111877,0.08631631232234446,0,0
0,0.1252091,0.1426710248243604,0.0355174522449074,0.10113252568975593,0.08385566108732577,0,0
0,0.34409645,0.378305740711861,0.3237874416077094,0.3487298774398568,0.34078380394622687,0,0
0,0.0536512,0.08335583328653,0.0114880447374418,0.04949835934132393,0.0385105490260269,0,0
0,0.3343534,0.3346177434130591,0.1161732957325998,0.261714813048553,0.22531621654891176,0,0
0,0.021661764,0.0862270036393474,0.0033802524901546,0.03708967337650067,0.02543405617294678,0,0
0,0.13193078,0.1968060112568499,0.0395154808948437,0.12275075738389786,0.09869817669879183,0,0
0,0.13227983,0.265945180769146,0.0684127672855116,0.15554592601821918,0.127079368796585,0,0
0,0.15547599,0.1912462835088452,0.1189360365375328,0.155219436682126,0.14436007197053544,0,0
1,0.16819088,0.2016676096392587,0.1072053289267865,0.1590212728553484,0.144393450391245,0,0
0,0.08640555,0.1309920243254143,0.0700531633381709,0.0958169125545284,0.08714665153416831,0,0
0,0.17842878,0.2255215878524153,0.1708562512996383,0.1916022063840179,0.1840610772203022,0,0
0,0.12726425,0.1305459663916734,0.0915898966166234,0.11646670433609892,0.11008341658664637,0,0
0,0.04815024,0.1212364581107495,0.0116542126907624,0.060346970267170626,0.0445194699675311,0,0
0,0.08665252,0.180833132735447,0.0105218478606825,0.0926691668653765,0.06742330647743065,0,0
0,0.066370845,0.090155366569708,0.0028308689915413,0.05311902685374977,0.03935776130971225,0,0
0,0.053427637,0.1073564656420157,0.0202354333559988,0.060339845332671505,0.04761730090640254,0,0
1,0.18650135,0.2414329593926283,0.1028586753830035,0.1769309949252106,0.15566633457002743,0,0
0,0.6237767,0.3669050301399361,0.4464585971276835,0.4790467757558732,0.48374331459182895,0,0
0,0.07252061,0.1970643437260038,0.0199568322183564,0.09651392864812007,0.07114746785437896,0,0
0,0.053723387,0.1000525344975464,0.0056668306799232,0.05314758405915654,0.03896093833947088,0,0
0,0.2046418,0.3169577675933352,0.1674068865339257,0.22966881804242031,0.20848753678562987,0,0
0,0.096041635,0.200221086008835,0.0233589730832953,0.10654056469737677,0.08053619424341465,0,0
0,0.11975652,0.1394060640279121,0.0232578994143682,0.09414016114742678,0.07543711851276654,0,0
0,0.044301014,0.0510061005225606,0.0182232805440183,0.03784346502219297,0.03260316457652127,0,0
0,0.5089192,0.6058014407128198,0.2805268431735025,0.46508249462877416,0.4140994697293152,0,0
0,0.42462534,0.4442356816449492,0.251022676554009,0.37329456606631944,0.3417460766059943,0,0
0,0.819977,0.697830791451399,0.8428162093065352,0.7868746669193114,0.8069673629435474,1,1
0,0.40038848,0.4707696390139812,0.1525889248672678,0.341249014627083,0.29056493423643015,0,0
1,0.1402984,0.2933163128041854,0.1090505682854759,0.18088842702988708,0.15527806670357502,0,0
0,0.17565052,0.1575281502693627,0.1229388603654906,0.15203917687828442,0.14567021623661786,0,0
1,0.6988239,0.6102182527549034,0.7126483216831685,0.6738968248126906,0.6880149813925649,1,1
1,0.747489,0.7348442145385009,0.7836210465360939,0.7553180870248649,0.7630260661757471,1,1
0,0.08670118,0.2004934317632151,0.0218326720223044,0.10300909459517316,0.07702537636379522,0,0
1,0.65542316,0.6730576379102093,0.5488729369912758,0.625784578300495,0.6056749440776799,1,1
1,0.7099862,0.6569297385625512,0.4059391545791044,0.5909516977138852,0.5473513850020625,1,1
0,0.12515123,0.2244391865324009,0.0476958526461032,0.13242875639283472,0.10628113262953179,0,0
0,0.58566666,0.6221882533168164,0.5571028166606593,0.5883192433258252,0.5786890569936929,1,1
1,0.7359946,0.7994396704820698,0.5949883795547938,0.7101408833456212,0.6781805038738109,1,1
0,0.5230455,0.7015230165310989,0.3911888767289894,0.5385857977533628,0.4928126916707145,1,0
1,0.7561836,0.7656176358955792,0.8176255684596214,0.7798089347850669,0.7887913914089265,1,1
1,0.7596095,0.6746568744827309,0.7128504312571662,0.7157056019132991,0.7192394405251292,1,1
0,0.2959254,0.4087919416278906,0.1690502130926802,0.2912558515735236,0.25506111487191824,0,0
0,0.68763584,0.6347978379538755,0.6754075105827952,0.6659470628455569,0.6709540748821727,1,1
1,0.7236987,0.7354733824846658,0.8890307540798215,0.7827342788548292,0.8087196635368439,1,1
0,0.6778405,0.7247685315645006,0.5223927454643306,0.6416672590096103,0.6095022290450653,1,1
1,0.7775668,0.7502939896243175,0.5994830204257768,0.7091146033500314,0.6830703481377519,1,1
0,0.14177513,0.264715136257737,0.0364203406377913,0.1476368689651761,0.11368573657044306,0,0
0,0.4670606,0.2789875329756918,0.2092260186561408,0.3184247172106109,0.30052869592320874,0,0
0,0.007002691,0.0084127182682095,0.0026779708077047,0.006031126691971399,0.005122336357494249,0,0
0,0.019777827,0.0621844149608738,0.0042480303648922,0.028736757441922,0.02049424627462086,0,0
1,0.8176177,0.7081363906493447,0.9507863550851348,0.8255134819114932,0.8623057656724363,1,1
0,0.023390243,0.0472486762539218,0.0069741857041803,0.025871034986034033,0.01995390100287451,0,0
0,0.033082776,0.0568934285322582,0.0071357063084671,0.032370636946908435,0.024871371660685187,0,0
0,0.026391089,0.0555117604621317,0.0041373618156349,0.0286800704259222,0.021088359700243788,0,0
0,0.05104103,0.0909067470849076,0.0105060254967393,0.0508179341938823,0.038746671165351174,0,0
0,0.4265109,0.4159163757326348,0.1446295905362219,0.32901895542295223,0.28345134041463793,0,0
1,0.07524141,0.0514265057756692,0.5367008054099726,0.22112290706188056,0.3012081268601201,0,0
0,0.043187894,0.1031676130283823,0.0034045993136852,0.04992003544735583,0.03529219046251906,0,0
0,0.23101293,0.2944204011960541,0.1043824985514406,0.20993860991583158,0.18037920851493114,0,0
0,0.19994716,0.1438705007713105,0.0405767781059299,0.1281314796257468,0.10904663720722704,0,0
1,0.14687355,0.25452865661743,0.2209465748062438,0.20744959380789127,0.2054410837266079,0,0
0,0.1540274,0.2404581614700698,0.1526483867729985,0.18237798274768943,0.1706240456805132,0,0
0,0.40454695,0.382051286087979,0.6998620683773789,0.49548676815511933,0.5477053764062852,0,1
0,0.74315923,0.4235207198791746,0.3325677984382084,0.49974924943912774,0.47393581219493913,0,0
0,0.035030596,0.045170425289714,0.0034878881559059,0.027896303148539966,0.02128720793589575,0,0
0,0.014828464,0.0095499717878968,0.0029716700500225,0.0091167019459731,0.00784436858259061,0,0
0,0.19207989,0.2081505642888819,0.1798446026744481,0.19335835232111,0.1891763811950004,0,0
0,0.023313869,0.1110222870601844,0.0044216187424016,0.046252591600862,0.03140942748323768,0,0
0,0.3059544,0.4165333342178447,0.092461943420143,0.2716498925459959,0.22132395855364045,0,0
0,0.77742153,0.7572119137194406,0.8694326162994988,0.8013553533396465,0.8193851498936375,1,1
1,0.5221082,0.5410934922369726,0.4613434745002644,0.5081817222457456,0.4955228956975267,1,0
1,0.71992594,0.7176785951726243,0.5619117094077957,0.66650541486014,0.6404693557384227,1,1
0,0.6250425,0.6536957797570467,0.3462985688288048,0.5416789495286171,0.49140119036581176,1,0
1,0.5966024,0.4687318746857682,0.5692650357816074,0.5448664368224585,0.5573596128279573,1,1
1,0.62680453,0.7642203478030076,0.316885774391777,0.5693035507315949,0.49932831575649006,1,0
1,0.72362894,0.7562914494250802,0.7379064528681082,0.7392756140977293,0.7373001983190701,1,1
1,0.7493388,0.8497663733531851,0.6493991999869516,0.7495014577800455,0.7194545146641129,1,1
0,0.25972375,0.2357235338682005,0.2211733483921955,0.23887354408679864,0.23564850596973785,0,0
1,0.7122848,0.7148761071688056,0.5407476443453829,0.6559695171713962,0.6270344836064525,1,1
0,0.28856632,0.3379758051971246,0.1155001139271368,0.24734741304142047,0.2119151140029933,0,0
0,0.118213035,0.3177514345695346,0.0138532686675948,0.14993924607904313,0.1059408317477043,0,0
0,0.095787436,0.3308024332083013,0.0173487815159374,0.1479795502414129,0.10357110819962898,0,0
1,0.5587983,0.6270975305144456,0.6931797300227462,0.6263585201790639,0.6396488611142622,1,1
0,0.14584978,0.2903494158409166,0.0220268767334082,0.1527420241914416,0.11283825553488742,0,0
0,0.12589337,0.3558064266464311,0.0202513676804249,0.16731705477561865,0.11905498016949867,0,0
0,0.37721485,0.3321480269134328,0.493065689952222,0.40080952228855155,0.42612690535879755,0,0
1,0.6745152,0.7065860907055768,0.566913849281982,0.6493383799958529,0.6271287027821064,1,1
0,0.43493298,0.3392488957178551,0.1309156325865087,0.301699169434788,0.2637874894368254,0,0
1,0.6670709,0.7218488272479852,0.5400256174428706,0.6429817815636186,0.6145038441710323,1,1
1,0.69317454,0.7174412674086358,0.5319967275592655,0.6475375116559672,0.6174389792613599,1,1
0,0.5202577,0.6900900380805135,0.3561633910521194,0.5221703763775444,0.4721770131421624,1,0
0,0.79271024,0.770020331556839,0.7259988062674538,0.7629097926080975,0.7548165414450947,1,1
0,0.052879456,0.0521409954636642,0.0063173583505548,0.037112603271406336,0.029450715068010242,0,0
1,0.91387,0.8204573447234248,0.9300957199181132,0.8881410215471793,0.9033003289037416,1,1
0,0.361483,0.3232425429794887,0.154601264078377,0.2797756023526219,0.2503940406350862,0,0
1,0.89218235,0.8661610008583662,0.8973665763185552,0.8852366423923073,0.8895701933309509,1,1
0,0.35124215,0.3520134014738114,0.2791455275082214,0.32746702632734426,0.31534808904887296,0,0
0,0.32887045,0.4092722694582684,0.1040785395366644,0.2807404196649776,0.2325548586599859,0,0
1,0.636199,0.6682144743689516,0.4463592459545984,0.5835909067745166,0.5476822178510895,1,1
0,0.53007716,0.6275720502429112,0.4682407108130602,0.5419633070186571,0.5186579134551124,1,1
1,0.6522319,0.6709875622880841,0.3775206497396317,0.5669133706759053,0.5186274073274326,1,1
1,0.5266636,0.668369270667333,0.4698671454188577,0.5549666720287302,0.5266065068428954,1,1
1,0.7735013,0.8132632493153948,0.7663053681019847,0.7843566391391265,0.7778557239140713,1,1
1,0.7347724,0.7176444126563318,0.4531064506158659,0.6351744210907326,0.5905138278391994,1,1
1,0.77768886,0.7350078209344384,0.8066267185168979,0.7731077998171121,0.7836215814453367,1,1
1,0.7672212,0.7782645860213009,0.7185607342796909,0.7546821734336641,0.7450996443441057,1,1
0,0.3426174,0.350620941951486,0.1553577991927139,0.28286538038139997,0.25058830798665416,0,0
0,0.44528204,0.5374555235037597,0.2781724561908667,0.4203033398982088,0.3801619447961853,0,0
0,0.098230205,0.1649148684840157,0.0268137067197937,0.09665292673460314,0.07585888855669999,0,0
1,0.833063,0.6560218442180458,0.8104294984554685,0.7665047808911715,0.7863380180713434,1,1
1,0.6348411,0.4323192180670379,0.3887973051990466,0.48531920775536147,0.47131482621293086,0,0
0,0.27195063,0.458778977860916,0.0822049522907773,0.2709781867172311,0.21444346071757187,0,0
0,0.49274215,0.3897805522834651,0.4173075008298351,0.4332767343711001,0.43443250587161053,0,0
0,0.08319598,0.1743850413588037,0.0146018770204477,0.09072763279308378,0.06713674078198459,0,0
1,0.81998026,0.8240560351024827,0.9213766597272788,0.8551376516099204,0.8714936148841359,1,1
1,0.83378917,0.7460339901841128,0.9199754524752966,0.8332662042198032,0.8593312752744708,1,1
0,0.3806353,0.1129808331448679,0.2471488747552244,0.24692166930003076,0.26036119400658575,0,0
0,0.093800545,0.1727402346579934,0.055304018593304,0.10728159941709914,0.09034021972825068,0,0
0,0.25530586,0.236453767511349,0.180093682245941,0.22395110325242998,0.2139293526252403,0,0
0,0.019507574,0.0345685453176193,0.0035957375987318,0.019223952305450365,0.014563850062889759,0,0
0,0.06620429,0.1152882381623276,0.0115395322608168,0.06434402014104813,0.04868870076287392,0,0
0,0.83496684,0.7687368561792132,0.7923254777398435,0.7986763913063523,0.8004001621057644,1,1
1,0.7687734,0.8241474723366926,0.9262164601001616,0.8397124441456181,0.8585697445174193,1,1
0,0.39795703,0.3046396485311505,0.1246983652297195,0.2757650145869566,0.24266422132108983,0,0
0,0.17447764,0.3020713722778074,0.0232882800448093,0.16661243077420557,0.12440170647796613,0,0
1,0.77774614,0.7339132411263444,0.7424129246379039,0.7513574352547495,0.7513129525442208,1,1
0,0.2102873,0.2200692199970755,0.061781909645758,0.16404614321427782,0.1379909888222941,0,0
0,0.64505297,0.4315611781800396,0.4219902423897469,0.4995347968565955,0.4908232478308813,0,0
0,0.49982947,0.498834111565676,0.5428866409600286,0.5138500741752349,0.5211589837931495,1,1
1,0.81205374,0.7906065820533116,0.8265538643567698,0.8097380621366937,0.8150143705890472,1,1
1,0.7224352,0.6943415352163125,0.8589107728113713,0.7585625026758946,0.7850542534489482,1,1
0,0.14584777,0.1365409167521857,0.0450754215879752,0.10915470278005361,0.09360022514442473,0,0
0,0.16043562,0.2251427232429036,0.1170093419697289,0.16752922840421083,0.15166390163344518,0,0
1,0.7376705,0.7427536017029895,0.6951079813323573,0.7251773610117823,0.7174058610067766,1,1
0,0.21043788,0.2119163955026995,0.249438274433693,0.2239308499787975,0.2302337803173864,0,0
1,0.81622523,0.7267239916202707,0.8041831430767724,0.7823774548990143,0.7923039388624404,1,1
1,0.2473506,0.2081260370265238,0.1547091533231519,0.2033952634498919,0.1931849640668807,0,0
0,0.15477185,0.2431340805493009,0.1430646373204459,0.1803235226232489,0.16659068977008312,0,0
0,0.22840962,0.2688223284067018,0.2176076352853408,0.23827986123068087,0.23109116932401075,0,0
1,0.6504805,0.7251155041256818,0.3767697779201954,0.5841219273486257,0.528552139785234,1,1
0,0.29436746,0.1662943759582196,0.2806459166225061,0.24710258419357523,0.26189207150289695,0,0
0,0.2678602,0.3176984621483996,0.0997338277828571,0.22843082997708555,0.19376466632110848,0,0
1,0.7106204,0.7863296195208198,0.6913454564883024,0.729431825336374,0.7161247721483152,1,1
0,0.014088343,0.0504558807387339,0.0028227474324675,0.022455657057067136,0.015729052763980532,0,0
1,0.70753974,0.7341306401471663,0.8693549983806376,0.7703417928426014,0.793765549219752,1,1
0,0.33029297,0.4767065588434445,0.1125478113326435,0.306515780058696,0.25070310843501065,0,0
0,0.68129873,0.689668563627748,0.4504823997954947,0.6071498978077475,0.567564531623297,1,1
1,0.952878,0.9100694133709872,0.9780523564197292,0.9469999232635722,0.9569034608840621,1,1
0,0.6387979,0.5790011839106164,0.4767022441016476,0.564833776004088,0.5457907288329471,1,1
0,0.23758006,0.2537874533541834,0.0516928514845194,0.18102012161290093,0.14787793441309638,0,0
1,0.9382733,0.9013102629403312,0.9849334243257528,0.941505662422028,0.9542107547509426,1,1
1,0.9364734,0.90399568594283,0.969898992634852,0.9367893595258939,0.946690653505992,1,1
1,0.5765585,0.6517371419566046,0.2802251724541568,0.5028402714702538,0.44342756461839933,1,0
0,0.28276324,0.3280254035603246,0.1580558279044032,0.2562814904882426,0.22946196666426655,0,0
1,0.64765066,0.6378148919562964,0.6525074307547807,0.6459909942370258,0.6481118917686496,1,1
1,0.5277257,0.4192522566919403,0.3723632194446351,0.43978039204552516,0.4283497710607056,0,0
0,0.5650275,0.6796148101238896,0.4453879736182101,0.5633434279140331,0.528125198833883,1,1
0,0.27736285,0.2366148368859248,0.2104400114084586,0.2414725660981278,0.23575182808141426,0,0
0,0.399849,0.4355211570882867,0.14571865756598,0.3270296048847556,0.27991826020064736,0,0
0,0.10345897,0.253492382701292,0.0110540068980357,0.12266845319977589,0.08726317098927625,0,0
1,0.8218547,0.8357973971385746,0.7371101580954169,0.7982540850779971,0.7822709684754234,1,1
1,0.7635391,0.7432121181556512,0.7636185663775814,0.7567899281777443,0.759513436819921,1,1
1,0.3161541,0.4038531288990835,0.1943153983015433,0.30477420906687563,0.27277455493058833,0,0
0,0.034207143,0.0515643164619976,0.0060587864813174,0.030610081981105,0.02360439943305822,0,0
0,0.039620064,0.0345263650389754,0.0550869425675007,0.04307779053549204,0.04633476349154543,0,0
0,0.013406857,0.0416857204444983,0.0017915422642063,0.01896137323623487,0.01325497232100281,0,0
0,0.04908589,0.0294808829722804,0.0040897623036962,0.027552178425325535,0.02266682474630418,0,0
0,0.027935924,0.041058901522993,0.0025545597019641,0.023849795074985695,0.01786983735558065,0,0
0,0.23229343,0.254812007576958,0.0295981818910141,0.17223453982265738,0.13544952146089864,0,0
0,0.035380382,0.0292311840057636,0.009837359764985,0.02481630859024953,0.021379031283645218,0,0
0,0.017762111,0.017023027290408,0.0049318781811426,0.013239005490516867,0.011199177848652899,0,0
0,0.033200234,0.0425925822000777,0.0047848806519916,0.026859232284023104,0.020871026966011338,0,0
1,0.9021515,0.8992312783400476,0.9625935876104884,0.9213254553168454,0.9317884994732537,1,1
0,0.07840257,0.0874415541210372,0.1994174664307266,0.1217538635172546,0.14071781503957076,0,0
0,0.070121445,0.0890593777849469,0.0630877626573005,0.07408952848074912,0.07039219038563962,0,0
0,0.086491704,0.1317453900174241,0.1281067713189641,0.11544795511212941,0.11634997486296687,0,0
0,0.13127701,0.1339955958323778,0.1080849630638701,0.12445252296541597,0.1202247036984106,0,0
0,0.10253607,0.1369163199035842,0.0206267820552034,0.08669305731959587,0.06845747600831854,0,0
0,0.16657166,0.3093600989748802,0.0427403618557805,0.17289070694355357,0.13321369872286629,0,0
1,0.13505444,0.2588979629088118,0.1092230880589037,0.16772516365590517,0.1469074686112142,0,0
0,0.19939521,0.0777843241076648,0.0977502155764567,0.12497658322804049,0.12425053560976129,0,0
0,0.122893326,0.0978318717844089,0.0320362324645425,0.08425381008298381,0.07245248838915302,0,0
0,0.021314053,0.0558671990299587,0.0015620535940194,0.026247768541326034,0.018348682503001437,0,0
0,0.057747826,0.1172388671899178,0.0125723504157042,0.062519681201874,0.04705829644583566,0,0
0,0.0063255196,0.0194043493829683,0.002558372961977,0.009429413981648434,0.00705771223758216,0,0
0,0.031276524,0.0528106889422445,0.0507992440663805,0.04496215233620834,0.045344717021639155,0,0
1,0.514827,0.6905637533190977,0.2258239897150057,0.47707158101136776,0.4054728455213224,0,0
0,0.18350065,0.169382517816675,0.2648931318314967,0.20592543321605725,0.22137326447908334,0,0
1,0.7770227,0.7383438548145853,0.7498062396766738,0.7550575981637531,0.755678700801254,1,1
0,0.4183371,0.4436466341312763,0.5949028408223184,0.48562885831786495,0.5116818772374144,0,1
0,0.81411284,0.9043539785697384,0.9553168273274416,0.89126121529906,0.9027630613776685,1,1
0,0.44222227,0.548134827995812,0.4163494041526709,0.4689021673828277,0.45046834867549784,0,0
0,0.13336046,0.1901417594624788,0.0803437718896507,0.13461533045070984,0.1182083758373211,0,0
0,0.14296368,0.2250074561819079,0.0429888873763857,0.1369866745194312,0.10938503892457445,0,0
1,0.4686798,0.4401809135560836,0.337333612200264,0.4153981085854492,0.39730692881134866,0,0
0,0.13848712,0.203549543871337,0.0619142169261856,0.13465029359917421,0.1132131532373602,0,0
0,0.4622392,0.2668823131841127,0.2689461520537939,0.3326892217459689,0.3265212986637195,0,0
0,0.0955463,0.2045900741766452,0.0262940000311396,0.10881012473592826,0.08272890485089884,0,0
0,0.61052245,0.5406792066771269,0.4130794804418714,0.5214270457063327,0.49783231655636107,1,0
1,0.6409709,0.7920624928639654,0.8262837268885599,0.7531057065841752,0.763845632017073,1,1
1,0.7408906,0.7069673263321651,0.5881458429595542,0.6786679230972398,0.6577335667462101,1,1
0,0.14067957,0.1032021717281069,0.031627005023336,0.09183624891714763,0.07865780785728937,0,0
0,0.523001,0.7573246424470165,0.4936431966958344,0.5913229463809503,0.5551868268373205,1,1
0,0.027237153,0.0497693390110021,0.0013664469290276,0.0261243129800099,0.018808237166714217,0,0
0,0.019921027,0.0417156549259344,0.0033366072260972,0.0216577630506772,0.015987742698235483,0,0
0,0.120546594,0.1843355046602936,0.007399510053767,0.10409386957135353,0.07673083415894222,0,0
0,0.26402268,0.3385491830009481,0.1431084396801021,0.2485601008936834,0.21847086044024067,0,0
1,0.7094682,0.6675981581109318,0.6573284368080388,0.6781315983063235,0.6750243100262057,1,1
1,0.8347103,0.7597311655101728,0.765445494014801,0.7866289865083246,0.7850820701094351,1,1
0,0.1909303,0.144602628306118,0.0986081857793484,0.14471370469515546,0.1355037085508978,0,0
1,0.91629654,0.8540959780916038,0.9285352909424578,0.8996426030113538,0.9099758030895497,1,1
1,0.99336773,0.9638339384332476,0.9989674334031574,0.985389700612135,0.9902608233882282,1,1
1,0.80711675,0.6111337906451667,0.9746117003021588,0.7976207469824419,0.8516676332801127,1,1
1,0.8707279,0.8317919993059841,0.949872454146355,0.8841307844841131,0.9025129969343744,1,1
1,0.7817355,0.8329236153820372,0.952222544812357,0.8556272200647981,0.877216645482586,1,1
0,0.41923764,0.6429843712309533,0.298865948216352,0.4536959864824351,0.40380114035436665,0,0
0,0.53700584,0.5136652788398882,0.2524029717977693,0.4343580302125525,0.3900362936668623,0,0
1,0.98762256,0.9669964217199476,0.9973122289301456,0.9839770702166977,0.9883421668090624,1,1
0,0.05867592,0.0533716476547731,0.0552312424221273,0.0557596033589668,0.05589272674201827,0,0
1,0.49627784,0.6843094745913986,0.5445913165144549,0.5750595437019511,0.5580409051755072,1,1
1,0.8271495,0.7376212137856464,0.9380963667460648,0.8342890268439037,0.8647172761301616,1,1
1,0.8308263,0.7068846264590557,0.9452083056721232,0.8276397440437263,0.8632289681278728,1,1
0,0.41023603,0.5025513082212891,0.1098155521071792,0.34086763010948945,0.2784888466978474,0,0
1,0.9412498,0.9138195414096654,0.9711752733200648,0.9420815382432434,0.9507264849419654,1,1
0,0.36097777,0.2285242900709517,0.5275288774939977,0.37234364585498314,0.41776262776118916,0,0
0,0.101360165,0.1554062077421086,0.050144209504,0.10230352741536952,0.08656139580042171,0,0
1,0.98699075,0.9644820882889696,0.9986148116601252,0.9833625499830316,0.9883010484878566,1,1
0,0.31551605,0.3139412983325421,0.0731956553927718,0.23421766790843798,0.1940409023628943,0,0
1,0.9025319,0.8622656276985728,0.930115970269404,0.8983044993226589,0.9082706806744165,1,1
0,0.77600825,0.7161806738013254,0.6668132040306987,0.7196673759440081,0.7094452117756144,1,1
1,0.7456913,0.676051073793676,0.7782460350339325,0.7333294696092029,0.7480406222757015,1,1
0,0.06271688,0.0981850810713349,0.0342627836677682,0.06505491491303438,0.055583472048151075,0,0
1,0.7293278,0.6337682703671357,0.8819093212167958,0.7483351305279772,0.786506654681825,1,1
1,0.616503,0.5253616903976034,0.5173271551525889,0.5530639485167308,0.5486868156558151,1,1
0,0.12174443,0.1339955958323778,0.0685184545973746,0.1080861601432508,0.09758167546516286,0,0
0,0.05788916,0.0596291454830012,0.0113687548502979,0.042962353444433034,0.03497695452174919,0,0
1,0.390483,0.4413707412235878,0.2396398236548848,0.3571645216261576,0.32523896007215997,0,0
0,0.62509805,0.3560461735065274,0.2663681485276291,0.4158374573447188,0.39192272396511996,0,0
0,0.3838596,0.5717108003537115,0.0450877487060696,0.3335527163532604,0.2520439144237771,0,0
1,0.78149426,0.6310148811987335,0.7522090738860499,0.7215727383615945,0.7367557911827716,1,1
0,0.39549917,0.4187735809932347,0.1252081650589945,0.3131603053507431,0.2650085497281442,0,0
0,0.09425029,0.212745395993388,0.0330615686262257,0.11335241820653791,0.08735495051179044,0,0
0,0.07540993,0.1566520728927925,0.0078821541182838,0.07998138567035877,0.057894470637700396,0,0
1,0.67823136,0.4817349660055089,0.8774931817276681,0.6791531692443923,0.7385629920649358,1,1
0,0.12311623,0.1610541203580887,0.0488400722381725,0.11100347419875373,0.09356572919070398,0,0
1,0.4887008,0.5617188540713277,0.8064996385298466,0.6189730975337248,0.6622038300791888,1,1
0,0.067078725,0.2016519387948337,0.0069055711955635,0.09187874499679906,0.0639067908567485,0,0
0,0.2907652,0.3377299684137085,0.1818296232700081,0.2701082638945722,0.24569036531774574,0,0
1,0.9818809,0.9617855356503884,0.9968363716718104,0.980167602440733,0.9853395629659829,1,1
1,0.926196,0.8796046753358026,0.9451289681048772,0.9169765478135599,0.9263442191195992,1,1
0,0.36694655,0.379818587986614,0.3170274818511375,0.3545975399459172,0.34456142352289154,0,0
1,0.9902076,0.9689043619129888,0.9995583251964746,0.9862234290364879,0.9906223149808351,1,1
1,0.9881924,0.9538095384187936,0.998562389761122,0.9801881093933051,0.9865008225643197,1,1
1,0.9804565,0.9610111150469244,0.9943526169452436,0.9786067439973892,0.9835154814820066,1,1
0,0.4403659,0.4839479139824015,0.2463476341653163,0.3902204827159059,0.35207316987913845,0,0
0,0.11452678,0.2571777881236819,0.0291434279626752,0.13361599869545238,0.10036530560607397,0,0
0,0.30504647,0.2304987907435818,0.097618962431821,0.21105474105846758,0.18642318036462685,0,0
1,0.7451561,0.729810501648379,0.8445826909612529,0.773183097536544,0.7918002758103022,1,1
0,0.12304168,0.1827413272885925,0.0222395840794326,0.1093408637893417,0.0845805614974348,0,0
0,0.13131191,0.133673473780738,0.0294340628419876,0.09813981554090852,0.08084529917714141,0,0
0,0.25867656,0.3387417519142968,0.0927626841935828,0.23006033203595988,0.19173266047965076,0,0
1,0.8807341,0.926220601695656,0.9118096253955824,0.9062547756970795,0.9053691630369225,1,1
0,0.17642874,0.2716666910768484,0.0639455581883505,0.17068032975506628,0.13923473930954494,0,0
0,0.20674135,0.1000123967472396,0.0718259320733443,0.12619322627352797,0.11793785038612006,0,0
0,0.20746653,0.2179769899438057,0.104850449922331,0.17676465662204555,0.15826058194992665,0,0
0,0.117506035,0.1245358155107064,0.0696448233955675,0.10389555796875798,0.09498138529992503,0,0
0,0.8508314,0.7322695627206585,0.4292385939521886,0.6707798522242824,0.616322629520226,1,1
1,0.9428943,0.962365626218362,0.9915776158642708,0.9656125140275442,0.9711302231758078,1,1
0,0.11404531,0.1981239622699038,0.0372259890470137,0.11646508710563917,0.09245137997748762,0,0
1,0.70298856,0.4232623266468792,0.796701220354219,0.6409840356670328,0.6938996435064853,1,1
1,0.88451767,0.8385047108224578,0.8132130709363944,0.8454118172529507,0.8396627786326887,1,1
1,0.97372764,0.958992838291149,0.994125203890737,0.9756152273939621,0.9809794616035983,1,1
0,0.1591815,0.298544036537633,0.0212859362966571,0.15967049094476338,0.11810622545585514,0,0
1,0.4852912,0.5421872782194004,0.3941588739573237,0.47387911739224137,0.45110425262254195,0,0
0,0.10527156,0.1671415425386467,0.0285680705081163,0.10032705768225432,0.0792938117617875,0,0
0,0.29169935,0.4501539621924246,0.122239486313728,0.2880309328353842,0.23866034059534894,0,0
0,0.23394947,0.1893348103903099,0.1197622557773947,0.18101551205590152,0.16793293096675932,0,0
1,0.941126,0.9675355678520222,0.9419949787309468,0.9502188488609896,0.9468424029358778,1,1
1,0.95783985,0.9447590357920328,0.9660614468182634,0.9562201108700988,0.9593344855675383,1,1
0,0.4077181,0.2951623564925428,0.2472582253800375,0.3167128939575268,0.3049770139885273,0,0
1,0.98506606,0.9752180887328016,0.9964708665716848,0.9855850051014955,0.9887988690324028,1,1
1,0.9664741,0.9664131185474626,0.9955871305476018,0.9761581163650215,0.9810184189832934,1,1
1,0.9789619,0.9611093091903644,0.9969878890139292,0.9790196994014312,0.9844043763450374,1,1
0,0.26298591,0.2846346121399143,0.066994526135609,0.20487168275850776,0.16931995849578735,0,0
1,0.9233743,0.930723546149866,0.984964401676874,0.9463540826089134,0.9556392000684102,1,1
1,0.9795323,0.9680453684164636,0.9968037319612028,0.9814604667925555,0.9858706296638942,1,1
1,0.9967796,0.9837942301681668,0.999777042842444,0.993450291003537,0.9956812474548553,1,1
1,0.9890105,0.96450607169629,0.9986165347400084,0.9840443688120994,0.9889126317092622,1,1
1,0.6736757,0.4974636867735319,0.8099582155392983,0.6603658674376102,0.7065745551243555,1,1
1,0.98302966,0.940588982982832,0.992800913721867,0.9721398522348997,0.9794271514574999,1,1
1,0.9920711,0.9664547624409008,0.9979426485345974,0.9854895036584993,0.9898836067554788,1,1
1,0.9303753,0.9297592393604522,0.985752483698932,0.9486290076864613,0.9579406797215564,1,1
1,0.9946578,0.9781877248541332,0.998550455716854,0.9904653268569957,0.9933101128292536,1,1
1,0.90288705,0.8508619624247741,0.9759994907948424,0.9099161677398722,0.9290382528823761,1,1
1,0.66997224,0.4239309253236058,0.713799264184735,0.6025674765027803,0.6426774891570887,1,1
1,0.958649,0.9664888558082192,0.9834065902613252,0.9695148153565148,0.9725957662923064,1,1
1,0.9557358,0.8763595756718,0.9492989161362032,0.9271314306026678,0.9366421132024616,1,1
0,0.5471648,0.5169969828002254,0.7403148245985772,0.6014922024662676,0.6377062488593337,1,1
0,0.42909464,0.3434561257124449,0.4942372188626677,0.4222626615250375,0.4445382265738228,0,0
0,0.22954816,0.2095086163442943,0.0565414902148516,0.16519942218638198,0.13903691637628465,0,0
0,0.26736572,0.3249005106769384,0.1396079901606347,0.24395807361252433,0.21499381321570502,0,0
1,0.96752506,0.8666790418117668,0.9897179450895768,0.9413073489671145,0.9584522989071418,1,1
0,0.63123953,0.6877945635296373,0.5650239563185232,0.6280193499493868,0.6094427498651891,1,1
0,0.72724146,0.7618027774993501,0.4964584936465491,0.6618342437152998,0.6187622403231445,1,1
0,0.5845487,0.6743540136363071,0.8022232564067729,0.6870419900143601,0.7113470409306479,1,1
0,0.7095878,0.6851061107621211,0.6487388489095365,0.6811442532238857,0.6742669866071924,1,1
0,0.2014316,0.2868459419081278,0.0630005790468379,0.1837593736516552,0.1492989579050445,0,0
1,0.5423162,0.6236832686986253,0.6035481494854497,0.5898492060613584,0.5892055884824499,1,1
1,0.6592657,0.7150641746595616,0.6019292789731642,0.6587530512109087,0.6417571844184944,1,1
0,0.6065451,0.8101442037938482,0.659378249613506,0.6920225178024514,0.6736814955655226,1,1
0,0.034116585,0.01999175904636,0.0063964697837701,0.020168271276710035,0.017431562201157047,0,0
0,0.03546318,0.01999175904636,0.0062703683374418,0.020575102461267265,0.0177724899779929,0,0
1,0.4189645,0.4114815262097671,0.6845313998155972,0.5049924753417881,0.550251355149752,1,1
1,0.2247064,0.2542367031940812,0.1595844584297251,0.21284252054126876,0.1980514898536788,0,0
1,0.22441967,0.3866506435745501,0.2375281273416482,0.2828661469720661,0.26342009338573413,0,0
1,0.22666827,0.3395493664667928,0.3293662521636551,0.298527962876816,0.30059348037518613,0,0
1,0.17281449,0.2235153654066275,0.1429590766194667,0.1797629773420314,0.16802695839105886,0,0
0,0.32658702,0.2329199113471232,0.1442723434004524,0.2345930915825252,0.2166962599696508,0,0
0,0.60514176,0.5100229714265007,0.7010125095807084,0.6053924136690697,0.6340533770756542,1,1
0,0.7686944,0.6108514152509745,0.627692874437882,0.6690795632296188,0.6666250402691358,1,1
1,0.81871253,0.8358078460871138,0.7288139416039724,0.7944447725636953,0.7771822990194089,1,1
1,0.6689438,0.7125337738333143,0.87208676039496,0.7511881114094248,0.7792332749641429,1,1
0,0.33338946,0.4869835260166533,0.0759446542499799,0.2987725467555444,0.2353858703283206,0,0
0,0.17442286,0.2258626226319212,0.0360683813614282,0.14545128799778315,0.11553357320709834,0,0
0,0.4151566,0.3557965402705501,0.2415834824321604,0.3375122075675701,0.3164980292701902,0,0
0,0.27382165,0.2669742135793861,0.1123348872215409,0.21771025026697569,0.19170878132664768,0,0
0,0.17613667,0.3442945907778175,0.0257677184448502,0.18206632640755585,0.1345837783779886,0,0
0,0.19899158,0.34382193407434,0.0521124037513586,0.19830863927523287,0.1545180626905473,0,0
1,0.5885655,0.5614818689632273,0.6121673818065012,0.5874049169232428,0.5949497146958961,1,1
1,0.9844164,0.945903233931165,0.9981947436393024,0.9761714591901557,0.9836029386058842,1,1
1,0.12370978,0.2697450878505082,0.0423084263863401,0.14525443141228275,0.1122161647632717,0,0
1,0.8518679,0.8234301315530976,0.7938585062343277,0.8230521792624751,0.8171756494277834,1,1
1,0.7847842,0.7677319918206572,0.8128257621440204,0.788447317988226,0.7953945394361417,1,1
0,0.13167739,0.2508522088967964,0.0665991490563175,0.14970958265103795,0.12297323330751804,0,0
1,0.74538743,0.7239759776312238,0.7765216194799894,0.7486283423704044,0.7566722342662395,1,1
1,0.83924294,0.7943717740138133,0.6507241041671141,0.7614462727269758,0.7360092888863197,1,1
1,0.8285442,0.6951521876562893,0.8649169508230083,0.7962044461597658,0.820052172942762,1,1
1,0.6826578,0.8000220575362698,0.4826127674511065,0.6550975416624587,0.6061081352328073,1,1
1,0.9247416,0.8976101906771567,0.962909411960774,0.9284204008793102,0.9383992241158183,1,1
1,0.7664353,0.6932684980098548,0.7360545276182886,0.7319194418760478,0.7366115534111153,1,1
0,0.7234588,0.68621882310843,0.467853043167427,0.6258435554252857,0.5882079262053995,1,1
0,0.13741234,0.2494400141105135,0.1096679995423674,0.1655067845509603,0.1459457045932864,0,0
1,0.82112795,0.8070078959100945,0.9058915472392174,0.8446757977164373,0.8606857378016276,1,1
1,0.88043237,0.8093928428548828,0.8382796558622315,0.8427016229057047,0.8451481075020923,1,1
0,0.11709639,0.1339955958323778,0.1280203978261508,0.12637079455284286,0.12593823507955096,0,0
1,0.8624874,0.8482624245667548,0.9396945408818176,0.883481455149524,0.8982459753542598,1,1
0,0.0593193,0.117585243276674,0.0387713152642308,0.07189195284696827,0.06069849628745019,0,0
0,0.088363625,0.1110969337554403,0.032731450514682,0.0773973364233741,0.06509419950842907,0,0
0,0.06407311,0.0801083672672426,0.0230406844046031,0.05574072055728191,0.04676394865575008,0,0
0,0.03925206,0.0898850485196742,0.019411855662157,0.049516321393943734,0.03945855553501334,0,0
0,0.051650688,0.080559996697775,0.0203156064877074,0.05084209706182746,0.0417650089834087,0,0
0,0.07024521,0.1209993341273256,0.0094951947666908,0.06691324629800548,0.05002102720881052,0,0
0,0.03617455,0.0472183425244663,0.0225527426568923,0.03531521172711954,0.03157240483333941,0,0
0,0.15436363,0.2001436128505508,0.0993436765924766,0.15128363981434248,0.13600964986634848,0,0
1,0.5022737,0.5222582485672735,0.7170295393324723,0.580520495966582,0.6136485293796909,1,1
1,0.26368365,0.3850320499754025,0.2183276778010926,0.2890144592588317,0.26527534389562685,0,0
0,0.46365646,0.5055844363484435,0.2744311067493994,0.41455733436594766,0.3774293786443884,0,0
0,0.35753283,0.2043728544631224,0.1251641299105663,0.22902327145789622,0.21071648484790764,0,0
0,0.097413935,0.1372307193001251,0.0342747164114012,0.08963979023717543,0.07380768256572562,0,0
0,0.06701762,0.1256167456197525,0.011267452773213,0.06796727279765517,0.05086236151055701,0,0
1,0.46629632,0.4672687297385595,0.7660357697212109,0.5665336064865901,0.6163605268083173,1,1
1,0.5184821,0.5253969712843441,0.7149112200359067,0.5862634304400837,0.6180796342748222,1,1
1,0.539839,0.5867032926758001,0.648754115519818,0.5917654693985394,0.603669416295069,1,1
1,0.52458876,0.5268347258846283,0.5261904705867865,0.525871318823805,0.5258388084703189,1,1
0,0.6684535,0.6971869620487631,0.5620385315132288,0.642559664520664,0.620992708166367,1,1
0,0.10645838,0.1397876450249605,0.0596392013869774,0.10196174213731264,0.0897146436984808,0,0
0,0.20143908,0.2074977328897652,0.0653961134883215,0.15811097545936223,0.1346293273221138,0,0
1,0.6397238,0.7468239010196205,0.6502201235113317,0.678922608176984,0.66639198195959,1,1
1,0.83512545,0.7593593708268225,0.7792185270989185,0.7912344493085803,0.7920187727148238,1,1
1,0.8538411,0.8130523209559699,0.9095908760896552,0.8588280990152084,0.8735582322360216,1,1
0,0.7636578,0.6718418364549112,0.5372164192611085,0.6575720185720066,0.6320739169215366,1,1
1,0.8814104,0.7670576490987592,0.929017150515286,0.8591617332046817,0.8823432250773948,1,1
1,0.85026187,0.7828164724504342,0.7772905683880503,0.803456303612828,0.800287139684112,1,1
1,0.9726695,0.9794805334748125,0.996594003022876,0.9829146788325628,0.9859939582064006,1,1
1,0.63105863,0.6859228229893461,0.7141047330922297,0.6770287286938587,0.6835545201439841,1,1
1,0.8343327,0.8092138927593253,0.8978195931170783,0.8471220619588012,0.8610523851104042,1,1
1,0.74567175,0.6965690876837324,0.7474895285458806,0.7299101220765376,0.7367601068096867,1,1
1,0.75961494,0.7031343241456781,0.869003321362701,0.7772508618361263,0.8030130075104861,1,1
0,0.54861075,0.5508624751108371,0.4036807806781196,0.5010513352629856,0.4765961103612272,1,0
0,0.7136265,0.7741437796314137,0.7211112996534527,0.7362938597616222,0.7294723557530092,1,1
0,0.7357789,0.6727836655303341,0.802415297699692,0.7369926210766753,0.7564980519559128,1,1
1,0.7975586,0.6902400329146925,0.7910765049660577,0.75962504596025,0.7728538390659674,1,1
1,0.76429856,0.8186404717763931,0.8403668699070297,0.8077686338944744,0.8132010973087934,1,1
0,0.7724156,0.7917987132875373,0.8582363674192193,0.8074835602355854,0.8192026063671171,1,1
1,0.8545219,0.8163553634432824,0.8812263941337051,0.8507012191923291,0.860240839755509,1,1
0,0.7238793,0.6992352077432674,0.687991942520258,0.7037021500878419,0.7010068028087825,1,1
0,0.8274626,0.792312140933155,0.8735674168305835,0.8311140525879129,0.8434849166019227,1,1
1,0.8338089,0.7520296915873799,0.8744797120473508,0.8201061012115769,0.8377884643411513,1,1
1,0.8161819,0.7769507021366535,0.8717815690882404,0.8216380570749647,0.8361354949714509,1,1
1,0.5975387,0.5880984154177059,0.7166613480832681,0.634099487833658,0.6552119671251753,1,1
1,0.61476326,0.5658020524278502,0.7053782339462304,0.6286478487913603,0.6502785054586853,1,1
0,0.15123004,0.2228036259690336,0.0883976380769943,0.15414376801534266,0.13412855623230388,0,0
0,0.8699575,0.7478297878289425,0.8834269339581229,0.8337380739290218,0.85226667454485,1,1
1,0.7079637,0.6346978371196688,0.7638855511843992,0.7021823627680227,0.7212714530161333,1,1
0,0.09191461,0.1647707692853751,0.0303554091061718,0.0956802627971823,0.07570624141016091,0,0
0,0.809269,0.7391603337723328,0.784214415576924,0.7775479164497523,0.7827199745429285,1,1
0,0.2937702,0.383665885800002,0.26232783208481,0.3132546392949373,0.2960281532024054,0,0
1,0.46124148,0.3328696592871488,0.3845159323518864,0.3928756905463451,0.39720434203337296,0,0
0,0.15114796,0.1377313177917786,0.0079950511557501,0.09895810964917623,0.07688817713623078,0,0
1,0.71866506,0.8006280714238635,0.8506750822792594,0.7899894045677076,0.8010626734244024,1,1
0,0.7615772,0.6490996112762035,0.7341504166822247,0.7149424093194762,0.725368290596353,1,1
1,0.73279876,0.7249406167927724,0.4594790709102019,0.6390728159009914,0.5945672868136554,1,1
0,0.24970667,0.2473268205636028,0.1921529689490445,0.22972881983754911,0.2204538495872428,0,0
1,0.82536167,0.7868551549360586,0.9182845022947383,0.8435004424102658,0.8641217831345809,1,1
1,0.75034046,0.7472736124946205,0.8080760971721362,0.7685633898889189,0.7785949090849922,1,1
0,0.18094951,0.118921275660818,0.0683449706841222,0.12273858544831341,0.11224159347422472,0,0
1,0.71132666,0.6513853448309367,0.8472480133969676,0.7366533394093014,0.7672990736646712,1,1
0,0.2806643,0.2687980409548051,0.0590674042050397,0.20284324838661494,0.16749260029348087,0,0
1,0.7927204,0.790400962255609,0.7925861749100832,0.791902512388564,0.7921893999061633,1,1
0,0.446012,0.4284740320050313,0.406509659715742,0.4269985639069245,0.4227532362588773,0,0
1,0.77242976,0.6696468864974412,0.7699943857377088,0.73735701074505,0.7506554981683426,1,1
0,0.07639513,0.1581682553054727,0.0177155973051811,0.08409299420355126,0.0634099887136851,0,0
1,0.541991,0.5061684052526894,0.4330978033998612,0.4937524028841835,0.4803798827504685,0,0
0,0.5836916,0.6036370918065449,0.4464744290881635,0.5446010402982361,0.5190721129053907,1,1
0,0.40259528,0.3801688060686036,0.4620666984179896,0.4149435948288644,0.4278456944227155,0,0
0,0.15441255,0.2675542520056578,0.0386053288729331,0.15352404362619698,0.11913727983759811,0,0
1,0.82606894,0.8203122031009213,0.7861576486534941,0.8108462639181385,0.8049619469469314,1,1
1,0.39572743,0.6194880481219159,0.1578851670799175,0.3910335484006111,0.32155842216434194,0,0
0,0.5719682,0.6760284743706954,0.3464200654685786,0.5314722466130913,0.4800061876084284,1,0
0,0.35889673,0.6094988941899041,0.0960437703905356,0.35481313152681326,0.27759068303324863,0,0
0,0.21031868,0.2870404703635731,0.0879710266603457,0.19511005900797296,0.16448921140288747,0,0
1,0.8431033,0.8413514411709271,0.8367903939490755,0.8404150450400009,0.8395964752087232,1,1
0,0.20153862,0.280511935151371,0.0916937504767702,0.1912481018760471,0.1624108482686593,0,0
1,0.86721045,0.8079516237381528,0.940119862784088,0.8717606455074135,0.8918133911396746,1,1
1,0.7429604,0.7080486703461758,0.7892463057991995,0.7467517920484584,0.759121006968835,1,1
0,0.15441716,0.2486352109720849,0.0719400525356755,0.15833080783592013,0.13202221646225473,0,0
0,0.09623872,0.1841180953249523,0.0194870474147332,0.09994795424656182,0.07543875877235706,0,0
1,0.58000946,0.566529945160722,0.2201832197562254,0.45557420830564915,0.39740043691025706,0,0
1,0.75233424,0.681964973400309,0.8309395996247887,0.7550796043416993,0.7775630664924562,1,1
0,0.7407923,0.7231944913394229,0.4968476734935492,0.6536114882776574,0.6153004250146592,1,1
0,0.73812497,0.6381224296621373,0.4556110402311468,0.6106194799644281,0.5768674970480009,1,1
0,0.52496725,0.3949553378076244,0.4003148081643206,0.4400791319906483,0.4366386466436851,0,0
0,0.0849981,0.253562753209009,0.0409634617785578,0.1265081049958556,0.0966937115310807,0,0
0,0.30778396,0.2972260097735981,0.2162567157272976,0.27375556183363187,0.2599087478183684,0,0
0,0.56754625,0.5026484638706287,0.3393121592052009,0.46983562435860987,0.4404496473767262,0,0
1,0.6678164,0.7727161830122196,0.7133938303428443,0.7179754711183546,0.7115850717738661,1,1
0,0.17895491,0.1532351773231731,0.1331481366232202,0.15511274131546446,0.15090757677624472,0,0
1,0.75276875,0.7557005821577095,0.8415807590751785,0.7833500304109627,0.7977611209691311,1,1
0,0.72456115,0.687800075942763,0.4577306749918658,0.6233639669782095,0.5837936976844855,1,1
0,0.7382988,0.6871857538431277,0.6887120055275899,0.7047321864569058,0.7032827935324205,1,1
0,0.5635435,0.5767930713066463,0.3828999961312252,0.5077455224792905,0.4758716623269419,1,0
0,0.22553279,0.3187942855315177,0.116838712030332,0.2203885958539499,0.18983805012146954,0,0
0,0.6865356,0.6953807039080682,0.5287102734292402,0.6368755257791028,0.6093919574962338,1,1
0,0.082245,0.2506954368792985,0.0142040817534455,0.11571483954424801,0.08191462825258246,0,0
1,0.29169762,0.3764329384900362,0.1233015047614687,0.2638106877505016,0.2244466260787416,0,0
0,0.24446155,0.188769422703385,0.0868994124590442,0.17337679505414308,0.15454205577019908,0,0
1,0.6960192,0.8049407832366743,0.7752365862276758,0.75873218982145,0.7574122097611727,1,1
0,0.8021853,0.7796811746872631,0.765243219807793,0.7823698981650186,0.7792134348413491,1,1
0,0.732613,0.6021695253798215,0.71151695553708,0.6820998269723005,0.6959762828445043,1,1
0,0.07423742,0.1108376760324355,0.0162536990033187,0.06710959834525139,0.05256561070814645,0,0
0,0.15085933,0.2547724947172808,0.0266012237872906,0.14407768283485714,0.10951290983710146,0,0
1,0.6429741,0.7697449539791112,0.8071114145328699,0.7399434895039937,0.7503969280622572,1,1
0,0.018100416,0.0406664373881287,0.0089420558310741,0.022569636406400934,0.01803444019316279,0,0
0,0.7305174,0.7913997509284267,0.7964908266184018,0.7728026591822762,0.7756805834948862,1,1
0,0.84524196,0.7930784091265363,0.96042449766851,0.8662482889316822,0.8924005186595623,1,1
0,0.28025532,0.2814360795489294,0.507375649534747,0.35635568302789217,0.39405163667715937,0,0
1,0.81879526,0.7654321799317576,0.8374489388259801,0.8072254595859126,0.8174494833993415,1,1
0,0.6491514,0.699249653745461,0.4717324752193009,0.6067111763215872,0.5704615883587426,1,1
1,0.73518056,0.7779373927298283,0.7335782024993263,0.7488987184097181,0.7429307477956288,1,1
1,0.8716531,0.7544905490725347,0.9351625516252072,0.853768733565914,0.8799753156271106,1,1
0,0.49203798,0.4926821008530392,0.2720172818536522,0.4189124542355638,0.3821564550974339,0,0
0,0.5688451,0.5081972735811888,0.4337144773764547,0.5035856169858811,0.4891502234044651,1,0
1,0.11790445,0.2025890345751891,0.0662978924355298,0.12893045900357297,0.10903808813280272,0,0
0,0.20916998,0.292348308150237,0.1863843440297566,0.2293008773933312,0.2144128276449257,0,0
0,0.70642424,0.6409055096084255,0.7556233611083725,0.7009843702389326,0.7179200544758714,1,1
0,0.04493221,0.0674736003087881,0.004744198190022,0.0390500028329367,0.02934648215676862,0,0
0,0.3580878,0.4128562038663504,0.151762700693339,0.30756890151989646,0.2658789311199396,0,0
0,0.67921275,0.6557072692099407,0.4224674882586579,0.5857958358228662,0.5461390229713171,1,1
0,0.12738062,0.2688703999671695,0.0324338045254686,0.14289494149754603,0.1082051682561682,0,0
1,0.94330907,0.937735373586696,0.9799088960177572,0.9536511132014844,0.9604942437262178,1,1
0,0.3968293,0.2767487723934878,0.235966289864046,0.30318145408584457,0.2923816894107205,0,0
0,0.39775208,0.4654395053741219,0.2277113996975706,0.3636343283572308,0.32626922492360966,0,0
0,0.0818236,0.173750418254048,0.0386460706076946,0.09807336295391421,0.0786201989546569,0,0
0,0.108837955,0.2671362390175999,0.0118692342850426,0.1292811427675475,0.09201325144604128,0,0
1,0.6426968,0.4304971701131858,0.8504773583681414,0.6412237761604423,0.7041471532067078,1,1
0,0.8162548,0.722220244871655,0.5356701090672117,0.6913817179796222,0.6571555435079368,1,1
0,0.8142657,0.7509614271061561,0.6489143765023107,0.7380471678694889,0.7189291836723866,1,1
0,0.72011364,0.5771323879062423,0.6884226826721234,0.6618895701927886,0.6756719109173102,1,1
0,0.080949,0.1482881571896245,0.0101990323292402,0.07981206317295489,0.059041847602544995,0,0
1,0.77691376,0.8090068028337898,0.799700537739968,0.7952070335245859,0.7947257574367419,1,1
1,0.7556426,0.6872474878284492,0.8191408027388547,0.7540102968557679,0.7737126789351172,1,1
0,0.56304574,0.5703357821087064,0.3129285768161599,0.48210336630828876,0.43944516682982115,0,0
0,0.85585743,0.6657537108918936,0.8542986166677153,0.7919699191865363,0.8170572795122364,1,1
0,0.33585724,0.3271726777666268,0.1143980245672318,0.2591426474446195,0.22339071983694125,0,0
1,0.2581398,0.2638043535975107,0.3420306766485272,0.28799161008201263,0.30121814904376576,0,0
0,0.21946967,0.3227740520323442,0.2818188146752507,0.27468751223586496,0.2713051187440942,0,0
0,0.7514555,0.7325905198011621,0.5259993281582018,0.6700151159864548,0.6349544180393334,1,1
0,0.14601944,0.2509015058556945,0.0781602100456149,0.15836038530043647,0.13306623819394633,0,0
0,0.22311887,0.3777781960209505,0.0773595932891631,0.2260855531033712,0.18117109684877164,0,0
0,0.06752369,0.0784080819262316,0.0103373017309546,0.05208969121906206,0.04110737425072362,0,0
0,0.75927305,0.7351764813876216,0.6684607697424412,0.7209701003766876,0.7090475961487449,1,1
0,0.46949488,0.4755283398433666,0.3608802009852602,0.435301140276209,0.4163942324613034,0,0
0,0.58585966,0.5746353017687038,0.1658763366954723,0.4421237661547253,0.3736231267014769,0,0
1,0.97915846,0.970621388195934,0.9779064251183912,0.9758954244381083,0.9768250281983824,1,1
0,0.56893575,0.5900441899457258,0.5241183904943804,0.5610327768133687,0.5507487582363353,1,1
0,0.39457816,0.4079145887321817,0.1389309016719524,0.3138078834680447,0.26942181658241254,0,0
1,0.2520813,0.464279737437332,0.1314053804927311,0.2825888059766877,0.23418302773383193,0,0
1,0.8472086,0.782034170101488,0.8967319337693672,0.8419915679569517,0.8589353809049811,1,1
0,0.42908296,0.4160253376607375,0.4261040342713715,0.42373744397736973,0.4249819726678333,0,0
0,0.5558588,0.7241605744309831,0.3697303660400545,0.5499165801570126,0.49645493790622386,1,0
0,0.56878746,0.6290191158020499,0.5090925387556615,0.5689663715192371,0.5509863305382408,1,1
0,0.74196416,0.7336124529574398,0.664754533348215,0.7134437154352181,0.7016890052655955,1,1
0,0.48297992,0.5833743051634677,0.3134761691265164,0.45994346476332804,0.41830692159595173,0,0
0,0.6692826,0.5521821116772613,0.4879105311135889,0.5697917475969501,0.5551764678922467,1,1
0,0.3534877,0.4481220969132179,0.0632253101810784,0.28827836903143206,0.2272833844731828,0,0
0,0.181051,0.1360088643767295,0.0640711100577622,0.12704365814483057,0.113552627904227,0,0
1,0.8545827,0.7888232684809647,0.9377444163328554,0.8603834616046067,0.8830116718626206,1,1
0,0.74545777,0.7363339476508651,0.7437398125798844,0.7418438434102499,0.7427740268201153,1,1
1,0.8175362,0.7984267660530114,0.6003489882994039,0.7387706514508051,0.7051207073603043,1,1
0,0.7531282,0.7047032979525695,0.6096132440604323,0.6891482473376672,0.67168574162073,1,1
1,0.7579821,0.7862591533446776,0.7279256580236445,0.7573889704561073,0.7486092896807577,1,1
0,0.5342248,0.6727095006440836,0.5055574467045801,0.5708305824495546,0.5475880634811068,1,1
0,0.109466664,0.3111012906095952,0.0722582218660802,0.16427539215855846,0.13118936825495914,0,0
1,0.6965053,0.7382745695349331,0.808771609035217,0.7478504928567168,0.7609923084245951,1,1
0,0.13837557,0.239431890719967,0.0564265086074635,0.14474465644247683,0.11761230344772516,0,0
0,0.30943245,0.286164036029997,0.082561318205542,0.22605260141184635,0.19134320130877042,0,0
0,0.03762521,0.1022917724970546,0.0093184783023075,0.049745153599787366,0.03640515665056467,0,0
0,0.60848844,0.716351426491061,0.8029046736512785,0.7092481800474465,0.7272691541238514,1,1
0,0.73420024,0.794281777139594,0.5644440945936522,0.6976420372444153,0.6613384747247448,1,1
0,0.40648106,0.5089459637972947,0.143261007427761,0.3528960104083519,0.2953640144733395,0,0
0,0.26661068,0.1776117151050018,0.1136454840572723,0.18595595972075804,0.1723282890496365,0,0
0,0.3557217,0.3747866191482494,0.2078219854246795,0.3127767681909763,0.2855848265419896,0,0
1,0.7915599,0.706153138764566,0.8284823433014553,0.7753984606886738,0.7929397694036409,1,1
0,0.1919925,0.240315917040376,0.143012350584446,0.191773589208274,0.1771671087002982,0,0
0,0.09214102,0.2013983848081393,0.027852134184089,0.10713051299740943,0.08184805005367236,0,0
0,0.30049872,0.3706101038743687,0.0755971114318183,0.24890197843539572,0.2020701924907829,0,0
1,0.6989814,0.764918024834666,0.4739109649343733,0.6459367965896797,0.5996335074341198,1,1
1,0.45853606,0.5809344744482481,0.4476512854253863,0.4957072732912114,0.4775733556023427,0,0
0,0.106254466,0.1983646338635548,0.0273231746684159,0.11064742484399022,0.08521085390691892,0,0
0,0.6602957,0.5767419948274191,0.4271391626260206,0.5547256191511466,0.5270066902784941,1,1
0,0.2890663,0.3860859344594995,0.2836214165740858,0.31959121701119514,0.3057477851789428,0,0
0,0.021821838,0.0881807625459354,0.015766076643334,0.041922892396423134,0.03206574223085408,0,0
0,0.10828978,0.240207471256666,0.0346210631352251,0.12770610479729702,0.09783895981894575,0,0
0,0.23303543,0.2649075112400761,0.2018140748176521,0.23325233868590942,0.22379916865684124,0,0
0,0.4632847,0.4993409810532289,0.1030187540435987,0.3552148116989425,0.29036298323244514,0,0
1,0.849767,0.7578508103697004,0.8808593485372791,0.8294923863023266,0.8469299363425796,1,1
1,0.7490323,0.6477012860896535,0.791238463379523,0.7293240164897256,0.7498691789076921,1,1
0,0.022956777,0.0873865707453115,0.0073827478697403,0.03924203187168394,0.02805572118393245,0,0
1,0.70335865,0.6271200120278673,0.8232676454054595,0.717915435811109,0.7480654201083032,1,1
1,0.73090583,0.6059367087739612,0.8134843973350462,0.7167756453696691,0.7472012894223153,1,1
0,0.60332716,0.5599778657385589,0.263500520446163,0.4756018487282406,0.4247439813707933,0,0
0,0.68379843,0.6019110160587042,0.510363853853,0.598691099970568,0.5807036591382408,1,1
0,0.108989686,0.2174505237873927,0.0056255347308292,0.11068858150607398,0.07899977792289314,0,0
0,0.60284746,0.6228603761009025,0.314667630518559,0.5134584888731538,0.46276012847946,1,0
0,0.5696226,0.6228470625010274,0.4403839901658628,0.5442845508889634,0.5156481875831369,1,1
1,0.73174286,0.6259475556386612,0.8320612746178617,0.7299172300855076,0.7607430064366631,1,1
0,0.71716875,0.662916992371757,0.5002961937425779,0.6267939787047784,0.5978821203456404,1,1
0,0.3315691,0.4002611164014269,0.2443057839322711,0.32537866677789934,0.30167584524642094,0,0
0,0.7016551,0.6427992400412741,0.504028710134475,0.6161610167252497,0.5910707330754923,1,1
1,0.47592968,0.5155761463966712,0.5320734159803955,0.5078597474590222,0.511930841269532,1,1
0,0.5809221,0.7445822190919195,0.4118183036421829,0.5791075409113675,0.5291022256394754,1,1
0,0.32531568,0.3431626515828529,0.1425146185186258,0.27033098336715955,0.23748454357588347,0,0
0,0.23292142,0.3141811749289932,0.1365357736066513,0.22787945617854813,0.2009805477891243,0,0
0,0.67546886,0.7034532131150758,0.4537925946133397,0.6109048892428052,0.570227597929685,1,1
0,0.56588304,0.5435044846868025,0.6745289901638271,0.5946388382835431,0.6157303040192741,1,1
0,0.0962482,0.118560722824427,0.0463632088176019,0.08705737721400963,0.07576820897368636,0,0
0,0.42388415,0.6877361575188056,0.2126886262745413,0.441436311264449,0.3710567896410318,0,0
0,0.065968916,0.1257558430898415,0.0123329603010017,0.06801923979694773,0.05110832356846916,0,0
0,0.26867083,0.1747959048973492,0.0901295802123578,0.17786543836990235,0.16062522008564872,0,0
0,0.31166396,0.2163411241149758,0.2346577755297711,0.2542209532149156,0.2540963005878807,0,0
1,0.74230754,0.6336693165688005,0.933507706379526,0.7698281876494422,0.8161799785035231,1,1
1,0.78140473,0.841679836017149,0.8563943973670559,0.826492987794735,0.8309545848869577,1,1
0,0.0063595134,0.0185375414571953,0.0005019188378581,0.008466324565017799,0.0058663217303681105,0,0
0,0.094198756,0.1758445127659996,0.0434824317275087,0.10450856683116944,0.08516974521695428,0,0
0,0.6105661,0.5442883357686817,0.7854685210696669,0.6467743189461163,0.6847617576885698,1,1
1,0.86185837,0.8001855380178176,0.9036027339268448,0.8552155473148875,0.8703959855669858,1,1
1,0.72799677,0.7323680271776484,0.6353848699017917,0.6985832223598134,0.6825650713864255,1,1
1,0.8720021,0.8496194809797484,0.871896733657463,0.8645061048790704,0.8674728930246812,1,1
1,0.7802172,0.7382126543421793,0.8625246397472948,0.7936514980298247,0.8129700107420832,1,1
0,0.0097679095,0.0067613708240126,0.0001228592559677,0.0055507131933267674,0.00434407664278637,0,0
0,0.090567805,0.2060524050973442,0.0367917015736371,0.1111373038903271,0.08677667330628738,0,0
0,0.6256774,0.5080355065431007,0.578191727733936,0.5706348780923456,0.5784061851755882,1,1
1,0.7052597,0.7352137037890067,0.7793862417389912,0.7399532151759992,0.748313771627297,1,1
0,0.14317457,0.1722640932988287,0.0847078646985763,0.13338217599913502,0.11975912200905388,0,0
0,0.76029277,0.754359318769719,0.5426534244222542,0.6857685043973244,0.6502864069650709,1,1
1,0.80469686,0.7507168144512077,0.8924419019657243,0.815951858805644,0.8377733718731037,1,1
0,0.36723158,0.3642860527279212,0.3127526168759244,0.3480900832012819,0.3394029929835465,0,0
0,0.22310135,0.2540283820112566,0.0912458478776713,0.18945852662964266,0.16335900534108697,0,0
1,0.88584495,0.8083712141276762,0.8934302087373804,0.8625487909550188,0.8741428321942254,1,1
0,0.19825354,0.3280558133197401,0.0369388170294711,0.1877493901164037,0.14355663317868356,0,0
0,0.51218945,0.569953240723529,0.3279580078482421,0.4700335661905904,0.4316264870688269,0,0
0,0.617117,0.598982869636493,0.5287846544453656,0.5816281746939529,0.5693240011499814,1,1
0,0.6188743,0.6346669115440711,0.4630542484989522,0.5721984866810077,0.5441227965582903,1,1
0,0.104655415,0.2256467798010384,0.0144009512301491,0.11490104867706251,0.08372645607528222,0,0
0,0.03141009,0.0787636005596969,0.0285456398514073,0.0462397768037014,0.03944856703764303,0,0
1,0.78770787,0.7284039662381083,0.8521401620752812,0.7894173327711299,0.8080632352852622,1,1
0,0.59077793,0.4865870839572904,0.2468078053075068,0.44139093975493243,0.3979546984452115,0,0
0,0.07193442,0.1708815792756579,0.0082761113575698,0.08369737021107589,0.059894697533916484,0,0
0,0.75661397,0.7440358174757253,0.7936464483883662,0.7647654119546972,0.7726145786893281,1,1
0,0.6418282,0.6971805688464157,0.6842714485717726,0.674426739139396,0.6741202980551695,1,1
0,0.65630746,0.7795547526013746,0.7767621763111444,0.7375414629708397,0.7411842766758472,1,1
0,0.5979946,0.6832297552580899,0.4803559861516248,0.5871934471365715,0.5562223241274304,1,1
0,0.07569746,0.1980795432128732,0.0278724346227277,0.10054981261186696,0.07626136395393848,0,0
0,0.04731769,0.0833677615024035,0.0068962027962379,0.045860551432880474,0.03431696069859965,0,0
0,0.28172368,0.4192638078938201,0.2559095503672365,0.3189656794203522,0.2963246407623823,0,0
0,0.53435546,0.6066086329886619,0.5869252207003478,0.5759631045630033,0.5750909749479063,1,1
1,0.7464006,0.6777429118279198,0.9282606309654692,0.784134714264463,0.8235990778483185,1,1
0,0.7388782,0.6917403846502356,0.6904805083587211,0.7070330310029856,0.7052517911094076,1,1
0,0.53557366,0.4323379024840625,0.761144399242835,0.5763519872422992,0.62771187811823,1,1
1,0.8922758,0.8083693520547928,0.907656443824866,0.8694338652932195,0.8831848323233915,1,1
0,0.8240432,0.7390668616861921,0.806284548852749,0.7897982035129804,0.7981686067636129,1,1
0,0.042633682,0.1073662582541456,0.0068599789932698,0.05228663974913846,0.037693345747464024,0,0
0,0.23218839,0.208756418000052,0.2278975841387568,0.2229474640462696,0.2253565926693888,0,0
1,0.18162364,0.2769055978746657,0.1358985196822681,0.19814258585231126,0.17781747141606719,0,0
0,0.28035313,0.308179996762543,0.224564619243397,0.27103258200198,0.2580242479742071,0,0
0,0.119550176,0.2095843971294301,0.046741524256546,0.12529203246199203,0.10115269435415902,0,0
0,0.5581405,0.5203020621354352,0.6184245178470471,0.5656223599941608,0.5807148213506106,1,1
0,0.2020278,0.2321339129104837,0.0522084206142705,0.16212337784158473,0.133139332889232,0,0
1,0.506926,0.4452029078972589,0.5778955565361903,0.5100081548111497,0.5300661598475469,1,1
1,0.31365436,0.2915470437659646,0.4199907591956234,0.341730720987196,0.3624010963510046,0,0
0,0.02048001,0.0566642917001257,0.0024043924390961,0.0265162313797406,0.01867905755957319,0,0
1,0.66353595,0.6459728315615134,0.7627264968889403,0.690745092816818,0.7096185997567728,1,1
1,0.72339135,0.6662912584870885,0.790914832512607,0.726865813666565,0.7457330729537212,1,1
0,0.7715755,0.6639176441655575,0.8551663496501711,0.7635531646052428,0.791839353658197,1,1
0,0.28998867,0.3061303669722314,0.2406830676840682,0.27893403488543317,0.26856420823648036,0,0
0,0.37774408,0.3921218622958216,0.4306996836580041,0.40018854198460857,0.40709743828816636,0,0
1,0.97619456,0.9416677288349092,0.9927935262801112,0.9702186050383402,0.9775886769070374,1,1
1,0.94817924,0.9038148134027918,0.9480934217083324,0.9333624917037081,0.9392634455347246,1,1
0,0.258476,0.4322020189813428,0.0607996637240891,0.25049256090181066,0.1943830356583131,0,0
1,0.9382924,0.8830359326805375,0.9676827203937262,0.9296703510247545,0.9419362667329706,1,1
0,0.65660506,0.7558783288462528,0.3767905671283576,0.5964246519915368,0.5365524673334293,1,1
0,0.48858586,0.5041526941499461,0.3617829206710418,0.45150715827366267,0.4282977571655101,0,0
0,0.08596358,0.1805369524285634,0.0525376256626937,0.1063460526970857,0.08816527731705953,0,0
1,0.7680981,0.7150076522831574,0.7648808111126919,0.7493288544652831,0.7558713660129774,1,1
1,0.93464476,0.8110104228601471,0.9241896940476468,0.889948292302598,0.9046903595958529,1,1
1,0.87847114,0.6330495668444832,0.9150269833401896,0.8088492300615577,0.8476647470389915,1,1
1,0.95113635,0.8930623675893099,0.9726256360787928,0.9389414512227008,0.9502661965572584,1,1
1,0.92560244,0.7853007368719991,0.8267910332821212,0.8458980700513735,0.8481363960154604,1,1
0,0.4300483,0.3828437095026508,0.3504910597969161,0.387794356433189,0.38082876179898817,0,0
1,0.7254732,0.758043956615053,0.5999060768502096,0.6944744111550875,0.6692037897481153,1,1
0,0.38535988,0.6450561065968423,0.3447347007141693,0.45838356243700384,0.41698653567645305,0,0
0,0.38813075,0.620164023257295,0.2918574080143377,0.4333840604238776,0.38640073365862787,0,0
0,0.010827285,0.0156784201340327,0.0048314463661334,0.010445717166722032,0.00879959270987324,0,0
1,0.74446267,0.772747961051123,0.7549694313761711,0.7573933541424314,0.7553731088983102,1,1
0,0.19987091,0.3138228483450734,0.121390268810634,0.21169467571856912,0.1834209770743317,0,0
0,0.73899865,0.7795403303791824,0.5048880187770245,0.6744756663854022,0.6300516704643487,1,1
0,0.7800458,0.7775986870031159,0.8461772751829594,0.8012739207286917,0.8126221149921029,1,1
1,0.9807546,0.9763006086187972,0.9908365439437864,0.9826305841875279,0.9849047736956527,1,1
1,0.8008329,0.8159786556233546,0.7843344180088776,0.800381991210744,0.7956128101291097,1,1
0,0.004617076,0.033170512675356,0.0046645970903166,0.014150728588557532,0.0103515238802295,0,0
0,0.6162339,0.594693564530497,0.5475680305432062,0.5861651650245677,0.5775928981777025,1,1
0,0.7551708,0.7804418729583629,0.7215036429525189,0.7523721053036273,0.743391436067932,1,1
0,0.6026523,0.6597515377627748,0.3956651966847866,0.5526896781491871,0.5105785958949483,1,1
1,0.47770393,0.5267504623098073,0.571718538631562,0.5253909769804564,0.5345205407777425,1,1
0,0.40144318,0.472339759925513,0.3537743541169774,0.4091857646808301,0.39178808304359125,0,0
0,0.7911704,0.6901080240935655,0.6956678800224813,0.7256487680386824,0.7232066648299538,1,1
1,0.7547628,0.8877522454284039,0.78782003527004,0.810111693566148,0.7978893067207007,1,1
1,0.83101434,0.7908436245725604,0.8620835977526691,0.8279805207750766,0.8385148257908466,1,1
1,0.7204389,0.7486385342088346,0.5857770893131102,0.6849515078406482,0.6587479214983221,1,1
0,0.09959688,0.2106589359205566,0.0254189614805251,0.11189159246702723,0.08472033192437388,0,0
0,0.13126719,0.3079424016608686,0.0330781043101416,0.15742923199033673,0.11750768948724453,0,0
0,0.5297706,0.6321744949384378,0.4518849905628762,0.5379433618337713,0.5113085742691256,1,1
0,0.030102752,0.0710594183427454,0.0051694720792866,0.035443880807344,0.02582744530819238,0,0
1,0.12972099,0.2130245016336281,0.0846377999898779,0.14246109720783534,0.12384009732166457,0,0
1,0.14078735,0.2702585993213369,0.033744760416617,0.1482635699126513,0.11316030507257588,0,0
0,0.061168045,0.1702280251990973,0.0163504410394086,0.0825821704128353,0.06057123905952376,0,0
0,0.15748958,0.2565907985372784,0.0676894361094675,0.16058993821558196,0.13240975176218941,0,0
0,0.20347077,0.2744608968021199,0.0965466994317457,0.19149278874462183,0.16420676007629684,0,0
0,0.5319349,0.5930794280641931,0.4676945220935007,0.5309029500525646,0.512043616659589,1,1
1,0.9497313,0.84849724319453,0.9771166678015826,0.9251150703320375,0.9431771725396974,1,1
0,0.9424164,0.8414752549535407,0.9694294143854764,0.9177736897796724,0.9357346781834464,1,1
0,0.7656654,0.6960618802158499,0.780257042946483,0.7473281077207776,0.7590405175164114,1,1
0,0.08577822,0.1802350624138106,0.0383672324633955,0.10146017162573538,0.08096409471445987,0,0
0,0.09111333,0.1668476467876706,0.0718018015695814,0.109920926119084,0.09660442914232481,0,0
0,0.19762745,0.3758786640572641,0.1014613827115464,0.2249891655896035,0.18519465916722605,0,0
0,0.34825906,0.3107534962562977,0.8629356451935348,0.5073160671499441,0.598096239848027,1,1
0,0.29989618,0.2924616142161444,0.3326705317315921,0.3083427753159122,0.31479644270902496,0,0
0,0.36582887,0.5010045236644214,0.4988454183569723,0.4552262706737979,0.45937227491137045,0,0
0,0.45613167,0.5478215606494579,0.2343170686612338,0.41275676643689724,0.3635623474605085,0,0
1,0.1273938,0.2976642290048622,0.1455570286601733,0.1902050192216785,0.1705295001310591,0,0
1,0.758369,0.7463105678561915,0.7378402320910185,0.7475065999824033,0.7456929296167475,1,1
0,0.46697664,0.3923574862499585,0.4354579068055136,0.431597344351824,0.4362934426527485,0,0
0,0.087038405,0.1778781817189593,0.0371323625826077,0.10068298310052233,0.08025333913509572,0,0
0,0.3076536,0.481266342314806,0.1204549546014348,0.3031249656387469,0.2487768257636786,0,0
1,0.73952836,0.6084544138404001,0.8284485328339436,0.7254771022247812,0.7577736571850517,1,1
0,0.40655094,0.5809737679520854,0.5575997184558547,0.5150414754693133,0.5169598948183445,1,1
1,0.73215246,0.5735734188416921,0.7562349705673252,0.6873202831363391,0.7124779070520011,1,1
1,0.39310455,0.31342873288962,0.6664107301449019,0.4576480043448406,0.513822476650375,0,1
0,0.51518476,0.4072428252520093,0.6086425638399894,0.5103567163639996,0.5403252749703966,1,1
0,0.70200264,0.697018152116178,0.4785061791113613,0.6258423237425131,0.5892575119789163,1,1
0,0.7960791,0.8337129670318155,0.9018581476314268,0.8438834048877474,0.8564953972220766,1,1
1,0.7267436,0.7744169018535629,0.8294201674993666,0.7768602231176432,0.787616544120396,1,1
1,0.8303685,0.7781828435770953,0.8695239132237569,0.8260250856002841,0.8395090753272976,1,1
1,0.77539825,0.6927068319703386,0.814162920740924,0.7607560009037542,0.7782423017645297,1,1
0,0.4907924,0.5684914414063946,0.2737666898924415,0.44435017709961205,0.39781935322749973,0,0
1,0.6029191,0.4815024555120489,0.5778486218821711,0.5540900591314067,0.5661005320434953,1,1
1,0.4976355,0.516957756501072,0.5983256812515231,0.5376396459175318,0.5518450419259759,1,1
1,0.28645116,0.3874865337144793,0.3685414103561993,0.34749303469022613,0.34770335992099555,0,0
1,0.33081526,0.3589501933079358,0.451234194237466,0.3803332158484673,0.39665171378032016,0,0
0,0.66027254,0.8218212006980724,0.5804828199547004,0.6875255202175911,0.6526874121169647,1,1
0,0.28137577,0.2953168982033288,0.1666611638616232,0.24778461068831736,0.22680669257147734,0,0
0,0.8389687,0.7295872208925452,0.7932575168214087,0.7872711459046512,0.7942368125892134,1,1
0,0.4123394,0.4741719991265342,0.3327601578549182,0.40642385232715084,0.38491629875276595,0,0
0,0.11817402,0.2466962803328728,0.0329380932299041,0.13260279785425896,0.10126050868152661,0,0
0,0.1988966,0.3745307643578973,0.0627610942186115,0.21206281952550296,0.1659556799808852,0,0
0,0.30855307,0.4600814750241674,0.2999778146203007,0.35620411988148937,0.33457112331498384,0,0
0,0.73895055,0.5890994447213713,0.3021418422693038,0.5433972789968917,0.49057597507892614,1,0
0,0.18555936,0.3606750941161508,0.0285362233680375,0.19159022582806276,0.14207093850724892,0,0
0,0.23796521,0.4048137216160772,0.0969092628038463,0.24656273147330784,0.2008069387251386,0,0
0,0.13140008,0.2469639771435222,0.0126127326931552,0.13032559661222579,0.09511918577528204,0,0
0,0.08972523,0.3162272537828396,0.0177146202735024,0.14122236801878066,0.09902032989331913,0,0
0,0.62584955,0.7128398647506708,0.6535770877291525,0.664088834159941,0.6571113818147104,1,1
0,0.11415889,0.3382783577685832,0.0153418018620759,0.1559263498768864,0.10957423948475459,0,0
0,0.11651426,0.3397555677630242,0.0137914940206124,0.15668710726121218,0.10980113856291103,0,0
0,0.5146565,0.6808984873327296,0.2819341956364729,0.4924963943230675,0.43154374528478234,0,0
0,0.7557474,0.7116900983999979,0.6148182145428157,0.6940852376476045,0.6764713469514074,1,1
0,0.6081396,0.7229730944536177,0.7170839860530972,0.6827322268355717,0.685578491917272,1,1
1,0.2023324,0.4703630624686926,0.1796875084070179,0.2841276569585702,0.24461608669724744,0,0
1,0.24850102,0.3786770474523543,0.2384325045111841,0.28853685732117945,0.26950196774606294,0,0
1,0.8599047,0.742198687964706,0.9326298479948182,0.8449110786531747,0.8727260715903502,1,1
0,0.298847,0.3491184299048467,0.2727854354135676,0.3069169551061381,0.29587050368775314,0,0
0,0.42997476,0.4046322380431328,0.193837201757523,0.3428147332668852,0.306837476487388,0,0
0,0.14051782,0.0983228594657339,0.3048272978034023,0.18122265908971205,0.21423356679484792,0,0
1,0.8868509,0.8038999831551755,0.8884411215521236,0.8597306682357665,0.871055827407097,1,1
1,0.8203354,0.7392552887724956,0.9205215510975304,0.8267040799566754,0.8542124533032643,1,1
0,0.30472437,0.3487743167462043,0.6173670412259601,0.4236219093240548,0.4698556949622209,0,0
1,0.74424434,0.5858914871592025,0.8219623277164506,0.7173660516252176,0.7514327632900657,1,1
0,0.28349933,0.3886444118690904,0.3811826984252837,0.351108813431458,0.3533700305864599,0,0
0,0.8844541,0.842976692454698,0.6775965708080401,0.8016757877542461,0.7727298538949596,1,1
1,0.8468535,0.7990652622890984,0.8619151174638037,0.8359446265843008,0.8448266611897215,1,1
0,0.56488854,0.6337741272513964,0.3884342853195551,0.5290323175236505,0.4904385301100568,1,0
0,0.03569381,0.0734692684054368,0.0022917654843512,0.03715161462992933,0.02654787942326296,0,0
0,0.8123465,0.814363903904902,0.6340732434049291,0.7535945491032771,0.7236133524834449,1,1
1,0.777364,0.7031419141936531,0.8362983980543827,0.7722681040826785,0.791986781865922,1,1
0,0.042221732,0.0909938407943832,0.0240440148380153,0.052419862544132834,0.04288729517788429,0,0
0,0.45080352,0.6926374061171748,0.2881629167838742,0.47720128096701636,0.41784999561537206,0,0
0,0.24271823,0.2720313564887174,0.0984092371014609,0.20438627453005942,0.1764263588484739,0,0
0,0.55748695,0.7217347041535198,0.7987624492731427,0.6926613678088875,0.7109742504672754,1,1
0,0.24940528,0.2632641760187962,0.0757675214867792,0.19614565916852514,0.16535817994714885,0,0
0,0.24230215,0.2761667277161901,0.0795532767710372,0.1993407181624091,0.16770062892875662,0,0
1,0.6705565,0.7563760501994784,0.7266364329938636,0.717856327731114,0.7157603765368274,1,1
1,0.55903494,0.5228124759535353,0.4533762347659834,0.5117412169065062,0.49896109457369875,1,0
0,0.555119,0.6518619658259315,0.1593820336788286,0.4554543331682533,0.3765991100046006,0,0
1,0.81148595,0.7854135442191844,0.7628890843928818,0.7865961928706887,0.7819730360402779,1,1
0,0.26743922,0.3358226770992094,0.0853991770590771,0.2295536913860955,0.19009588994938043,0,0
0,0.2587249,0.2739698151744522,0.1340216989424362,0.22223880470562943,0.19942228250610855,0,0
1,0.56346446,0.6241284761907918,0.4702641646299143,0.552619033606902,0.5289971155531156,1,1
0,0.5785323,0.4120785344399761,0.1642940902339337,0.3849683082246366,0.33812244200496205,0,0
0,0.5597869,0.5785961789179584,0.3743209748972812,0.5042346846050799,0.47081579323223227,1,0
0,0.8153877,0.7407380693402054,0.8924232492773316,0.8161830062058457,0.8389755485067069,1,1
1,0.849132,0.7786079414263863,0.9037444101216964,0.8438281171826941,0.8623333933461255,1,1
1,0.7718584,0.7477772902051059,0.6997373701044755,0.7397910201031938,0.7309816630932588,1,1
0,0.24035905,0.2311225670665422,0.2795792721421442,0.25035362973622877,0.2581218644843805,0,0
0,0.185771,0.2753084351461531,0.1127811645238511,0.19128686655666807,0.1671835692911562,0,0
0,0.1285387,0.2168029580673089,0.0327367965226165,0.12602615152997512,0.09829059987477003,0,0
0,0.2723304,0.2181047828718686,0.0811254994425041,0.19052022743812425,0.16588282629562578,0,0
1,0.78872156,0.7261873659035873,0.8019348477007548,0.772281257868114,0.7828213650310949,1,1
0,0.17633481,0.2869606885364556,0.0330932267896989,0.1654629084420515,0.12683919410214056,0,0
0,0.22858544,0.3092281103936701,0.1861765804814904,0.2413300436250535,0.22350954431947923,0,0
1,0.8087669,0.8120859553942974,0.6887136836619433,0.7698555130187469,0.7494041029098311,1,1
0,0.531138,0.5864175259237807,0.4057999037864601,0.507785143236747,0.4795248570779862,1,0
1,0.7743516,0.7254374949843325,0.8478370186757619,0.7825420378866982,0.8013114883347474,1,1
0,0.43063882,0.6625066167043522,0.2796029966490304,0.45758281111779414,0.40149446766538566,0,0
0,0.57814485,0.4819232527437899,0.4692206362288249,0.5097629129908716,0.5044384236631705,1,1
0,0.0767367,0.0784160319452115,0.0581665329457141,0.07110642163030854,0.06778748286189934,0,0
0,0.13687967,0.2323103103314706,0.0327226265328048,0.13397086895475846,0.10388727633269652,0,0
