project_code,project_name,report_month,state,sector,time_delay_probability,time_delay_probability_percent,time_delay_prediction,time_delay_risk_level
108841,"Amended BharatNet Program - KTK, GOA, PY",2026-07-01,PAN India,Telecommunication,0.8988029568690381,89.8802956869038,Current Schedule Slippage Risk,HIGH
124199,Amended BharatNet Program - HR,2026-07-01,PAN India,Telecommunication,0.9919081884822443,99.19081884822442,Current Schedule Slippage Risk,HIGH
171218,Amended BharatNet Program - PB,2026-07-01,PAN India,Telecommunication,0.9865811783930585,98.65811783930585,Current Schedule Slippage Risk,HIGH
175860,"Amended BharatNet Program - MP, DD and DNH",2026-07-01,PAN India,Telecommunication,0.9385185642305157,93.85185642305157,Current Schedule Slippage Risk,HIGH
210914,Amended BharatNet Program - WB & ANI,2026-07-01,PAN India,Telecommunication,0.9685622966630196,96.85622966630196,Current Schedule Slippage Risk,HIGH
222253,Amended BharatNet Program - UP (East),2026-07-01,Uttar Pradesh,Telecommunication,0.8416842332975366,84.16842332975367,Current Schedule Slippage Risk,HIGH
240484,Amended BharatNet Program - AS,2026-07-01,PAN India,Telecommunication,0.9919081884822443,99.19081884822442,Current Schedule Slippage Risk,HIGH
245986,Jaipur Metro Rail Project Phase 2 (Prahladpura to Todi Mod),2026-07-01,Rajasthan,Urban Public Transport,0.8645168655341567,86.45168655341567,Current Schedule Slippage Risk,HIGH
298178,"Meja Thermal Power Project, Stage-II , (3x800 MW)",2026-07-01,Uttar Pradesh,Electricity Generation,0.3692049752779982,36.920497527799824,No Current Schedule Slippage Risk,LOW
317725,Amended BharatNet Program - OD,2026-07-01,PAN India,Telecommunication,0.9813733810968912,98.13733810968913,Current Schedule Slippage Risk,HIGH
364934,Stamp Charge Battery No.12 By-product Plant at IISCO Steel Plant,2026-07-01,West Bengal,Steel,0.9893456055593441,98.93456055593441,Current Schedule Slippage Risk,HIGH
400006,Jharsuguda-Barpali-Sardega Ph II Works- Rail Connectivity for Coal Loading Bulb at Barpali.,2026-07-01,Odisha,Railways,0.9989269892942538,99.89269892942538,Current Schedule Slippage Risk,HIGH
400010,"Construction of Terminal Building & Associated works at Leh Airport, Ladakh",2026-07-01,Ladakh,Aviation & Aviation Infrastructure,8.552877835871007e-05,0.008552877835871006,No Current Schedule Slippage Risk,LOW
400012,Kandla Gorakhpur LPG Pipeline,2026-07-01,"Multi-States (Gujarat, Madhya Pradesh, Uttar Pradesh)",Energy Storage,0.00013388580043855597,0.013388580043855597,No Current Schedule Slippage Risk,LOW
400013,Saturation 4G mobile coverage of Uncovered Villages through USOF,2026-07-01,PAN India,Telecommunication,0.00031527741169224245,0.031527741169224244,No Current Schedule Slippage Risk,LOW
400018,HURA C OCP,2026-07-01,Jharkhand,Coal,0.017647030850637194,1.7647030850637193,No Current Schedule Slippage Risk,LOW
400019,DHULE [BORVIHIR] - NARDANA NEW LINE [50.60 KMS],2026-07-01,Maharashtra,Railways,0.9995453149363175,99.95453149363175,Current Schedule Slippage Risk,HIGH
400022,Taranga Hill-Abu Road via Ambaji,2026-07-01,"Multi-States (Gujarat, Rajasthan)",Railways,0.9876439939302789,98.76439939302789,Current Schedule Slippage Risk,HIGH
400023,Construction of New BG line between Hassan to Belur [27 Km],2026-07-01,Karnataka,Railways,0.9964173882557341,99.64173882557341,Current Schedule Slippage Risk,HIGH
400033,BHATADI EXPANSION OC,2026-07-01,Maharashtra,Coal,0.9975227136455769,99.75227136455769,Current Schedule Slippage Risk,HIGH
400043,Laying of POL Pipelines in Common Corridor for proposed grass root terminal at Vallur [Chennai],2026-07-01,Tamil Nadu,Energy Storage,0.9911235585336597,99.11235585336597,Current Schedule Slippage Risk,HIGH
400045,Proposed 6 nos Road Over Bridge [ROB] at different locations under MCL Talcher Under Deposit Scheme.,2026-07-01,Odisha,Railways,0.0001915625431709024,0.01915625431709024,No Current Schedule Slippage Risk,LOW
400047,Doubling of Lingaraj SILO connectivity of NTPC line and augmentation of NTPC exchange yard and NTPC Block Cabin.,2026-07-01,Odisha,Railways,0.999242792636683,99.9242792636683,Current Schedule Slippage Risk,HIGH
400048,Doubling of lines connecting the loading spurs in Talcher Yard.,2026-07-01,Odisha,Railways,0.0001664509340914798,0.01664509340914798,No Current Schedule Slippage Risk,LOW
400062,"Raghunathpur Thermal Power Station Phase II [2X660 MW] at Raghunathpur, Purulia, West Bengal",2026-07-01,West Bengal,Electricity Generation,0.9768187893635175,97.68187893635175,Current Schedule Slippage Risk,HIGH
400073,KONAR EXPANSION OCP,2026-07-01,Jharkhand,Coal,0.03392523055368098,3.392523055368098,No Current Schedule Slippage Risk,LOW
400074,KARO EXPANSION OCP,2026-07-01,Jharkhand,Coal,0.9755529533326233,97.55529533326232,Current Schedule Slippage Risk,HIGH
400078,New Mundra Panipat Crude Oil Pipeline,2026-07-01,"Multi-States (Gujarat, Haryana, Rajasthan)",Energy Storage,0.0002945065469604461,0.02945065469604461,No Current Schedule Slippage Risk,LOW
400081,"National Sports University [NSU], Imphal [Manipur]",2026-07-01,Manipur,Education,3.558215564738357e-05,0.003558215564738357,No Current Schedule Slippage Risk,LOW
400087,Redevelopment of Sobhasan Complex,2026-07-01,Gujarat,Oil & Gas,0.0001528235496037739,0.01528235496037739,No Current Schedule Slippage Risk,LOW
400100,Sardar Gouthu Latchanna Thotapalli Barrage Project,2026-07-01,Andhra Pradesh,Water Resources,2.4561278580227054e-05,0.002456127858022705,No Current Schedule Slippage Risk,LOW
400101,Gundlakamma project,2026-07-01,Andhra Pradesh,Water Resources,4.3927292074450686e-05,0.004392729207445069,No Current Schedule Slippage Risk,LOW
400102,Sri Ram Sagar Project Stage - II,2026-07-01,Telangana,Water Resources,4.279845668798795e-05,0.004279845668798795,No Current Schedule Slippage Risk,LOW
400103,Indiramma Flood Flow Canal Project,2026-07-01,Telangana,Water Resources,0.00031281684520842397,0.031281684520842394,No Current Schedule Slippage Risk,LOW
400111,Kelo Irrigation Project,2026-07-01,Chhattisgarh,Water Resources,0.9991788092303153,99.91788092303153,Current Schedule Slippage Risk,HIGH
400115,Bargi Diversion Project Phase - IV [km. 154 to km 197],2026-07-01,Madhya Pradesh,Water Resources,0.9794814026769919,97.94814026769919,Current Schedule Slippage Risk,HIGH
400116,Bargi Diversion Project Phase - III [km. 104 to km 154],2026-07-01,Madhya Pradesh,Water Resources,2.5795038419954693e-05,0.0025795038419954694,No Current Schedule Slippage Risk,LOW
400119,Life Extension of 48 well platforms of Mumbai High & Heera Fields,2026-07-01,Offshore,Oil & Gas,5.764336875440955e-05,0.005764336875440955,No Current Schedule Slippage Risk,LOW
400120,KG-DWN-98/2 Cluster - II Development Project - NELP Block,2026-07-01,Andhra Pradesh,Oil & Gas,1.9953440020537287e-05,0.0019953440020537287,No Current Schedule Slippage Risk,LOW
400121,"Construction of Screening Plant-II for Donimalai and Kumaraswamy Iron Ore Mining Complex of NMDC Limited at Ballari Dt, Karnataka.",2026-07-01,Karnataka,Steel,0.9987379324678182,99.87379324678182,Current Schedule Slippage Risk,HIGH
400136,SANGHMITRA OC,2026-07-01,Jharkhand,Coal,0.03173369186206722,3.1733691862067217,No Current Schedule Slippage Risk,LOW
400138,CHANDRAGUPT OCP,2026-07-01,Jharkhand,Coal,0.9953922850765496,99.53922850765497,Current Schedule Slippage Risk,HIGH
400139,KOTRE BASANTPUR PACHMO OCP,2026-07-01,Jharkhand,Coal,0.02637192193738586,2.637192193738586,No Current Schedule Slippage Risk,LOW
400141,Expansion of Alumina Refinery Plant with addition of 5th Stream having capacity enhancement of 1.0 Million Tonee Per Annum,2026-07-01,Odisha,Metals & Mining,0.00012711474691227658,0.012711474691227657,No Current Schedule Slippage Risk,LOW
400142,Pachwara South Coal Block,2026-07-01,Jharkhand,Coal,9.887459893567787e-05,0.009887459893567787,No Current Schedule Slippage Risk,LOW
400144,PORDA CHIMTAPANI OCP [10 MTY],2026-07-01,Chhattisgarh,Coal,0.9884374782101341,98.84374782101341,Current Schedule Slippage Risk,HIGH
400148,AMADAND OCP[4.0MTY],2026-07-01,Madhya Pradesh,Coal,0.980011987947568,98.0011987947568,Current Schedule Slippage Risk,HIGH
400149,BAROUD OC EXPANSION [3.0-10.0M,2026-07-01,Chhattisgarh,Coal,0.007231289113518324,0.7231289113518324,No Current Schedule Slippage Risk,LOW
400150,RPR MAGADH EXP OCP,2026-07-01,Jharkhand,Coal,0.9026300734657873,90.26300734657873,Current Schedule Slippage Risk,HIGH
400151,NORTH URIMARI EXPANSION OCP,2026-07-01,Jharkhand,Coal,0.026130154482802776,2.6130154482802777,No Current Schedule Slippage Risk,LOW
400153,EPR ROHINI - KARKETTA OCP,2026-07-01,Jharkhand,Coal,0.977774658223458,97.7774658223458,Current Schedule Slippage Risk,HIGH
400154,EPR PUNDI OCP,2026-07-01,Jharkhand,Coal,0.9996786125572653,99.96786125572653,Current Schedule Slippage Risk,HIGH
400155,EPR ASHOK OC,2026-07-01,Jharkhand,Coal,0.9730431217646853,97.30431217646853,Current Schedule Slippage Risk,HIGH
400156,EPR AMRAPALI OCP,2026-07-01,Jharkhand,Coal,0.9813869196815439,98.13869196815439,Current Schedule Slippage Risk,HIGH
400160,RAJRAPPA RCE OCP,2026-07-01,Jharkhand,Coal,0.9815172467224258,98.15172467224258,Current Schedule Slippage Risk,HIGH
400162,BLOCK B EXPANSION [3.5 TO 8.0,2026-07-01,Madhya Pradesh,Coal,0.9913381658618766,99.13381658618766,Current Schedule Slippage Risk,HIGH
400165,SUBHADRA OCP,2026-07-01,Odisha,Coal,0.03390835769408387,3.390835769408387,No Current Schedule Slippage Risk,LOW
400166,SIARMAL OCP,2026-07-01,Odisha,Coal,0.03811615865494251,3.8116158654942507,No Current Schedule Slippage Risk,LOW
400167,Redevelopment of Santhal Field [Onshore-Mehsana Asset],2026-07-01,Gujarat,Oil & Gas,1.997181117360219e-05,0.001997181117360219,No Current Schedule Slippage Risk,LOW
400168,"500 KTA PDHPP Project, Usar",2026-07-01,Maharashtra,Oil & Gas,0.0002586541235305605,0.02586541235305605,No Current Schedule Slippage Risk,LOW
400169,Redevelopment of Linch Field,2026-07-01,Gujarat,Oil & Gas,4.377411890143896e-05,0.0043774118901438955,No Current Schedule Slippage Risk,LOW
400171,2G Ethanol Biorefinery at Bathinda,2026-07-01,Punjab,Oil & Gas,6.557239166865755e-05,0.006557239166865755,No Current Schedule Slippage Risk,LOW
400172,CHITRA EAST OC,2026-07-01,Jharkhand,Coal,0.9830849722895252,98.30849722895252,Current Schedule Slippage Risk,HIGH
400173,MOHANPUR EXPANSION OC -PHASE I,2026-07-01,West Bengal,Coal,0.8073483118458873,80.73483118458873,Current Schedule Slippage Risk,HIGH
400174,"New Sinter Plant at BSL, SAIL",2026-07-01,Jharkhand,Steel,0.999593159831563,99.9593159831563,Current Schedule Slippage Risk,HIGH
400177,AMALGAMATED YEKONA I & YEKONA,2026-07-01,Maharashtra,Coal,7.092456703758343e-05,0.007092456703758344,No Current Schedule Slippage Risk,LOW
400178,DINESH[MAKARDHOKRA-III] OC,2026-07-01,Maharashtra,Coal,0.9969032374464436,99.69032374464436,Current Schedule Slippage Risk,HIGH
400180,BONJEMEHARI EXPANSION OCP,2026-07-01,West Bengal,Coal,0.9998742832976044,99.98742832976045,Current Schedule Slippage Risk,HIGH
400181,NAKRAKONDA KUMARDIH- B OCP,2026-07-01,West Bengal,Coal,0.9872262782733603,98.72262782733603,Current Schedule Slippage Risk,HIGH
400183,BALARAM EXPANSION OCP,2026-07-01,Odisha,Coal,0.008739021725481015,0.8739021725481015,No Current Schedule Slippage Risk,LOW
400185,GOPALJI KANIHA OCP [10 TO 30 M,2026-07-01,Odisha,Coal,0.0710612420123012,7.10612420123012,No Current Schedule Slippage Risk,LOW
400186,TILABONI UG,2026-07-01,West Bengal,Coal,0.9997094276090758,99.97094276090758,Current Schedule Slippage Risk,HIGH
400187,INTEGRATED LAKHANPUR-BELPAHAR-,2026-07-01,Odisha,Coal,0.0003218297310129288,0.03218297310129288,No Current Schedule Slippage Risk,LOW
400188,Redevelopment of Seven General Pool Residential Accommodation [GPRA] Colonies in Delhi,2026-07-01,Delhi,Real Estate,0.9309782460208262,93.09782460208262,Current Schedule Slippage Risk,HIGH
400192,Tubed Coal Mine,2026-07-01,Jharkhand,Coal,0.982403403211288,98.2403403211288,Current Schedule Slippage Risk,HIGH
400203,Dharamjaigarh-Korba,2026-07-01,Chhattisgarh,Railways,0.9990635119308058,99.90635119308058,Current Schedule Slippage Risk,HIGH
400204,Bahraich-Shravasti-Balrampur-Siddharthnagar -Santkabir nagar,2026-07-01,Uttar Pradesh,Railways,0.9991275445564017,99.91275445564017,Current Schedule Slippage Risk,HIGH
400205,Sahjanwa-Dohrighat,2026-07-01,Uttar Pradesh,Railways,0.9997045400453324,99.97045400453324,Current Schedule Slippage Risk,HIGH
400220,Kharsia-Dharamjaygarh with Spur line [East Corridor-Phase 1],2026-07-01,Chhattisgarh,Railways,3.1852196157095144e-05,0.003185219615709514,No Current Schedule Slippage Risk,LOW
400223,Nagapattinam-Tiruturaipundi and Karaikal-Peralam New Line,2026-07-01,"Multi-States (Puducherry, Tamil Nadu)",Railways,7.923288980321309e-05,0.007923288980321309,No Current Schedule Slippage Risk,LOW
400231,NLC Talabira Thermal Power Project,2026-07-01,Odisha,Electricity Generation,0.9867746782171317,98.67746782171317,Current Schedule Slippage Risk,HIGH
400232,Brundamal-Jharsuguda- flyover connection for joining downline,2026-07-01,Odisha,Railways,0.99873756197293,99.87375619729299,Current Schedule Slippage Risk,HIGH
400247,Kalinarayanpur-Krishnanagar Doubling Alongwith Krishnanagar - Chapra New Line And Naihati-Ranaghat 3rd Line.,2026-07-01,West Bengal,Railways,0.9944552889724941,99.44552889724942,Current Schedule Slippage Risk,HIGH
400253,Vizianagaram - Titlagarh 3rd line [272 Km including By - pass line of 7.68 KM],2026-07-01,"Multi-States (Andhra Pradesh, Odisha)",Railways,0.00030509254858719095,0.030509254858719095,No Current Schedule Slippage Risk,LOW
400254,Sakri -Hasanpur [via Harnagar - Kusheshwar Asthan] New Railway line,2026-07-01,Bihar,Railways,0.00011902405408336195,0.011902405408336196,No Current Schedule Slippage Risk,LOW
400261,Patratu Thermal Power Station Expansion Project Phase-I [3x800 MW],2026-07-01,Jharkhand,Electricity Generation,0.00011123274479139674,0.011123274479139673,No Current Schedule Slippage Risk,LOW
400271,Wardha-Nanded Via Yavatmal New BG Line,2026-07-01,Maharashtra,Railways,0.9961603209065455,99.61603209065456,Current Schedule Slippage Risk,HIGH
400273,Tarakeshwar-Bishnupur New Line [82.47 km],2026-07-01,West Bengal,Railways,1.5916898505540855e-05,0.0015916898505540856,No Current Schedule Slippage Risk,LOW
400275,Tindivanam-Nagari New Line Project [184.5 km],2026-07-01,"Multi-States (Andhra Pradesh, Tamil Nadu)",Railways,0.9998213784203319,99.9821378420332,Current Schedule Slippage Risk,HIGH
400277,Dum Dum Airport-New Garia via Rajarhat-Construction of Metro Railway,2026-07-01,West Bengal,Railways,0.00014428847691209913,0.014428847691209912,No Current Schedule Slippage Risk,LOW
400280,Phase II extension of MRTS from Velachery to St Thomas Mount,2026-07-01,Tamil Nadu,Railways,5.891078269045277e-05,0.005891078269045277,No Current Schedule Slippage Risk,LOW
400291,Doubling of Kirandul-Jagdalpur Line [150 km],2026-07-01,Chhattisgarh,Railways,9.581135886744263e-05,0.009581135886744264,No Current Schedule Slippage Risk,LOW
400298,Nadikudi - Srikalahasti New Line,2026-07-01,Andhra Pradesh,Railways,0.9986591345767148,99.86591345767148,Current Schedule Slippage Risk,HIGH
400299,Pottangi Bauxite Mines Project,2026-07-01,Odisha,Metals & Mining,0.9903266932669635,99.03266932669635,Current Schedule Slippage Risk,HIGH
400301,Multi Product Pipeline from Irugur to Devangonthi,2026-07-01,"Multi-States (Karnataka, Tamil Nadu)",Energy Storage,6.464280626996034e-05,0.006464280626996033,No Current Schedule Slippage Risk,LOW
400312,JHANJRA EXPANSION UG,2026-07-01,West Bengal,Coal,0.04096469837715384,4.096469837715384,No Current Schedule Slippage Risk,LOW
400315,SONEPUR BAZARI EXPANSION OCP [,2026-07-01,West Bengal,Coal,0.9804435102634192,98.04435102634193,Current Schedule Slippage Risk,HIGH
400321,NIGAHI EXPANSION [15 TO 25 MTP,2026-07-01,Madhya Pradesh,Coal,0.9718191647204971,97.1819164720497,Current Schedule Slippage Risk,HIGH
400352,JHARKHAND-LAIYO OCP,2026-07-01,Jharkhand,Coal,0.9941673581698782,99.41673581698782,Current Schedule Slippage Risk,HIGH
400353,DHUPTALA OC [SASTI UG TO OC ],2026-07-01,Maharashtra,Coal,0.9824695689981463,98.24695689981463,Current Schedule Slippage Risk,HIGH
400354,DIPKA EXPANSION OCP [40 MTY],2026-07-01,Chhattisgarh,Coal,0.9835071290966964,98.35071290966964,Current Schedule Slippage Risk,HIGH
400369,BINA KAKRI AMALGAMATION EXPANS,2026-07-01,"Multi-States (Madhya Pradesh, Uttar Pradesh)",Coal,0.0001475184758502241,0.01475184758502241,No Current Schedule Slippage Risk,LOW
400382,Rewas Port Project,2026-07-01,Maharashtra,Shipping,0.0005561707330573136,0.05561707330573136,No Current Schedule Slippage Risk,LOW
400392,BHARATPUR RE-ORGANIZATION OCP,2026-07-01,Odisha,Coal,0.9587989457813687,95.87989457813687,Current Schedule Slippage Risk,HIGH
400416,Shivpur-Kathautia New Rail [BG] Line [49 km] [Package II of Tori-Shivpur-Kathautia line],2026-07-01,Jharkhand,Railways,0.9882354192681843,98.82354192681842,Current Schedule Slippage Risk,HIGH
400424,GEVRA OC [70 MTY],2026-07-01,Chhattisgarh,Coal,0.9922888358760003,99.22888358760002,Current Schedule Slippage Risk,HIGH
400425,MOONIDIH XV SEAM UG,2026-07-01,Jharkhand,Coal,0.00019134028495309532,0.019134028495309534,No Current Schedule Slippage Risk,LOW
400426,Expansion of Malanjkhand Copper Project,2026-07-01,Madhya Pradesh,Metals & Mining,0.9952833909016471,99.5283390901647,Current Schedule Slippage Risk,HIGH
425828,Stamp Charge Battery No.12 Coke Dry Cooling Plant at IISCO Steel Plant,2026-07-01,West Bengal,Steel,0.9901184596861533,99.01184596861533,Current Schedule Slippage Risk,HIGH
437130,"Amended BharatNet Program - J&K, LAD",2026-07-01,PAN India,Telecommunication,0.9804226012662013,98.04226012662014,Current Schedule Slippage Risk,HIGH
462136,"Amended BharatNet Program - MGH, MZM, TRP",2026-07-01,PAN India,Telecommunication,0.9927804976185487,99.27804976185487,Current Schedule Slippage Risk,HIGH
476006,Amended BharatNet Program - HP,2026-07-01,PAN India,Telecommunication,0.9791254496622428,97.91254496622427,Current Schedule Slippage Risk,HIGH
478482,Stamp Charge Battery No.7 Coke Dry Cooling Plant at RSP,2026-07-01,Odisha,Steel,0.9764590320076774,97.64590320076773,Current Schedule Slippage Risk,HIGH
505491,Installation of 140 TPH Walking Beam type Reheating Furnace in Plate Mill at BSP,2026-07-01,Chhattisgarh,Steel,0.9953906494309382,99.53906494309382,Current Schedule Slippage Risk,HIGH
547243,BharatNet Phase-II,2026-07-01,PAN India,Telecommunication,0.0004706740974601665,0.04706740974601665,No Current Schedule Slippage Risk,LOW
589703,Implementation of Treatment System-2 Under ZLD at RSP,2026-07-01,Odisha,Steel,0.0026172681555772454,0.26172681555772453,No Current Schedule Slippage Risk,LOW
601812,Development of Zaheerabad Node under Hyderabad Nagpur Industrial Corridor,2026-07-01,Telangana,Real Estate,0.01557301768785899,1.557301768785899,No Current Schedule Slippage Risk,LOW
602096,Subansiri Lower HE Project [2000 MW],2026-07-01,"Multi-States (Arunachal Pradesh, Assam)",Electricity Generation,8.18034042948227e-05,0.008180340429482269,No Current Schedule Slippage Risk,LOW
602098,"Construction of Permanent Campus for IIM Jammu Phase-1 at Jagti, Nagrota, Jammu, J&K",2026-07-01,Jammu and Kashmir,Education,1.370073630247059e-05,0.0013700736302470588,No Current Schedule Slippage Risk,LOW
602099,Establishment of Permanent campus Phase 1 of IIM Sirmaur,2026-07-01,Himachal Pradesh,Education,1.5707723935143976e-05,0.0015707723935143975,No Current Schedule Slippage Risk,LOW
602181,"TEESTA-VI HE PROJECT, SIKKIM [500 MW], executed by LANCO TEESTA HYDRO POWER LIMITED [A wholly owned Subsidiary of NHPC LTD. acquired through NCLT]",2026-07-01,Sikkim,Electricity Generation,0.9992238483174001,99.92238483174,Current Schedule Slippage Risk,HIGH
602182,Dibang Multipurpose Project,2026-07-01,Arunachal Pradesh,Electricity Generation,0.9949611580659612,99.49611580659612,Current Schedule Slippage Risk,HIGH
602184,Rammam-III HEPP [3x40 MW],2026-07-01,West Bengal,Electricity Generation,0.9999182743612591,99.99182743612592,Current Schedule Slippage Risk,HIGH
602185,Tapovan-Vishnugad HEP [4x130 MW],2026-07-01,Uttarakhand,Electricity Generation,0.9998176781972784,99.98176781972784,Current Schedule Slippage Risk,HIGH
602195,Vishnugad Pipalkoti Hydro Electric Project [444 MW],2026-07-01,Uttarakhand,Electricity Generation,0.0004010637311330633,0.04010637311330633,No Current Schedule Slippage Risk,LOW
602223,Comprehensive Scheme for Strengthening of Transmission and Distribution [T&D] Systems [CSST&DS] in Arunachal Pradesh and Sikkim,2026-07-01,"Multi-States (Arunachal Pradesh, Sikkim)",Transmission & Distribution,0.0003349974210835327,0.03349974210835327,No Current Schedule Slippage Risk,LOW
602525,"Pakal Dul [Drangdhuran] Hydroelectric Project, 1000 MW",2026-07-01,Jammu and Kashmir,Electricity Generation,0.0002983576636214069,0.029835766362140692,No Current Schedule Slippage Risk,LOW
602532,Kiru HE Project,2026-07-01,Jammu and Kashmir,Electricity Generation,0.0003276928732656458,0.03276928732656458,No Current Schedule Slippage Risk,LOW
602535,"Ratle HE Project - 850 MW, Ratle Hydroelectric Power Corporation Limited.",2026-07-01,Jammu and Kashmir,Electricity Generation,0.9993896709508598,99.93896709508599,Current Schedule Slippage Risk,HIGH
602538,Installation of FGD for 4x210 & 2x250 MW MTPS U 1-6,2026-07-01,West Bengal,Electricity Generation,3.290778130845994e-05,0.003290778130845994,No Current Schedule Slippage Risk,LOW
602579,Buxar Thermal Power Project [1320 MW],2026-07-01,Bihar,Electricity Generation,0.00012624247863322362,0.012624247863322361,No Current Schedule Slippage Risk,LOW
602582,Dhaulasidh Hydro Electric Project [66 MW],2026-07-01,Himachal Pradesh,Electricity Generation,0.9997794907349791,99.97794907349791,Current Schedule Slippage Risk,HIGH
602593,Luhri Stage-I Hydro Electric Project [210 MW],2026-07-01,Himachal Pradesh,Electricity Generation,0.9999260282905148,99.99260282905148,Current Schedule Slippage Risk,HIGH
602792,Gauge Conversion of Kendri-Dhamtari including Abhanpur - Rajim Branch line 67.20 Kms - 2nd Material Modification to Raipur Titlagarh doubling.,2026-07-01,Chhattisgarh,Railways,4.1435545525952975e-05,0.0041435545525952975,No Current Schedule Slippage Risk,LOW
602797,"Sainthia, Sitarampur, Mughalsarai, Allahabad & Etawah - Bypass Line Project",2026-07-01,"Multi-States (Uttar Pradesh, West Bengal)",Railways,0.999879963510403,99.9879963510403,Current Schedule Slippage Risk,HIGH
602961,Talcher Thermal Power Station Stage III [2 x 660 MW] Expansion,2026-07-01,Odisha,Electricity Generation,0.9936726690129931,99.36726690129932,Current Schedule Slippage Risk,HIGH
603210,Development of Jodhpur Pali Marwar Industrial Area JPMIA in Rajasthan,2026-07-01,Rajasthan,Real Estate,0.03684385722836198,3.6843857228361983,No Current Schedule Slippage Risk,LOW
603293,Badam Coal Mining project of NTPC,2026-07-01,Jharkhand,Coal,0.022120198301247427,2.212019830124743,No Current Schedule Slippage Risk,LOW
603945,Integrated Anandpur Barrage Project,2026-07-01,Odisha,Water Resources,0.9910417779055216,99.10417779055216,Current Schedule Slippage Risk,HIGH
604791,Numaligarh Refinery Expansion Project,2026-07-01,Assam,Oil & Gas,0.0001674031921198889,0.01674031921198889,No Current Schedule Slippage Risk,LOW
604795,CBR 9 MMTPA Project,2026-07-01,Tamil Nadu,Oil & Gas,0.9978448499755612,99.78448499755612,Current Schedule Slippage Risk,HIGH
604833,"Andheri Residential Towers, Mumbai",2026-07-01,Maharashtra,Energy Storage,0.0005154751276797926,0.05154751276797925,No Current Schedule Slippage Risk,LOW
604852,"Grass-root Terminal at Mirzapur, Uttar Pradesh",2026-07-01,Uttar Pradesh,Energy Storage,0.035062061732148805,3.5062061732148804,No Current Schedule Slippage Risk,LOW
604853,"Indian Oil Technology Development and Deployment Centre at R&D Campus-II, Faridabad",2026-07-01,Haryana,Oil & Gas,0.997621681993879,99.7621681993879,Current Schedule Slippage Risk,HIGH
604859,Integrated Para Xylene [PX] and Purified Terephthalic Acid [PTA] Project at Paradip Refinery,2026-07-01,Odisha,Oil & Gas,8.911542957731028e-05,0.008911542957731028,No Current Schedule Slippage Risk,LOW
604863,Development of Surface Facilities for production and evacuation of Crude Oil and Natural Gas from Nadua and East Khagorija,2026-07-01,Assam,Oil & Gas,8.031828251517514e-06,0.0008031828251517514,No Current Schedule Slippage Risk,LOW
605155,Kwar HE Project,2026-07-01,Jammu and Kashmir,Electricity Generation,0.9992103831386159,99.92103831386159,Current Schedule Slippage Risk,HIGH
605156,Rangit-IV HE Project [120 MW] executed by Jal Power Corporation Ltd. [JPCL] - A wholly owned subsidiary of NHPC Ltd. acquired through NCLT,2026-07-01,Sikkim,Electricity Generation,0.00016807962448711113,0.016807962448711113,No Current Schedule Slippage Risk,LOW
605292,"Construction of Permanent Campus of Indian Institute of Management [IIM] Amritsar, Punjab, Phase-I",2026-07-01,Punjab,Education,1.3756508790268285e-05,0.0013756508790268285,No Current Schedule Slippage Risk,LOW
606013,Additional Campus of NITPatna,2026-07-01,Bihar,Education,2.4861080099991962e-05,0.0024861080099991962,No Current Schedule Slippage Risk,LOW
606112,Tezpur University Projects,2026-07-01,Assam,Education,1.6062392131605148e-05,0.0016062392131605148,No Current Schedule Slippage Risk,LOW
606431,CONSTRUCTION OF PERMANENT CAMPUS FOR IIT PALAKKAD UNDER PHASE 1A,2026-07-01,Kerala,Education,1.019234128614511e-05,0.001019234128614511,No Current Schedule Slippage Risk,LOW
606479,Banaras Hindu University [ Kayakalp of Institute of Medical Sciences],2026-07-01,Uttar Pradesh,Education,2.0024348919987897e-05,0.00200243489199879,No Current Schedule Slippage Risk,LOW
607653,Ludhiana Mullanpur 21Km Doubling Railway project,2026-07-01,Punjab,Railways,0.00037735695042317356,0.03773569504231736,No Current Schedule Slippage Risk,LOW
607709,NORTH EASTERN REGION POWER SYSTEM IMPROVEMENT PROJECT [NERPSIP],2026-07-01,"Multi-States (Assam, Manipur, Meghalaya, Mizoram, Nagaland, Tripura)",Transmission & Distribution,0.000334214731682304,0.0334214731682304,No Current Schedule Slippage Risk,LOW
609019,"HEFA projects on development of student hostels, playgrounds, departmental buildings, class room complex and other campus facilities in IIT Kharagpur",2026-07-01,West Bengal,Education,9.89313259763258e-06,0.000989313259763258,No Current Schedule Slippage Risk,LOW
609424,"Development of Container Terminal at Tuna-Tekra, Deendayal Port on BOT Basis Under PPP Mode",2026-07-01,Gujarat,Shipping,0.03419483602196402,3.419483602196402,No Current Schedule Slippage Risk,LOW
609736,"Construction of Sikkim University Campus Phase-I Package-II at Yangang, South Sikkim",2026-07-01,Sikkim,Education,1.8156179465046967e-05,0.0018156179465046967,No Current Schedule Slippage Risk,LOW
609996,Construction of Precast housing and hostels at IIT Hyderabad,2026-07-01,Telangana,Education,2.9292940248782164e-05,0.0029292940248782165,No Current Schedule Slippage Risk,LOW
610315,IISER BERHAMPUR,2026-07-01,Odisha,Education,6.949822860184171e-06,0.0006949822860184171,No Current Schedule Slippage Risk,LOW
610984,Development of Jharia CBM Block [Phase-1],2026-07-01,Jharkhand,Oil & Gas,0.9982482327526043,99.82482327526043,Current Schedule Slippage Risk,HIGH
611047,"Construction of NTB complex including apron, taxi track and other associated civil works and electrical & mechanical installations towards Tawi River side at CA Jammu.",2026-07-01,Jammu and Kashmir,Aviation & Aviation Infrastructure,0.9988350081250776,99.88350081250776,Current Schedule Slippage Risk,HIGH
611452,MUMBAI CENTRAL VIRAR VADODARA AHMEDABAAD TRAIN PROTECTION SYSTEM 500 RKM,2026-07-01,"Multi-States (Gujarat, Maharashtra)",Railways,4.171040197554734e-05,0.004171040197554735,No Current Schedule Slippage Risk,LOW
611495,Development of New Civil Enclave at Bagdogra Airport,2026-07-01,West Bengal,Aviation & Aviation Infrastructure,0.998186658412097,99.8186658412097,Current Schedule Slippage Risk,HIGH
611509,"Koderma Thermal Power Station Phase II [2X800 MW] At Koderma, Jharkhand",2026-07-01,Jharkhand,Electricity Generation,0.9793587343177493,97.93587343177494,Current Schedule Slippage Risk,HIGH
611570,"SITC of ATM Automation System and ASMGCS [Including SMR & MLAT] for Mumbai, Navi Mumbai, Jewar [earlier MOPA, without ASMGCS], HIAL & BIAL",2026-07-01,"Multi-States (Karnataka, Maharashtra, Telangana, Uttar Pradesh)",Aviation & Aviation Infrastructure,0.004179333044880435,0.4179333044880435,No Current Schedule Slippage Risk,LOW
611586,Sunni Dam Hydro Electric Project [382 MW],2026-07-01,Himachal Pradesh,Electricity Generation,0.9973802032605594,99.73802032605595,Current Schedule Slippage Risk,HIGH
611602,"Modernization of Chennai Airport, Phase II, Part 2",2026-07-01,Tamil Nadu,Aviation & Aviation Infrastructure,0.9864466124177826,98.64466124177827,Current Schedule Slippage Risk,HIGH
611669,NER Provision of Automatic Block Signalling on Gorakhpur Cantt[Excl] Chhapra Gramin & Burhwal Jn [Excl] Sitapur Jn section of high density routes,2026-07-01,"Multi-States (Bihar, Uttar Pradesh)",Railways,0.9953513499445179,99.5351349944518,Current Schedule Slippage Risk,HIGH
611698,240MW Heo HE Project,2026-07-01,Arunachal Pradesh,Electricity Generation,0.9988554514708098,99.88554514708098,Current Schedule Slippage Risk,HIGH
611699,186 MW Tato-I H E Project,2026-07-01,Arunachal Pradesh,Electricity Generation,0.9995700485649043,99.95700485649043,Current Schedule Slippage Risk,HIGH
611716,700 MW Tato-II HE Project,2026-07-01,Arunachal Pradesh,Electricity Generation,0.04082360327860726,4.082360327860727,No Current Schedule Slippage Risk,LOW
611735,Transmission system for evacuation of power from REZ in Rajasthan 20GW under Phase-III Part J,2026-07-01,"Multi-States (Delhi, Rajasthan)",Transmission & Distribution,0.9940489407503729,99.40489407503729,Current Schedule Slippage Risk,HIGH
611751,AURANGABAD-ANKAI - DOUBLING PROJECT 98.25 Km,2026-07-01,Maharashtra,Railways,0.9999789186235992,99.99789186235992,Current Schedule Slippage Risk,HIGH
611752,Doubling between Gooty-Pendakallu 29.225 km PB73/2023-24/NR,2026-07-01,Andhra Pradesh,Railways,0.9998776716599002,99.98776716599002,Current Schedule Slippage Risk,HIGH
611754,GUNTAKAL WEST-MALLAPPA GATE RAIL OVER RAIL - ROR TRACK,2026-07-01,Andhra Pradesh,Railways,0.9999469395968905,99.99469395968904,Current Schedule Slippage Risk,HIGH
611855,Devgarh Madariya - Nathdwara Gauge Conversion [82.54 Km] part of Marwar - Mavli Gauge Conversion [152 Km],2026-07-01,Rajasthan,Railways,0.027475805895773683,2.7475805895773684,No Current Schedule Slippage Risk,LOW
611861,Rewari - Kathuwas Doubling Project [27.72 Km],2026-07-01,"Multi-States (Haryana, Rajasthan)",Railways,0.0031357281527790806,0.31357281527790803,No Current Schedule Slippage Risk,LOW
611864,AMALAGAMATED NTST KUJAMA OCP 8.5MTY,2026-07-01,Jharkhand,Coal,0.01488341341869306,1.488341341869306,No Current Schedule Slippage Risk,LOW
611884,Bhiwani - Dobh Bahali Doubling Project [42.30 Km],2026-07-01,Haryana,Railways,0.9989942215805309,99.89942215805308,Current Schedule Slippage Risk,HIGH
611917,Poly Butadiene Rubber plant at Panipat,2026-07-01,Haryana,Oil & Gas,0.00018036103045394896,0.018036103045394897,No Current Schedule Slippage Risk,LOW
611918,Kosamba Umarpada 70 Km,2026-07-01,Gujarat,Railways,0.9997175328919494,99.97175328919494,Current Schedule Slippage Risk,HIGH
611927,Kurnool - Setting up facilities for coach midlife rehabilitation workshop,2026-07-01,Andhra Pradesh,Railways,0.9991618344196683,99.91618344196684,Current Schedule Slippage Risk,HIGH
611929,Maintenance cum workshop depot for Vande Bharat Sleeper Trains as per conditions under WTA 527,2026-07-01,Rajasthan,Railways,0.9982481179899397,99.82481179899398,Current Schedule Slippage Risk,HIGH
611930,Lara Super Thermal Power Project Stage-II [2 x 800 MW],2026-07-01,Chhattisgarh,Electricity Generation,0.9935052709083603,99.35052709083602,Current Schedule Slippage Risk,HIGH
611943,New Broad Gauge line between Naliya to Jakhau Port,2026-07-01,Gujarat,Railways,0.9992164718032883,99.92164718032883,Current Schedule Slippage Risk,HIGH
611945,Petlad-Bhadran 22.5 km,2026-07-01,Gujarat,Railways,0.999705351815328,99.97053518153281,Current Schedule Slippage Risk,HIGH
611949,Transmission system for evacuation of power from REZ in Rajasthan 20 GW under Phase-III part C1,2026-07-01,Rajasthan,Transmission & Distribution,0.00012113600807601844,0.012113600807601843,No Current Schedule Slippage Risk,LOW
611957,"Phase III A works at IIT Indore [03 Hostels, 01 Studio Apartment, 01 Housing, Heavy & Sophisticated lab complex, Academic POD and Infrastructure for center of excellence]",2026-07-01,Madhya Pradesh,Education,0.021378389129637083,2.1378389129637085,No Current Schedule Slippage Risk,LOW
611961,Construction of IIT Bhubaneswar -Phase III,2026-07-01,Odisha,Education,0.9916680930317562,99.16680930317561,Current Schedule Slippage Risk,HIGH
611963,"Construction & Development of Infrastructural Facilities in the main campus of NIT Uttarakhand at Sumari, Pauri Garhwal",2026-07-01,Uttarakhand,Education,0.028206182634809975,2.8206182634809975,No Current Schedule Slippage Risk,LOW
611966,Transmission System for Evacuation of power from Potential RE Zone in Khavda Area of Gujarat under phase IV 7GW-Part E4,2026-07-01,Maharashtra,Transmission & Distribution,0.00022804153679149042,0.022804153679149043,No Current Schedule Slippage Risk,LOW
611970,Samlaya Timba Road 54 km,2026-07-01,Gujarat,Railways,0.9998249968304153,99.98249968304152,Current Schedule Slippage Risk,HIGH
611971,Samni Jambusar 24 km,2026-07-01,Gujarat,Railways,0.9980827067430987,99.80827067430987,Current Schedule Slippage Risk,HIGH
611974,Western Railway Samakhiali Gandhidham Quadrupiling 53 Kms,2026-07-01,Gujarat,Railways,0.995484558845854,99.5484558845854,Current Schedule Slippage Risk,HIGH
611977,Dahod Creation of Infrastructure facilities for 9000 HP Electric locomotives Manufacturing at,2026-07-01,Gujarat,Railways,0.9995053175516627,99.95053175516627,Current Schedule Slippage Risk,HIGH
611978,Dahod Rolling Stock Workshop Provision of Infrastructure for CBS at,2026-07-01,Gujarat,Railways,0.9998889608667512,99.98889608667511,Current Schedule Slippage Risk,HIGH
611979,Sabarmati Setting up of Maintenance Facilities for Train Sets Phase ii,2026-07-01,Gujarat,Railways,3.70935399561942e-05,0.00370935399561942,No Current Schedule Slippage Risk,LOW
612066,Rajasthan Metro Rail Project Phase 1C from Badi Chaupar to Transport Nagar via Galta Gate,2026-07-01,Rajasthan,Urban Public Transport,0.9754058540745543,97.54058540745542,Current Schedule Slippage Risk,HIGH
612068,Jaipur Metro Phase 1D Project from Mansarovar to Ajmer Road Chauraha,2026-07-01,Rajasthan,Urban Public Transport,0.9949623591097679,99.4962359109768,Current Schedule Slippage Risk,HIGH
612072,4th LINE BETWEEN BAREJADI NANDEJ-SANAND-AHMEDABAD BYPASS,2026-07-01,Gujarat,Railways,0.9924057267691488,99.24057267691488,Current Schedule Slippage Risk,HIGH
612096,Construction of Balurghat-Hilli new BG Line,2026-07-01,West Bengal,Railways,0.99960247538981,99.960247538981,Current Schedule Slippage Risk,HIGH
612128,Hostel blocks & dining hall block,2026-07-01,Himachal Pradesh,Education,1.8391882428400906e-05,0.0018391882428400905,No Current Schedule Slippage Risk,LOW
612132,Transmission Scheme for Evacuation of power from REZ in Rajasthan [20 GW] under Phase-III Part D Phase I [Sikar Khetri Transmission Ltd],2026-07-01,"Multi-States (Delhi, Rajasthan)",Transmission & Distribution,4.93711210867347e-05,0.00493711210867347,No Current Schedule Slippage Risk,LOW
612133,Transmission System for Evacuation of power from Rajasthan REZ Ph-IV [Part-1] [Bikaner Complex] Part D [Neemrana Bareilly Transmission Ltd],2026-07-01,"Multi-States (Rajasthan, Uttar Pradesh)",Transmission & Distribution,0.9957198989304142,99.57198989304142,Current Schedule Slippage Risk,HIGH
612134,Transmission System for Evacuation of power from Rajasthan REZ Ph-IV [Part-1] [Bikaner Complex] Part A [Bikaner Neemrana Transmission Ltd],2026-07-01,Rajasthan,Transmission & Distribution,0.9994483816343946,99.94483816343947,Current Schedule Slippage Risk,HIGH
612138,"Transmission Scheme for Solar Energy Zone in Bidar [2500 MW], Karnataka [Bidar Transmission Ltd]",2026-07-01,"Multi-States (Karnataka, Telangana)",Transmission & Distribution,0.0001662984855106288,0.01662984855106288,No Current Schedule Slippage Risk,LOW
612139,Transmission system for Evacuation of Additional 7 GW RE power from Khavda RE park under Phase-III Part B [Vataman Transmission Limited],2026-07-01,Gujarat,Transmission & Distribution,0.9846166889475727,98.46166889475727,Current Schedule Slippage Risk,HIGH
612140,Transmission Scheme for Integration of Renewable Energy Zone [Phase II] in Koppal II [Phase A&B] and gadag II[Phase A] in Karnataka [POWERGRID KOPPAL GADAG TRANSMISSION LIMITED],2026-07-01,Karnataka,Transmission & Distribution,0.0006557250984964927,0.06557250984964927,No Current Schedule Slippage Risk,LOW
612142,"Singrauli Super Thermal Power Project, Stage-III [2x800 MW]",2026-07-01,Uttar Pradesh,Electricity Generation,0.038790110846844694,3.8790110846844694,No Current Schedule Slippage Risk,LOW
612167,"Construction of 350 beds + 50 Super Specialty beds ESIC Hospital Sheelanagar, Visakhapatnam, Andhra Pradesh",2026-07-01,Andhra Pradesh,Healthcare,8.291132390603628e-05,0.008291132390603627,No Current Schedule Slippage Risk,LOW
612183,Development of New Civil Enclave at Bihta,2026-07-01,Bihar,Aviation & Aviation Infrastructure,0.7373917978244412,73.73917978244413,Current Schedule Slippage Risk,HIGH
612186,350 Bedded [Upgradable to 500 beds] ESI Hospital at Sanand,2026-07-01,Gujarat,Healthcare,0.9947065052316023,99.47065052316023,Current Schedule Slippage Risk,HIGH
612194,Development of New Civil Enclave and associated works at Darbhanga Airport,2026-07-01,Bihar,Aviation & Aviation Infrastructure,0.9963216426347046,99.63216426347046,Current Schedule Slippage Risk,HIGH
612211,"Demolition, Construction and upgradation of ESI Hospital, Kalol, Gujarat from 50 beds to 150 beds.",2026-07-01,Gujarat,Healthcare,0.9996962118299708,99.96962118299709,Current Schedule Slippage Risk,HIGH
612213,"Construction of 200 Bedded ESIC Hospital at Butibori, Nagpur, Maharashtra.",2026-07-01,Maharashtra,Healthcare,0.9998106314508514,99.98106314508513,Current Schedule Slippage Risk,HIGH
612259,CONSTRUCTION OF 300 BEDDED HOSPITAL AT HARIDWAR,2026-07-01,Uttarakhand,Healthcare,1.5155797949278613e-05,0.0015155797949278614,No Current Schedule Slippage Risk,LOW
612513,"Construction of 100 Bedded ESI Hospital at Duburi, Odisha.",2026-07-01,Odisha,Healthcare,0.9996020457018909,99.96020457018909,Current Schedule Slippage Risk,HIGH
612745,"Construction of 200 bed ESI Hospital at Bommasandra, Karnataka",2026-07-01,Karnataka,Healthcare,0.9991743285875497,99.91743285875498,Current Schedule Slippage Risk,HIGH
612748,"Construction of 100 bed ESI Hospital and Staff Quarters [32 Nos.] at Harohalli, Karnataka",2026-07-01,Karnataka,Healthcare,0.9968478630510645,99.68478630510646,Current Schedule Slippage Risk,HIGH
612781,Rebuilding of COB 4 at Durgapur Steel Plant,2026-07-01,West Bengal,Steel,0.9986771947636315,99.86771947636315,Current Schedule Slippage Risk,HIGH
612786,"Construction of New Domestic Terminal Building Building and miscellaneous works including maintenance, operations and AICMC at Kadapa Airport",2026-07-01,Andhra Pradesh,Aviation & Aviation Infrastructure,0.9987317260842968,99.87317260842968,Current Schedule Slippage Risk,HIGH
612787,Construction of New Domestic Terminal Building and Miscellaneous works at Hubli Airport,2026-07-01,Karnataka,Aviation & Aviation Infrastructure,0.0005111285386252117,0.05111285386252117,No Current Schedule Slippage Risk,LOW
612788,Construction of New Domestic Terminal Building and Miscellaneous Works at Belagavi Airport.,2026-07-01,Karnataka,Aviation & Aviation Infrastructure,7.622252557358757e-05,0.007622252557358757,No Current Schedule Slippage Risk,LOW
612789,"Development of additional RESA on either end on Runway 10-28 at Calicut Airport. Construction of embankment with slope protection, drainage system and associated works for additional RESA on either end on Runway 10-28",2026-07-01,Kerala,Aviation & Aviation Infrastructure,0.9917578107213536,99.17578107213536,Current Schedule Slippage Risk,HIGH
612790,Power System Upgradation Project,2026-07-01,Karnataka,Oil & Gas,0.00012201646247603341,0.01220164624760334,No Current Schedule Slippage Risk,LOW
612791,"Re-Construction of Rigid portions of Secondary Runway, K and A Taxiway and Strengthening of C Taxiway at NSCBI Airport Kolkata.",2026-07-01,West Bengal,Aviation & Aviation Infrastructure,0.9941175466401695,99.41175466401695,Current Schedule Slippage Risk,HIGH
612793,"Widening of basic strip at Western Side of Runway Chainage 80m to 920m i/c slope stabilization Measures [Balance work] of uphill and Improvement of Storm Water Drainage System at Pakyong Airport, Sikkim on design & build basis [EPC] with integrated 10 years maintenance.",2026-07-01,Sikkim,Aviation & Aviation Infrastructure,0.9969001759602876,99.69001759602875,Current Schedule Slippage Risk,HIGH
612815,4th line between Nipania Bhatapara 14.4 Km,2026-07-01,Chhattisgarh,Railways,0.9998546148352323,99.98546148352322,Current Schedule Slippage Risk,HIGH
612816,ITAPARA OCP,2026-07-01,West Bengal,Coal,0.9989495281884309,99.89495281884308,Current Schedule Slippage Risk,HIGH
612827,Flyover between Pendurthi and Simhachalam North to avoid surface crossing at Simhachalam 7.135 km PB 73 of 2023 24 NR,2026-07-01,Andhra Pradesh,Railways,0.9993182224731512,99.93182224731511,Current Schedule Slippage Risk,HIGH
612834,3rd & 4th line between Sarla - Sason [8 km] [PB 73/2023-24/NR],2026-07-01,Odisha,Railways,9.546160587363342e-05,0.009546160587363342,No Current Schedule Slippage Risk,LOW
612845,Gauge Conversion of Pachora-Jamner with Extension upto Malkapur [Bodwad] [84.34 Kms],2026-07-01,Maharashtra,Railways,0.03069409049290643,3.069409049290643,No Current Schedule Slippage Risk,LOW
612851,"Phase 1B - Construction of Academic Block, Hostel, Residential Tower, Directors Residence and External Development works at National Institute of Technology, Delhi Campus on Engineering, Procurement and Construction basis",2026-07-01,Delhi,Education,1.1027894275630417e-05,0.0011027894275630417,No Current Schedule Slippage Risk,LOW
612853,Gurdaspur Jammu Pipeline,2026-07-01,"Multi-States (Jammu and Kashmir, Punjab)",Oil & Gas,0.0007866584004389477,0.07866584004389478,No Current Schedule Slippage Risk,LOW
612855,Transmission System for Evacuation of Power from Potential Energy Renewable Zone in Khavda Area of Gujarat under Ph-IV [7GW] Part E2,2026-07-01,Gujarat,Transmission & Distribution,0.0015218521400011174,0.15218521400011176,No Current Schedule Slippage Risk,LOW
612876,"Construction of Permanent Campus for NIT Mizoram at Lengpui, Aizawl",2026-07-01,Mizoram,Education,0.9987950255736914,99.87950255736914,Current Schedule Slippage Risk,HIGH
612877,Establishment of NIT Puducherry Permanent Campus [Phase-I and Phase-II],2026-07-01,Puducherry,Education,1.175851751236979e-05,0.001175851751236979,No Current Schedule Slippage Risk,LOW
612878,Bangalore Metro Rail Project - PHASE-3,2026-07-01,Karnataka,Urban Public Transport,0.007050885678847462,0.7050885678847463,No Current Schedule Slippage Risk,LOW
612883,Establishment of Permanent Campus of NIT SIkkim at Khamdong-Gangtok District,2026-07-01,Sikkim,Education,0.9834514372424239,98.34514372424239,Current Schedule Slippage Risk,HIGH
612885,Construction and Developement of National Institute of Technology Meghalaya Permanent Campus at Sohra,2026-07-01,Meghalaya,Education,1.1958338678594121e-05,0.001195833867859412,No Current Schedule Slippage Risk,LOW
612894,"Construction of Permanent Campus of Central University of Himachal Pradesh at Dehra, District - Kangra, [H.P.] on Engineering. Procurement and Construction [EPC Mode 1] Basis.",2026-07-01,Himachal Pradesh,Education,1.4873416985512063e-05,0.0014873416985512063,No Current Schedule Slippage Risk,LOW
612898,Construction of Permanent Campus of National Institute of Technology Arunachal Pradesh,2026-07-01,Arunachal Pradesh,Education,0.0006068174439054007,0.06068174439054007,No Current Schedule Slippage Risk,LOW
612916,"Construction of permanent campus of Central University of Gujarat at Village kundhela, Dist. Vadodara, Gujarat.",2026-07-01,Gujarat,Education,1.0302589479431577e-05,0.0010302589479431576,No Current Schedule Slippage Risk,LOW
613002,Redevelopment of Chennai Egmore Station,2026-07-01,Tamil Nadu,Railways,0.9998645745434458,99.98645745434457,Current Schedule Slippage Risk,HIGH
613008,Construction of Permanent Campus of Central Tribal University of Andhra Pradesh Phase-1,2026-07-01,Andhra Pradesh,Education,0.9925476017764708,99.25476017764709,Current Schedule Slippage Risk,HIGH
613013,Establishment of NIT Nagaland,2026-07-01,Nagaland,Education,1.7523728238420963e-05,0.0017523728238420964,No Current Schedule Slippage Risk,LOW
613015,Redevelopment of Chhatrapati Shivaji Maharaj Terminus [CSMT] and construction of associated infrastructure,2026-07-01,Maharashtra,Railways,0.9997642064815867,99.97642064815867,Current Schedule Slippage Risk,HIGH
613785,Redevelopment of New Delhi Railway Station and construction of associated infrastructure,2026-07-01,Delhi,Railways,0.9943862327954064,99.43862327954064,Current Schedule Slippage Risk,HIGH
613786,"Redevelopment of Ahmedabad railway station and associated infrastructure on engineering, procurement and construction mode",2026-07-01,Gujarat,Railways,0.9961978673397974,99.61978673397974,Current Schedule Slippage Risk,HIGH
613787,Jamrani Dam Multipurpose Project,2026-07-01,Uttarakhand,Water Resources,0.9936893096723376,99.36893096723377,Current Schedule Slippage Risk,HIGH
613793,SHYAMSUNDARPUR UG INCLUDING SA,2026-07-01,West Bengal,Coal,0.9955718225555058,99.55718225555059,Current Schedule Slippage Risk,HIGH
613794,PARASEA-BELBAID UG PROJECT,2026-07-01,West Bengal,Coal,0.9914618591566892,99.14618591566892,Current Schedule Slippage Risk,HIGH
613798,AMERA OC RCE [1.0 MTY],2026-07-01,Chhattisgarh,Coal,0.9847888797514313,98.47888797514312,Current Schedule Slippage Risk,HIGH
613799,AMGAON OC RCE [1.0 MTY],2026-07-01,Chhattisgarh,Coal,0.9984009906632905,99.84009906632905,Current Schedule Slippage Risk,HIGH
613800,JAGANNATHPUR OC RCE PROJECT,2026-07-01,Chhattisgarh,Coal,0.0003380470388638019,0.03380470388638019,No Current Schedule Slippage Risk,LOW
613801,MAHAMAYA OCP [1.50 MTY],2026-07-01,Chhattisgarh,Coal,0.9948671987598424,99.48671987598424,Current Schedule Slippage Risk,HIGH
613802,KANCHAN OC EXP,2026-07-01,Madhya Pradesh,Coal,0.9828216186182166,98.28216186182166,Current Schedule Slippage Risk,HIGH
613803,JHIRIA WEST OCP [1.5 MTY],2026-07-01,Madhya Pradesh,Coal,0.03847194335323312,3.847194335323312,No Current Schedule Slippage Risk,LOW
613804,RPR TAWA-III UG 0.84 MTY,2026-07-01,Madhya Pradesh,Coal,0.9988979545610279,99.88979545610279,Current Schedule Slippage Risk,HIGH
613808,MURAIDIH UG PROJECT,2026-07-01,Jharkhand,Coal,0.9934921050648888,99.34921050648889,Current Schedule Slippage Risk,HIGH
615183,KHADIA EXPANSION [10 TO 16 MTP,2026-07-01,"Multi-States (Madhya Pradesh, Uttar Pradesh)",Coal,0.9837726520588386,98.37726520588386,Current Schedule Slippage Risk,HIGH
615184,SAONER UG MINE -1 EXPANSION 1.,2026-07-01,Maharashtra,Coal,0.02584708524826274,2.584708524826274,No Current Schedule Slippage Risk,LOW
615185,AMALGAMATED DHANKASA & JAMUNIA,2026-07-01,Madhya Pradesh,Coal,0.02302525386183357,2.302525386183357,No Current Schedule Slippage Risk,LOW
615186,SASTI EXPANSION OPENCAST,2026-07-01,Maharashtra,Coal,0.9971096453464877,99.71096453464877,Current Schedule Slippage Risk,HIGH
615187,RPR OF VISHNUPURI UG TO OC,2026-07-01,Madhya Pradesh,Coal,0.9839830133874954,98.39830133874953,Current Schedule Slippage Risk,HIGH
615188,NEW MAJRI UG TO OC 3 MTY COST,2026-07-01,Maharashtra,Coal,0.9842738422308076,98.42738422308076,Current Schedule Slippage Risk,HIGH
615189,MAKARDHOKRA EXPN OC 4.9 MTY,2026-07-01,Maharashtra,Coal,0.9979203148298772,99.79203148298772,Current Schedule Slippage Risk,HIGH
615190,SINGHORI DEEP OC MIN 2.0 MTY,2026-07-01,Maharashtra,Coal,0.9990613784706454,99.90613784706454,Current Schedule Slippage Risk,HIGH
615191,KATKONA RO UG MINE,2026-07-01,Chhattisgarh,Coal,0.9984636644100015,99.84636644100014,Current Schedule Slippage Risk,HIGH
615192,GOKUL EXTENSION OC MINE,2026-07-01,Maharashtra,Coal,0.999759001141695,99.9759001141695,Current Schedule Slippage Risk,HIGH
615194,URDHAN EXPANSION OC COST PLUS,2026-07-01,Madhya Pradesh,Coal,0.9987664185432723,99.87664185432723,Current Schedule Slippage Risk,HIGH
615195,SHARDA UG MINE,2026-07-01,Madhya Pradesh,Coal,0.9993634160342665,99.93634160342665,Current Schedule Slippage Risk,HIGH
615199,KOLGAON EXPANSION DEEP OC MINE,2026-07-01,Maharashtra,Coal,0.9974797886023155,99.74797886023154,Current Schedule Slippage Risk,HIGH
615202,Capacity expansion of Deposit-14 and 14 NMZ at Kirandul,2026-07-01,Chhattisgarh,Metals & Mining,0.9966167666836027,99.66167666836027,Current Schedule Slippage Risk,HIGH
615206,GANDHIGRAM UG MINE,2026-07-01,Madhya Pradesh,Coal,0.5006208457146383,50.06208457146383,Current Schedule Slippage Risk,MEDIUM
615330,BALLARPUR NORTH WEST OC MINE,2026-07-01,Maharashtra,Coal,0.9862205315012308,98.62205315012308,Current Schedule Slippage Risk,HIGH
615331,GADEGAON OC 3 MTY,2026-07-01,Maharashtra,Coal,0.9969041711634402,99.69041711634402,Current Schedule Slippage Risk,HIGH
615332,Transmission System for Evacuation of Power from Rajasthan REZ Ph-IV [Part-2 5.5 GW][Jaisalmer/Barmer Complex] Part B [SPV Name POWERGRID Sirohi Transmission Limited],2026-07-01,Rajasthan,Transmission & Distribution,0.9981637269392717,99.81637269392716,Current Schedule Slippage Risk,HIGH
615333,Transmission System for Evacuation of Power from Rajasthan REZ Ph-IV [Part-2 5.5 GW] [Jaisalmer/Barmer Complex] Part D [SPV Name POWERGRID Beawar Mandsaur Transmission Limited],2026-07-01,"Multi-States (Madhya Pradesh, Rajasthan)",Transmission & Distribution,0.9930771993433306,99.30771993433306,Current Schedule Slippage Risk,HIGH
615334,Transmission System for Evacuation of Power from Rajasthan REZ Ph-IV [Part-2 5.5 GW] [Jaisalmer/Barmer Complex] Part E [SPV Name POWERGRID Mewar Transmission Limited],2026-07-01,"Multi-States (Madhya Pradesh, Rajasthan)",Transmission & Distribution,0.9995074777896289,99.95074777896289,Current Schedule Slippage Risk,HIGH
615335,Transmission System Strengthening for Interconnections of Bhadla-III & Bikaner III Complex [SPV Name POWERGRID BHADLA BIKANER TRANSMISSION LIMITED],2026-07-01,Rajasthan,Transmission & Distribution,0.9969529800684985,99.69529800684985,Current Schedule Slippage Risk,HIGH
615336,Transmission system for evacuation of Power from REZ in Rajasthan [20 GW] under phase-III Part-D Phase-II,2026-07-01,Delhi,Transmission & Distribution,0.9746673229136212,97.46673229136212,Current Schedule Slippage Risk,HIGH
615337,Additional Transmission System for evacuation of Power from Bhadla-III PS as part of Rajasthan REZ Phase III Scheme [20 GW] [SPV Name POWERGRID Bhadla-III Power Transmission Limited],2026-07-01,Rajasthan,Transmission & Distribution,0.0023948965275193404,0.23948965275193404,No Current Schedule Slippage Risk,LOW
615338,TRANSMISSION SYSTEM FOR EVACUATION OF POWER FROM RAJASTHAN REZ PH -IV [PART-2 5.5 GW] [JAISALMER/BARMER COMPLEX] PART F [SPV Name POWERGRID BARMER I TRANSMISSION LIMITED],2026-07-01,Rajasthan,Transmission & Distribution,0.9844167610409882,98.44167610409882,Current Schedule Slippage Risk,HIGH
615339,Transmission system for evacuation of power from Rajasthan REZ Ph-IV [Part- 3/6GW] [Bikaner complex] Part A [SPV Name POWERGRID Bikaner IV Transmission Limited],2026-07-01,"Multi-States (Haryana, Punjab, Rajasthan)",Transmission & Distribution,0.9987906607494492,99.87906607494492,Current Schedule Slippage Risk,HIGH
615340,TRANSMISSION SYSTEM FOR EVACUATION OF POWER FROM RAJASTHAN REZ PH-IV [PART-3/ 6 GW] [BIKANER COMPLEX] PART B [SPV Name POWERGRID Siwani Transmission Limited],2026-07-01,"Multi-States (Haryana, Rajasthan)",Transmission & Distribution,0.9989478302766984,99.89478302766985,Current Schedule Slippage Risk,HIGH
615342,Augmentation of Transformation Capacity at jam Khambhaliya PS [GIS] [SPV Name POWERGRID Jam Khambhaliya Transmission Limited],2026-07-01,Gujarat,Transmission & Distribution,0.999200205426662,99.9200205426662,Current Schedule Slippage Risk,HIGH
615343,Provision of Dynamic Reactive Compensation at Khavda pooling Station 1 [KPS1] and Khavda Pooling station 3 [KPS3],2026-07-01,Gujarat,Transmission & Distribution,0.9992771806301001,99.92771806301,Current Schedule Slippage Risk,HIGH
615344,Transmission System for Evacuation of Power from Rajasthan REZ Ph-IV [Part-2 5.5GW] [Jaisalmer/Barmer Complex] Part H1 [POWERGRID KURAWAR TRANSMISSION LIMITED],2026-07-01,Madhya Pradesh,Transmission & Distribution,0.9957451645332402,99.57451645332402,Current Schedule Slippage Risk,HIGH
615345,Transmission System for Evacuation of Power from Potential Renewable Energy Zone in Khavda area of Gujarat under Phase-IV [7GW] Part B [SPV Name POWERGRID South Olpad Transmission Limited],2026-07-01,Gujarat,Transmission & Distribution,0.9986220516077381,99.86220516077381,Current Schedule Slippage Risk,HIGH
615346,Transmission System for Evacuation of Power from Rajasthan REZ Ph-IV [Part-2 5.5 GW] [Jaisalmer/Barmer Complex] Part C [SPV Name POWERGRID Mandsaur Transmission Limited],2026-07-01,Madhya Pradesh,Transmission & Distribution,0.9948365683041586,99.48365683041585,Current Schedule Slippage Risk,HIGH
615347,TRANSMISSION SYSTEM FOR EVACUATION OF POWER FROM POTENTIAL RENEWABLE ENERGY ZONE IN KHAVDA AREA OF GUJARAT UNDER PHASE-V [8 GW] PART A [SPV Name POWERGRID West Central Transmission Limited],2026-07-01,"Multi-States (Gujarat, Maharashtra)",Transmission & Distribution,0.04557861848696524,4.557861848696524,No Current Schedule Slippage Risk,LOW
615349,TAPIN SOUTH EXPN,2026-07-01,Jharkhand,Coal,0.9811625749416545,98.11625749416545,Current Schedule Slippage Risk,HIGH
615818,Jawahar Khani Open Cast Mine,2026-07-01,Telangana,Coal,0.997939041210702,99.7939041210702,Current Schedule Slippage Risk,HIGH
615820,TIKAK EXTENSION OCP,2026-07-01,Assam,Coal,3.3075541712688213e-05,0.0033075541712688215,No Current Schedule Slippage Risk,LOW
615821,TIRAP OCP,2026-07-01,Assam,Coal,0.9980355956062162,99.80355956062162,Current Schedule Slippage Risk,HIGH
615822,SIRKA OC,2026-07-01,Jharkhand,Coal,0.9977185499566551,99.7718549956655,Current Schedule Slippage Risk,HIGH
615843,TETARIAKHAR OC,2026-07-01,Jharkhand,Coal,0.999557987480259,99.9557987480259,Current Schedule Slippage Risk,HIGH
615857,Naini Coal Mine,2026-07-01,Odisha,Coal,0.0014583238930922944,0.14583238930922945,No Current Schedule Slippage Risk,LOW
615858,Kalyanikhani Opencast Project,2026-07-01,Telangana,Coal,0.9884426562693186,98.84426562693186,Current Schedule Slippage Risk,HIGH
615860,Godavarikhani Coal Mine - 5,2026-07-01,Telangana,Coal,0.9947467651873816,99.47467651873816,Current Schedule Slippage Risk,HIGH
615861,Indaram Opencast Project,2026-07-01,Telangana,Coal,9.451849399580581e-05,0.009451849399580582,No Current Schedule Slippage Risk,LOW
615862,Goleti Opencast Mine,2026-07-01,Telangana,Coal,0.9984721765054256,99.84721765054256,Current Schedule Slippage Risk,HIGH
615863,Venkatesh Khani Coal Mine,2026-07-01,Telangana,Coal,8.05776729032377e-05,0.00805776729032377,No Current Schedule Slippage Risk,LOW
615865,Kakatiyakhani OC - 2 Project,2026-07-01,Telangana,Coal,0.9948152843234587,99.48152843234587,Current Schedule Slippage Risk,HIGH
615914,GHONSA EXPANSION DEEP OC MINE,2026-07-01,Maharashtra,Coal,0.9998925979417101,99.98925979417102,Current Schedule Slippage Risk,HIGH
615915,Rourkela-Bondamunda A-Cabin 5th line [9.6 km],2026-07-01,Odisha,Railways,0.9439846947064539,94.39846947064538,Current Schedule Slippage Risk,HIGH
615916,AMLG GAURI PAUNI EXPANSION OC,2026-07-01,Maharashtra,Coal,0.9987899344804531,99.8789934480453,Current Schedule Slippage Risk,HIGH
615917,GAURIDEEP/GAURI CENTRAL OCP 7.,2026-07-01,Maharashtra,Coal,0.9808457473510647,98.08457473510647,Current Schedule Slippage Risk,HIGH
615918,RPR OF BHANEGAON OC,2026-07-01,Maharashtra,Coal,0.9886210960212449,98.86210960212449,Current Schedule Slippage Risk,HIGH
615919,N. EXTN. MUNGOLI NIRGUDA D OCP,2026-07-01,Maharashtra,Coal,0.05492345268691971,5.492345268691971,No Current Schedule Slippage Risk,LOW
615982,NILJAI EXPANSION DEEP OCP,2026-07-01,Maharashtra,Coal,0.9897965963634272,98.97965963634272,Current Schedule Slippage Risk,HIGH
616044,UKNI DEEP OC MINE -COST PLUS,2026-07-01,Maharashtra,Coal,8.628988296018533e-05,0.008628988296018533,No Current Schedule Slippage Risk,LOW
616050,AMALGAMATED INDER-KAMPTEE DEEP,2026-07-01,Maharashtra,Coal,0.00040183223808436215,0.04018322380843622,No Current Schedule Slippage Risk,LOW
616221,"Extension of Aqua Line Metro Corridor from Noida Sector-142 station to Botanical Garden, Noida of Noida Metro Rail Corporation",2026-07-01,Uttar Pradesh,Urban Public Transport,0.0030832425870099297,0.30832425870099295,No Current Schedule Slippage Risk,LOW
616223,ADASA UG TO OC MINE,2026-07-01,Maharashtra,Coal,0.00040473689273028406,0.040473689273028406,No Current Schedule Slippage Risk,LOW
616225,CHUPERBHITA SIMLONG OCP MDO 6,2026-07-01,Jharkhand,Coal,0.058741276347389494,5.874127634738949,No Current Schedule Slippage Risk,LOW
616226,INTEGRATED KULDA GARJANBAHAL O,2026-07-01,Odisha,Coal,0.9889644815180214,98.89644815180215,Current Schedule Slippage Risk,HIGH
616227,Chandil - Anara - Damodar - 3rd line [121.26 km],2026-07-01,"Multi-States (Jharkhand, West Bengal)",Railways,0.9698245698940596,96.98245698940596,Current Schedule Slippage Risk,HIGH
616229,AMAL GONDEGAON GHATROHANA EXPN,2026-07-01,Maharashtra,Coal,0.9959707500866513,99.59707500866513,Current Schedule Slippage Risk,HIGH
616230,PARASCOLE JAMBAD OCP,2026-07-01,West Bengal,Coal,0.6976299679088142,69.76299679088142,Current Schedule Slippage Risk,MEDIUM
616231,BHUBANESWARI EXPN OCP 50 MTY,2026-07-01,Odisha,Coal,0.010687182517987918,1.0687182517987919,No Current Schedule Slippage Risk,LOW
616232,HINGULA II OC EXPN PH III 15 M,2026-07-01,Odisha,Coal,0.6804956881686123,68.04956881686122,Current Schedule Slippage Risk,MEDIUM
616233,BALABHADRA OCP,2026-07-01,Odisha,Coal,0.9892715076987906,98.92715076987906,Current Schedule Slippage Risk,HIGH
616234,PELMA OC MDO,2026-07-01,Chhattisgarh,Coal,0.01954161560250722,1.9541615602507219,No Current Schedule Slippage Risk,LOW
616236,JARANGDIH EXPN. OCP 1.5 MTY,2026-07-01,Jharkhand,Coal,0.9967625336061958,99.67625336061958,Current Schedule Slippage Risk,HIGH
616253,BLOCK E OCP,2026-07-01,Jharkhand,Coal,0.9889174302870803,98.89174302870804,Current Schedule Slippage Risk,HIGH
616254,Visakh Raipur Pipeline Project,2026-07-01,"Multi-States (Andhra Pradesh, Chhattisgarh, Odisha)",Oil & Gas,0.9942186065852677,99.42186065852677,Current Schedule Slippage Risk,HIGH
616586,Bangriposi-Gorumahisani new line [ 85.60 km ],2026-07-01,Odisha,Railways,0.089386728354768,8.938672835476801,No Current Schedule Slippage Risk,LOW
616587,Badampahar-Kendujhargarh new line [82.06 km],2026-07-01,Odisha,Railways,0.41467794971744265,41.46779497174427,No Current Schedule Slippage Risk,MEDIUM
616588,Buramara-Chakulia new line [59.96 km],2026-07-01,"Multi-States (Jharkhand, Odisha, West Bengal)",Railways,0.9637519132267556,96.37519132267556,Current Schedule Slippage Risk,HIGH
616594,Interception & Diversion with Rehabilitation of sewerage scheme at Agra under Hybrid annuity based PPP model-Namami Gange Programme,2026-07-01,Uttar Pradesh,Waste & Water,0.00010687805799249499,0.0106878057992495,No Current Schedule Slippage Risk,LOW
616600,Interception and Diversion and STP works in Bhagalpur under Hybrid annuity based PPP mode-Namami Gange Programme,2026-07-01,Bihar,Waste & Water,8.640120106201825e-05,0.008640120106201825,No Current Schedule Slippage Risk,LOW
616604,Pollution Abatement works for River Ganga at Hooghly Chinsurah- Municipal Town Interception & Diversion with STP,2026-07-01,West Bengal,Waste & Water,3.476840426843963e-05,0.003476840426843963,No Current Schedule Slippage Risk,LOW
616605,Pollution Abatement Works for River Kali Meerut under Meerut Municipality Interception & Diversion with STP,2026-07-01,Uttar Pradesh,Waste & Water,0.896897529511974,89.6897529511974,Current Schedule Slippage Risk,HIGH
616611,Sewage Treatment Plant 100MLD and Sewerage Network 288 km in Digha-Patna under Hybrid annuity based PPP mode-Namami Gange Programme,2026-07-01,Bihar,Waste & Water,0.9949010148978862,99.49010148978861,Current Schedule Slippage Risk,HIGH
616612,Sewage Treatment Plant 50MLD and Sewerage Network 150 km in Kankarbagh Patna under Hybrid annuity based PPP mode Namami Gange Programme,2026-07-01,Bihar,Waste & Water,0.9997596297610662,99.97596297610663,Current Schedule Slippage Risk,HIGH
616615,"Sewer Network, SPS and STP at Begusarai",2026-07-01,Bihar,Waste & Water,0.00014907543735069896,0.014907543735069896,No Current Schedule Slippage Risk,LOW
616616,"Sewer Networks, SPS and STP at Hajipur",2026-07-01,Bihar,Waste & Water,0.00014674118428516757,0.014674118428516757,No Current Schedule Slippage Risk,LOW
616670,Transmission System for evacuation of Power from Rajasthan REZ Ph-IV [Part-4 3.5 GW] Part A [SPV name POWERGRID Ghiror Transmission Limited],2026-07-01,"Multi-States (Rajasthan, Uttar Pradesh)",Transmission & Distribution,0.9984362130908039,99.84362130908039,Current Schedule Slippage Risk,HIGH
616671,Transmission System under ISTS for evacuation of Power from Kudankulam Unit-3&4 [2x1000 MW] [SPV Name POWERGRID Kudankulam Tarnsmission Limited],2026-07-01,Tamil Nadu,Transmission & Distribution,0.9994617719822633,99.94617719822632,Current Schedule Slippage Risk,HIGH
616672,System Strengthening at Koppal-II and GadagII for integration of RE generation projects [SPV Name POWERGRID Koppal Gadag Augmentation Transmission Limited],2026-07-01,Karnataka,Transmission & Distribution,0.9860747655077696,98.60747655077697,Current Schedule Slippage Risk,HIGH
616691,"Upgradation & Extension of ESIC Hospital and Construction of PG Hostel / Staff Housing for ESIC Hospital at Andheri, Mumbai",2026-07-01,Maharashtra,Healthcare,5.754518267112894e-05,0.0057545182671128944,No Current Schedule Slippage Risk,LOW
616694,Flyover between Siju and Paradeep coaching Yard to avoid Surface crossing of trains,2026-07-01,Odisha,Railways,0.9995021243629832,99.95021243629833,Current Schedule Slippage Risk,HIGH
616695,Paradeep - Badabandha 3rd & 4th Line / 18.51kms,2026-07-01,Odisha,Railways,0.9994718456333205,99.94718456333204,Current Schedule Slippage Risk,HIGH
616697,3rd & 4th line between Vadlapudi -Gate Jn. cabin and Tie line between Gate Junction to Gangavaram port,2026-07-01,Andhra Pradesh,Railways,0.004017354871843049,0.4017354871843049,No Current Schedule Slippage Risk,LOW
616699,Multi tracking of Son Nagar-Andal 374.53 rkm & 814.38 tkm,2026-07-01,"Multi-States (Bihar, Jharkhand)",Railways,0.993606076991178,99.36060769911779,Current Schedule Slippage Risk,HIGH
616701,Lumding Furkating Doubling Project 140 km,2026-07-01,"Multi-States (Assam, Nagaland)",Railways,0.9991749280319409,99.91749280319408,Current Schedule Slippage Risk,HIGH
616839,Naupada-Gunupur - New line upto Theruvali [73.62 km],2026-07-01,Odisha,Railways,0.027015623491790108,2.7015623491790106,No Current Schedule Slippage Risk,LOW
616841,PUSHKAR- MERTA CITY NEW LINE,2026-07-01,Rajasthan,Railways,0.9997646533888614,99.97646533888614,Current Schedule Slippage Risk,HIGH
616842,LUNI- SAMDARI- BHILDI DOUBLING,2026-07-01,"Multi-States (Gujarat, Rajasthan)",Railways,0.9995901483679416,99.95901483679415,Current Schedule Slippage Risk,HIGH
616843,AJMER- CHANDERIYA DOUBLING,2026-07-01,Rajasthan,Railways,0.9901684562059005,99.01684562059006,Current Schedule Slippage Risk,HIGH
616856,Doubling between Bhadrachalam Road and Dornakal,2026-07-01,Telangana,Railways,0.9999666893397545,99.99666893397546,Current Schedule Slippage Risk,HIGH
616857,Doubling between Motumari Vishnupuram - 88.81 Km and Rail over Rail - RoR at Motumari - 10.877 Km,2026-07-01,"Multi-States (Andhra Pradesh, Telangana)",Railways,0.9999171920892922,99.99171920892923,Current Schedule Slippage Risk,HIGH
616858,"Construction of Field Gas Gathering Station at Baghjan area for collection, processing & transportation of natural Gas to be produced from Baghjan Field",2026-07-01,Assam,Oil & Gas,2.094326176886528e-05,0.002094326176886528,No Current Schedule Slippage Risk,LOW
616879,Demo Bio-ATF Project,2026-07-01,Karnataka,Oil & Gas,0.9990375361009788,99.90375361009788,Current Schedule Slippage Risk,HIGH
616886,Delhi University Eastern Campus at Surajmal Vihar,2026-07-01,Delhi,Education,0.9838273064318431,98.38273064318432,Current Schedule Slippage Risk,HIGH
616933,Lube Modernization & Bottom Upgradation Project at Mumbai Refinery,2026-07-01,Maharashtra,Oil & Gas,0.999102334697396,99.9102334697396,Current Schedule Slippage Risk,HIGH
616950,PRP-VIII [Group-A],2026-07-01,Offshore,Oil & Gas,0.9959269465338048,99.59269465338048,Current Schedule Slippage Risk,HIGH
616983,Kosamba Umarpada GC PROJECT,2026-07-01,Gujarat,Railways,0.9970147411748982,99.70147411748982,Current Schedule Slippage Risk,HIGH
617068,"Augmentation of Transformation Capacity by 3x500 MVA, 400/220 KV ICTS [6th-8th] and 1x1500 MVA, 765/400 KV ICT [4th] at Bidar PS [SPV Name- POWERGRID Bidar Augmentation Transmission Limited]",2026-07-01,Karnataka,Transmission & Distribution,0.9998115327040146,99.98115327040146,Current Schedule Slippage Risk,HIGH
617069,Augmentation of Transformation Capacity at KPS1 [GIS] and KPS2 [GIS] [Phase-V Part B1 and Part B2 Scheme] [SPV Name- POWERGRID KPS1 and 2 Augmentation Transmission Limited],2026-07-01,Gujarat,Transmission & Distribution,0.997453125063432,99.7453125063432,Current Schedule Slippage Risk,HIGH
617179,Transmission Scheme for evacuation of Power from Ratle HEP [850 MW] & kiru [624 MW] Part B,2026-07-01,Jammu and Kashmir,Transmission & Distribution,0.9994844797798896,99.94844797798896,Current Schedule Slippage Risk,HIGH
617181,"Augmentation at Fatehgarh-II PS, Fatehgarh-IV PS [Section-II] and Barmer-I PS [POWERGRID Fatehgarh Barmer Augmentation Transmission Limited]",2026-07-01,Rajasthan,Transmission & Distribution,0.9968173797891577,99.68173797891578,Current Schedule Slippage Risk,HIGH
617182,Augmentation of Banaskantha [Raghanesda] PS [GIS] [POWERGRID Banaskantha Transco Limited],2026-07-01,Gujarat,Transmission & Distribution,0.9997468013027548,99.97468013027549,Current Schedule Slippage Risk,HIGH
617183,Transmission system strengthening at Kurnool- III PS for integration of additional RE generation projects [POWERGRID Kurnool III PS RE Transmission Limited],2026-07-01,Andhra Pradesh,Transmission & Distribution,0.03144893220476276,3.144893220476276,No Current Schedule Slippage Risk,LOW
617184,Transmission Scheme for integration of Davanagere/ Chitradurga and Bellary REZ in Karnataka [POWERGRID Chitradurga Bellary REZ Transmission Limited],2026-07-01,Karnataka,Transmission & Distribution,0.9910911913472997,99.10911913472998,Current Schedule Slippage Risk,HIGH
617185,Transmission System for Integration of Kurnool-IV REZ Phase-I [for 4.5 GW] [POWERGRID Kurnool-IV Transmission Limited],2026-07-01,"Multi-States (Andhra Pradesh, Karnataka)",Transmission & Distribution,0.9983676467960235,99.83676467960235,Current Schedule Slippage Risk,HIGH
617186,Rajasthan REZ Ph-V [Part-1- 4 GW] [Sirohi/Nagaur] Complex [Rajasthan V Power Transmission Limited],2026-07-01,"Multi-States (Madhya Pradesh, Rajasthan)",Transmission & Distribution,0.9969632519133497,99.69632519133496,Current Schedule Slippage Risk,HIGH
617188,"Sipat Super Thermal Power Project, Stage-III [1x800 MW]",2026-07-01,Chhattisgarh,Electricity Generation,0.04174995747157108,4.174995747157108,No Current Schedule Slippage Risk,LOW
617200,KHARSIA- NAYA RAIPUR-PARMALKASA 5th and 6th Line [278KM],2026-07-01,Chhattisgarh,Railways,0.9557316325696441,95.5731632569644,Current Schedule Slippage Risk,HIGH
617201,Gondia-Balharshah [Chanda Fort] Doubling [240 Km],2026-07-01,Maharashtra,Railways,0.05557368654557409,5.557368654557409,No Current Schedule Slippage Risk,LOW
617206,Delhi Metro Rail Phase-IV [Rithala - Kundli Corridor],2026-07-01,"Multi-States (Delhi, Haryana)",Urban Public Transport,0.9901439208873375,99.01439208873374,Current Schedule Slippage Risk,HIGH
617207,Delhi Metro Rail Phase-IV [2 Corridors],2026-07-01,Delhi,Urban Public Transport,0.9923007480243181,99.23007480243182,Current Schedule Slippage Risk,HIGH
617210,Tiupati Katpadi 104.39 kms,2026-07-01,Andhra Pradesh,Railways,0.9761517463014348,97.61517463014347,Current Schedule Slippage Risk,HIGH
617211,Doubling of Guntur Bibinagar 239 Km,2026-07-01,"Multi-States (Andhra Pradesh, Telangana)",Railways,0.9990615544819754,99.90615544819754,Current Schedule Slippage Risk,HIGH
617212,Doubling between Mudkhed Medchal & Mahbubnagar Dhone section 417.88 Km,2026-07-01,"Multi-States (Andhra Pradesh, Maharashtra, Telangana)",Railways,0.9898357151859644,98.98357151859643,Current Schedule Slippage Risk,HIGH
617213,Varanasi-Pt. Deen Dayal Upadhyaya multitracking 15km including construction of new Rail-cum-Road Bridge across Ganga River.,2026-07-01,Uttar Pradesh,Railways,0.028001137700740752,2.8001137700740752,No Current Schedule Slippage Risk,LOW
617214,Rail Connectivity to Errupalem Amravati Namburu 57 Km,2026-07-01,"Multi-States (Andhra Pradesh, Telangana)",Railways,0.9999201823442108,99.99201823442108,Current Schedule Slippage Risk,HIGH
617215,Doubling between Parbhani Parli Vaijanath stations 64.71 Km,2026-07-01,Maharashtra,Railways,0.9999500273535794,99.99500273535794,Current Schedule Slippage Risk,HIGH
617216,3rd Line between Gudur Renigunta 83.17 Km,2026-07-01,Andhra Pradesh,Railways,0.9996190637005401,99.96190637005401,Current Schedule Slippage Risk,HIGH
617221,"Construction of Girls Hostel 400 seater, Boys Hostel 600 seater, Academic Block, International Hostel 100 seater, VC Residence and Purchase of Equipment",2026-07-01,Punjab,Education,0.04018139443100162,4.018139443100162,No Current Schedule Slippage Risk,LOW
617224,Gorakhpur-Valmikinagar Doubling project,2026-07-01,"Multi-States (Bihar, Uttar Pradesh)",Railways,0.9871681963410026,98.71681963410026,Current Schedule Slippage Risk,HIGH
617225,PCMC To Nigdi- Extension Of North South Corridor Of Phase-1,2026-07-01,Maharashtra,Urban Public Transport,0.9937340999853697,99.37340999853697,Current Schedule Slippage Risk,HIGH
617226,Pune Metro Phase-1 Extension line towards south from Swargate to Katraj,2026-07-01,Maharashtra,Urban Public Transport,0.9183882792520894,91.83882792520895,Current Schedule Slippage Risk,HIGH
617231,Construction of Bulb line at Nabinagar Ankorah of East Central Railway,2026-07-01,Bihar,Railways,0.9991588646900711,99.9158864690071,Current Schedule Slippage Risk,HIGH
617233,WAGHODA UG MINE [1.02 MTY],2026-07-01,Maharashtra,Coal,0.981601457020205,98.1601457020205,Current Schedule Slippage Risk,HIGH
617239,Doubling of Narkatiaganj Raxaul Sitamarhi Darbhanga & Sitamarhi Muzaffarpur 256 KM,2026-07-01,Bihar,Railways,0.028025049408721987,2.8025049408721987,No Current Schedule Slippage Risk,LOW
617242,Installation of New Bar Mill at Durgapur Steel Plant,2026-07-01,West Bengal,Steel,0.03251587560378686,3.251587560378686,No Current Schedule Slippage Risk,LOW
617243,Replacement of Hot Leveller No.1 of Plate Mill at Bhilai Steel Plant,2026-07-01,Chhattisgarh,Steel,0.00024728603581962677,0.024728603581962678,No Current Schedule Slippage Risk,LOW
617245,Katihar Kumedpur & Katihar Mukuria BG Doubling Project,2026-07-01,"Multi-States (Bihar, West Bengal)",Railways,0.9958038815589957,99.58038815589957,Current Schedule Slippage Risk,HIGH
617246,Up-gradation of Blast Furnace No. 3 at Durgapur Steel Plant,2026-07-01,West Bengal,Steel,0.9991635808062352,99.91635808062352,Current Schedule Slippage Risk,HIGH
617248,Third Ladle Furnace in Secondary Refinery Unit at IISCO Steel Plant,2026-07-01,West Bengal,Steel,0.9964540487550693,99.64540487550693,Current Schedule Slippage Risk,HIGH
617249,Replacement of existing Grinders in CRM-I & II at Bokaro Steel Plant,2026-07-01,Jharkhand,Steel,0.9927525585488427,99.27525585488426,Current Schedule Slippage Risk,HIGH
617250,Secondary Emission Control in Converters of SMS-II at Bokaro Steel Plant,2026-07-01,Jharkhand,Steel,0.9952284046770252,99.52284046770252,Current Schedule Slippage Risk,HIGH
617251,Revamping of Air Pollution Control Systems of SP-1 at Durgapur Steel Plant,2026-07-01,West Bengal,Steel,0.9980441327710481,99.80441327710481,Current Schedule Slippage Risk,HIGH
617252,Anandnagar - Ghugli via Maharajganj New line 52.7 km,2026-07-01,Uttar Pradesh,Railways,0.9989640932417605,99.89640932417605,Current Schedule Slippage Risk,HIGH
617254,Replacement of remaining 04 sets of Battery Cyclones with 04 Nos. of ESPs in Sinter Plant-1 at Bokaro Steel Plant,2026-07-01,Jharkhand,Steel,0.9916276867831191,99.1627686783119,Current Schedule Slippage Risk,HIGH
617255,"Replacement of Converter Vessels, Trunnion Rings, Support System & Installation of Secondary Emission at Bhilai Steel Plant",2026-07-01,Chhattisgarh,Steel,0.9967828145795984,99.67828145795984,Current Schedule Slippage Risk,HIGH
617256,Rebuilding of Coke Oven Battery No.7 & 8 at Bhilai Steel Plant,2026-07-01,Chhattisgarh,Steel,3.0807447785912264e-05,0.0030807447785912265,No Current Schedule Slippage Risk,LOW
617257,Rebuilding of Coke Oven Battery No.6 at Bokaro Steel Plant,2026-07-01,Jharkhand,Steel,0.9962519064504212,99.62519064504211,Current Schedule Slippage Risk,HIGH
617269,Transmission System for Strengthening to facilitate evacuation of power from Bhadla/Bikaner Complex,2026-07-01,Uttar Pradesh,Transmission & Distribution,0.996562131137367,99.6562131137367,Current Schedule Slippage Risk,HIGH
617270,Eastern Region Expansion Scheme-44 [ERES-44],2026-07-01,"Multi-States (Bihar, West Bengal)",Transmission & Distribution,0.9991685719263611,99.91685719263612,Current Schedule Slippage Risk,HIGH
617271,Eastern Region Expansion Scheme-43 [ERES-43],2026-07-01,"Multi-States (Bihar, Odisha, West Bengal)",Transmission & Distribution,0.9991275872458651,99.91275872458651,Current Schedule Slippage Risk,HIGH
617272,Implementation of LILO of both circuits of 400KV vindhyachal PS-Sasan D/C Line at Hindalco Switchyard,2026-07-01,Madhya Pradesh,Transmission & Distribution,0.9874398565300498,98.74398565300498,Current Schedule Slippage Risk,HIGH
617278,KOLARPIMPRI EXPANSION OC [2.5,2026-07-01,Maharashtra,Coal,0.982785031193836,98.2785031193836,Current Schedule Slippage Risk,HIGH
617279,Transmission System for evacuation of power from Mahan Energen Limited Generating Station in Madhya Pradesh [SPV Name - POWERGRID MEL Power Transmission Limited],2026-07-01,Madhya Pradesh,Transmission & Distribution,0.9993478255519229,99.93478255519229,Current Schedule Slippage Risk,HIGH
617280,"Construction of Basement + Ground Floor+ 10 Storeyed building for State of the Art Director General, GSI Building at plot No.GN-40, Sector-V, Salt Lake, Kolkata",2026-07-01,West Bengal,Construction,0.9993473463731035,99.93473463731036,Current Schedule Slippage Risk,HIGH
617284,Chunar-Chopan doubling project,2026-07-01,Uttar Pradesh,Railways,0.9995931970352249,99.95931970352248,Current Schedule Slippage Risk,HIGH
617287,KUSMUNDA OC EXPANSION PROJECT,2026-07-01,Chhattisgarh,Coal,0.028330568536800257,2.833056853680026,No Current Schedule Slippage Risk,LOW
617288,MANIKPUR OC EXPANSION PROJECT,2026-07-01,Chhattisgarh,Coal,0.05435893681173936,5.435893681173936,No Current Schedule Slippage Risk,LOW
617299,50 MW Wind Power Project,2026-07-01,Gujarat,Electricity Generation,0.9996806866995734,99.96806866995735,Current Schedule Slippage Risk,HIGH
617302,Durgapur - Haldia Pipeline [Section-3B of JHBDPL Project],2026-07-01,West Bengal,Oil & Gas,1.582519346518933e-05,0.0015825193465189328,No Current Schedule Slippage Risk,LOW
617304,"Setting up of LPG Plant with Rail Unloading Facility at Hathua, Dist. Gopalganj, Bihar",2026-07-01,Bihar,Oil & Gas,0.9992773175908054,99.92773175908054,Current Schedule Slippage Risk,HIGH
617326,Implementation of Transmission Systems in the State of Jharkhand consisting of 400/220/132/33 kV transmission lines and substations under Jharkhand Consultancy Project,2026-07-01,Jharkhand,Transmission & Distribution,9.59160987974197e-05,0.00959160987974197,No Current Schedule Slippage Risk,LOW
617327,Thane Integral Ring Metro Rail Project,2026-07-01,Maharashtra,Urban Public Transport,0.9942737134085378,99.42737134085378,Current Schedule Slippage Risk,HIGH
617333,Surface triangle line bet. Bhadura stn and new crossing stn Karma,2026-07-01,Uttar Pradesh,Railways,0.9998252712857959,99.98252712857959,Current Schedule Slippage Risk,HIGH
617338,Stamp Charge Battery No.12 Battery Proper at IISCO Steel Plant,2026-07-01,West Bengal,Steel,0.029880899419499722,2.9880899419499722,No Current Schedule Slippage Risk,LOW
617345,SER Upgradation of maintenance infrastructure at Shalimar into Vande Bharat Chair Car maintenance cum workshop depot.,2026-07-01,West Bengal,Railways,0.9985058226956385,99.85058226956384,Current Schedule Slippage Risk,HIGH
617361,Babupeth - Sasti New Rail Line [13.114 KMs],2026-07-01,Maharashtra,Railways,0.998468423695046,99.8468423695046,Current Schedule Slippage Risk,HIGH
617364,Double Chord line Between Nilaje-Kopar,2026-07-01,Maharashtra,Railways,0.029887805990252227,2.9887805990252225,No Current Schedule Slippage Risk,LOW
617370,Doubling between Jaunpur Jn - Zaffarabad 6.28 km,2026-07-01,Uttar Pradesh,Railways,0.9975623569850834,99.75623569850835,Current Schedule Slippage Risk,HIGH
617372,Pradhankhunta Jn-Patherdih Bazar-Bhojudih 17.1 km Umbrella work PB57/2019- 20/NR,2026-07-01,Jharkhand,Railways,0.9960439308115102,99.60439308115102,Current Schedule Slippage Risk,HIGH
617374,"Dallirajhara - Rowghat New Rail Line Project, Phase-I",2026-07-01,Chhattisgarh,Railways,2.9871098688771753e-05,0.0029871098688771754,No Current Schedule Slippage Risk,LOW
617375,North Eastern Region Expansion Scheme-XXIII [NERES-XXIII],2026-07-01,Arunachal Pradesh,Transmission & Distribution,0.9999219626841146,99.99219626841146,Current Schedule Slippage Risk,HIGH
617379,Development of New Bijwasan Railway Terminal,2026-07-01,Delhi,Railways,0.003188776846145938,0.3188776846145938,No Current Schedule Slippage Risk,LOW
617390,Sardega -Bhalumuda New Double line [37.24 Km],2026-07-01,"Multi-States (Chhattisgarh, Odisha)",Railways,0.9997267443999333,99.97267443999333,Current Schedule Slippage Risk,HIGH
617391,Augmentation of Transformation Capacity at Bhuj-II PS [GIS],2026-07-01,Gujarat,Transmission & Distribution,0.9980074258918131,99.80074258918131,Current Schedule Slippage Risk,HIGH
617403,SADULPUR - CHURU DOUBLING PROJECT,2026-07-01,Rajasthan,Railways,9.671758285302728e-05,0.009671758285302728,No Current Schedule Slippage Risk,LOW
617404,POKHRAN - RAMDEVRA New Line,2026-07-01,Rajasthan,Railways,0.9978630887184557,99.78630887184558,Current Schedule Slippage Risk,HIGH
617405,Jamnagar Transmission Limited,2026-07-01,Gujarat,Transmission & Distribution,0.9970241287465635,99.70241287465636,Current Schedule Slippage Risk,HIGH
617406,RATLAM- DUNGARPUR VIA BANSWARA NEW LINE PROJECT,2026-07-01,"Multi-States (Madhya Pradesh, Rajasthan)",Railways,0.9742840112404119,97.42840112404119,Current Schedule Slippage Risk,HIGH
617408,NATHDWARA- NATHDWARA TOWN NL,2026-07-01,Rajasthan,Railways,0.9998043350291191,99.98043350291191,Current Schedule Slippage Risk,HIGH
617409,Railway Manufacturing Unit,2026-07-01,Telangana,Railways,4.698685214328072e-05,0.004698685214328072,No Current Schedule Slippage Risk,LOW
617412,"Construction of One Tower of Office Complex and another Tower of Residential quarters consisting of 10Nos. Type-V, 10Nos. Type-VI & 1No.Type-VII Quarters i/c internal water supply, sanitary installation and all development and bulk services, Horticulture works on EPC Mode-I basis i/c comprehensive operation and maintenance of Civil, E&M services for 7 years after completion of original construction work for Ranga Reddy, Secunderabad, Medchal, AuditI, Audit-II Commissionerates of Central Tax at Khajaguda, Serilingampally, Hyderabad.",2026-07-01,Telangana,Construction,0.9924393552555644,99.24393552555644,Current Schedule Slippage Risk,HIGH
617413,Mobile connectivity in Left Wing Extremism [LWE] affected areas-Phase 1 Upgradation,2026-07-01,"Multi-States (Andhra Pradesh, Bihar, Chhattisgarh, Jharkhand, Madhya Pradesh, Maharashtra, Odisha, Telangana, Uttar Pradesh, West Bengal)",Telecommunication,3.073567013554534e-05,0.003073567013554534,No Current Schedule Slippage Risk,LOW
617416,"Revised Jharia Master Plan for Dealing with Fire, Subsidence & Rehabilitation of affected families in Jharia Coalfield- Reg.",2026-07-01,Jharkhand,Coal,0.028682125354437888,2.8682125354437886,No Current Schedule Slippage Risk,LOW
617422,Bodwad Parisar Sinchan Yojna,2026-07-01,Maharashtra,Water Resources,0.9976106940471565,99.76106940471566,Current Schedule Slippage Risk,HIGH
617727,Orvakal Industrial Area,2026-07-01,Andhra Pradesh,Real Estate,0.4790724530443044,47.90724530443044,No Current Schedule Slippage Risk,MEDIUM
617729,Kopparthy Industrial Area,2026-07-01,Andhra Pradesh,Real Estate,0.01613603387055243,1.6136033870552429,No Current Schedule Slippage Risk,LOW
617730,600 MW Khavda Solar Power Project,2026-07-01,Gujarat,Electricity Generation,0.9942220976620443,99.42220976620443,Current Schedule Slippage Risk,HIGH
617764,North Dhadu Western Part OCP,2026-07-01,Jharkhand,Coal,0.03217498596462203,3.217498596462203,No Current Schedule Slippage Risk,LOW
617801,Provision of ICT Augmentation & Bus Reactor at Bhuj-II PS,2026-07-01,Gujarat,Transmission & Distribution,0.9981009969942224,99.81009969942224,Current Schedule Slippage Risk,HIGH
617802,Augmentation of Transformation Capacity and Implementation of Line Bays at Mandsaur S/S for RE Interconnection [SPV Name- POWERGRID Mandsaur I RE Transmission Limited],2026-07-01,Madhya Pradesh,Transmission & Distribution,0.9996789697840203,99.96789697840202,Current Schedule Slippage Risk,HIGH
617803,Transmission System Strengthening at Davanagere for Integration of RE Generation [SPV Name - POWERGRID Davanagere Power Transmission Limited],2026-07-01,Karnataka,Transmission & Distribution,0.9998520242533953,99.98520242533952,Current Schedule Slippage Risk,HIGH
617804,Mechanization of Berth No.14 for handling Containers and other cargo on DBFOT basis - Phase II,2026-07-01,Karnataka,Shipping,0.0009033779164235217,0.09033779164235217,No Current Schedule Slippage Risk,LOW
617806,Transmission System for Integration of Ananthapur 2 REZ Phase 1 for 4.5 GW. SPV Name Anantapuram 2 REZ Transmission Ltd,2026-07-01,"Multi-States (Andhra Pradesh, Karnataka)",Transmission & Distribution,0.8492038191994086,84.92038191994085,Current Schedule Slippage Risk,HIGH
617807,Inter-regional [NR-WR] Transmission System strengthening to relieve the loading of 765 kV Vindhyachal-Varanasi D/c line,2026-07-01,"Multi-States (Bihar, Uttar Pradesh)",Transmission & Distribution,0.9673366865744948,96.73366865744948,Current Schedule Slippage Risk,HIGH
617808,Inter-Regional Strengthening between SR Grid and WR Grid,2026-07-01,"Multi-States (Karnataka, Maharashtra)",Transmission & Distribution,0.9985824782573011,99.8582478257301,Current Schedule Slippage Risk,HIGH
617818,"City Gas Distribution [CGD] Project in Gajapati, Kandhamal, Boudh, & Sonepur GA",2026-07-01,Odisha,Oil & Gas,0.9927968998757658,99.27968998757657,Current Schedule Slippage Risk,HIGH
617819,"City Gas Distribution [CGD] Project in Kondagaon, Bastar, Sukma, Narayanpur, Bijapur & Dantewada GA",2026-07-01,Chhattisgarh,Oil & Gas,0.9992506649241758,99.92506649241759,Current Schedule Slippage Risk,HIGH
617822,ATF Pipeline from BPCLs Malkapur POL Installation to Hyderabad International airport,2026-07-01,Telangana,Oil & Gas,0.995367242802983,99.5367242802983,Current Schedule Slippage Risk,HIGH
617827,"Pipeline Rehabilitation Project, Phase-II",2026-07-01,"Multi-States (Assam, Bihar, West Bengal)",Oil & Gas,0.02718264837634496,2.718264837634496,No Current Schedule Slippage Risk,LOW
617828,Siliguri-Jhapa Pipeline Project,2026-07-01,West Bengal,Oil & Gas,0.998976430855205,99.8976430855205,Current Schedule Slippage Risk,HIGH
617829,LPG Bottling Plant at Mualkhang,2026-07-01,Mizoram,Energy Storage,0.03860061096959119,3.8600610969591194,No Current Schedule Slippage Risk,LOW
617830,C2/C3 Vijaipur Pata Pipeline,2026-07-01,Madhya Pradesh,Oil & Gas,0.01935909107581406,1.9359091075814059,No Current Schedule Slippage Risk,LOW
617832,Koderma-Arigada Doubling 133.38 Km of East Central Railway,2026-07-01,Jharkhand,Railways,0.9455033006107599,94.550330061076,Current Schedule Slippage Risk,HIGH
617836,Coke Drum Structure Package,2026-07-01,Assam,Oil & Gas,0.9889085884535038,98.89085884535038,Current Schedule Slippage Risk,HIGH
617837,Siliguri Marketing Terminal [SMT] Capacity Augmentation Project,2026-07-01,West Bengal,Oil & Gas,1.902708999711647e-05,0.0019027089997116471,No Current Schedule Slippage Risk,LOW
617838,Augmentation of CCKPL and IDPL Pipelines capacity along with setting up of Palakkad TOP,2026-07-01,Kerala,Oil & Gas,0.03690275471105696,3.690275471105696,No Current Schedule Slippage Risk,LOW
617839,Capacity Augmentation of Kandla LPG Import Terminal [KLIT] from 0.6 MMTPA to 2.5 MMTPA,2026-07-01,Gujarat,Energy Storage,0.995646704231945,99.5646704231945,Current Schedule Slippage Risk,HIGH
617877,Phase B Construction of Permanent Campus of IIT Bhilai,2026-07-01,Chhattisgarh,Education,0.01832658943389063,1.832658943389063,No Current Schedule Slippage Risk,LOW
617878,Phase B of Construction of Permanent Campus of IIT Palakkad,2026-07-01,Kerala,Education,0.021144240401244067,2.1144240401244065,No Current Schedule Slippage Risk,LOW
617880,Desalpar-Hajipir-Luna and Vayor-Lakhpat New Line,2026-07-01,Gujarat,Railways,0.8134433697481246,81.34433697481246,Current Schedule Slippage Risk,HIGH
617882,"Setting up IT Infrastructure including Network Security and Hosting at AIIMS, New Delhi",2026-07-01,Delhi,Healthcare,0.987043706622921,98.70437066229209,Current Schedule Slippage Risk,HIGH
617883,"Redevelopment of Residential colonies at Ayur Vigyan Nagar and West Ansari Nagar campuses of AIIMS, New Delhi",2026-07-01,Delhi,Healthcare,0.616604164489656,61.660416448965606,Current Schedule Slippage Risk,MEDIUM
617885,Rehabilitation and Up-gradation of Nongstoin Wahkaji section of Project Road Km 0000 to Km 43060 to Intermediate Lane with earthern shoulder under SARDP-NE Phase-A in the State of Meghalaya on EPC mode. Job No- SARDP-NE ong-Don- Maw/MG/2020-21/294,2026-07-01,Meghalaya,Roads & Highways,0.00017384985102951363,0.017384985102951365,No Current Schedule Slippage Risk,LOW
617886,Widening of existing Single lane / Intermediate lane road to 2 lane from Km 101 to Km 125 of NH 61,2026-07-01,Nagaland,Roads & Highways,0.9998248097277992,99.98248097277992,Current Schedule Slippage Risk,HIGH
617887,Beawer Gomti 4LPS from km 58.245 to km 108.600 Pkg-I,2026-07-01,Rajasthan,Roads & Highways,0.00020452091074674365,0.020452091074674366,No Current Schedule Slippage Risk,LOW
617888,Landslide treatment work on NH 58 from Kodiyala Km. 266.130 to Devprayag Km. 296.925 10 location under EPC mode in the State of Uttarakhand on EPC Mode,2026-07-01,Uttarakhand,Roads & Highways,0.00025679237310111033,0.02567923731011103,No Current Schedule Slippage Risk,LOW
617889,Treatment of landslide zone from location no. 01 to 28 km 62.860 to 152.750 on NH- 12509 in the State of Uttarakhand under EPC mode in NHO Annual Plan 2022-23,2026-07-01,Uttarakhand,Roads & Highways,0.0001585245554761191,0.01585245554761191,No Current Schedule Slippage Risk,LOW
617890,Construction of Champawat Bypass with two lane with paved shoulder configuration starting from existing chainage 121.700 to existing chainage 129.450 Design Length 9.847 of NH-125 in District-Champawat in the state of Uttrakhand on EPC mode.,2026-07-01,Uttarakhand,Roads & Highways,0.04776786250199251,4.776786250199251,No Current Schedule Slippage Risk,LOW
617892,Construction of 2-lane road of Potin to Pangin section of NH-13 from Km 163.59 to Km 206.66 Package-5 on EPC Mode in the State of Arunachal Pradesh under Arunachal Pradesh Package of Roads and Highways of SARDP-NE [Job No SARDP-NE/P- P/Pkg-A/NH-13/Ar.Pr./PWD/2018-19/116],2026-07-01,Arunachal Pradesh,Roads & Highways,7.228944577585704e-05,0.007228944577585703,No Current Schedule Slippage Risk,LOW
617893,Construction of additional major Bridge with 4- lane configuration of length 1.48 km on NH-60 NH-14 over River Kangshabati from Km. 117.770 to Km 119.250 and additional major Bridge with 4- lane configuration of length 0.900 km on NH-60 NH- 14 over River Shilabati from Km. 173.220 to Km 174.120 in the district of Paschim Medinipur of West Bengal under Annual Plan for FY 2023-24 on EPC mode. Job No 014-W8-2023-24/527 .,2026-07-01,West Bengal,Roads & Highways,0.9759474147234828,97.59474147234828,Current Schedule Slippage Risk,HIGH
617894,"Construction or 4 lane Raniganj Bypass of length 5.261 km on NH-60 new NH-14 from km 273.00 of NH to km 478.18 of NH-2 New NH 16 in paschim Bardhaman, West Bengal in EPC Mode- reg. Job No. 014-WB-2022-23/514",2026-07-01,West Bengal,Roads & Highways,0.9992926759363607,99.92926759363607,Current Schedule Slippage Risk,HIGH
617895,Construction of Mangaldoi Bypass NH-15 starting at Ch 26400 and terminating at Ch 41505 under Rangia NH Division L 15.105 Km in the State of Assam. Job No. 15/AS/2021-22/234,2026-07-01,Assam,Roads & Highways,0.9970403729739505,99.70403729739505,Current Schedule Slippage Risk,HIGH
617896,"Construction of 4 lane Gauripur Bypass Starting bfrom Km 852.56 of NH- 31Dumardoha Pt-II and Terminating at Km 862.17 Baladmara via. Khudimari Pt.- II, Fulkumari, Charaldanga, Sajuakuti,Geramari Pt.-III and finally meeting at km 862.17 of NH-17New/ NH-31Old in the State of Assam under EPC Mode Job no. 31/AS/ 2023- 24/265",2026-07-01,Assam,Roads & Highways,0.9683596095193832,96.83596095193832,Current Schedule Slippage Risk,HIGH
617897,Construction of proposed 4Lane Revelgunj bypass NH-19 in the State of Bihar on EPC mode connecting NH 19 to 85 origin,2026-07-01,Bihar,Roads & Highways,0.00021987710185161739,0.021987710185161737,No Current Schedule Slippage Risk,LOW
617898,New construction of Major Bridge with Approaches from Km 0.000 to 1.200 Madhopur -Badabanta section of NH-20 under NHO in Annual Plan 2022-23 in the State of Odisha,2026-07-01,Odisha,Roads & Highways,0.9754499229383927,97.54499229383927,Current Schedule Slippage Risk,HIGH
617899,Widening and Strengthening to 4LPS/2LPS from km 0.000 to 35.800 Kuakhia - Mangalpur section of NH 20 in the state of Odisha on Annual Plan 2021-22,2026-07-01,Odisha,Roads & Highways,0.9994025064542336,99.94025064542336,Current Schedule Slippage Risk,HIGH
617901,Widening of Pachpadra-Bagundi Section to 4 Lane from Km 73/60 to 95/70 of NH-25 on EPC mode in the state of Rajasthan.,2026-07-01,Rajasthan,Roads & Highways,0.00025188766527048395,0.025188766527048396,No Current Schedule Slippage Risk,LOW
617902,construction or By-pass road on NH-26 for Nabrangpur Town,2026-07-01,Odisha,Roads & Highways,0.9949434109680508,99.49434109680509,Current Schedule Slippage Risk,HIGH
617904,Construction of Bypass road to Balangir town from km 72/400 Desing km 0/0 to km 79/800 Design km 11/670 of NH-26 in the State of Odisha.,2026-07-01,Odisha,Roads & Highways,0.9989104585801416,99.89104585801417,Current Schedule Slippage Risk,HIGH
617905,Construction of 4 lane ROB with approaches in lieu of LC No. RV-172 at km 176.00 of NH-201 present NH-26 at Kesinga including land acquisition in the state of Odisha on EPC mode under Annual Plan 2021-22,2026-07-01,Odisha,Roads & Highways,0.9988927608628791,99.88927608628792,Current Schedule Slippage Risk,HIGH
617906,Up-gradation of Dhoraji-Jamkandorna-Kalavad Section of NH-927D from Design Chainage km 0/00 to km 58/115 to Two lane with PS configuration in the State of Gujarat on EPC,2026-07-01,Gujarat,Roads & Highways,0.9938312995602115,99.38312995602115,Current Schedule Slippage Risk,HIGH
617908,Bemetara Bypass NH 30,2026-07-01,Chhattisgarh,Roads & Highways,0.9922991030372097,99.22991030372097,Current Schedule Slippage Risk,HIGH
617909,Construction of Rewa Bypass to 4-lane with paved shoulder along with service road from Ratahara Chowk to Chorhata Chowk Road section of NH-30 from km 00.000 to 19.200 in the State of Madhya Pradesh on Hybrid Annuity Mode HAM.,2026-07-01,Madhya Pradesh,Roads & Highways,0.9744544245647118,97.44544245647117,Current Schedule Slippage Risk,HIGH
617911,Rehabilitation and upgradation Umaria to Shahdol section of NH-78 from Existing Km. 68/4 to Km. 142/2 to 2LPS including construction of Birshinghpur and Shahdol Bypass on EPC mode under NHDP-IVA,2026-07-01,Madhya Pradesh,Roads & Highways,0.00011825678447539731,0.01182567844753973,No Current Schedule Slippage Risk,LOW
617912,Construction of 6 lane flyover from Khapari ROB to Mihan Interchange design chainage km 8760 to 11450 L- 2.69 km and upgradation of existing 4L PS road to 6LPS with service road by flexible pavement design chainage km 11450 to 14500 L- 3.05 [total project length 5.74 km] in section of Nagpur - Hyderabad NH-44 Old NH-7 in Nagpur district in the state of Maharashtra on HAM mode.,2026-07-01,Maharashtra,Roads & Highways,0.9628204690880486,96.28204690880486,Current Schedule Slippage Risk,HIGH
617913,6-laning of km 9.900 to km 19/948 Aramgarh to Shamshabad Section of Hyderabad- Bangalore section of NH-44 Under NHO EPC basis in the state of Telangana,2026-07-01,Telangana,Roads & Highways,0.00010563310061316252,0.010563310061316252,No Current Schedule Slippage Risk,LOW
617914,Upgradation and reconstruction of Shahpura-Dindori Section of NH 45 from Km 103.700 Design to Km 164.580 Design including 3 bypasses Total length 60.88km to Two lane with paved shoulder configuration along with One time improvement in 03 nos of bypassed built-up areas in a total length of 12.341 km in the State of Madhya Pradesh on EPC mode,2026-07-01,Madhya Pradesh,Roads & Highways,0.9727814049135711,97.2781404913571,Current Schedule Slippage Risk,HIGH
617915,Upgradation of Dindori-Sagartola-kabichabutra MP-CG border section of NH -45 from km 000Design to km 77.00 Design to Two lane with paved shoulder configration along with one time improvement in 04 nos. of bypaased built-up areas in a total length of 9.1 km in the state of Madhya Pradesh on EPC mode.,2026-07-01,Madhya Pradesh,Roads & Highways,7.202259968974188e-05,0.007202259968974188,No Current Schedule Slippage Risk,LOW
617916,Work of 6 laning/Construction of elevated corridor from km 0/0 to 10/170 Narol Junction to Sarkhej junction including 4 lane Shastri Bridge on Sabarmati river on NH 47 in the State of Gujarat on HAM mode,2026-07-01,Gujarat,Roads & Highways,0.9230681590444328,92.30681590444328,Current Schedule Slippage Risk,HIGH
617918,"Widening and Strengthening of existing S/L, I/L, & D/L to 2 Lane with PS from Km 256/455 to 256/503, 256/820 to 256/960, 265/760 to 266/010, 266/010 to 266/800, 270/975 to 271/055, 276/460 to 276/560, 276/560 to 276/700, 276/700 to 277/480, 285/780 to 288/290, 288/290 to 291/050 and construction of 3 Nos. of Bypass from Km 266/800 to 267/300, 270/025 to 270/975, & 284/700 to 285/780 on NH-53 under NHO in Annual Plan 2022-23 for the State of Odisha.",2026-07-01,Odisha,Roads & Highways,0.9976607813345005,99.76607813345005,Current Schedule Slippage Risk,HIGH
617919,Construction of 4 Nos Grade separtor between km. 281.000 to km. 307.600 km. 286.400 kumhari km. 299.000 Transport Nagar km. 302.000 Power House km. 304.000 Chandra Moura Chowk to km. 305.000 supeia of NH-53 old NH-06 Raipur - Durg 4 Lane on EPC mode in the state of chhattisgarh job NO. NH-53old NH-06 CG- 2017-18-56,2026-07-01,Chhattisgarh,Roads & Highways,0.00010615939802392245,0.010615939802392246,No Current Schedule Slippage Risk,LOW
617920,Widening and Strengthening to 2LPS including LA from km 318.970 to 353.450 Balikuda-Mulkani Section of NH-55 under NHO in Annual Plan 2022-23 in the State of Odisha. Job No. NH-55-OD-2022-23-656,2026-07-01,Odisha,Roads & Highways,0.9715329271096922,97.15329271096923,Current Schedule Slippage Risk,HIGH
617921,Widening and strengthening to 2LPS including LA of Kandarpur-Balikuda from km 277/500 to 318/970 of NH-55 in the State of Odisha under Annual Plan 2021-22.,2026-07-01,Odisha,Roads & Highways,0.99903600416647,99.903600416647,Current Schedule Slippage Risk,HIGH
617922,Construction of Jharsuguda Bypass including Land acqusition on NH-49 from km 258.636 to km 283.300 design chainage 258.636 to km 289.876 under NHO in Annual Plan 2022-23 for the state of Odisha Job No.NH-49-OD-2022-23-655,2026-07-01,Odisha,Roads & Highways,0.9962490840587577,99.62490840587577,Current Schedule Slippage Risk,HIGH
617923,Construction of Daspalla Bypass from km 195.250 To 200.635 of NH-57 including land acquisition in the state of Odisha on EPC mode under Annual Plan 2022-23.,2026-07-01,Odisha,Roads & Highways,0.9990234535615616,99.90234535615616,Current Schedule Slippage Risk,HIGH
617925,Construction of Bypass to Khordha town from Km 294/000 to 300/300 on NH-57 including LA in the State of Odisha on EPC mode.,2026-07-01,Odisha,Roads & Highways,0.0001196962726295913,0.01196962726295913,No Current Schedule Slippage Risk,LOW
617926,Construction of new 4 lane major bridge with approaches on Sabarmati River near Dharoi at Km. 82/00 to 86/00 Design length 3.300 km on NH-58 in the State of Gujarat on Hybrid Annuity Mode HAM,2026-07-01,Gujarat,Roads & Highways,0.09022848411374342,9.022848411374342,No Current Schedule Slippage Risk,LOW
617927,Widening to 2LPS between Km 0/0 to 56/0 Khokhara Gujarat Border Vijayanagar Antrasuba Mathasur road of NH 58 in the State of Gujarat,2026-07-01,Gujarat,Roads & Highways,0.009152160959298846,0.9152160959298846,No Current Schedule Slippage Risk,LOW
617928,"Widening 2 lane to 4-lane from KM 92/320 to Km 115/320 Vav Chokdi-Satlasana to to Vrundavan Chokdi, Kheralu on NH-58 in the State of Gujarat.",2026-07-01,Gujarat,Roads & Highways,0.00012136260850093448,0.012136260850093448,No Current Schedule Slippage Risk,LOW
617929,Construction of 2 lane with paved shoulder of Kund Bypass from Design Km 35.130 to Km 47.700 existing Km 33.130 to Km 41.260 of NH-109 in the State of Uttarakhand,2026-07-01,Uttarakhand,Roads & Highways,0.9988506192990564,99.88506192990563,Current Schedule Slippage Risk,HIGH
617930,Construction of Bypass on NH-59 from Km 336/350 to 349/910 13.56 km near Berhampur town including 4-lane RoB in the state of Odisha.,2026-07-01,Odisha,Roads & Highways,0.9994841524231187,99.94841524231187,Current Schedule Slippage Risk,HIGH
617931,Construction of ROB and its approaches in lieu of LC No. 10/B/T at Km 307.050 of NH-60.,2026-07-01,West Bengal,Roads & Highways,0.9937527776596632,99.37527776596632,Current Schedule Slippage Risk,HIGH
617932,Construction of New Four Lane Bypass to Parbhani City Parwa to Asola Km 463/265 to Km 481/180 Design Ch. 19220 to Ch. 34434 Length-15.214 Km section of NH-61 on EPC mode in the State of Maharashtra.,2026-07-01,Maharashtra,Roads & Highways,0.9885644261733378,98.85644261733378,Current Schedule Slippage Risk,HIGH
617934,Nasratpur to Barasgaon section of NH-61 2L / 4L PS from Km.514/00 to 558/200,2026-07-01,Maharashtra,Roads & Highways,0.0002720285447906783,0.02720285447906783,No Current Schedule Slippage Risk,LOW
617935,"Construction of Elevated corridor from Km. 135.650 to 136.300 on 63, from Km. 249 to Km. 250.050 on old NH-4 and from Km. 192.910 to Km. 193.350 on NH-218 from decongestion of traffic in Ranichennamma circle in Hubli city in the state of Karnataka on EPC basis",2026-07-01,Karnataka,Roads & Highways,0.9988672084621337,99.88672084621338,Current Schedule Slippage Risk,HIGH
617936,Widening to two/four lane with paved shoulder from Km.180.600 to Km.223.000 of NH-63 on Nizamabad-Jagadalpur road on EPC mode under NHO in the state of Telangana.,2026-07-01,Telangana,Roads & Highways,0.0002685800731398765,0.02685800731398765,No Current Schedule Slippage Risk,LOW
617937,Udgir Raavi Degloor Aadampur phata to Sagroli fata,2026-07-01,Maharashtra,Roads & Highways,0.008007066663145962,0.8007066663145962,No Current Schedule Slippage Risk,LOW
617938,Rehabilitation And Upgradation to four lane with paved shoulder configuration from km 24350 to km 61875 Jawale - Borgaon Kale of NH-63 in the State of Maharashtra on EPC mode under Annual Plan 2024-25 Total length - 37.525 Km.,2026-07-01,Maharashtra,Roads & Highways,0.5679642680227804,56.79642680227804,Current Schedule Slippage Risk,MEDIUM
617939,6-Laning of Pune-Hyderabad Section of NH-65 from Km 493/0 to Km 524/0 from Sangareddy X Roads to Madinaguda in the State of Telangana,2026-07-01,Telangana,Roads & Highways,0.9497456789707596,94.97456789707596,Current Schedule Slippage Risk,HIGH
617940,"Rehabilitation and Upgradation of LB-Nagar to Malkapur section to 6-Lane main carriageway with service roads, drains cum footpath, including VUPs and widening of Minor bridge & road safety provisions from Km. 15/00 to Km 40/00 of NH-65 Old NH-9 under NH O for the year 2020-21 in the state of Telangana on EPC Mode.",2026-07-01,Telangana,Roads & Highways,0.0003492506823098166,0.03492506823098166,No Current Schedule Slippage Risk,LOW
617941,4-Laning from End of Zuari approaches to Start of Margao Bypass section of NH-66 from Km 536.800 to Km 543.450,2026-07-01,Goa,Roads & Highways,0.6987257156404031,69.87257156404031,Current Schedule Slippage Risk,MEDIUM
617942,Construction of Six lane Elevated Corridor from Km. 508.000 to Km. 513.150 including approaches on NH-66,2026-07-01,Goa,Roads & Highways,0.0001015439255704065,0.010154392557040651,No Current Schedule Slippage Risk,LOW
617943,4-laning of Navelim to Cuncolim Section of NH-66 from Km 554.245 to Km 561.480 on HAM Mode,2026-07-01,Goa,Roads & Highways,0.11939818999749528,11.939818999749528,No Current Schedule Slippage Risk,LOW
617945,Balance work of NH-66 from design Km 84/00 to Km 87/100 Indapur Bypass and Km 91/600 to Km 99/100 Mangaon Bypass to four lane with paved shoulder in State of Maharashtra under NHO on EPC Mode.,2026-07-01,Maharashtra,Roads & Highways,0.6621517570590143,66.21517570590143,Current Schedule Slippage Risk,MEDIUM
617946,Kashedi to Parshuram Ghat section of NH-66 from Km 161/600 - Km 205/400 - 4L PS,2026-07-01,Maharashtra,Roads & Highways,0.0001636370799296593,0.01636370799296593,No Current Schedule Slippage Risk,LOW
617947,Arawali Kante section of NH-17New NH-66 4L PS from Km.241/300 to 281/300,2026-07-01,Maharashtra,Roads & Highways,0.00028492033032145934,0.028492033032145935,No Current Schedule Slippage Risk,LOW
617948,Kante - Wakad section of NH-66 4L PS from Km.281/300 to 332/200,2026-07-01,Maharashtra,Roads & Highways,0.0003077532467618626,0.03077532467618626,No Current Schedule Slippage Risk,LOW
617949,Tadipatri Bypass Km 0000 to Km 6285 of 4-Lane on NH-67 in Anantapuramu district of AP state under NHO on EPC Mode under Annual Plan 2022-23,2026-07-01,Andhra Pradesh,Roads & Highways,0.000349371135594781,0.0349371135594781,No Current Schedule Slippage Risk,LOW
617950,Construction of Srinivasapura Bypass from existing Km 453.890 Design Ch. 0000 to existing Km 461.450 Design Ch 10080 on NH-69 in the State of Karnataka Under NH O in EPC mode under Annual Plan 2022-23 NH-69-KNT-2022-23-966 dated 22.11.2022,2026-07-01,Karnataka,Roads & Highways,0.9818125975809973,98.18125975809973,Current Schedule Slippage Risk,HIGH
617951,Construction of Chintamani Bypass from Design Ch.0000 Existing Ch.428880 to Design Ch.15400 Existing Ch.444010 on NH-69 in the State of Karnataka in EPC Mode under NHO Annual Plan 2022-23. NH-69-KNT-2022-23-989 dated 24.03.2023,2026-07-01,Karnataka,Roads & Highways,0.9904739562349849,99.04739562349849,Current Schedule Slippage Risk,HIGH
617955,Widening to two lane with paved Shoulders from Km 40.00 to Km 75.00 Existing chainages of Mangalore - Tumkur section of NH-73 in the State of Karnataka on EPC Mode under Annual Plan 2021-22 Job No NH-73-KNT-2021-22-945,2026-07-01,Karnataka,Roads & Highways,8.290511370362045e-05,0.008290511370362045,No Current Schedule Slippage Risk,LOW
617958,Widening & Strenthening from km132.895 to km 190.15 NH-80,2026-07-01,Bihar,Roads & Highways,0.00035544570400752764,0.03554457040075276,No Current Schedule Slippage Risk,LOW
617960,Construction of new road at the missing link portion of NH-81 along approved alignment between Harishchandrapur and Eastern approach of Kalindri Bridge from Km 46.550 to Km 59.697 in the district of Malda. Job No-081-WB-2015-16/400,2026-07-01,West Bengal,Roads & Highways,4.601931282710658e-05,0.004601931282710658,No Current Schedule Slippage Risk,LOW
617961,Gaya-Hisua-Rajgir-Nalanda-Biharsharif section km0.00 to 92.935 NH-82,2026-07-01,Bihar,Roads & Highways,0.0006011328455988852,0.06011328455988852,No Current Schedule Slippage Risk,LOW
617962,"Construction of Bypass to Madurai Achambathu Viratipathu in between km 6/850 10/382 of NH 49 Extn New NH 85 including Land Acquisition on Engineering, Procurement & Construction EPC basis Contract under NH O Annual Plan 2021-22 in the state of Tamil Nadu job No.NH-49 Extn New NH 85 - TN-2021-22-997",2026-07-01,Tamil Nadu,Roads & Highways,5.434102418832049e-05,0.005434102418832049,No Current Schedule Slippage Risk,LOW
617963,Rehabilitation and upgradation to four lane road from km 70.500 to km 78.600 of NH- 92 under EPC mode in the State of Uttar Pradesh,2026-07-01,Uttar Pradesh,Roads & Highways,0.9971392237233714,99.71392237233714,Current Schedule Slippage Risk,HIGH
617964,"Widening to Four Lane rigid pavement configuration from Km 90.00 to Km 100.800 on NH-96 Km 42.0 to Km 53.300 as per new NH-330,design length of 11.300 km under EPC mode in the state of Uttar Pradesh.",2026-07-01,Uttar Pradesh,Roads & Highways,0.9974757022306694,99.74757022306694,Current Schedule Slippage Risk,HIGH
617965,Kopargaon to Savali Vihir section,2026-07-01,Maharashtra,Roads & Highways,0.0014642960695372647,0.14642960695372648,No Current Schedule Slippage Risk,LOW
617966,Rehabilitation and Upgrading to 2 lanes/2-lane with paved shoulders configuration and strengthening of of Birpur and Bihpur Section from km 0.0 to Km 106 of NH 106 under phase I of National Highways Interconnectivity Improvement Projects NHIIP ICB No. NHIIP-BR-106-7 [NHIIP-BR-106-7],2026-07-01,Bihar,Roads & Highways,0.0002826904070721707,0.028269040707217072,No Current Schedule Slippage Risk,LOW
617967,Construction of Rudraprayag tunnel of length 900.30 MTR including approaches and one major bridge on river Alaknanda connecting NH-107/old-109 to NH-07old-58 on EPC mode in the state of Uttarakhand.,2026-07-01,Uttarakhand,Roads & Highways,0.00015228967663999526,0.015228967663999527,No Current Schedule Slippage Risk,LOW
617968,Construction & Widening Including Augustmuni Bypass Ch-16.545 to Ch - 19.890 to 2L/PS from Km 16.545-Km 33.130 & 45.980 -57.975 Augustmuni to Kund & Guptkashi to Sitapur on NH 109 in UK,2026-07-01,Uttarakhand,Roads & Highways,5.326928489088428e-05,0.0053269284890884285,No Current Schedule Slippage Risk,LOW
617969,Construction of 4 Lane ROB and its approaches at the level crossing LC No 29 B of Km 29 Ekangarsarai at NH 110 New NH 33 & Railway Km 32.63 at Fatwa FUT Islampur IPR section in the state of Bihar on EPC mode.,2026-07-01,Bihar,Roads & Highways,0.9998092419507967,99.98092419507967,Current Schedule Slippage Risk,HIGH
617971,Up-gradation to Two/Four lane with paved shoulder Configuration of Kondagaon- Narayanpur from design ch. 0.00 - 48.693 Design Length 47.493 Km. 1.20 Km. retained on NH-130D under EPC mode in the State Chhattisgarh.,2026-07-01,Chhattisgarh,Roads & Highways,0.036406619257195294,3.640661925719529,No Current Schedule Slippage Risk,LOW
617972,Upgradation to Two lane with Paved Shoulder Configuration of Narayanpur Kasturmeta pkg-II from design ch. 48.693 to 70.453 design length21.760 Km. on NH-130D under EPC mode in the state of Chhattisgarh.,2026-07-01,Chhattisgarh,Roads & Highways,0.9796954641311522,97.96954641311521,Current Schedule Slippage Risk,HIGH
617974,Rehabilitation and upgradation of 2 lane with paved shoulder from existing km. 195.175 to km. 220.000 Design Chainage km71.300 to Km. 95.947 Excluding existing chainage Km 200.300 to Km 202.400 Design chainage Km 76.400 to Km 78.400 on Dharasu to Yamunotri Road of NH- 134 Old NH-94,2026-07-01,Uttarakhand,Roads & Highways,0.04307294431236559,4.307294431236559,No Current Schedule Slippage Risk,LOW
617976,Work of development and construction of elevated corridorfrom km 38/660 to km 42/690 Iscon junction to start point of approach of sanand flyover of NH-147 in the sate of Gujarat,2026-07-01,Gujarat,Roads & Highways,0.000243119131094195,0.0243119131094195,No Current Schedule Slippage Risk,LOW
617978,"Rehabilitation, upgradation & widening of existing highway to 2L/4LPS Rigid Pavement of NH 160 section- Phaltan to Mhaishal near Karnataka Border including Tasgaon Bypass, from existing chainage Km 301/430 to Km 458/415 in the State of Maharashtra- Package-II & Package III combined- starting from existing chainage Km 341/300 to Km 394/130 and design chainage Km 340/250 at Dahiwadi Village to Km 392/950 ending at Vita Village in the State of Maharashtra on EPC Mode.",2026-07-01,Maharashtra,Roads & Highways,0.00021098901213307893,0.021098901213307892,No Current Schedule Slippage Risk,LOW
617979,"Rehabilitation, upgradation & widening of existing highway to 2L/4LPS Rigid Pavement of NH 160 section- Phaltan to Mhaisal near Karnataka Border including Tasgaon Bypass, from existing chainage Km 301/430 to Km 458/415 in the State of Maharashtra. Package-I starting from existing chainage Km 301/430 at Phaltan Village Junction of Phaltan Baramati Road Design Chainage -301/430km & ending at existing chainage Km 341/300 Dahiwadi Village Bus Stop Design chainage Km 340466km in the S",2026-07-01,Maharashtra,Roads & Highways,0.044997271238419616,4.499727123841962,No Current Schedule Slippage Risk,LOW
617980,Construction of six lane elevated corridor from km 7.950 Uppal to km 14.200 of NH- 163 to De-Congest the urban limits of Hyderabad-Bhoopalapatnam section on EPC mode in the state of Telangana,2026-07-01,Telangana,Roads & Highways,0.9964301802634475,99.64301802634475,Current Schedule Slippage Risk,HIGH
617983,Widening & Strengthening of Existing 2LPS to 4 lane PS from Km 150000 to Km 159000 and Km 165400 to Km 186000 of NH-163 old NH-202 under NH O for the year 2020-21 on EPC Mode in the state of Telangana.,2026-07-01,Telangana,Roads & Highways,0.0003773749019854555,0.03773749019854555,No Current Schedule Slippage Risk,LOW
617984,"Gudivada Town 2 RoB, and Road improvement NH-165",2026-07-01,Andhra Pradesh,Roads & Highways,0.9998489026075843,99.98489026075843,Current Schedule Slippage Risk,HIGH
617985,Widening to two lane with paved shoulders from Km 0/0 to 64/020 Pamarru to Akiveedu,2026-07-01,Andhra Pradesh,Roads & Highways,0.9894070031964303,98.94070031964303,Current Schedule Slippage Risk,HIGH
617986,Kurnool/Kadapa Border-Jammalamadugu section of NH-167K i.e. Design Ch. Km 248010 to km 269900 to 2,2026-07-01,Andhra Pradesh,Roads & Highways,0.00010727317983948165,0.010727317983948164,No Current Schedule Slippage Risk,LOW
617987,Nandyala-Kurnool/Kadapa Border section of NH-167K i.e. Km 186/000 to Km 250/000Design Ch.186000 to 248010 to 2LPS,2026-07-01,Andhra Pradesh,Roads & Highways,0.045999885138084215,4.599988513808421,No Current Schedule Slippage Risk,LOW
617988,Sangameswaram - Atmakuru section from Km 96 to Km 124 & Velegodu- Nandyal section including Nandyal Bypass from Km 143/6 to 185/9 NH-167K,2026-07-01,Andhra Pradesh,Roads & Highways,0.001956284837103002,0.1956284837103002,No Current Schedule Slippage Risk,LOW
617989,Construction of Major Bridge at Km.180.865 across river Krishna on NH 167 Hagari Jadcherla section,2026-07-01,Karnataka,Roads & Highways,0.9994522318581792,99.94522318581792,Current Schedule Slippage Risk,HIGH
617991,"Rehabilitation and up-gradation of NH-167 from Km 14/900 to Km70/000 Design Ch. 14/900 to 69/700 Chintakunta to Adoni section to two lane with paved shoulders in the State of Andhra Pradesh under Corridor Approach through Engineering, Procurement",2026-07-01,Andhra Pradesh,Roads & Highways,0.00014014992255264905,0.014014992255264905,No Current Schedule Slippage Risk,LOW
617994,Rehabilitation and upgradation of NH-167 from design km 113.900 to 154.479 Mallepally Haliya section to two lane with paved shoulders on EPC mode in the stte of Telangana,2026-07-01,Telangana,Roads & Highways,0.0001150363239876976,0.01150363239876976,No Current Schedule Slippage Risk,LOW
617995,Widening to Two Lane with Paved Shoulders from Km 67.000 to Km 114.425 of Kalwakurthy- Mallapally Section of NH 167 Erstwhile section of SH 18 in the State of Telangana on EPC mode under NH O Annual Plan 2016-17,2026-07-01,Telangana,Roads & Highways,0.00038177602958889667,0.03817760295888967,No Current Schedule Slippage Risk,LOW
617997,Widening of existing 2 lane to 4 lane with paved shoulder from Designed km 25.15 to km 56.70 Except Km 52.70 to 53.50 of NH-169 Nellisara Camp to Thirthahalli of NH- 169 on Shimoga-Mangalore section in the state of Karnataka on EPC mode under Annual plan 2022-23 NH-169-KNT-2022-23-978 dated 08.03.2023,2026-07-01,Karnataka,Roads & Highways,0.052731794255583324,5.273179425558332,No Current Schedule Slippage Risk,LOW
617998,Widening to existing 2 lane with paved Shoulder to 4 Lane with paved shoulder from design Km 153.00 to 168.27 Mala Gate to Karkala of NH -169 on Shimoga - Mangalore section in the state of Karnataka on EPC mode under Annula Plan 2021-22 Job No. NH-169-KNT-2021-22-949,2026-07-01,Karnataka,Roads & Highways,0.0005292692313549659,0.05292692313549659,No Current Schedule Slippage Risk,LOW
617999,Widening to 2LPS from Km 67 to Km 115 on Kadur-Hosadurga section NH 173 in the state of Karnataka NH-173-KNT-2022-23-980 dated 13.03.2023,2026-07-01,Karnataka,Roads & Highways,0.9897473367372459,98.97473367372459,Current Schedule Slippage Risk,HIGH
618000,Widening to 2-Lane with Paved Shoulders from Km 116.800 to 149.070Design Changes on Hosadurga - Holalkere Section of NH-173 in the State of Karnataka on EPC mode under Annual Plan 2021-22 Job no. NH-173-KNT-2021-22-946,2026-07-01,Karnataka,Roads & Highways,0.00011548319131045147,0.011548319131045147,No Current Schedule Slippage Risk,LOW
618001,"Construction of 4-lane flyover at Amberpet-X road, Hyderabad on NH-202 in the State of Telangana",2026-07-01,Telangana,Roads & Highways,8.334659378399251e-05,0.00833465937839925,No Current Schedule Slippage Risk,LOW
618003,Construction of four lane ROB and its approaches in lieu of existing Level Crossing No. RV-71 at km 435 on NH-217 New NH-353 at Khariar including land acquisition under NHO in Annual Plan 2021-22 for the state of Odisha for F.Y. 2021-22 to F.Y 2033-34,2026-07-01,Odisha,Roads & Highways,0.0010476528687118514,0.10476528687118514,No Current Schedule Slippage Risk,LOW
618004,Construction of Bhabhua Bypass from Ch. 10800Design Ch. 10800 to Ch. 19860 Design Ch. 18150 and Chand Bypass from Ch. 38060 Design Ch. 36250 to Ch. 40460 Design Ch. 38650 and widening of existing road to 2 - lane with Paved shoulder from Ch. 40460 Design Ch. 38650 to Ch. 46860 Design Ch. 45050 of NH-219 Total length- 16.150 Kmunder EPC mode in the state of Bihar,2026-07-01,Bihar,Roads & Highways,0.9986857226942112,99.86857226942112,Current Schedule Slippage Risk,HIGH
618005,Sheohar-Sitamarhi Section km 40.000 to 79.400 km Lot-I,2026-07-01,Bihar,Roads & Highways,0.0009875558093831096,0.09875558093831095,No Current Schedule Slippage Risk,LOW
618009,Balance work of Construction of Ring Road for Raebareli City on eastern side of NH- 24B Phase-1 on EPC mode.,2026-07-01,Uttar Pradesh,Roads & Highways,0.0001080080778949617,0.010800807789496169,No Current Schedule Slippage Risk,LOW
618010,Development to 4-lane with paved shoulder for the road section Talwandi Sabo- Raman road to refinery Road junction with Bathinda Dabwali Road of NH-254 from existing Km 131.600 to Km 155.650 Design Km 131600 to km 155600 in the State of Punjab. Job No NH-254-PB-2022-23-565,2026-07-01,Punjab,Roads & Highways,0.9950262753442342,99.50262753442341,Current Schedule Slippage Risk,HIGH
618011,Construction of 2 lane with paved shoulder for the work of Development of remaining sections of NH-325 Balotra to sanderao via Jalore to 2 lane with paved shoulder configuration by Construction of Byasses for town portions1 Asotra- Brahmdham bypass 2Siwana Bypass 3 Mokalsar Bypass 4 Major realignment at Kathadi 5 Major realignment at Bishangarh 6 Jalore Bypass 7 Ahore Town portion 8 Dujana Bypass in the state of Rajasthan on EPC Mode,2026-07-01,Rajasthan,Roads & Highways,0.0001743129510071348,0.017431295100713482,No Current Schedule Slippage Risk,LOW
618012,"Widening & strengthenlng to 2LPS from km 0,000 to 40.000 Dhaugaon- Podamari section of NH 326 in the State of Odisha under Annual Plan 2021.22.",2026-07-01,Odisha,Roads & Highways,0.9999196911713045,99.99196911713045,Current Schedule Slippage Risk,HIGH
618013,4-laning of Puttaparthi-Koduru Section of NH-342,2026-07-01,Andhra Pradesh,Roads & Highways,0.00022610284395237874,0.022610284395237875,No Current Schedule Slippage Risk,LOW
618014,"Upgradation of Ambikapur-Ramanujganj-Garwa road of NH-343, Package-III, Badki mahri village to Ramanujganj section from existing km 80.600 to km 110.330 Design Ch. 85.370 to Ch. 114.800 of total length 29.430 km to two lane with paved shoulders udner corridor scheme under EPC Mode in the of Chhattisgarh",2026-07-01,Chhattisgarh,Roads & Highways,0.9994628765935245,99.94628765935245,Current Schedule Slippage Risk,HIGH
618015,"Upgradation of Keonchi - Ratanpur Road of NH 45 Package-I, from design chainage km 237.860 to km 273.200 of length 35.340 km to two lane with paved shoulders under Corridor scheme on EPC mode in the state of Chhattisgarh.",2026-07-01,Chhattisgarh,Roads & Highways,0.9930616385906366,99.30616385906366,Current Schedule Slippage Risk,HIGH
618016,"Upgradation of Ambikapur Ramanujganj - Garhwa Road NH 343 of Package-I, Rajpuri Khurd Village to Padih Village section from existing km 7.830 to km 57.650 Design Ch. 13.700 to Ch. 62.700 of total length 49.00 km to two lane with paved shoulders under EPC mode in the state of Chhattisgarh",2026-07-01,Chhattisgarh,Roads & Highways,0.973151477484866,97.3151477484866,Current Schedule Slippage Risk,HIGH
618017,"Upgradation of Keonchi - Ratanpur Road of NH 45 Package-II, from design chainage km 278.75 to km 321.348 of length 42.598 km to two lane with paved shoulders under Corridor scheme on EPC mode in the state of Chhattisgarh.",2026-07-01,Chhattisgarh,Roads & Highways,0.9987151390412915,99.87151390412915,Current Schedule Slippage Risk,HIGH
618018,Upgradation of Bilaspur-Takhatpur-Mungeli-Pandariya-Pondi Road on N.H.-130A Package IIIA Takhatpur By-pass from existing Ch. 26.542 to 32.093 [Design Ch. 18.700 to 25.900] & Mungeli By-pass from existing Ch. 45.786 to 56.275 [Design Ch. 29.600 to 51.600] and Package IIIB Pandariya By-Pass from existing Ch. 82.582 to 87.133 [Design Ch. 77.900 to 81.1000 & Pondi By-pass from existing Ch. 103.166 to 104.756 [Design Ch. 97.000 to 103.395] to two lane with paved shoulder configuration in the,2026-07-01,Chhattisgarh,Roads & Highways,0.9954093550020653,99.54093550020653,Current Schedule Slippage Risk,HIGH
618019,Upgradation & widening of Jharkheda- Berasia - Dholkhedi from design km 0000 to km 87900 Design length 87.90km of NH-346 including 3 nos. bypasses of 13.10 Km in the State of Madhya Pradesh under EPC mode.,2026-07-01,Madhya Pradesh,Roads & Highways,0.0001247902219831626,0.012479022198316259,No Current Schedule Slippage Risk,LOW
618020,"Rehabilitation & Upgradation of KurwaiMungaoliChanderi Road section of NH-346, from Design Chainge 0.000 to 81.300 Km Total length 83.1 km to Two lane with paved shoulder configuration along with One time improvement in 07 nos of bypassed built- up areas in a total length of 22.615 km in the state of Madhya Pradesh on EPC mode.",2026-07-01,Madhya Pradesh,Roads & Highways,0.999799106206917,99.9799106206917,Current Schedule Slippage Risk,HIGH
618021,Up-gradation of Pichhore- Dinara section of NH-346 from Km 292.750 to 334.550 to two lane with paved shoulders in the state of Madhya Pradesh on EPC mode,2026-07-01,Madhya Pradesh,Roads & Highways,0.041777198744112815,4.177719874411282,No Current Schedule Slippage Risk,LOW
618022,Upgradation to two lane with paved Shoulder Configuaration from Km. 0/00 to 47/000 of NH 351 Mahuva to Badhada section in the State of Gujarat,2026-07-01,Gujarat,Roads & Highways,0.9930845978566116,99.30845978566116,Current Schedule Slippage Risk,HIGH
618023,Work of Widening/upgradation of 2-Lane with paved shoulder of Sri Muktsar Sahib to Malout road from Km 279.400 to Km 307.060 section of NH-354 in the State of Punjab on EPC mode. Job No. NH-354-PB-2021-22-555,2026-07-01,Punjab,Roads & Highways,0.00015022160923018095,0.015022160923018096,No Current Schedule Slippage Risk,LOW
618024,Up-gradation to two lane with paved shoulder configuration of NH-354 Section Arifkes- Ferozepur-Muktsar-Malaut from Km 201.500 to Km 212.500 & Km 229.690 to Km 269.960 and strengthening of existing pavement from Km 212.500 to Km 229.690 excluding Km 218.500 to 223.690 of NH-354 on EPC Mode in the State of Punjab. Job No. NH-354-PB-2020-21-532,2026-07-01,Punjab,Roads & Highways,0.00020968398035411368,0.020968398035411367,No Current Schedule Slippage Risk,LOW
618025,Rehabiitation and upgradation from km 121/000 to 154/000 Nakrekal to Mallampally section of NH-365 to 2 lane with paved shoulders in the state of Telangana in the EPC mode,2026-07-01,Telangana,Roads & Highways,0.00020737345285227172,0.020737345285227173,No Current Schedule Slippage Risk,LOW
618027,Widening to 2LPS from Km 71.00 to 104.00 Existing chainages Sarjapur to Pattadkallu on Bhanapur to Gaddanakeri section NH-367 in the State of Karnataka under NHO on EPC mode under Annual Plan 2022-23 NH-367-KNT-2022-23-972 dated 08.02.2023,2026-07-01,Karnataka,Roads & Highways,0.0014659128314540037,0.14659128314540038,No Current Schedule Slippage Risk,LOW
618028,"Construction of Bypass at Kuknoor, Yelburga, Gajendragada of Bhanapur Gaddanakeri section of NH-367 in the State of Karnataka under NHO on EPC mode under Annual Plan 2022-23. NH-367-KNT-2022-23-973 dated 08.02.2023",2026-07-01,Karnataka,Roads & Highways,0.9828968105340032,98.28968105340033,Current Schedule Slippage Risk,HIGH
618029,Widening to 4 lane from Km. 133.00 to 158.04 design Chainage Km. 130.88 to 155.145 Shirur Cross to Gaddankeri of NH-367 in the State of Karnataka on EPC mode. Job No. NH-367-KNT-2021-22-930,2026-07-01,Karnataka,Roads & Highways,0.0016575741232350684,0.16575741232350685,No Current Schedule Slippage Risk,LOW
618030,Widening to 2 lane with paved shoulder from Km. 103.225 Pattadakal to Km. 133.00 Shirur cross of NH-367 in the state of Karnataka on EPC Mode.Job No. NH-367-KNT- 2021-22-934,2026-07-01,Karnataka,Roads & Highways,0.9998496882229266,99.98496882229266,Current Schedule Slippage Risk,HIGH
618031,Balance work of Construction of Two/Four lane with paved shoulder from Km 422.000 to 523.600 Chitradurga to Shivamogga of NH-13 in the state of Kanataka on EPC mode.,2026-07-01,Karnataka,Roads & Highways,0.0004078150245776849,0.04078150245776849,No Current Schedule Slippage Risk,LOW
618033,4-Laning of Itanagar to Bandardewa section of NH-415from km 40430 to km 51735 Package-Bon EPC Mode in the state of Arunachal Pradesh Job NO. 415/Ar. P/2020- 21/031,2026-07-01,Arunachal Pradesh,Roads & Highways,0.999941736414737,99.99417364147371,Current Schedule Slippage Risk,HIGH
618034,Construction of 2 lane Barpeta Bypass from Km 77900Baradi to Km 86150 Deurikuchi Length8.25Km on NH-427 in the state of Assam under EPC ModeJob No.427/AS/2022-23/245,2026-07-01,Assam,Roads & Highways,0.9958235681198389,99.58235681198389,Current Schedule Slippage Risk,HIGH
618035,Rehabilitation & Upgradation of existing intermediate lane to two Lane with paved shoulder from km. 0.600 Gulganj bypass on NH-34 to km. 43.00 Barna River length 42.400 km. on Gulganj-Amanganj-Pawai-Katni NH43 Extn. in the state of Madhya Pradesh on EPCmode.,2026-07-01,Madhya Pradesh,Roads & Highways,0.9989454346887339,99.8945434688734,Current Schedule Slippage Risk,HIGH
618036,Upgradation and reconstruction of existing intermediate lane to two Lane with paved shoulder configuration from km. 43.00 Barna River to km. 77.00 ken river length 34.00 km. on Gulganj-Amanganj-Pawai-Katni NH43 Extn. along with One time improvement in 01 no. of bypassed built-up area in a total length of 1.585 km in the state of Madhya Pradesh on EPCmode.,2026-07-01,Madhya Pradesh,Roads & Highways,0.9938682139400183,99.38682139400183,Current Schedule Slippage Risk,HIGH
618037,Rehabilitation and Up-gradation of existin of road from 2-lane to 2-lane with paved shoulders from km. 0.00 to km 53.590 total length-53.590 km of Raychoti to Vempalli section of NH-440 in the State of Andhra Pradesh on EPC mode.,2026-07-01,Andhra Pradesh,Roads & Highways,7.536245383045603e-05,0.0075362453830456035,No Current Schedule Slippage Risk,LOW
618038,Construction of Shopian Bypass on NH-444 taking off from existing chainage Km 36500 and re-joining at km 47588 of existing Chainage New Design Ch. From km 28000 to km 36925 as 2- lane with paved shoulder in the UT of Jammu & Kashmir on EPC mode.,2026-07-01,Jammu and Kashmir,Roads & Highways,0.8063319193227094,80.63319193227095,Current Schedule Slippage Risk,HIGH
618039,Widening to 2 Lane from Existing Chainage Km 74.700 Km 100.660 Design Chainage Km 53.365 to Km 78.785 on NH- 507 in the State of Uttarakhand.,2026-07-01,Uttarakhand,Roads & Highways,0.07239832446610989,7.239832446610989,No Current Schedule Slippage Risk,LOW
618040,Rehabilitation and Upgradation to Two lanes with Paved Shoulders configuration and Strengthening from Km 175.00 to Km 196.00 Gumkhal to Satpuli of NH-119 New NH- 534 in the State of Uttarakhand under NHO Annual Plan 2021-22 under EPC mode,2026-07-01,Uttarakhand,Roads & Highways,0.9783513369560202,97.83513369560201,Current Schedule Slippage Risk,HIGH
618041,Rehabilitation and upgrading to two lanes with paved shoulders and Strengthening of Kotdwar-Pauri-Srinagar road section from Km 232.00 to 274.470 on NH-119 New 534 Paidul to Srinagar in the State of Uttarakhand on EPC Mode under NHO Annual Plan 2021-22.,2026-07-01,Uttarakhand,Roads & Highways,0.6475661213353597,64.75661213353597,Current Schedule Slippage Risk,MEDIUM
618042,"Rehabilitation/ Upgradation of existing Highway to four lane standards in Kurkheda town from km.413257 to km 410775, Two lane in Shankarpur Gurnuli km 42400 to km 43100 section and Reconstruction of Major Bridge at Ch. 448558 Bhuti Nallah and Ch. 411695 Sati River bridge, Minor Bridge at Ch. 411477 and Ch. 405800 Lendhari Bridge of NH 543 Bhamhapuri-wadsa-kurkheda-korchi-Deori-Amgaon road on EPC mode in the State of Maharashtra",2026-07-01,Maharashtra,Roads & Highways,0.9997766266290089,99.97766266290088,Current Schedule Slippage Risk,HIGH
618043,Upgradation and reconstruction of Dindori - Mandla Section of NH 543 from Km 77100 Design to Km 170580 Design Total length 93.48km to Two lane with paved shoulder configuration along with One time improvement in 04 nos of bypassed built-up areas in a total length of 7.23 km in the state of Madhya Pradesh on EPC mode,2026-07-01,Madhya Pradesh,Roads & Highways,9.210971560716629e-05,0.00921097156071663,No Current Schedule Slippage Risk,LOW
618044,Upgradation of Shahdol- Sagartola Section of NH 543 from km 0000 to km 69400 to 2 lane with paved shoulders under Hybrid Annuity Mode HAM in the State of Madhya Pradesh,2026-07-01,Madhya Pradesh,Roads & Highways,0.015159698155012438,1.5159698155012438,No Current Schedule Slippage Risk,LOW
618047,"Widening, Reconstruction & Up-gradation to 2 lane with Paved Shoulder/Four Lane configuration for the work of Ahmednagar to Sabalkhed & Ashti to Chinchpur Section of NH-561 from Design km 2915 to km 37728 & Design km 55100 to km 70000 in the State of Maharashtra on EPC mode. Length 49.713 km",2026-07-01,Maharashtra,Roads & Highways,0.00038054746935082233,0.038054746935082234,No Current Schedule Slippage Risk,LOW
618049,Up-gradation to 2/4 lane with paved shoulder configuration of NH-652 from Tuljapur Naldurg-Akkalkot road Chainage from Km. 00.000 to km 30.982 in the State of Maharashtra on EPC mode.,2026-07-01,Maharashtra,Roads & Highways,0.0003835930125580759,0.03835930125580759,No Current Schedule Slippage Risk,LOW
618051,Rehabilitation and Upgrading of NH-707 OLD 72-B Package - 2 Hewna to Ashyari,2026-07-01,Himachal Pradesh,Roads & Highways,0.00019641232192705647,0.019641232192705648,No Current Schedule Slippage Risk,LOW
618052,Gorantla - Hindupur section from Km 120/300 to 165/000 of NH716G in the State of Andhra Pradesh,2026-07-01,Andhra Pradesh,Roads & Highways,0.003656772570452769,0.3656772570452769,No Current Schedule Slippage Risk,LOW
618053,Muddanur to B. Kothapalli section of NH-716G from Km. 0/000 to Km. 56/500 56.500 Km in the State of Andhra Pradesh on EPC mode Job no. 741,2026-07-01,Andhra Pradesh,Roads & Highways,0.006470105828737374,0.6470105828737374,No Current Schedule Slippage Risk,LOW
618054,Construction of Balrampur bypass with 2L flexible pavement configuration from km.223.000 of NH-330 to km.328.300 of NH-730 under EPC mode,2026-07-01,Uttar Pradesh,Roads & Highways,0.9892388437989575,98.92388437989575,Current Schedule Slippage Risk,HIGH
618055,Construction of Pratapgarh Bypass Extension connecting NH-31 to NH-330 on EPC mode in the State of Uttar Pradesh.,2026-07-01,Uttar Pradesh,Roads & Highways,0.9990528695992564,99.90528695992565,Current Schedule Slippage Risk,HIGH
618056,Improvement and Up-gradation to two Lane with Paved Shoulder Configuration from existing km. 420.00 Shohrathgarh to km. 454.00 Uska Bazar of NH-730 in the state of Uttar Pradesh EPC basis,2026-07-01,Uttar Pradesh,Roads & Highways,0.9995314646262049,99.9531464626205,Current Schedule Slippage Risk,HIGH
618057,Construction of Shohratgarh Bypass on NH-730 under EPC mode in the State of Uttar Pradesh,2026-07-01,Uttar Pradesh,Roads & Highways,0.999846532215572,99.9846532215572,Current Schedule Slippage Risk,HIGH
618059,Construction of four-lane Concrete Road from Police Headquarter Gondia City to Rawanwadi Village Birsi Airport Junction from design km 0.000 to km 15.781 existing km 39/720 of NH-753 to existing Km 8/400 of NH 543 on sections from Kohmara- Goregaon- Police HeadquarterKaranja - Collector Office Square - Balaghat T Point- Rawanwadi- Rajegaon of NH-753 and NH-543 in Gondia District in the state of Maharashtra. Total Length of the project 15.781 Km.,2026-07-01,Maharashtra,Roads & Highways,0.9938061090891704,99.38061090891705,Current Schedule Slippage Risk,HIGH
618060,Widening and Strengthening of existing paveemnt to two lane with paved shoulders from km 116.00 to km 176.355 of NH-75E in the State of Jharkhand on EPC mode.,2026-07-01,Jharkhand,Roads & Highways,0.0001825443277514394,0.01825443277514394,No Current Schedule Slippage Risk,LOW
618061,"Strengthening, Widening & Up-gradation of newly declared NH-761 from NH- 61Junction-BelheAlkutiDevibhoyareNighojShirur, from Design chainage Km 0.000 to Km 37.970 from Single/Intermediate/2L to 2LPS in the State of Maharashtra on EPC Mode Length 37.970 Km",2026-07-01,Maharashtra,Roads & Highways,0.9919242684847023,99.19242684847023,Current Schedule Slippage Risk,HIGH
618063,Widening & Strenghteningof section from Bharthana chowk to Kodarkoot km.0.00 to km.40.00 of NH-91-A on EPC mode,2026-07-01,Uttar Pradesh,Roads & Highways,0.0001681328240497851,0.016813282404978508,No Current Schedule Slippage Risk,LOW
618065,"Rehabilitation/Upgradation of existing Highway to 2LPS/4 lane of Dhawali to Rajoli from Design Km.149476 to 163476 existing Km.150000 to 164000, Pandhasala to Mohadongri from design Km.170476 to 181476 existing Km.171000 to 182000, Ambeshivni Fata to Bodli from design Km.183476 to 185476 existing Km.184000 to 186000 and Made Tukum to Gadchiroli from design Km.188476 to 189476 existing Km.188000 to 18900 having length 28 km of NH-930 of Dhawali to Gadchroli road in the",2026-07-01,Maharashtra,Roads & Highways,0.9995026701004636,99.95026701004636,Current Schedule Slippage Risk,HIGH
618066,Construction of Amethi bypass Part-II at km.30.050 of NH-931 under EPC mode in the state of Uttar Pradesh,2026-07-01,Uttar Pradesh,Roads & Highways,0.99371391842353,99.37139184235299,Current Schedule Slippage Risk,HIGH
618067,"Rehabilitation & Up-gradation from design Km. 0.000 to Km. 69.280 of NH-931 Pratapgarh - Amethi - Gauriganj -Musafirkhana to two lane with paved shoulder on Engineering, Procurement & Construction EpC mode in the State of Uttar Pradesh",2026-07-01,Uttar Pradesh,Roads & Highways,0.9669088164396302,96.69088164396302,Current Schedule Slippage Risk,HIGH
618068,"Construction of Kaithi-Padaria Kala bypass, Patna-Tamoli bypass, Jaso bypass and Nagod bypass total length 15.44 Km to 2-lane with paved shoulders flexible pavement on NH-943 in the State of Madhya Pradesh on EPC Mode.",2026-07-01,Madhya Pradesh,Roads & Highways,0.9991820953497815,99.91820953497815,Current Schedule Slippage Risk,HIGH
618069,Upgradation to Two-lane with paved shoulder of Hanumangarh to Kenchiyan section from Km 0.000existing chainage-Km 23.200 to Km 49.605existing chainage-Km 74.645 of NH-54 in the State of Rajasthan on EPC mode.,2026-07-01,Rajasthan,Roads & Highways,0.033121435623536484,3.3121435623536484,No Current Schedule Slippage Risk,LOW
618070,Widening to 2 Lanes with paved shoulders from Km.87/000 to 133/720 Nattukal to Thanau Jn. in Palakkad of NH-966 Old NH-213 on EPC mode Basis under NHO Annual Plan 2016-17 in the state of Kerala,2026-07-01,Kerala,Roads & Highways,0.00021910750416948157,0.021910750416948156,No Current Schedule Slippage Risk,LOW
618071,Construction of two lane with paved shoulder Gangtok Bypass Road from Ranipool to Burtuk Ch 0.00 Km to 23.316 L23.316 Km in the State of Sikkim,2026-07-01,Sikkim,Roads & Highways,0.00012286221196118128,0.012286221196118127,No Current Schedule Slippage Risk,LOW
618072,Widening to Existing single lane /intermediate lane to 2 lane from Km185.00 to Km 220.00 of NH-61 New NH-02 in the state of Nagaland.,2026-07-01,Nagaland,Roads & Highways,6.921886704119692e-05,0.006921886704119693,No Current Schedule Slippage Risk,LOW
618073,Improvement to Two lane with Paved Shoulder from Junction of NH22 near Hajipur to Junction of NH -122 at Bachhwara via Mahnar and Mohiuddin Nagar from Km 0.00 to Km 29.730 of NH 122 B in the State of Bihar.,2026-07-01,Bihar,Roads & Highways,0.9992659513107464,99.92659513107463,Current Schedule Slippage Risk,HIGH
618074,Pre construction activity of NH 122B from km 0 to 72.348 and Improvement to two lane with paved shoulders of NH 122B from km 29.730 to km 72.348 in state of Bihar under EPC mode,2026-07-01,Bihar,Roads & Highways,8.217605747763744e-05,0.008217605747763744,No Current Schedule Slippage Risk,LOW
618075,Construction of two lane with paved shoulder from existing Km.0.000 to Km.55.610 design km. 0.000 to km. 54.048 of NH-124D,2026-07-01,Uttar Pradesh,Roads & Highways,0.9870754469094427,98.70754469094427,Current Schedule Slippage Risk,HIGH
618076,Improvement and Widening two lannig with paved Shoulder of NH 127B from km 31.500 Goeragre to km 63.224 Package-II in state of Meghalaya,2026-07-01,Meghalaya,Roads & Highways,0.977035270256712,97.7035270256712,Current Schedule Slippage Risk,HIGH
618079,Construction of Dharmagarh Bypass on NH-130C including land acquisition in the state of Odisha on EPC Mode under Annual plan 2022-23.,2026-07-01,Odisha,Roads & Highways,0.9987866168703295,99.87866168703296,Current Schedule Slippage Risk,HIGH
618080,Improvement to two lane with paved shoulders of BH WB Border Amdabad Manihari section from design Km 0.000 to Km 23.945 of NH 131 A Total length 23.945 Km under EPC mode in the state of Bihar,2026-07-01,Bihar,Roads & Highways,0.9998141188961209,99.98141188961209,Current Schedule Slippage Risk,HIGH
618081,Construction of Mariahu Bypass with four lane paved shoulder configuration Km. 53.540 to Km.59.200 of NH-135A on EPC mode in the state of Uttar Pradesh,2026-07-01,Uttar Pradesh,Roads & Highways,0.9991600450405141,99.91600450405141,Current Schedule Slippage Risk,HIGH
618082,Widening & Upgradation to four lane configuration from Km.34.900 Bhadohi to km.73.134 Jaunpur of NH-135A on EPC mode,2026-07-01,Uttar Pradesh,Roads & Highways,0.00021238633424008074,0.021238633424008075,No Current Schedule Slippage Risk,LOW
618083,Construction of byepass around Lohardaga town of NH-143A in the Sate of Jharkhand under EPC mode.,2026-07-01,Jharkhand,Roads & Highways,0.9762541277398058,97.62541277398059,Current Schedule Slippage Risk,HIGH
618084,Widening to 2-lane with paved shoulder from km 0.00 to 44.00 Kuru-Ghaghra section of NH-143A including re-construction of culverts and bridges.,2026-07-01,Jharkhand,Roads & Highways,0.0001238222112924401,0.01238222112924401,No Current Schedule Slippage Risk,LOW
618085,Upgradation of Nasrullagani-Rehti-Budhni Scction to 2-lane with paved shoulder from Km 0150 to Km 50500 of NH-146B in the state of Madhya Pradesh on EPC mode.,2026-07-01,Madhya Pradesh,Roads & Highways,0.0006419311197599346,0.06419311197599346,No Current Schedule Slippage Risk,LOW
618086,"Widening to Two Lane with Paved Shoulders from KB Cross to Chunchanahalli ie., Design Ch. 485240 Km Existing Km 494.000 to Design Ch. 523393 Km Existing km 533.152 & From Design Ch. 530393 Existing Km 540.175 to Design Ch. 534476 Existing Km 544.200 at Nelligere of NH-150A on EPC mode under Annual Plan 2022-23 NH-150A-KNT-2022-23-977 dated 08.03.2023",2026-07-01,Karnataka,Roads & Highways,0.02844348333093982,2.844348333093982,No Current Schedule Slippage Risk,LOW
618087,Widening to intermediate/two lane to 2 lane with paved shoulder from Existing chanages Km 112.750 to 142.00 Liingasur to Mudabal cross & from Km. 147.070 to Km. 149.070 Maski city limit of Jewargi Chamrajnagar setion of NH-150A in the state of Karnataka on EPC mode. Job No. NH-150A-KNT-2021-22-951,2026-07-01,Karnataka,Roads & Highways,8.649568709641488e-05,0.008649568709641488,No Current Schedule Slippage Risk,LOW
618088,Nandurshingote to Kolhar,2026-07-01,Maharashtra,Roads & Highways,0.9771776112410338,97.71776112410338,Current Schedule Slippage Risk,HIGH
618089,Rehabilitation & Up-gradation of Mudkhed to Nanded section from Km. 372000 to Km 388400 of NH 161A i.e. Nanded-Bhokar-Himayatnagar-Kinwat-Mahur-Arani Road Design chainage from Km 372000 Mudkhed to Km 387650 Nanded of NH 161A Length 15.65 Km to 2/4Lane with paved shoulders configuration in the State of Maharashtra on EPC mode.,2026-07-01,Maharashtra,Roads & Highways,0.9997209240943931,99.97209240943931,Current Schedule Slippage Risk,HIGH
618091,Widening to two lane with paved shoulders from Km 0/000 to Km 45/946 of Nizampet- Narayankhed-bidar section of NH-161B in the state of Telangana under Annual Plan 2021-22 on EPC mode under NHO,2026-07-01,Telangana,Roads & Highways,0.990115695046577,99.0115695046577,Current Schedule Slippage Risk,HIGH
618092,Up-gradation to 2 lane with paved shoulder from Neechli Oden Nathdwara at Design Km 88.800 existing km 55.95 to Bhatewar at Design Km 142.028 existing km 0.00 of NH-162E in the State of Rajasthan on EPC mode.,2026-07-01,Rajasthan,Roads & Highways,0.9548020287389773,95.48020287389774,Current Schedule Slippage Risk,HIGH
618094,Pen to Khopoli 2LPS,2026-07-01,Maharashtra,Roads & Highways,0.00013085928213923834,0.013085928213923834,No Current Schedule Slippage Risk,LOW
618095,Widening to Two Lane with Paved Shoulders from Km 0.00 Design Chainage 0.00 to Km 23.338 Design Chainage 23310 of NH-166E MH/KNT Border- Kanamadi- Bijjargi- Tikota section in the state of Karnataka in EPC Mode under Annual plan 2022-23 NH- 166E-KNT-2022-23-974,2026-07-01,Karnataka,Roads & Highways,0.9692588589599145,96.92588589599144,Current Schedule Slippage Risk,HIGH
618096,Rehabilitation and Up-gradation to 2 lane road with paved shoulders configuration for the balance work of 13 km length on Helwak-Patan-Karad section Km. 85000 to 133 417 of NH-166E in the state of Maharashtra on EPC mode.,2026-07-01,Maharashtra,Roads & Highways,0.0007572189536543417,0.07572189536543417,No Current Schedule Slippage Risk,LOW
618097,Guhagar - Rampur - 2L-PS - km 0/00 Guhagar to 26/230 Rampur and 40/00 Mirjoli to 53/600 Sati on NH-166E,2026-07-01,Maharashtra,Roads & Highways,0.0002720285447906783,0.02720285447906783,No Current Schedule Slippage Risk,LOW
618098,"Upgradation of exhisting 2 lane flexible pavement to 2 lane paved shoulders rigid pavement from design chainage Km 66.00 to Design Km 82.440 Start of Kolhapur Municipal corporation near Phulewadi to kale, design length 16.440 Km section on Talere Gaganbawada-Kolhapur road NH 166G in the state of Maharashtra on EPC mode",2026-07-01,Maharashtra,Roads & Highways,0.0005295250037129744,0.05295250037129744,No Current Schedule Slippage Risk,LOW
618101,Kondamodu to Perecherla Section Design Ch. Km 000 to Km 49917 of NH-167AG to to 4LPS,2026-07-01,Andhra Pradesh,Roads & Highways,0.9945026591014408,99.45026591014408,Current Schedule Slippage Risk,HIGH
618103,Rehabilitation and upgradation from Km 22300 to 58635 of MudireddyPalle to Kadapa/Nellore Border via porumamilla Section of NH 167 Two Lane with paved Shoulder in,2026-07-01,Andhra Pradesh,Roads & Highways,0.0002052209495170097,0.020522094951700973,No Current Schedule Slippage Risk,LOW
618104,Widening to two lane with paved shoulders from Km 0/000 to Km 79/300 of Kalwakurthy - Kollapur section of NH-167K in the state of Telangana under annual plan 2021-22 on EPC mode under NHO.,2026-07-01,Telangana,Roads & Highways,0.00023293087876498502,0.023293087876498503,No Current Schedule Slippage Risk,LOW
618105,Widening and strengthening to 4 lane / 2-lane with paved shoulders of Mahabubnagar - Chincholi section from km 60/255 to Km 102/834 of NH-167N in the State of Telangana on EPC mode.,2026-07-01,Telangana,Roads & Highways,0.999703124850982,99.9703124850982,Current Schedule Slippage Risk,HIGH
618106,Widening and Strengthening to 2/4 lane with paved shoulders of Mahabubnagar Chincholi section from Km 0/0 to Km 60/255 of NH-167N in the state of Telangana under Annual plan 2021-22 on EPC modepackage-I under NHO Job No.167N-TS- 2021-22-75,2026-07-01,Telangana,Roads & Highways,0.00018647058801032145,0.018647058801032144,No Current Schedule Slippage Risk,LOW
618107,Upgradation of Mehsana-Visnagar-vadnagar-Kheralu-Idar section from km 0/00 to 81/300 of NH 168G Mehsana to Idar in the State of GujaratTotal Length 81.300 Km on Hybrid Annuity Mode HAM,2026-07-01,Gujarat,Roads & Highways,0.7098229302577647,70.98229302577647,Current Schedule Slippage Risk,HIGH
618108,Up-gradation and strengthening to 2lanePS from Km 95/500 to km 129/775 of Nh 168G Idar-Bhiloda-Samlaji in the state of Gujarat Length 34.275 km,2026-07-01,Gujarat,Roads & Highways,0.9971028051804309,99.71028051804309,Current Schedule Slippage Risk,HIGH
618109,Widening to 4 lane from Km 51.60 to 76.20 Hebri to Parkala and from Km 85.20 to 88.90 Karavali junction to Malpe of Thirthahalli-Udupi-Malpe Section of NH-169A in the State of Karnataka on EPC Mode under Annual plan 2021-22 Job No. NH-169A- KNT-2021-22-927,2026-07-01,Karnataka,Roads & Highways,0.0008871047924035337,0.08871047924035337,No Current Schedule Slippage Risk,LOW
618111,Improvement and upgradation to two lane with paved shoulder configuration from existing km 90.00 to 130.00 Design length 39.15 of NH-227A near Sikriganj to Barhalganj in the State of UP on EPC Mode.,2026-07-01,Uttar Pradesh,Roads & Highways,0.00017707479701612047,0.017707479701612048,No Current Schedule Slippage Risk,LOW
618112,"Improvement and up-gradation of NH-227B 84 Kosi Parikrama Marg Package I, from km 228.920 Jagarnathpur to Km 235.960/0.000 MakhaudaDham to Km 29.000 Sarpur in the State of Uttar Pradesh on EPC basis",2026-07-01,Uttar Pradesh,Roads & Highways,0.9680859102831744,96.80859102831744,Current Schedule Slippage Risk,HIGH
618113,"Improvement and up-gradation of NH-227B 84 Kosi Parikrama Marg Package III, from Km.47.800 Gosaiganj to Km.73.300 Bikapur in the State of Uttar Pradesh on EPC basis.",2026-07-01,Uttar Pradesh,Roads & Highways,0.9472147535214438,94.72147535214438,Current Schedule Slippage Risk,HIGH
618114,"Improvement and up-gradation of NH-227B 84 Kosi Parikrama Marg PackageV, from Design Km.140.960 Patranga to Km.160.200 Bahuvan Madar Majha on EPC mode in the State of Uttar Pradesh",2026-07-01,Uttar Pradesh,Roads & Highways,0.006339535238108539,0.6339535238108539,No Current Schedule Slippage Risk,LOW
618116,lmprovement and Up-gradation from Km. 73.300 Bikapur to Km.140.960 Patranga of NH-227B 84 Kosi Parikrama Marg to 2LPS along with Parikrama Path,2026-07-01,Uttar Pradesh,Roads & Highways,0.002283757024617465,0.22837570246174652,No Current Schedule Slippage Risk,LOW
618117,Upgradation to 2-Lane with Paved Shoulder from Design Km 36300 to Design Chainage 47918 and from Design Ch 69900 to Design Ch 83940 of NH-248A Natni Ka Bara in the State of Rajasthan on EPC Mode.,2026-07-01,Rajasthan,Roads & Highways,0.9968583620231466,99.68583620231466,Current Schedule Slippage Risk,HIGH
618119,Rehabilitation and up-gradation to 2-lane configuration of Bageshwar to Kangarchina road from km 129.600 to Km 161.600 Existing Chainage 136.00 to Km 169.00 of NH- 309Ain the State of Uttarakhand Package-IV under NHO Annual Plan 2021-22,2026-07-01,Uttarakhand,Roads & Highways,0.07471586491938187,7.4715864919381865,No Current Schedule Slippage Risk,LOW
618120,construction of Four-Lane of chausa-Buxar Bypass from Km 45.000 to Km 65.915 Package - 2 in the State of Bihar on EPC Mode.,2026-07-01,Bihar,Roads & Highways,0.16222860202164324,16.222860202164323,No Current Schedule Slippage Risk,LOW
618121,Improvement to two lane with paved shoulders of NH-319A from km 0 to km 45 in state of Bihar under EPC mode,2026-07-01,Bihar,Roads & Highways,0.00027263415222774935,0.027263415222774933,No Current Schedule Slippage Risk,LOW
618122,Widening to 2 lane with paved shoulded of Jareikela Jharkhand/Odisha Border - Dhabaleswar section from 0/0 to 36/0 of NH-320D in the State of Odisha under Annual Plan 2021-22.,2026-07-01,Odisha,Roads & Highways,0.9920275712968544,99.20275712968544,Current Schedule Slippage Risk,HIGH
618123,Widening and Strengthening/Reconstruction to Two Lane with Paved Shoulder/ Two Lane with paved shoulders with service road from km 0000 to km 42250 excluding design Ch. 03220 to 04200 & 28350 to 29060 of NH-320G in the state of Jharkhand under EPC mode,2026-07-01,Jharkhand,Roads & Highways,0.9983786398885004,99.83786398885005,Current Schedule Slippage Risk,HIGH
618124,Rehabilitation and upgradation from km 51.600 to km 75.700 of NH-321G Nuhkhas to Etah section to two lane with paved shoulder configuration under EPC mode in the State of Uttar Pradesh,2026-07-01,Uttar Pradesh,Roads & Highways,0.9994834939321435,99.94834939321436,Current Schedule Slippage Risk,HIGH
618125,Rehabilitation and upgradation of NH 326A from km 0/0 to 41/979 excluding km 2/255 to 3/372 and km 36/820 to 38/275 Odisha border to Narasamapeta to two lane with paved Shoulders in the State of Andhra Pradesh under NHO on EPC Mode,2026-07-01,Andhra Pradesh,Roads & Highways,0.00020709345030828094,0.020709345030828094,No Current Schedule Slippage Risk,LOW
618126,"Pre-Construction activities from Km 134.000 to Km 190.233 of NH-333A and Construction of 4 no. of Bypasses at Katoria, Lakhpura, Banka & Panjwara total length-14.359 Km to two lane with paved shoulders standard in State of Bihar.",2026-07-01,Bihar,Roads & Highways,0.989309836107806,98.9309836107806,Current Schedule Slippage Risk,HIGH
618127,Construction of 2- Lane with paved shoulder from km 56.45 Dharampur More to 93.050 Pakur of NH-333A in the State of Jharkhand on EPC mode,2026-07-01,Jharkhand,Roads & Highways,0.9840695587381586,98.40695587381586,Current Schedule Slippage Risk,HIGH
618129,"Construction of Kasrawad bypass, Selani bypass, Khargone bypass & Bistan bypass Total length. 31.950 km Section of NH-347 C to Two lane with paved shoulder configuration in the State of Madhya Pradesh on EPC mode.",2026-07-01,Madhya Pradesh,Roads & Highways,9.60004429507862e-05,0.00960004429507862,No Current Schedule Slippage Risk,LOW
618130,Widening to 2 lane with paved shoulders from 0.00 to 32.970 ofAdilabadto Bela section of NH 353B in the State of Telangana,2026-07-01,Telangana,Roads & Highways,0.9823968629876642,98.23968629876642,Current Schedule Slippage Risk,HIGH
618133,Strengthening and Widening of road Sakoli- Wadsa-Armori-Gadchiroli-Ashti- Allapalli - Sironcha National highway NH 353C in Km 262/00 to 321/00 including 16 minor Bridges and 2 Major Bridge Total length 59 Km section from repanpalli to sironcha in Gadchiroli Dist in the State of Maharashtra.,2026-07-01,Maharashtra,Roads & Highways,0.9992201206386234,99.92201206386234,Current Schedule Slippage Risk,HIGH
618134,Rehabilitation /Upgradation from Lagam to Alapalli section Desing Km. 199/400 to km 227/400 Length 28.0 Km to 2 lane with Paved Shoulders/ 4 lane configuration section of NH-353 C Sakoli-Wadsa-Armori-Gadchiroli-Ashti-Alapalli Sironcha in Gadchiroli District on EPC mode in the state of Maharashtra.,2026-07-01,Maharashtra,Roads & Highways,0.0008701053356000687,0.08701053356000688,No Current Schedule Slippage Risk,LOW
618137,Rehabilitation and Up-gradation of Jarud - Sirsala section of NH-361F km 59500 to km11500 to Two lane with paved shoulder/ Four Lane in the state of Maharashtra on EPC mode Length 55.5 Km.,2026-07-01,Maharashtra,Roads & Highways,0.035724286263913586,3.5724286263913587,No Current Schedule Slippage Risk,LOW
618138,"Widening, Reconstruction & Up-gradation to 2 lane with Paved Shoulder/Four Lane configuration for the work of Sautada to Shirapur Section of NH-561 from Design km 86300 to km 125589 in the state of Maharashtra on EPC mode. Design length 39.289 km",2026-07-01,Maharashtra,Roads & Highways,0.9685963470587914,96.85963470587915,Current Schedule Slippage Risk,HIGH
618139,Rehabilitation and Up-gradation of Gangakhed Loha section of NH-361F from Km 169/00 to 210/00 to two lane with paved shoulder/ four lane configuration in the state of Maharashtra on EPC mode Length - 41.00 Km.,2026-07-01,Maharashtra,Roads & Highways,0.9972481570006788,99.72481570006788,Current Schedule Slippage Risk,HIGH
618140,Widening to two/four lane with paved shoulders from Km.34.250 to Km.71.830 of NH- 365A on Kodad-Khammam-Kurvi road.,2026-07-01,Telangana,Roads & Highways,0.9979212049241449,99.7921204924145,Current Schedule Slippage Risk,HIGH
618141,Widening and Improvement of existing carriage way to 2 lane with paved shoulders from Km. 86/160 to 131/730 of Jangaon-Duddeda section of NH-365B in the State of Telangana on EPC Mode,2026-07-01,Telangana,Roads & Highways,0.9998973985361139,99.9897398536114,Current Schedule Slippage Risk,HIGH
618146,Estimate for Improvement to two lane with paved shoulder from Ramnagar to Roseda from km 3.500 to 43.000 of NH 527 E on EPC mode in State of Bihar,2026-07-01,Bihar,Roads & Highways,0.9995013705429482,99.95013705429481,Current Schedule Slippage Risk,HIGH
618147,Widening to 2 Lane with Paved Shoulders from design Km 103.200 Existing Km 103.200 to design Km 116.700 Existing Km 118.470 on AP/KNT Border to Sira Section of NH-544E in the State of Karnatakaon EPC mode under Annual plan 2022- 23,2026-07-01,Karnataka,Roads & Highways,0.9759074468680954,97.59074468680954,Current Schedule Slippage Risk,HIGH
618148,Widening to 4LPS of NH-548B from Km 80.000 Near Murgundi to Km 140.200 Near Chikkodi excluding length from Km 118.450 to Km 128.450 in the State of Karnataka under NH O on EPC Mode under Annual Plan 2022-23 - Package 1 NH-548B-KNT- 2022-23-979 dated 09.03.2023,2026-07-01,Karnataka,Roads & Highways,0.03316919997437744,3.3169199974377443,No Current Schedule Slippage Risk,LOW
618149,Widening to two lane with paved shoulders from Km 0.00 to 102.310 Design Chainage of NH-548B Murrum-Maharashtra Border in the State of Karnataka,2026-07-01,Karnataka,Roads & Highways,0.006735195987057002,0.6735195987057002,No Current Schedule Slippage Risk,LOW
618150,Rehabilitation and Up-gradation of i. Deogaon phata to Digras phata Ch. 0/000 to 15/000 & Selu to Borgavhan Ch 20/900 to 35/800 [Length 29.9km] ii. Injegaon Dhamoni to Pohner Phata Ch.58/200 to Ch. 83/700 [Length25.5 km] and iii. Pohner phata to Pathri Design Ch. 42/700 to 58/200 [Length 15.5 km] sections of NH-548B to Two lane with paved shoulder configuartion in the state of Maharashtra on EPC mode Total project length 70.9 Km.,2026-07-01,Maharashtra,Roads & Highways,0.9516579975809932,95.16579975809933,Current Schedule Slippage Risk,HIGH
618151,Widening to 4LPS of NH-548B from Km 118.450 Near Shirguppi to Km 128.450 Near Ankali in the State of Karnataka under NH O on EPC Mode Under Annual Plan 2022- 23 NH-548B-KNT-2022-23-982,2026-07-01,Karnataka,Roads & Highways,0.020502514891973682,2.050251489197368,No Current Schedule Slippage Risk,LOW
618152,Mhaswad to Tembhurni section of NH-548C - 2L PS,2026-07-01,Maharashtra,Roads & Highways,0.00026249869481536167,0.026249869481536167,No Current Schedule Slippage Risk,LOW
618153,Satara to Mhaswad,2026-07-01,Maharashtra,Roads & Highways,8.128557230222311e-05,0.008128557230222311,No Current Schedule Slippage Risk,LOW
618154,"Rehabilitation & upgradation of Jamkhed to Sautada Section of NH548 D from km 195.375 to km 208.774, Length 13.399 Km to 2L PS /4L configuration with rigid pavement in the state of Maharashtra on EPC mode.",2026-07-01,Maharashtra,Roads & Highways,0.9962970737630973,99.62970737630972,Current Schedule Slippage Risk,HIGH
618155,Development/Widening of Talegaon Chakan Shikrapur Nhavara Section of NH-548D from existing chainage km. 54/000 to 82/300 and Design chainage Km. 54/000 to 82/120 Shikrapur to Nhavara Section to 2LPS/4L Configuration on EPC Mode in the State of Maharashtra.,2026-07-01,Maharashtra,Roads & Highways,0.9996953073587016,99.96953073587017,Current Schedule Slippage Risk,HIGH
618156,"Construction of Morena bypass, Ambah bypass & Porsa bypass Totat length 27.16 km Section of NH-552 Ext. to TWo lane with paved shoulder configuration in the state of Madhya Pradesh on EPC mode",2026-07-01,Madhya Pradesh,Roads & Highways,0.03625242748221759,3.625242748221759,No Current Schedule Slippage Risk,LOW
618157,Construction of Ater realignment & Bhind bypass Total length. 21.50 km Section of NH-552Extn. to Two lane with paved shoulder configuration in the State of Madhya Pradesh on EPC mode.,2026-07-01,Madhya Pradesh,Roads & Highways,0.9773571627173223,97.73571627173223,Current Schedule Slippage Risk,HIGH
618158,"Upgradation of Goras to Shyampur Road section of NH-552 Ext., from Design Chainge 48.400 to 111.800 Km Total length 63.40 km to two lane with paved shoulder configuration along with One time improvement of 8.91 km in the state of Madhya Pradesh on EPC mode",2026-07-01,Madhya Pradesh,Roads & Highways,0.9900838848804627,99.00838848804628,Current Schedule Slippage Risk,HIGH
618159,"Construction of new 2 Lane with paved shoulders of NH Standards from km 0.080 to km 11.690 L11.610 km in Majuli and from km 19.715 to km 27.484 L 7.769 km in Jorhat on the newly declared NH 715K and construction of 1.10 km flyover on NH-715 with its approaches and service roads L1.10 km, Total Length 20.479 km in the State of Assam Job No. 715K/AS/2023-24/256",2026-07-01,Assam,Roads & Highways,0.9928959107389732,99.28959107389733,Current Schedule Slippage Risk,HIGH
618160,"Construction of 2 lane Major Bridge including approaches over Brahmaputra between Majuli on North Bank and Jorhat on South Bank from km. 11.690 to km. 19.715 length of bridge 6,812.5m Package - II on NH-715K in the state of Assam Job no. 715/AS/2020-21/213",2026-07-01,Assam,Roads & Highways,0.6077374846180733,60.77374846180733,Current Schedule Slippage Risk,MEDIUM
618162,"Improvement and up-gradation to 2LPS of NH-227B 84-Kosi Parikrama Marg PackageVI, Design Km 160200 Bahuvan Madar Majha to Km 224040 Jagarnathpur under HAM",2026-07-01,Uttar Pradesh,Roads & Highways,0.018329086301419367,1.8329086301419366,No Current Schedule Slippage Risk,LOW
618163,"Rehabilitation and Up-gradation from km. 0000 to km.40390 of NH-730S MaharajganjNichloulThuthibari to two lane with paved shoulders in the State of U.P. on Engineering, Procurement & Construction EPC Basis.",2026-07-01,Uttar Pradesh,Roads & Highways,0.9904575037394473,99.04575037394473,Current Schedule Slippage Risk,HIGH
618164,Construction of four lane highway with paved shoulder from Km.74.700 to Km.112.950 of NH-731A i/c Yamuna Bridge on HAM in the state of Uttar Pradesh.,2026-07-01,Uttar Pradesh,Roads & Highways,6.959343099382312e-05,0.006959343099382312,No Current Schedule Slippage Risk,LOW
618165,Construction of 4-lane highway with paved shoulders from Km 49.155 to Km 74.700 of NH-731A on Hybrid Annuity Mode in the state of Uttar Pradesh,2026-07-01,Uttar Pradesh,Roads & Highways,0.00021133457083527814,0.021133457083527814,No Current Schedule Slippage Risk,LOW
618166,Construction of 4-lane green field highway from Km. 35.000 to Km. 49.155 of NH- 731A with paved shoulders on Hybrid Annuity Mode in the state of Uttar Pradesh,2026-07-01,Uttar Pradesh,Roads & Highways,0.0001610880313983538,0.01610880313983538,No Current Schedule Slippage Risk,LOW
618168,Widening to four lane with paved shoulder from Design Km.49.200 to Km.89.285 of NH-731B on EPC mode in the state of Uttar Pradesh,2026-07-01,Uttar Pradesh,Roads & Highways,0.9982012268631203,99.82012268631203,Current Schedule Slippage Risk,HIGH
618169,Construction of Two Lane with paved shoulder highway from Design Ch.0.000 to Ch.49.2OO of NH-731B on EPC Mode,2026-07-01,Uttar Pradesh,Roads & Highways,0.00013761561659107895,0.013761561659107895,No Current Schedule Slippage Risk,LOW
618170,Construction of Two lane with paved shoulder configuration of Shujalpur Bypass section of NH-752C from km 33100 Design to km. 42570 Design total design length 10.470 km in the State of Madhya Pradesh on EPC mode.,2026-07-01,Madhya Pradesh,Roads & Highways,0.9932441187049498,99.32441187049498,Current Schedule Slippage Risk,HIGH
618171,"Work of Upgradation of Jirapur-Pachore Road including Pachore, Jirapur, Chhapiheda & Khujner Bypasses from 0000 to 58790 Design Length 58.79 Km section of NH-752C to 2LPS in the State of Madhya Pradesh under EPC mode",2026-07-01,Madhya Pradesh,Roads & Highways,0.9826491581309844,98.26491581309844,Current Schedule Slippage Risk,HIGH
618172,Paithan - Shirur section 2LPS Km 0.0 to 55.00,2026-07-01,Maharashtra,Roads & Highways,0.00019117020946853039,0.01911702094685304,No Current Schedule Slippage Risk,LOW
618173,Shirur-Kharda section from 55937 km to 114486 km to 2LPS/4L,2026-07-01,Maharashtra,Roads & Highways,0.00029901627030403673,0.029901627030403673,No Current Schedule Slippage Risk,LOW
618174,Rehabilitation and Upgradation to two lane with paved shoulder configuration of NH- 752G from Sakri to Pimpalner Section Design Ch km 0000 to Ch km 21411 in the state of Maharashtra on EPC Mode. Length 21.411 km.,2026-07-01,Maharashtra,Roads & Highways,0.0003897623378361799,0.03897623378361799,No Current Schedule Slippage Risk,LOW
618175,Rehabilitation and Upgradation of Satana to Mangrul Chandwad Section of NH752 G Design Ch Km 64.000 to Ch Km 101.140 two lane with paved shoulder/four lane configuration in the state of Maharashtra on EPC mode.,2026-07-01,Maharashtra,Roads & Highways,0.00017305610446446588,0.017305610446446587,No Current Schedule Slippage Risk,LOW
618176,Rehabilitation and upgradation from ch km 50/200 to 56/800 and km 62/600 to 100/403 of Kolde to Visarwadi Near Junction with NH-6 section of NH 752G total length 44.40 to two-lane with paved shoulder / four lanes in the State of Maharashtra on EPC mode.,2026-07-01,Maharashtra,Roads & Highways,0.04513296972397608,4.513296972397608,No Current Schedule Slippage Risk,LOW
618177,Pal Phata Phulambri - Khultabad 2LPS,2026-07-01,Maharashtra,Roads & Highways,0.0007004918859581093,0.07004918859581093,No Current Schedule Slippage Risk,LOW
618178,Widening and strengthening of Gangakhed to Kingaon section of NH-752K in Km 38/750 to 72/304 Flexible Pavement Length33.554 km to 2-lane configuration on EPC mode in the State of Maharashtra.,2026-07-01,Maharashtra,Roads & Highways,0.9855552059280352,98.55552059280353,Current Schedule Slippage Risk,HIGH
618179,Rehabilitation and Upgradation of Shewali phata to Kalambhir section i.e. Km 0443 to Km 4500 & Nizampur to Chadwel section i.e. Km 13485 to Km 26265 Length16.317 Km excluding 2 Major Bridges with approaches Km 13735 to Km 14095 & Km 19660 to Km 20030 of NH 753B to 2LPS Configuration in the State of Maharashtra on EPC Mode.,2026-07-01,Maharashtra,Roads & Highways,0.0004688340098825693,0.04688340098825693,No Current Schedule Slippage Risk,LOW
618180,Pune raigarh District Border To Mangaon Ch 69000 to 103775 NH-753F,2026-07-01,Maharashtra,Roads & Highways,0.0003495367832316763,0.03495367832316763,No Current Schedule Slippage Risk,LOW
618182,Widening to Two lane with paved shoulders from 106/830 to 158/496 of Yellareddy- Rudrur Section of NH-765D in the state of Telangana on EPC mode under NHO under Annual plan 2022-23,2026-07-01,Telangana,Roads & Highways,0.9984184314601346,99.84184314601346,Current Schedule Slippage Risk,HIGH
618183,Widening to 2 lane with paved shoulders from Km 62/920 to km 106/830 of Medak - Yellareddy section in the State of Telangana under Annual Plan 2022-23 on EPC mode under NHO,2026-07-01,Telangana,Roads & Highways,0.9771008997080608,97.71008997080608,Current Schedule Slippage Risk,HIGH
618184,Construction of 2 Lane with paved shoulder from km 55.6 to km 90.7 existing chainages of NH-766C complete Realignment of 13.76 km with 2 major Bridges across Sharavathi Backwaters on EPC mode under Annual Plan 2022-23 in the state of Karnataka NH-766C-KNT-2022-23 dated 14.10.2022,2026-07-01,Karnataka,Roads & Highways,0.9869226892349698,98.69226892349698,Current Schedule Slippage Risk,HIGH
618185,Widening to 2LPS from Km 0.000 to 37.850 Except Ex. Km 24.45 to 27.20 of NH-766c Byndoor-Ranebennur Section in the state of Karnataka on EPC Mode under Annual Plan 2022-23 NH-766C-KNT-2022-23-969 dated 30.12.2022,2026-07-01,Karnataka,Roads & Highways,0.9423381313386276,94.23381313386277,Current Schedule Slippage Risk,HIGH
618186,"Rehabilitation and Up-gradation of Valigonda to Thorrur Section to Two Lane with Paved Shoulders from Km 39.180 to Km 108.300 of NH-930P in the State of Telangana on Engineering, Procurement and Construction EPC Basis",2026-07-01,Telangana,Roads & Highways,0.00041518176926634456,0.041518176926634454,No Current Schedule Slippage Risk,LOW
618187,"Rehabilitation and upgradation of Salon - Jais - Jagdishpur Road section of NH-931A, from design Chainage km 0.000 to km 5.740 to four lane divided carriageway and from design Chainage km 5.740 to km 53.500 to two lane with paved Total length km 53.500 along with One time improvement in 04 no's of realigned/bypassed built-up areas in a total length of 9.732 km in the state of Uttar Pradesh on EPC mode",2026-07-01,Uttar Pradesh,Roads & Highways,0.9868007104404489,98.6800710440449,Current Schedule Slippage Risk,HIGH
618188,Rehabilitation and Up-gradation to 2 lane with paved shoulder configuration of Mahud Sangola road NH 965 G 159400 to 161900and 162400 to 183960 Design Chainage from km. 32/300 to km. 34/800 and km. 35/800 to km. 56/860 Rigid Pavement on EPC mode in the State of Maharashtra.,2026-07-01,Maharashtra,Roads & Highways,0.0004911016639173141,0.04911016639173141,No Current Schedule Slippage Risk,LOW
618189,Widening to two lane with paved shoulder of NH-73New spur road Ujire - Dharmasthala - Periyashanthi in the State of Karnataka under NHO on HAM Mode Job No. NH-73Spur-KNT-2023-24-996,2026-07-01,Karnataka,Roads & Highways,0.040558856904338025,4.0558856904338025,No Current Schedule Slippage Risk,LOW
618190,Widening to two lane with paved shoulders of 'Bodhan Basar Bhainsa ' section from Km 38/900 to 95/300 of NH-161BB in the state of Telangana under Annual Plan 2021- 22 on EPC Mode under NH O.,2026-07-01,Telangana,Roads & Highways,0.00014418502947541033,0.014418502947541033,No Current Schedule Slippage Risk,LOW
618193,Widening of Existing Road to Two Lane with Paved Shoulder Configuration from Km 0.00 to 26.000 & Km 45.200 To 59.622 Of NH 365BB in the State of Andhra Pradesh Under Annual Plan 2023-24 through EPC Mode,2026-07-01,Andhra Pradesh,Roads & Highways,0.9991190025622539,99.9119002562254,Current Schedule Slippage Risk,HIGH
618194,Rehabilitation and upgradation of New NH 544DD from design Chainage Km. 56/000 to 102/20 of Kalyandrg - Molakalmuru Section,2026-07-01,Andhra Pradesh,Roads & Highways,0.000111058816353888,0.0111058816353888,No Current Schedule Slippage Risk,LOW
618196,Widening to 2 lane with Paved Shoulders of Siddipet-Elkathurthy section from Km 69/978 to km 133/619 of NH-765DG in the State of Telangana under Annual plan 2021-22 on EPC mode,2026-07-01,Telangana,Roads & Highways,0.00022087403672068685,0.022087403672068684,No Current Schedule Slippage Risk,LOW
618197,Widening to 2 lane with Paved Shoulders of Medak - Siddipet section from Km 0/0 to km 69/978 of NH-765DG in the State of Telangana under Annual plan 2021-22 on EPC mode,2026-07-01,Telangana,Roads & Highways,0.9994104711039098,99.94104711039098,Current Schedule Slippage Risk,HIGH
618198,Balance work of Rehabilitation and Up-gradation to 2-lane road with paved shoulders configuration for NH- 965DD from Pacharal-Mandangad-Mhapral-Rajewadi Upto Junction of NH-66 Ch-22700 to 75100 Km and Ambadave connector Birth place of Dr. Babasaheb Ambedkar Ch-0000 to 7325 Km length Km 59.725 in the state of Maharashtra on EPC mode. Balance Work,2026-07-01,Maharashtra,Roads & Highways,0.00031640785437017535,0.03164078543701754,No Current Schedule Slippage Risk,LOW
618199,"Rehabilitation, Upgradation & Widening of existing Highway to Rigid Pavement 2 Lane with Paved Shoulder of NH 965DD from Lonand Shirval-Bhor Mandangad-Pchral Section ShindewadiPhata to Varandah Ghat Dist Border from Km 33/550 to 92/550 in the state of Maharashtra on EPC mode.",2026-07-01,Maharashtra,Roads & Highways,0.9963220474292382,99.63220474292382,Current Schedule Slippage Risk,HIGH
618200,Construction of 2 lane with Paved Shoulder for Northern Bypass Phase-II of Kota city in the State of Rajasthan.,2026-07-01,Rajasthan,Roads & Highways,0.9960920898716316,99.60920898716316,Current Schedule Slippage Risk,HIGH
618201,"Widening and strengthening to 2 lane with paved shoulder from existing Ch. Km 56720 to Km 100820 and Design Ch. From Km 62600 to Km 106360 Total Length43.760 Km on SRINAGAR -BARAMULA URINH-01 in the UT of Jammu & Kashmir under project BEACON, Border Roads Organization BRO on EPC mode.",2026-07-01,Jammu and Kashmir,Roads & Highways,0.5348634431380985,53.48634431380985,Current Schedule Slippage Risk,MEDIUM
618202,Construction of 2 lane with paved shoulders Baramulla Bypass Greenfield bypass from existing Ch. Km 47020 to Km 56720 and Design Ch. From 48500 to 62600 Total length 14.100 km on road Srinagar Baramulla Uri NH-01 in the UT of Jammu & Kashmir under Project.Package-III,2026-07-01,Jammu and Kashmir,Roads & Highways,0.29052057357486066,29.052057357486067,No Current Schedule Slippage Risk,LOW
618203,"Construction of 4 lane with paved shoulder Pattan bypass Greenfield bypass from existing Ch. Km 24320 to Km 33760 and Design Ch. from Km 24400 to Km 35300, total length 10.900 km on road SrinagarBaramulla Uri NH-01 in the UT of Jammu & Kashmir under Project BEACON, Border Roads Organization BRO on EPC mode. Package-II",2026-07-01,Jammu and Kashmir,Roads & Highways,0.9697360827997694,96.97360827997694,Current Schedule Slippage Risk,HIGH
618204,Construction of realignment between Pandrass- Pashkyun Total length 27.10 km on road Zozila-Kargil -Leh NH-1 to 2 lane specifications i.e. Drass alignment 9.30 km Kharboo realignment 6.30 km & Kargil alignment 11.50 km under project Vijayak BRO in the UT of Ladakh on EPC Mode,2026-07-01,Jammu and Kashmir,Roads & Highways,0.9994280231616796,99.94280231616796,Current Schedule Slippage Risk,HIGH
618205,"Construction of 4 lane with paved shoulder from Existing Ch. 14200 to 24320 Design Ch. 14200 to 24400, Ch. 33760 to 42780 Design Ch. 35300 to 44294 & Ch. 43440 to 47020 Design Ch. 44958 to 48500 Delina Flyover including construction of flyover length 1.704 km of total length 22.736 kms in AOR of 760 BRTF on road SRINAGAR BARAMULA URI NH-01 in the UT of Jammu & Kashmir under project BEACON, Border Roads Organization BRO Package-IJob No NH-1-J&K-2022-23-110",2026-07-01,Jammu and Kashmir,Roads & Highways,0.00012174942293301607,0.012174942293301606,No Current Schedule Slippage Risk,LOW
618206,Widening and Strengthening of Rafiabad-Kupwara-Chowkibal-Tangdhar-Chamkot NH- 701 road from design Ch. From 0000 to 51000 to two lanes with paved shoulders under Project Beacon in the UT of Jammu & Kashmir on EPC mode Package-I.,2026-07-01,Jammu and Kashmir,Roads & Highways,0.9973698357443886,99.73698357443887,Current Schedule Slippage Risk,HIGH
618207,Widening to 2-lane with Hard Shoulder configuration of Mana Ch. 0.00 to Mana Pass Ch. 50.987 road on NH-07 under Bharatmala Pariyojna in the state of Uttarakhand under Annual Plan 2022-23 length 50.987,2026-07-01,Uttarakhand,Roads & Highways,0.98519418789313,98.519418789313,Current Schedule Slippage Risk,HIGH
618209,Construction & up gradation of existing road to 2-Lane with paved shoulder from existing chainage km 468000 to km 489350 Design Chainage km 465150 to km 471500 of NH-07 Old NH-58 including Joshimath bypass on EPC mode in the state of Uttarakhand Length 6.35 km,2026-07-01,Uttarakhand,Roads & Highways,0.9955213283217316,99.55213283217316,Current Schedule Slippage Risk,HIGH
618210,Rehabilitation and upgradation of Askot-Lipulekh on EPC Basis for Phase-I Existing Km 72.00 to 107.620 Design Chainage Km 21330 to Km 56935 under Project Hirak of BRO in the state of Uttarakhand under Bharatmala Pariyojna Phase-I on EPC Mode Length-35.605 Km CA No EPC/MORT&H/HRK/01/2021-22,2026-07-01,Uttarakhand,Roads & Highways,0.0001135618906417065,0.011356189064170649,No Current Schedule Slippage Risk,LOW
618211,Improvement/construction of 2-lane with paved shoulder of Askote Llipulekh road from Tawaghat village to Budhi village design km. 56935 to km 95748 and from end of Tunnel portal to Kali Mandir design km 113828 to km. 133078 [total design length 58.063 km] under project Hirak of BRO in the state of Uttarakhand under Bharatmala Pariyojna on EPC Mode,2026-07-01,Uttarakhand,Roads & Highways,0.9752592919187119,97.52592919187119,Current Schedule Slippage Risk,HIGH
618212,"STABILIZATION OF LAND SLIDE AND SLOPE PROTECTION AT KM 11.00 TO KM 11.08, 29,730 KM TO 30,060 KM, 30,400 KM TO 31,060 KM, 34,750 KM TO 35,300 KM, 38,950 KM TO 39,030 KM & 39,460 KM TO 39,540 KM TWO LOC CLUBBED, KM 40,400 TO KM 40,650, KM 43,500 KM 43,680, 52,460 RISHIKESH - DHARASU ROAD NH-94 ON EPC MODE IN THE STATE OF UTTARAKHAND. NOSE OF LAND SLIDE - 12 NOS",2026-07-01,Uttarakhand,Roads & Highways,0.988758161061514,98.8758161061514,Current Schedule Slippage Risk,HIGH
618213,Rehabilitation and Upgradation of road Rishikesh Dharasu Old NH-94 with 2-lane with paved shoulder from km 76.000 to km 110.000 Design Chainage from km 74.733 to km 107.347 32.614 km including construction of Kamand re-alignment from existing Chainage Km 105.200 to Km 108.600 design chainage Km 103.436 to Km 105.949 - total length 2513 mtrs and land slide treatment work between design chainage Km 73.800 to Km 74.00 200m on EPC mode under improvement to NH connectivity to Chardham in,2026-07-01,Uttarakhand,Roads & Highways,0.00015228967663999526,0.015228967663999527,No Current Schedule Slippage Risk,LOW
618214,Rehabilitation and upgradation to 2 lane / 2 lane with paved shoulder configuration for design chainage km 107.347 to km 129.208 & km 133.878 to km 138.570 existing chainage km 110.000 to km 133.020 & km 137.330 to km 142.028 and land slide treatment at existing km 138.500 Design chainage km 134.970 of NH -94 on EPC mode under improvement to NH connectivity to Chardham in the state of Uttarakhand.,2026-07-01,Uttarakhand,Roads & Highways,7.254971429427074e-05,0.0072549714294270744,No Current Schedule Slippage Risk,LOW
618215,"Improvement/construction of existing CL-5 Road to NH Intermediate lane specification with hard shoulder from Km 166.000 to 203.77 net Length 37.770 kms of NH-505 Sumdo-Kaza-Gramphoo road in the state of Himachal Pradesh on EPC mode under project Deepak, BRO",2026-07-01,Himachal Pradesh,Roads & Highways,0.9992810993473665,99.92810993473665,Current Schedule Slippage Risk,HIGH
618216,"Improvement/construction of existing CL-5 Road to NH Intermediate lane specification with hard shoulder from Km 133.000 to 166.000 net Length 33.000 kms of NH-505 Sumdo-Kaza-Gramphoo road in the state of Himachal Pradesh on EPC mode under project Deepak, BRO",2026-07-01,Himachal Pradesh,Roads & Highways,0.9935460357271274,99.35460357271275,Current Schedule Slippage Risk,HIGH
618217,Improvement/construction of existing Class-5 Road to NH Intermediate lane specification with hard shoulder from existing Km 76/340 to 134/940 Design chainage from Km 76/300 to 133/000 net Length 56.700 kms of NH-505 Sumdo-Kaza- Gramphoo road in the state of Himachal Pradesh Package I,2026-07-01,Himachal Pradesh,Roads & Highways,0.9996151721248048,99.96151721248047,Current Schedule Slippage Risk,HIGH
618218,Rehabilitation & upgradation of existing road to 2-lane with hard shoulder from Joshimath km 0.00 to Saraithota km 29.725 road on NH-107B under Bharatmala Pariyojna on EPC mode in the state of Uttarakhand,2026-07-01,Uttarakhand,Roads & Highways,0.0038884562395397953,0.38884562395397954,No Current Schedule Slippage Risk,LOW
618219,Upgradation to 2-lane with Hard shoulder configuration of Suraithota Ch. 29.725 km to Malari Ch. 60.550 km road on NH- 107B under in the state of Uttarakhand.,2026-07-01,Uttarakhand,Roads & Highways,0.9965976311214787,99.65976311214787,Current Schedule Slippage Risk,HIGH
618221,Rehabilitation and upgradation to 2 lane with paved shoulder from existing chainage Km 166.100 to Km 192.98 design chainage Km 146.700 to Km 162.800 including construction of Bhimber Gali Tunnel Total Length of Tunnel 1.100 Km under 31 BRTF on Akhnoor-Poonch Roads on EPC mode NH-144A Package-VII,2026-07-01,Jammu and Kashmir,Roads & Highways,0.9544388522429517,95.44388522429517,Current Schedule Slippage Risk,HIGH
618222,Widening and Strengthening up gradation to 2 lane with paved shoulder from existing chainage Km 192.98 to Km 229.820 design chainage Km 162.800 to Km 198.18 under 31 BRTF on Akhnoor-Poonch Road NH-144A in the UT of Jammu and Kashmir under Project Sampark Border Roads Organisation BRO on EPC Mode Package-VIII Job No NH-144A-J&K-2022-2023-111,2026-07-01,Jammu and Kashmir,Roads & Highways,0.9987695335363324,99.87695335363324,Current Schedule Slippage Risk,HIGH
618223,Rehabilitation and up-gradation to 2 lane with paved shoulder from existing chainage km 64535 to km 85385 Design chainage km 55800 to km 74350 under 13 TF on Akhnoor-Poonch road NH-144A under Project Sampark BRO in the UT of Jammu & Kashmir on EPC mode Package-III Job no NH-144A-J&K-2019-20-79,2026-07-01,Jammu and Kashmir,Roads & Highways,0.00010800833248807228,0.01080083324880723,No Current Schedule Slippage Risk,LOW
618224,Rehabilitation and up-gradation to 2 lane with paved shoulder from existing chainage km 49150 to km 64535 Design chainage km 46.450 to km 55.800 including construction of Sungal Tunnel Total length of Tunnel 2.79 km under 13 TF on Akhnoor-Poonch road NH-144A under Project Sampark BRO in the UT of Jammu & Kashmir on EPC mode Package-II Job no NH-144A-J&K-2019-20-78,2026-07-01,Jammu and Kashmir,Roads & Highways,0.00014745302682819873,0.014745302682819874,No Current Schedule Slippage Risk,LOW
618225,Rehabilitation and up-gradation to 2 lane with paved shoulder from existing chainage km 134950 to km 166100 Design chainage km 116980 to km 146700 under 31 TF on Akhnoor-Poonch road NH-144A in the UT of Jammu & Kashmir under Project Sampark BRO on EPC mode Package-VI Job no NH-144A-J&K-2021-22-106,2026-07-01,Jammu and Kashmir,Roads & Highways,0.00031017427231644655,0.031017427231644655,No Current Schedule Slippage Risk,LOW
618226,Rehabilitation and upgradation to 2 lane with paved shoulder from existing chainage Km 30.053 to Km 49.150 design chainage Km 30.000 to Km 46.450 including Kandi Tunnel under 31 BRTF on Akhnoor-Poonch Road NH-144A Under Project Sampark in the UT of Jammu & Kashmir EPC modePackage-I Job no NH-144A-J&K-2020-21-83.,2026-07-01,Jammu and Kashmir,Roads & Highways,0.00018767378133593157,0.01876737813359316,No Current Schedule Slippage Risk,LOW
618227,Development to 4/6-lanning of NH-31 New NH-10 with both side service roads from km 569.258 to km 581.030 end of AH-02 project on NH- 31 near Shivmandir to Sevoke Army Cantonment in districts of Darjeeling and Jalpaiguri in the state of West Bengal on EPC Mode Job No. 010/WB/2021-22/490,2026-07-01,West Bengal,Roads & Highways,0.9979598682684508,99.79598682684508,Current Schedule Slippage Risk,HIGH
618228,construction of a new 4 lane Parallel to existing MG Setu with its approaces from km 0.00 to km 14.500 across river Ganga on NH-19 at Patna in the state of Bihar.,2026-07-01,Bihar,Roads & Highways,0.9987280938914879,99.87280938914878,Current Schedule Slippage Risk,HIGH
618230,Rehabilitation and Upgradation to 2-lane configuration of Kalwahn-Mandi Section km 208.950 to 250.592 of NH-70 in the State of Himachal Pradesh under Green National Highways Corridor Project GNHCP with the loan assistance of World Bank on EPC mode.Package-3,2026-07-01,Himachal Pradesh,Roads & Highways,0.9966151810002923,99.66151810002924,Current Schedule Slippage Risk,HIGH
618231,Rehabilitation and Upgradation to 2-lane configuration of Hamirpur-Karnohal Section km 141.00 to 181.00 of NH-70 in the State of Himachal Pradesh under Green National Highways Corridor Project GNHCP with the loan assistance of World Bank on EPC mode.Package-1,2026-07-01,Himachal Pradesh,Roads & Highways,0.00014449308662965878,0.014449308662965878,No Current Schedule Slippage Risk,LOW
618232,Rehabilitation and Upgradation to 2-lane configuration of Karnohal- Kalwahn Section km 181.00 to 208.950 of NH-70 in the State of Himachal Pradesh under Green National Highways Corridor Project GNHCP with the loan assistance of World Bank on EPC mode.Package-2,2026-07-01,Himachal Pradesh,Roads & Highways,0.9981465990229635,99.81465990229636,Current Schedule Slippage Risk,HIGH
618233,Construction of 6-lane bridge on Ganga on NH-96 and its approaches in Phaphamau Allahabad on EPC mode,2026-07-01,Uttar Pradesh,Roads & Highways,0.0002579882761825909,0.025798827618259093,No Current Schedule Slippage Risk,LOW
618234,Construction of a new 4-lane major bridge across river Kosi at Phulaut including Rehabilitation and upgradation of existing Birpur and Bihpur section of NH-106 from km 106.000 to km 136.000 to 2-lane with paved shoulders in the State of Bihar on EPC mode,2026-07-01,Bihar,Roads & Highways,0.0008151588820836193,0.08151588820836193,No Current Schedule Slippage Risk,LOW
618235,Balance work of Rehabilitation and Up-gradation to 4-Lane configuration of Ras- Beawar Section Km 00.000 to km 30.050 of NH-158 in the State of Rajasthan under Green National Highway Corridor Project GNHCP.,2026-07-01,Rajasthan,Roads & Highways,0.05897319493381771,5.897319493381771,No Current Schedule Slippage Risk,LOW
618236,Rehabilitation and Up-gradation of Dhindi - Digamarru section from Km 126/510 to Km 135/740 of NH -214 New NH -216 and digamarru -Losari section from Km 0/000 tp Km 34/230 of NH-214 A New Nh-216 to two lane with paved shoulder in the state of AP-NH,2026-07-01,Andhra Pradesh,Roads & Highways,7.18437726731055e-05,0.007184377267310549,No Current Schedule Slippage Risk,LOW
618238,Rehabilitation and Up-gradation of Thimmapuram to Gurajanapalli section from Km 26/150 to Km 41/161 of NH - 214 New NH - 216 to two lane with paved shoulder in the state of Andhra Pradesh under NHDP-IV,2026-07-01,Andhra Pradesh,Roads & Highways,0.0002569660698907104,0.025696606989071044,No Current Schedule Slippage Risk,LOW
618239,"Rehabilitation & Upgradation of NH214 New NH-216 from Km 34/230 to Km 84/550 Losari to Machavaram Section to two lane with paved shoulder in the state of Andhrapradesh under NHDP-IV through Engineering, Procurement& Construction EPC mode.",2026-07-01,Andhra Pradesh,Roads & Highways,0.0002183683056056896,0.02183683056056896,No Current Schedule Slippage Risk,LOW
618240,Rehabilitation and upgradation to 2-lane with paved sholuders configuration of Bewar- naer Karri village section Km0.00 to Km30.00 Pakage-I of NH-92 in state of Uttar Pradesh undergreen national Highway Corridor Project GNHCP with the loan assistance of world Bank on EPC mode.,2026-07-01,Uttar Pradesh,Roads & Highways,9.649070229572084e-05,0.009649070229572084,No Current Schedule Slippage Risk,LOW
618242,Widening and Reconstruction to 4-lane/4-lane with service road including structures from Pokharia More at Km 47.600 Ex. Km 50.230 to Govindpur at km 62.949 Ex. Km 65.325 of Nh-419 in the State of Jharkhand on EPC mode.,2026-07-01,Jharkhand,Roads & Highways,0.9982919417509744,99.82919417509744,Current Schedule Slippage Risk,HIGH
618243,Construction of Basti Ring Road Phase-I with 4L configuration for Basti City in the state of Uttar Pradesh on HAM mode,2026-07-01,Uttar Pradesh,Roads & Highways,0.04435939231474178,4.435939231474178,No Current Schedule Slippage Risk,LOW
618244,Construction of Raebareli Ring Road Phase-2 with four Lane configuration for Raebareli City in the state of Uttar Pradesh on Hybrid Annuity Model HAM basis,2026-07-01,Uttar Pradesh,Roads & Highways,0.03488927472034559,3.4889274720345584,No Current Schedule Slippage Risk,LOW
618246,Construction of New 4-Lane Bridge Parallel to existing Vikramashila Setufrom km 8920 to Km 13375including approach road 35m Naugachhia side &53 m Bhagalpur sideacross River Ganga on newly declared NH-131B at Bhagalpur in the State of Bihar,2026-07-01,Bihar,Roads & Highways,0.9995894286368567,99.95894286368568,Current Schedule Slippage Risk,HIGH
618247,Construction of 4 lane Mirzapur bypass including bridge over river Ganga from km 0.000 to km 15.000 of NH 135A in the State of Uttar Pradesh on HAM Mode.,2026-07-01,Uttar Pradesh,Roads & Highways,0.059076948510179875,5.907694851017988,No Current Schedule Slippage Risk,LOW
618248,Widening to 4 lane from km. 139.00 to km 179.20 of NH-135A Pkg-III Jaunpur Akbarpur section and Akbarpur bypass on Hybrid Annuity Mode in the state of Uttar Pradesh.,2026-07-01,Uttar Pradesh,Roads & Highways,0.10008237913351581,10.00823791335158,No Current Schedule Slippage Risk,LOW
618249,Widening to 4 lane from km. 108.50 to km 139.00 of NH-135A Pkg-II Jaunpur Akbarpur section on Hybrid Annuity Mode in the state of Uttar Pradesh,2026-07-01,Uttar Pradesh,Roads & Highways,0.983547937713729,98.3547937713729,Current Schedule Slippage Risk,HIGH
618250,Construction of 6-Lane Elevated / Extra Dose Cable Bridge on River Ganga parallel to & Western side of Digha-Sonepur Rail cum-Road Bridge of NH 139W in the State of Bihar,2026-07-01,Bihar,Roads & Highways,0.9983982803363035,99.83982803363035,Current Schedule Slippage Risk,HIGH
618251,"Improvement and Up gradation to four lane with Paved shoulder configuration from Existing Km 0000 to Km 39500 design km 0500 to Km 40342, Design length km of NH 227A near Mehrauna GhatUP Bihar Border to Siwan on the state of Bihar on Hybrid Annuity Model HAM basis",2026-07-01,Bihar,Roads & Highways,0.9725764854091907,97.25764854091908,Current Schedule Slippage Risk,HIGH
618252,"Improvement and Up-gradation to two Lane with Paved Shoulder/Four Lane configuration from existing Km 130.000 to Km 191.000 design km 131.500 to Km 188.735, Design length 57.235 Km of NH-227A near Barhalganj to Mehrauna Ghat in the state of Uttar Pradesh on Hybrid Annuity Model HAM basis",2026-07-01,Uttar Pradesh,Roads & Highways,0.013237638928335769,1.3237638928335769,No Current Schedule Slippage Risk,LOW
618253,Construction of missing link from Birhu to Lathiani from Km 35/550 Design chainage Km 0.000 to Km 42/800 Design Chainage Km 8.153on NH-503A including Lathiani Bridge on back water of Govindsagar and its approaches in Himachal Pradesh.,2026-07-01,Himachal Pradesh,Roads & Highways,0.01647089681835433,1.647089681835433,No Current Schedule Slippage Risk,LOW
618254,Construction of Paderu bypass Km 0000 to Km 13000 of 2- lane with paved shoulder on NH-516E,2026-07-01,Andhra Pradesh,Roads & Highways,0.9983854135910281,99.8385413591028,Current Schedule Slippage Risk,HIGH
618255,Two laning with paved shoulders of Lambasingi to Paderusection of NH 516E,2026-07-01,Andhra Pradesh,Roads & Highways,0.9998939239673238,99.98939239673238,Current Schedule Slippage Risk,HIGH
618256,"Rehabilitation and Upgradation to 2-lane with paved should ders Sir, configuration of Chaprathipalem to Lambasingi section Km 165500 to Km 205000 of NH-516E in the State of Andhra Pradesh under Green National Highways Corridor Project GNHCP with the loan assistance of World Bank on EPC mode",2026-07-01,Andhra Pradesh,Roads & Highways,0.00010904576452931617,0.010904576452931617,No Current Schedule Slippage Risk,LOW
618257,Rehabilitation and Upgradation to 2-lane with paved shoulders configuration of Koyyuru to Chaprathipalem section Km 120000 to Km 165500 of NH-516E in the State of Andhra Pradesh under Green National Highways Corridor Project GNHCP with the loan assistance of World Bank on EPC mode,2026-07-01,Andhra Pradesh,Roads & Highways,7.947683965306692e-05,0.007947683965306693,No Current Schedule Slippage Risk,LOW
618260,"Construction of Salempur bypass to 4LPS from km 64.000 of NH-727A Km 171.00 of Sonauli Balia Marg, old SH-01, near Mahadahan Chauraha to km 61.500 of NH-727B Km 178.500 of Sonauli Balia Marg, old SH-01, near near Ahirauli Village under Hybrid Annuity Mode HAM in the State of Uttar Pradesh",2026-07-01,Uttar Pradesh,Roads & Highways,0.02641363227108977,2.641363227108977,No Current Schedule Slippage Risk,LOW
618262,Construction of Deoria Bypass from existing Km. 27.140 to existing Km. 46.780 Design Km. 49.109 on NH727A Design length 21.969 Km. to four lane with paved shoulder configuration under Hybrid Annuity Mode HAM in the State of Uttar Pradesh,2026-07-01,Uttar Pradesh,Roads & Highways,0.9519397565066362,95.19397565066362,Current Schedule Slippage Risk,HIGH
618263,"Rehabilitation and Up-gradation to 2LPS from Km. 0.000 to Km. 7.800 and Km. 35.400 to Km. 52.345 Design length 24.745 Km., except Bihar portion of NH-727B Tamkuhiraj to Bihar Border and Bihar Border to Majhauli on EPC mode in the State of Uttar Pradesh",2026-07-01,Uttar Pradesh,Roads & Highways,0.0001054901556613513,0.01054901556613513,No Current Schedule Slippage Risk,LOW
618264,"Widening and Strengthening to two Lane with Paved Shoulder/Four Lane with paved shoulder configuration from km. 61.500 of NH-727B near Nawalpur km 178.500 of Sonauli Balia Marg, Old SH-01 i.e. end point of Salempur Bypass to km. 106.495 of NH-727B near Sikanderpur under EPC mode",2026-07-01,Uttar Pradesh,Roads & Highways,0.022359657032634844,2.2359657032634845,No Current Schedule Slippage Risk,LOW
618265,Rehabilitation and upgradation to 2-lane with paved sholuders configuration of Miranpur Katra to radhaita section of NH-730CKm.114.000 to Km 137.250pakage-III in state of Uttar Pradesh undergreen national Highway Corridor ProjectGNHCP with the loan assistance of world Bank on EPC mode.,2026-07-01,Uttar Pradesh,Roads & Highways,0.00021384122011382887,0.021384122011382886,No Current Schedule Slippage Risk,LOW
618266,Rehabilitation and upgradation to 2-lane with paved sholuders configuration of Bewar- Allahaganj- section of NH-730C Km.0.000 to Km 52.770 pakage-I in state of Uttar Pradesh undergreen national Highway Corridor Project GNHCP with the loan assistance of world Bank on EPC mode.,2026-07-01,Uttar Pradesh,Roads & Highways,8.93812812051252e-05,0.00893812812051252,No Current Schedule Slippage Risk,LOW
618267,Widening/Upgradation to four lane configuration of Shahjahanpur-Bisalpur section from km 0.00 to km 47.026 of NH-731K on Hybrid Annuity Mode in the state of Uttar Pradesh.,2026-07-01,Uttar Pradesh,Roads & Highways,0.010202577768451179,1.0202577768451178,No Current Schedule Slippage Risk,LOW
618282,4-L Bilasipara-Guwahati Package-10,2026-07-01,Assam,Roads & Highways,0.9913788389122801,99.137883891228,Current Schedule Slippage Risk,HIGH
618283,4-L Bilasipara-Guwahati Package-9,2026-07-01,Assam,Roads & Highways,0.8961079561561265,89.61079561561264,Current Schedule Slippage Risk,HIGH
618284,Widening/Improvement to 4-Lane with paved shoulder from Km 99930 to Km 143680 Design Chainage 96000 to 139750 of Paikan to Dhupdhara Sahar of Bilasipura- Guwahati Road on NH-17 in the state of Assam on EPC mode under Bharatmala Pariyojana in Economic Corridors Project Length 43.750km under NHO-NE Package- 8,2026-07-01,Assam,Roads & Highways,0.00042725477736667457,0.042725477736667454,No Current Schedule Slippage Risk,LOW
618286,Construction of New 2-Lane Bridge with its approaches from km 0000 to Km 4385 across River Brahmaputra on NH-17 at Jogighopa in Assam on EPC mode,2026-07-01,Assam,Roads & Highways,0.00014066921871855561,0.014066921871855561,No Current Schedule Slippage Risk,LOW
618287,"Widening/Improvement to 4-Lane with paved Shoulder from Ch. 25.633 Km to Ch. 52.470 Km Design Ch. 21.850 Km to Ch.48.670 Km for Package-2 of Bilasipura- Guwahati road NH-17 Section Near Mowatari, before Chapar Bypass to Tulungia junction with NH-17 in the state of Assam on HAM mode under NHO-NE Package-2",2026-07-01,Assam,Roads & Highways,0.9086193279833557,90.86193279833556,Current Schedule Slippage Risk,HIGH
618288,"Widening/lmprovement to 4-Lane with Paved Shoulder from Ch.5.580 Km to Ch.25.633 Km Design Ch.0.000 Km to Ch.17.737km Km 901.100 to Km 921.145 of old NH-31 of Bilasipara- Guwahati road NH-17 Section Near Chirakuta to near Mowatari, before Chapar Bypass in the state ol Assam on HAM mode Package-1",2026-07-01,Assam,Roads & Highways,0.9876017997952662,98.76017997952661,Current Schedule Slippage Risk,HIGH
618289,Construction and up gradation to 4-Lane of existing two lane with paved shoulder from Hapachara to Tulungia road of NH-117 of existing Km 0.00 to km 14.050 and Design Km 0.000 to km 14.660 under BMP on EPC mode,2026-07-01,Assam,Roads & Highways,1.7523795035310343e-05,0.0017523795035310342,No Current Schedule Slippage Risk,LOW
618290,"Construction of 2-lane with Paved shoulder of Kohima- Bypass Road Connecting NH- 39New NH-02, NH-150New NH-02, NH-61New NH-29, NH-39New NH-02 from Design Km 32.00 to Design Km 43.454Design Length-11.454 Km in the State of Nagaland under SARDP-NE on EPC Mode Package-IV",2026-07-01,Nagaland,Roads & Highways,0.9997509161382283,99.97509161382283,Current Schedule Slippage Risk,HIGH
618291,"Construction of 2-lane with Paved shoulder of Kohima-Bypass Road connecting NH- 39 New NH-02, NH150New NH-02, NH7-61 New NH-29 and NH-39 New NH-02 from Design km 21.000 to km 32.268 [Design length11.268 km] in the state of Nagaland Under SARDP-NE on EPC Mode Package- 3",2026-07-01,Nagaland,Roads & Highways,0.9996214464700355,99.96214464700356,Current Schedule Slippage Risk,HIGH
618292,Construction of 2-Lane with paved shoulder of Kohima-Bypass Road connecting New NH-02 and New NH-29 from Design Km 10.500 to design Km 21.000 [Design Length- 10.500 km] including TUNNEL of 500m at Ch. 11.000 in the state of Nagaland Under SARDP-NE on EPC Mode Package-2,2026-07-01,Nagaland,Roads & Highways,0.9965930155263419,99.65930155263419,Current Schedule Slippage Risk,HIGH
618293,"Construction of 2-Lane with paved shoulder of Kohima-Bypass Road connecting NH- 39New NH-02, NH-150New NH-02, NH-61New NH-29 and NH-39New NH-02 from design Km 0.00 to Km 10.500 in the State of Nagaland under SARDP-NE on EPC Mode Package-1 -Balance work",2026-07-01,Nagaland,Roads & Highways,0.9979027673712804,99.79027673712804,Current Schedule Slippage Risk,HIGH
618294,Improvement and Widening of National Highway No. 127B Darugiri - Songsak - Williamnagar Junction Section to two lane with paved shoulder from design Km 0000 to Km 36635 Design length 36.635 Km existing Km 112000 to Km 151060 of NH-1278 under Bharatmala Pariyojana Lot-1 Pkg-1B Meghalaya portion,2026-07-01,Meghalaya,Roads & Highways,0.04731502279078568,4.731502279078568,No Current Schedule Slippage Risk,LOW
618295,Improvement/Widening of New NH-217 Dainadubi-Darugiri section to Two lane with paved shoulder in Meghalaya from design Km 0000 to Km 40840 existing Km 8600 to Km 53000 of Old NH-62 under BMP Lot-1 Pkg-1B Meghalaya portion,2026-07-01,Meghalaya,Roads & Highways,0.9279137406207011,92.7913740620701,Current Schedule Slippage Risk,HIGH
618296,Balance work of Construction of 2-lane with hard shoulder of Kohima - Jessami road on NH-29 old NH-150 from existing km 98.380 near Chizami vill. to km120.367 Nagaland/Manipur Border [Design km 95.700 to design km 117.200] [Design Length 21.500 km] in the state of Nagaland Under Bharatmala Pariyojna on EPC Mode Package-V under NHO,2026-07-01,Nagaland,Roads & Highways,6.545599853094256e-05,0.006545599853094256,No Current Schedule Slippage Risk,LOW
618297,Construction of 2-lane with hard shoulder of Kohima - Jessami road on NH-29 Old NH- 150 from existing Km 30.474 Near Kidwema road Chakahabama to existing Km 53.220 Near Kikruma Village Design Km 29.60 to Km 51.50 Design length-21.90 Km in the state of Nagaland Under Bharatmala Pariyojna on EPC Mode under NHO Package-II -Balance work,2026-07-01,Nagaland,Roads & Highways,0.9986793854427927,99.86793854427927,Current Schedule Slippage Risk,HIGH
618298,Widening/Improvement of existing 2-Lane road to 4-Lane Divided Highway from Sekmai to Nilakuthi section of Imphal-Kohima Road Design Chainage from Km 297700 to Km 308729 of NH-39 New NH-02 in state of Manipur on EPC mode Pkg-5B,2026-07-01,Manipur,Roads & Highways,4.958722629850026e-05,0.004958722629850026,No Current Schedule Slippage Risk,LOW
618299,Improvement/Up-gradation of existing 2-Lane Road to 4-Lane Divided Highway from Daili to Kuraopokpi section of Imphal-Kohima road NH-02 Design Chainage from Km 274610 to Km 287000 in the state of Manipur on EPC mode Pkg-4B,2026-07-01,Manipur,Roads & Highways,0.9994828648003314,99.94828648003315,Current Schedule Slippage Risk,HIGH
618300,Improvement/Up-gradation of existing 2-Lane Road to 4-Lane Divided Highway from Taphukuki to Daili section of Imphal-Kohima road NH-02 Design Chainage from Km 262175 to Km 274610 in the state of Manipur on EPC mode Pkg-4A,2026-07-01,Manipur,Roads & Highways,3.209878113154091e-05,0.003209878113154091,No Current Schedule Slippage Risk,LOW
618301,Widening/Improvement of existing 2-lane to 4-Lane Divided Highway from Kuraopokpi to Sekmai section of Imphal-Kohima Road Design Ch. km 287.00 to 297.700 of NH-39 New NH-02 in state of Manipur on EPC mode Pkg-5A,2026-07-01,Manipur,Roads & Highways,0.9969912580978424,99.69912580978423,Current Schedule Slippage Risk,HIGH
618302,Widening/Improvement to 2-lane with earthen shoulder of Yaingangpokpi - Finch corner road section of NH-202 from Km 16.900 to Km 30.970 of NH-202 in the state of Manipur on EPC mode Package-2,2026-07-01,Manipur,Roads & Highways,0.00013383749607317233,0.013383749607317233,No Current Schedule Slippage Risk,LOW
618303,Widening/Improvement to 2-lane with earthen shoulder of Yaingangpokpi - Finch corner road section of NH-202 from Km 0.000 to Km 16.900 of NH-202 in the state of Manipur on EPC mode Package-1,2026-07-01,Manipur,Roads & Highways,0.00010004389911469957,0.010004389911469957,No Current Schedule Slippage Risk,LOW
618304,"Widening/Improvement to 2 Lane with earthen shoulder of Jessami to Laynen bridge Nagaland border section of NH-29 of Imphal -Ukhrul - Jessami Economic Corridor from km 0.000 to km 11.009 in the State of Manipur on EPC mode under Bharatmala Pariyojana, under NHO-NE Package-7",2026-07-01,Manipur,Roads & Highways,0.9990176984135748,99.90176984135748,Current Schedule Slippage Risk,HIGH
618305,Widening/Improvement to 2 lane with earthen shoulder of Marrem Khullen to Jessami section of NH-202 of Imphal - Ukhrul - Jessami Economic Corridor from Design Chainage km 95.700 to km 140.180 in the State of Manipur on EPC mode under Bharatmala Pariyojana under NHO-NE Package-6,2026-07-01,Manipur,Roads & Highways,0.9995958380248637,99.95958380248638,Current Schedule Slippage Risk,HIGH
618306,"Widening/Improvement to 2 lane with earthen shoulder of Choithar to Marrem Khullen section of NH-202 of Imphal Ukhrul Jessami Economic Corridor from Design Chainage km 53.110 to km 95.700 in the State of Manipur on EPC mode under Bharatmala Pariyojana, under NHO-NE Package-5",2026-07-01,Manipur,Roads & Highways,0.9993604928202108,99.93604928202107,Current Schedule Slippage Risk,HIGH
618307,Rehabilitation and up-gradation of road from km 16.077 to km 43.935 total length 27.858 km of Lalchara-Kanchanpur section via Shivbari on NH-44A to 2 lane with paved shoulder in the state of Tripura on EPC Mode Pkg-2 under BharatMala Pariyojana Manu-Simlung -2,2026-07-01,Tripura,Roads & Highways,0.9670087664269345,96.70087664269344,Current Schedule Slippage Risk,HIGH
618308,Construction of 4-Lane Panchgram Bypass from Design Chainage km 15500 on NH- 37 Old NH-53 at Kalinagar Pt.-I Village to Design Chainage km 27300 at crossing with NH-6 Old NH-44 Near Siddeswar Pt.-I Village on Silchar - Churaibari stretch in the State of Assam on EPC Mode under Bharatmala Pariyojana in Economic Corridors Silchar- Churaibari Package-2,2026-07-01,Assam,Roads & Highways,0.06948818272510401,6.948818272510401,No Current Schedule Slippage Risk,LOW
618309,Widening/lmprovement to 4-Laning and Greenfield alignment with Paved shoulder of Silchar-Badarpur Churaibari section of NH-37 & NH-8 from Design chainage 38.600 End point of proposed Badarpur Bypass to Km. 62.800 Start point of proposed Nilambazar/Cheragi Bypass in the state of Assam on HAM Mode Package-4,2026-07-01,Assam,Roads & Highways,0.9277508332241795,92.77508332241796,Current Schedule Slippage Risk,HIGH
618310,Widening/lmprovement to 4-L of Karimgani - sutarkandi section of NH 37 from design Ch 0020 Start of proposed Karimganj Bypass from NH -8 to design Chainage Km 14380 near Sutarkandi Spur Connectivity to Indo/Bangladesh Border on Silchar- Churaibari in the State of Assam on HAM Mode Package-7,2026-07-01,Assam,Roads & Highways,0.975212557432453,97.5212557432453,Current Schedule Slippage Risk,HIGH
618311,Widening/lmprovement to 4-Lane with Paved shoulder for existing as well as Greenfield alignment of Badarpur Churaibari section of NH-8 from Design chainage 87.700 Chandkhira to Km. 106.500 Churaibari section Assam-Tripura border in the state of Assam on HAM Mode Package-6,2026-07-01,Assam,Roads & Highways,0.9667934999682734,96.67934999682734,Current Schedule Slippage Risk,HIGH
618312,Widening/lmprovement to 4-Lane with Paved Shoulder from existing road and Greenfield alignment form Design Ch. 62.800 start of proposed Nilambazar/Cheragi Bypass to Design Ch. 87.700 near Chandkhira Village of NH-8 on Silchar-Churaibari in the state of Assam on HAM Mode Package-5,2026-07-01,Assam,Roads & Highways,0.990423594366865,99.0423594366865,Current Schedule Slippage Risk,HIGH
618313,Widening/lmprovement of Existing 2 lane to 4-Laning of Karimganj-Silchar section of NH-37 from Design Ch 0.000 near Silchar ISBT to Design Ch 15.970 near Kalinagar Pt I on NH-37 in Assam on HAM Mode Pkg-1,2026-07-01,Assam,Roads & Highways,0.037235266635918834,3.7235266635918833,No Current Schedule Slippage Risk,LOW
618314,4-Laning of Dhanehari Lailapur / Vairengte section from Existing Chainage km 12920 to km 43000 of NH 306 Design Chainage km 20000 to km 49360 on Silchar - Vairengte Sairang road in the State of Assam under Bharatmala Pariyojna on EPC mode. Project Length 29.360 km under NHO-NE Package-2,2026-07-01,Assam,Roads & Highways,0.0006989323640274384,0.06989323640274384,No Current Schedule Slippage Risk,LOW
618315,4-Laning of Silchar - Dhanehari section from Existing Chainage km 263800 of NH 37 to km 12920 of NH 306 Design Chainage km 0000 to km 20000 on Silchar - Vairengte - Sairang road in the State of Assam under Bharatmala Pariyojna on EPC mode Package-1,2026-07-01,Assam,Roads & Highways,0.9945259573678967,99.45259573678968,Current Schedule Slippage Risk,HIGH
618316,4-Laning of Vairengte - Chhimluang section Package-3 of NH-306 from Existing Chainage km 43000 to Km 59700 Design Chainage km 46000 to km 60850 on Silchar - Vairengte- Sairang road in the State of Mizoram under Bharatmala Pariyojna under NHO-NE. Package-1&2 in Assam state,2026-07-01,Mizoram,Roads & Highways,0.9902812637531302,99.02812637531302,Current Schedule Slippage Risk,HIGH
618317,4-Laning of chhimluang-Kolasib from section pkg-4 of NH-306 & NH-6 existing chainage km 59700 to km 86000 design chainage km 61000 to km 77500 on Silchar- vairengte-sairang road in the state of Mizoram under Bharatmala Pariyojna on EPC mode Vairengte - Sairang Pkg-4,2026-07-01,Mizoram,Roads & Highways,0.9516188483132285,95.16188483132285,Current Schedule Slippage Risk,HIGH
618318,4-Laning of Kolasib - Sethawn section Package-5 of NH-6 from Existing Chainage km 86000 to km 107850 Design Chainage km 77500 to km 95500 on silchar - vairengte - sairang road under Bharatmala Pariyojna on EPC mode under NHO-NE Vairengte - Sairang Pkg-5,2026-07-01,Mizoram,Roads & Highways,0.9353000532821534,93.53000532821534,Current Schedule Slippage Risk,HIGH
618319,"4-Laning of Sethawn - N. Kawnpui section Package-6 of NH-6 from Existing Chainage km 107850 to km 126315 Design Chainage km 95500 to km 111850 on Silchar- Vairengte- Sairang road, Vairengte - Sairang Pkg-6",2026-07-01,Mizoram,Roads & Highways,0.9974598781479758,99.74598781479757,Current Schedule Slippage Risk,HIGH
618320,Construction of 4-Laning of N. Kawnpui N. Mualvum Mualkhang via Khamrang Village section Package-7 of NH-6 from Existing Chainage km 127200 to km 142000 Design Chainage km 111850 to km 123400 on Silchar - Vairengte - Sairang road in the State of Mizoram on EPC mode,2026-07-01,Mizoram,Roads & Highways,0.05008888350645683,5.008888350645683,No Current Schedule Slippage Risk,LOW
618321,Construction of 4-Laning of West Serawlg-Sairang section of NH-6 from Existing Chainage km 142000 to km 158900 Design Chainage km 123400 to km 136260 on Silchar - Vairengte - Sairang road in the State of Mizoram under Bharatmala Pariyojna on EPC mode under NHO-NE Package-8,2026-07-01,Mizoram,Roads & Highways,0.08768428556742996,8.768428556742997,No Current Schedule Slippage Risk,LOW
618323,Construction of Twin Tube Uni-directional Aizawl Bypass Tunnel of 2.5 km and its approaches of 2.1 km from km 10.600 to km 15.200 on Sarrang - Phaibawk section of NH-6 in the State of Mizoram on EPC Mode under NHO-NE Package-2,2026-07-01,Mizoram,Roads & Highways,0.06191211516506551,6.19121151650655,No Current Schedule Slippage Risk,LOW
618324,Construction of 2-lane Aizawl Bypass from km 15.200 to km 34.500 Package-3 on Sairang - Phaibawk section of NH-6 in the State of Mizoram under Bharatmala Pariyojna on EPC Mode under NHO-NE,2026-07-01,Mizoram,Roads & Highways,0.11187449708211174,11.187449708211174,No Current Schedule Slippage Risk,LOW
618325,Dillai to Lahorijan Package-7,2026-07-01,Assam,Roads & Highways,0.999744126064004,99.97441260640039,Current Schedule Slippage Risk,HIGH
618326,Widening/Improvement to 4-Lane with Paved Shoulder from KM 38500 to Km 51246 Design Chainage 38500 to 50959 with proposed Daboka Bypass of Daboka- Parokhaowa of NH 29 on EPC under NHO-NE Package-1,2026-07-01,Assam,Roads & Highways,8.264721581791521e-05,0.00826472158179152,No Current Schedule Slippage Risk,LOW
618328,4-Laning of Balance work of Dimapur-Kohima Road from design km 152.490 to km 166.700 Existing km 156.000 to km 172.900 Excluding Dimapur & Kohima Bypass under SARDP-NE Package-III,2026-07-01,Nagaland,Roads & Highways,4.857877154147333e-05,0.004857877154147333,No Current Schedule Slippage Risk,LOW
618331,lmprovement to 4-Lane with Paved Shoulder from existing km 260000 Design Ch.4560 km to existing km Ch.233000 D. Ch.24560 of Silchar near Nutan Dayapur village - Budha Nagar Section Length-20.00 Km of NH-37 under Package Silchar- Jiribam Pkg-1 in the state of Assam on HAM Mode,2026-07-01,Assam,Roads & Highways,0.03670308807467598,3.670308807467598,No Current Schedule Slippage Risk,LOW
618333,Widening to 2 lane with Paved shoulder of lmphal to Jiribam section of NH-37 from Design Ch. from km 169570 Near Nungkao vlllage under Tamenglong District to km 205974 near Jiribam Bridge under Jiribam district under NHO-NE PKG-7,2026-07-01,Manipur,Roads & Highways,7.381182584427755e-05,0.007381182584427755,No Current Schedule Slippage Risk,LOW
618334,Widening to 2 Lane with Paved shoulder of lmphal to Jiribam section of NH-37 from Design Ch. from km 131.280 to km 169.570 on EPC mode in Manipur under NHO- TSP PKG-6,2026-07-01,Manipur,Roads & Highways,5.1518188864487076e-05,0.005151818886448708,No Current Schedule Slippage Risk,LOW
618335,Widening to 2 Lane with Paved shoulder of lmphal to Jiribam section of NH-37 from Design Ch. from Km 101280 Near Khongsang Village to Km 131280 near Puilon Kambiron Village on EPC Mode in Manipur PKG-5,2026-07-01,Manipur,Roads & Highways,2.5263062723811922e-05,0.002526306272381192,No Current Schedule Slippage Risk,LOW
618336,Widening to 2 -Lane with Paved shoulder of Imphal to Jiribam section of NH-37 from Design Chainage 66.110 km to 101.280 Km Existing Chainage km 67.496 to km 103.557 on EPC Mode in Manipur PKG-4,2026-07-01,Manipur,Roads & Highways,3.6763725369556074e-05,0.0036763725369556074,No Current Schedule Slippage Risk,LOW
618337,Widening to 2 -Lane with Paved shoulder of Imphal to Jiribam section of NH-37 from Design Chainage 33.000 km to 66.390 Km Existing Chainage from km 33.395 to km 67.496 on EPC Mode in Manipur PKG-3,2026-07-01,Manipur,Roads & Highways,2.3731031622421638e-05,0.002373103162242164,No Current Schedule Slippage Risk,LOW
618338,Widening to 2-Lane with Paved shoulder of Imphal to Jiribam section of NH-37 from Design Chainage 15.940 km to 33.120 Km Existing Chainage Km 15.946 to Km 33.395 Total length17.180 Km in the State of Manipur on EPC mode PKG-2 - Balance Works & Rectification works,2026-07-01,Manipur,Roads & Highways,0.0007407276912169903,0.07407276912169902,No Current Schedule Slippage Risk,LOW
618339,Widening/Improvement to 2-Lane Lane with Paved Shoulder from km 16900 Bogapani to km 27150 Golai Goan on existing Dibrugarh to Ledo section with proposed Digboi Bypass Green Field and Brownfield 2-LanePS of NH-315 OLD NH-38 in Tinsukia District under NHO- NE Package-4,2026-07-01,Assam,Roads & Highways,0.9888946231902559,98.88946231902558,Current Schedule Slippage Risk,HIGH
618340,Widening/Improvement to 4-Lane with Paved Shoulder from km 626030 Nalani hulla Gaon to km 650450 Chotahapjan on existing Tinsukhia -Makum Bypass of NH-15 OLD NH-37 and Strengthening of existing NH-315 OLD NH-38 from Km 0000 Chotahapjan to Km 16900 Bogapani section 2-Lane PS in Assam on EPCMode under NHO-NE Package-3,2026-07-01,Assam,Roads & Highways,8.935914775501091e-05,0.008935914775501092,No Current Schedule Slippage Risk,LOW
618344,Widening to 2-lane with Hard shoulder of Churachandpur to Tuivai Section of NH- 102B from Design Chainage 69.875 Km to 121.769 Km in the State of Manipur on EPC mode Package-3,2026-07-01,Manipur,Roads & Highways,2.139066378023273e-05,0.002139066378023273,No Current Schedule Slippage Risk,LOW
618345,Widening to 2-lane with Hard shoulder of Churachandpur to Tuivai Section from Km 48.587 to Km 69.875 in the State of Manipur on EPC mode under NHO Package-2B,2026-07-01,Manipur,Roads & Highways,7.442157917441844e-05,0.0074421579174418434,No Current Schedule Slippage Risk,LOW
618346,Widening to 2-lane with Hard shoulder of Churachandpur to Tuivai Section of NH- 102B from km 32.835 to km 48.587 in the State of Manipur on EPC mode under NHO Package-2A,2026-07-01,Manipur,Roads & Highways,3.3828517344696686e-05,0.0033828517344696688,No Current Schedule Slippage Risk,LOW
618347,Widening to 2-lane with Hard shoulder of Churachandpur to Tuivai Section of NH- 102B from km 13.747 to km 32.835 in the State of Manipur on EPC mode under NHO Package-1B,2026-07-01,Manipur,Roads & Highways,3.47296506927963e-05,0.0034729650692796304,No Current Schedule Slippage Risk,LOW
618348,Balance work of Widening to 2 Two lane with hard shoulder of Churachandpur to Tuivai section of NH-102B from km 130.000 to km 141.029 Package-4B in the State of Manipur on EPC Mode,2026-07-01,Manipur,Roads & Highways,0.9909126138360477,99.09126138360477,Current Schedule Slippage Risk,HIGH
618349,Balance work of Widening to 2 Two lane with hard shoulder of Churachandpur to Tuivai section of NH-102B from Design Chainage km 118850 to km 130000 Package- 4A in the State of Manipur on EPC Mode,2026-07-01,Manipur,Roads & Highways,0.9992681223609523,99.92681223609523,Current Schedule Slippage Risk,HIGH
618350,Improvement & widening of existing NH-08 to 4-lane with Paved Shoulder from Champak Nagar to Khayerpur section design Km 242500 to Km 261610 in the state of Tripura on EPC basis under NHO-NE,2026-07-01,Tripura,Roads & Highways,0.9915216918456237,99.15216918456237,Current Schedule Slippage Risk,HIGH
618351,Widening & Upgradation to 2 lanes with paved shoulders road from Tamenglong to Mahur NH-137 in the State of Assam starting from km 156.489 near P. Leikul to km 176.410 near Borowapu on EPC mode under NHO-NE Assam portion Package-10,2026-07-01,Assam,Roads & Highways,3.789525835762037e-05,0.0037895258357620366,No Current Schedule Slippage Risk,LOW
618352,Widening & Upgradation to 2 lanes with paved shoulders road from Tamenglong to Mahur NH-137 in the State of Assam starting from km 136.500 near Hejaichak to km 156.489 near P. Leikul Package-9 on EPC mode under NHO-NE Package-9,2026-07-01,Assam,Roads & Highways,4.052181460402114e-05,0.004052181460402114,No Current Schedule Slippage Risk,LOW
618353,Widening & Upgradation to 2-lanes with paved shoulders road from Tamenglong to Mahur NH-137 in the State of Assam starting from km 116.480 near Hangrum to km 136.500 near Hejaichak Package-8 on EPC mode under NHO-NE Package 8,2026-07-01,Assam,Roads & Highways,6.526626223106497e-05,0.006526626223106497,No Current Schedule Slippage Risk,LOW
618354,Wideinig & Upgradation to 2-lanes with paved shoulders road from Tamenglong to Mahur NH-137 in the State of Assam starting from km 96.870 near Jiri River to km 116.550 near Hangrum Package-7 on EPC mode Package7,2026-07-01,Assam,Roads & Highways,7.164979637649037e-05,0.007164979637649036,No Current Schedule Slippage Risk,LOW
618355,"Construction of of 2 -Lane with paved shoulders road from Tamenglong-Tousem- Lisang-Mahur Road NH-137 starting near Dialong Village from km 10.000 at Dialong to km 31.430 near Old Tamenglong , near Barak River on EPC Mode Package-2",2026-07-01,Manipur,Roads & Highways,2.3167265469123538e-05,0.002316726546912354,No Current Schedule Slippage Risk,LOW
618356,Construction of 2 -Lane with paved shoulders road from Tamenglong to Mahur in the state of Manipur from km 31.430 at Old Tamenglong to km 43.480 ending near Phelong on EPC Mode Package-3,2026-07-01,Manipur,Roads & Highways,4.318803720025818e-05,0.004318803720025818,No Current Schedule Slippage Risk,LOW
618357,Construction of 2 -Lane with paved shoulders road from Tamenglong to Mahur NH- 137 in Manipur starting from km 54.180 near Azuram to km 80.630 near Mandeu on EPC Mode Package 5,2026-07-01,Manipur,Roads & Highways,1.7711000114786876e-05,0.0017711000114786876,No Current Schedule Slippage Risk,LOW
618358,Construction of 2 -Lane with paved shoulders road from Tamenglong to Mahur NH- 137 starting from km 80.630 near Mandeu to km 96.870 near Jiri River on EPC Mode Package-6,2026-07-01,Manipur,Roads & Highways,3.2205360392899294e-05,0.0032205360392899294,No Current Schedule Slippage Risk,LOW
618359,Widening/Improvement to 4-Lane with Paved Shoulder from km 55000 Nagabang Gamsuk to km 82514 Oyan in the State of Assam and Arunachal Pradesh on EPC mode under Bharatmala Pariyojna of Length 27.514 Km Package-3,2026-07-01,"Multi-States (Arunachal Pradesh, Assam)",Roads & Highways,3.098720685279667e-05,0.0030987206852796673,No Current Schedule Slippage Risk,LOW
618362,Construction of 2-laning with hard shoulder of Lunglei to Chhumkhum from Design Chainage Km 0.000 to Km 37.420 of NH-302 [Lunglei-Tlabung] Package-A,2026-07-01,Mizoram,Roads & Highways,0.960467635201915,96.0467635201915,Current Schedule Slippage Risk,HIGH
618363,Construction of 2-laning with hard shoulder configuration of Chhumkhum to Tlabung from Design Chainage Km 37.420 to Km 74.950 of NH-302 in Mizoram under Bharatmala Pariyojana on EPC mode [Pkg-B],2026-07-01,Mizoram,Roads & Highways,0.9961696844110304,99.61696844110304,Current Schedule Slippage Risk,HIGH
618364,"Widening to 2 Lane with Hard shoulder of Akegwo-Avangkhu section of NH-202K for Package-I Design Chainage 0000 Km to 34795 Km, in the State of Nagaland on EPC mode under NH O-NE",2026-07-01,Nagaland,Roads & Highways,2.987806827020459e-05,0.002987806827020459,No Current Schedule Slippage Risk,LOW
618365,Widening to 2 Lane with Hard shoulder of Akegwo-Avangkhu section of NH-202K for Package-III Design Chainage 69875 Km to 106816 Km in the State of Nagaland on EPC mode under NHO-NE,2026-07-01,Nagaland,Roads & Highways,4.4820872260765476e-05,0.004482087226076547,No Current Schedule Slippage Risk,LOW
618366,Widening to 2 Lane with Hard shoulder of Akegwo-Avangkhu section of NH-202K for Package-II Design Chainage 34795 Km to 69875 Km in the State of Nagaland on EPC mode under NHO-NE,2026-07-01,Nagaland,Roads & Highways,0.9974974632421028,99.74974632421028,Current Schedule Slippage Risk,HIGH
618367,Improvement and Widening to 2-lane with paved shoulder of road from design Km 72.000 Pati Chhari to design Km 107.654 Harina Total length 35.654 Km on Teliamura to Harina section of NH 208 in the state of Tripura on EPC mode under JICA ODA Loan Phase VI Package-4,2026-07-01,Tripura,Roads & Highways,0.9967460029862668,99.67460029862669,Current Schedule Slippage Risk,HIGH
618368,Improvement and Widening to 2-lane with paved shoulder of road from design Km 36.000 Rangamati to design Km 72.000 Pati Chhari Total length 36.000 Km on Teliamura to Harina section of NH 208 in the state of Tripura on EPC mode under JICA ODA Loan Phase VI Package-3,2026-07-01,Tripura,Roads & Highways,0.9889669622204371,98.89669622204372,Current Schedule Slippage Risk,HIGH
618369,Improvement and Widening to 2-lane with paved shoulder of road from existing Km 438.170 Khowai Chowmuhani to existing Km 439.410 South Pulinpur of NH-08 and from design Km 0.000 South Pulinpur to design Km 36.00 near Rangamati of NH 208 on Khowai Teliamura- Harina section Total length 37.24 in the state of Tripura on EPC mode under JICA ODA Loan Phase VI Package-2,2026-07-01,Tripura,Roads & Highways,0.9759604768875537,97.59604768875538,Current Schedule Slippage Risk,HIGH
618370,Improvement and Widening to 2-lane with paved shoulder of road from Km 101.300 to km 127.319 Total Length 26.019 Km i.e. the Khowai Teliamura-Amarpur-Harina- Sabroom section of NH 208 in the state of Tripura on EPC under JICA ODA Loan Phase VI Package-1,2026-07-01,Tripura,Roads & Highways,0.9817602201153605,98.17602201153605,Current Schedule Slippage Risk,HIGH
618371,"Widening/Improvement to 4-Lane with Paved Shoulder configuration of existing single lane road from Srirampur near Bhairiguri Village to Kachukhana Harichara Paglagaunj Package-I of Srirampur - Dhubri Section of NH-127B from existing Km 0.000 to Km 28.050 Design Km 0.000 to Km 27.650, Design Length27.650 Km under JICA ODA Loan assistance Phase-V -Balance work",2026-07-01,Assam,Roads & Highways,5.84641150721009e-05,0.00584641150721009,No Current Schedule Slippage Risk,LOW
618373,"Construction of 4-Lane Bridge including approaches over River Brahmaputra between Dhubri on North Bank,Assam and Phulbari on south Bank,Meghalaya on NH-127B under JICA ODA Loan assistance Phase-III",2026-07-01,Assam,Roads & Highways,0.0412748401593032,4.12748401593032,No Current Schedule Slippage Risk,LOW
618374,Improvement/Widening to 2-L with Paved Shoulder/ 4-Laning of NH-40 section from Km 151330 to Km 163400 design Km 63.530 to Km 71.520 including Dawki Bridge of length 368 m between Shillong-Dawki under JICA ODA Loan assistance Phase-II Pkg- 5 -Balance work,2026-07-01,Meghalaya,Roads & Highways,0.9998984255290695,99.98984255290695,Current Schedule Slippage Risk,HIGH
618375,Improvement/Widening to 2-Lane with Paved Shoulder from design Km 45.760 to Km 63.530 between Shillong-Dawki under JICA ODA Loan assistance Phase-II -Balance work Pkg-4,2026-07-01,Meghalaya,Roads & Highways,0.9996688045622766,99.96688045622766,Current Schedule Slippage Risk,HIGH
618376,Improvement/Widening to 2-Lane with Paved Shoulder between Shillong-Dawki road up to Bangladesh Border from design Km 10.670 to Km 37.550 under JICA ODA Loan assistance Phase-II -Balance Work-Pkg-2,2026-07-01,Meghalaya,Roads & Highways,0.9975705426172089,99.7570542617209,Current Schedule Slippage Risk,HIGH
618377,Improvement/Widening to 2-L with Paved Shoulder/4-L from Km 81740 to Km 93490 design Km 0000 to Km 10670 of NH-40 New NH-106 & 206 section & 4-L from design Km 0.00 to Km 0.930 of NH-44 section between Shillong-Dawki under JICA ODA Loan assistance Phase-II -Balance Work Pkg-1,2026-07-01,Meghalaya,Roads & Highways,0.0001457267143094443,0.01457267143094443,No Current Schedule Slippage Risk,LOW
618379,Widening and Up-gradation to 2- Lane with Paved Shoulder Configuration and geometric improvement from Km. 208. 000 to Km 250.000 Package-5 on Aizawl Tuipang Section of NH-54 in the State of Mizoram Package-5,2026-07-01,Mizoram,Roads & Highways,4.0830840994284575e-05,0.0040830840994284575,No Current Schedule Slippage Risk,LOW
618380,Widening and Up-gradation to 2- Lane with Paved Shoulder Configuration and geometric improvement from Km. 125. 000 to Km 166 Package-3 on Aizawl Tuipang Section of NH-54 in the State of Mizoram Package-3,2026-07-01,Mizoram,Roads & Highways,4.005913361342291e-05,0.004005913361342291,No Current Schedule Slippage Risk,LOW
618383,Widening and up-gradation to 2-lane with paved shoulder configuration and geometric improvements from km 339.00 to km 380.00 Siaha on Aizawl-Tuipang section under JICA ODA Loan assistance Phase-I Package-8,2026-07-01,Mizoram,Roads & Highways,3.9985870938726463e-05,0.003998587093872646,No Current Schedule Slippage Risk,LOW
618385,Rehabilitation and up-gradation of road from design km 25.250 to km 36.460 Total lengh 11.210 km of Kailashahar-Kurti Bridge section on NH-208A to 2-lane with paved shoulder on EPC basis under NHO Package-III- Balance Work,2026-07-01,Tripura,Roads & Highways,0.9994376865349932,99.94376865349932,Current Schedule Slippage Risk,HIGH
618387,Construction of 2-laning with Hard shoulder of Ukhrul Tolloi - Tadubi section of NH- 102A from Design Chainage km 9450 to km 50850 in the State of Manipur on EPC mode under NHO-NE Package-2,2026-07-01,Manipur,Roads & Highways,0.0004020157236995519,0.04020157236995519,No Current Schedule Slippage Risk,LOW
618388,Construction of 2-laning with Hard shoulder road of Ukhrul - Tolloi - Tadubi section of NH-102A from Design Chainage 50.850 km to 81.870 km in the State of Manipur on EPC mode under NHO-TSP Package -3,2026-07-01,Manipur,Roads & Highways,3.382225520327759e-05,0.0033822255203277587,No Current Schedule Slippage Risk,LOW
618389,Construction of 2-laning with Hard shoulder road of Ukhrul - Tolloi - Tadubi section of NH-102A from Design Chainage 81.870 km to 105.825 km in the State of Manipur on EPC mode under NHO-TSP Package -4,2026-07-01,Manipur,Roads & Highways,2.9211651365407187e-05,0.0029211651365407187,No Current Schedule Slippage Risk,LOW
618390,"Construction, Operation & Maintenance of 2-L Bi-directional Silkyara Bend- Barkot Tunnel with escape passage including approaches Tunnel-4.531 & Approach road- 0.328 on Dharasu-Yamunotri section b/w Chainage 25.400km and 51.00km falling along NH-134 Old NH-94 on EPC mode",2026-07-01,Uttarakhand,Roads & Highways,0.9945257491821041,99.45257491821042,Current Schedule Slippage Risk,HIGH
618391,"Construction for Mitigation Measures of 5 Nos. Landslides, 05 No. Sinking Zones and 01 No. Bridge from Ch. 450.00 to Ch. 468.00 18 Km. Length on NH-07 Package-III",2026-07-01,Uttarakhand,Roads & Highways,0.00011934900790481334,0.011934900790481335,No Current Schedule Slippage Risk,LOW
618392,"Construction for Mitigation Measures of 5 Nos. Landslides, 5 Nos. Sinking Zones in between Ch. 433.00 to 450.00 BANERPANI VILLAGE on NH-07 on EPC mode in the state of Uttarakhand Package-2",2026-07-01,Uttarakhand,Roads & Highways,0.9905629328446126,99.05629328446126,Current Schedule Slippage Risk,HIGH
618393,"Construction for Mitigation Measures of 10 Nos. Landslides, 01 No. Sinking Zones and 1 No. of Minor Bridge in between at Ch. Km 368.00 to Km 433.00 on NH-07 on EPC Mode in Uttarakhand Package-1",2026-07-01,Uttarakhand,Roads & Highways,2.302359810713876e-05,0.002302359810713876,No Current Schedule Slippage Risk,LOW
618394,Up-gradation to 2-lane with Paved Shoulder from Km 12.850 to Km20.300 of 7.450Km length on Goha-Khellani section and a link road to Goha village of 2.016 km on NH- 244 in UT of Jammu and Kashmir on EPC Mode Pkg-1,2026-07-01,Jammu and Kashmir,Roads & Highways,3.31144125741273e-05,0.00331144125741273,No Current Schedule Slippage Risk,LOW
618395,"Construction & Upgradation to 2-lane with paved shoulder from Design Ch. Km 51700 at Premnagar km 66315 to Km 66535 New Thatri at Start of Km 83rd, Tunnel Km 82665 of 14.835 Km design length on Chenani-Sudhmahadev-Goha Khellani- Kishtwar-Vailoo Donipawa-Ashajipora section of NH-244 in the UT of J&K on EPC Mode under NHO-Gen Pkg - 2",2026-07-01,Jammu and Kashmir,Roads & Highways,0.9998708911529317,99.98708911529317,Current Schedule Slippage Risk,HIGH
618397,Widening and Up-gradation to 2-Lane with Paved Shoulder of configuration and geometric improvement from Km 0.000 to Km 16.990 on Chenani Sudhmahadev section of NH-244 in UT of Jammu and Kashmir to be executed on EPC basis,2026-07-01,Jammu and Kashmir,Roads & Highways,0.00036038280264523025,0.03603828026452303,No Current Schedule Slippage Risk,LOW
618398,Up-gradation to 2-lane with Paved Shoulder from Km 20.300 to Km 29.030 of 8.730 Km length on Goha-Khellani section on NH-244 in UT of Jammu and Kashmir on EPC Mode Package II,2026-07-01,Jammu and Kashmir,Roads & Highways,3.453569131831252e-05,0.0034535691318312517,No Current Schedule Slippage Risk,LOW
618399,Construction of Kishtwar bypass with 2 lane with paved shoulder from Design Km. 80.675 Dulhasti to km 95.550 Bandarkoot of 14.88 km & a link road to Kishtwar town from 0000 to 1.871 of length1.871 Km on Khellani - Kishtwar - Chattroo section in UT of Jammu and Kashmir on EPC Mode Pkg-4,2026-07-01,Jammu and Kashmir,Roads & Highways,0.9990566261245127,99.90566261245128,Current Schedule Slippage Risk,HIGH
618400,Construction & Upgradation to 2-lane with paved shoulder from Design Km 67.805 at the end of Km 83rd Tunnel near Dhrabshalla Ex. Km 83905 to Km 80.675 start of Kishtwar Bypass - Dulhasti Ex. Km 970751 of 12.870 Km length on chenani- Sudhmahadev-Goha Khellani-Kishtwar-vailoo-Donipawa-Ashajipora seition of NH-244 in the UT of J&K on EPC Mode under NHO-Gen Pkg-3,2026-07-01,Jammu and Kashmir,Roads & Highways,5.50079303741028e-05,0.00550079303741028,No Current Schedule Slippage Risk,LOW
618401,"Construction of Intermediate Lane with Hard Shoulder of Hunli to Hayuliang Package- III from design Km 60.000 to Km 121.500 Design Length 61.500 km, Greenfield Section of Frontier Highway NH-913 in the State of Arunachal Pradesh on EPC Mode Pkg-3",2026-07-01,Arunachal Pradesh,Roads & Highways,0.9061491777620024,90.61491777620024,Current Schedule Slippage Risk,HIGH
618402,"Construction of Intermediate Lane with Hard Shoulder of Hunli to Hayuliang from Design Km 0.000 to Km 53.000 Design Length 53.000 km, Greenfield Section of Frontier Highway NH-913 in the State of Arunachal Pradesh on EPC Mode Package-I",2026-07-01,Arunachal Pradesh,Roads & Highways,0.9992999451440366,99.92999451440366,Current Schedule Slippage Risk,HIGH
618403,Construction of Intermediate Lane Road with hard shoulder from design Km 0.000 to Km 17.387 Total length 17.387 km of Hunli to Ithun Bridge section on NH-913 Frontier Highway in State of Arunachal Pradesh on EPC mode under NHO-NE,2026-07-01,Arunachal Pradesh,Roads & Highways,0.9996851378754624,99.96851378754624,Current Schedule Slippage Risk,HIGH
618404,Construction of lntermediate Lane Road with hard shoulder from design chainage Km 0.000 to Km 53.040 Existing Length68.500 Km & Total Design length 53.04 km of Tato to Monigong section of NH-913 Frontier Highway on Nafra Bomdila to Vijaynagar along China border in state of Arunachal pradesh on EPC mode,2026-07-01,Arunachal Pradesh,Roads & Highways,0.9879691710781998,98.79691710781998,Current Schedule Slippage Risk,HIGH
618405,"Construction of Intermediate Lane of Pango to Jorging Road from 0000 to Design Km Design Km 40000 Design Length 40.00 Km, Pkg-l, Greenfield Alignment in the State of Arunachal Pradesh on EPC mode Pkg-1",2026-07-01,Arunachal Pradesh,Roads & Highways,0.9878616334469044,98.78616334469044,Current Schedule Slippage Risk,HIGH
618406,Up-gradation to 4-lane with Paved Shoulder of Jammu-Akhnoor road section of NH- 144A from Ganesh Vihar Km 6.000 to Khati Chowk Km 26.350 in UT of Jammu and Kashmir on EPC basis Pkg-3A,2026-07-01,Jammu and Kashmir,Roads & Highways,0.0003607574889940116,0.036075748899401155,No Current Schedule Slippage Risk,LOW
618407,Jammu-Akhnoor Road Pkg-I,2026-07-01,Jammu and Kashmir,Roads & Highways,0.9994791789664722,99.94791789664723,Current Schedule Slippage Risk,HIGH
618408,Kargil Zanskar Road,2026-07-01,Ladakh,Roads & Highways,2.449794399024584e-05,0.002449794399024584,No Current Schedule Slippage Risk,LOW
618409,Widening & Up-gradation to 2 lane with Paved shoulder of NH-301 Kargil- Zanskar Road from Design km 57.000 Ex. Km. 57.905 to Km 87.000 Ex. Km. 88.2491 of 30.000 Km length Pkg-lll,2026-07-01,Ladakh,Roads & Highways,2.7328400750613924e-05,0.0027328400750613923,No Current Schedule Slippage Risk,LOW
618410,Widening & Up-gradation to 2 lane with paved shoulder of NH-301 Kargil- Zanskar Road from Design Km .30.040 Ex. Km. 30.000 to Design Km 57.000 Ex. Km. 57.905 of 26.960 Km length Pkg-II,2026-07-01,Ladakh,Roads & Highways,8.605316681267366e-05,0.008605316681267365,No Current Schedule Slippage Risk,LOW
618411,Melaghar-Srimantapur section on NH-08 Spur from Km 23 to Km 34.500 11.5 Km and overlay from Km 20.30 to Km 22.00 1.7 Km Total Length 13.2 Km,2026-07-01,Tripura,Roads & Highways,0.9982559969985023,99.82559969985023,Current Schedule Slippage Risk,HIGH
618412,Construction of i Connecting Road from Z-Morh Tunnel to Zojila Tunnel Road Length 18.475km and ii 14.150 Km long 2-L Bi-directional single tube Zoji-la Tunnel across Zojila Pass on Sonamarg - Kargil section from Km 82 to Km 118 of NH-01 under PMDP,2026-07-01,Andhra Pradesh,Roads & Highways,0.975753322788107,97.5753322788107,Current Schedule Slippage Risk,HIGH
618413,Construction of 2 laning with Hard shoulder of Peren-Dimapur section on NH 129A from Design Km 146.208 to Km 163.592 Length- 17.384 km in the state of Nagaland on EPC mode under NHO-TSP Package-III,2026-07-01,Nagaland,Roads & Highways,0.00022966957265601985,0.022966957265601985,No Current Schedule Slippage Risk,LOW
618414,Construction of Balance work for 2-lane with hard shoulder of Peren- Dimapur section on NH-129A from Design Km 126.775 to Km 146.208 Length 19.433 Km in the state of Nagaland on EPC mode under NHO-TSP Package-II,2026-07-01,Nagaland,Roads & Highways,5.678702979442997e-05,0.005678702979442997,No Current Schedule Slippage Risk,LOW
618415,"Improvement of existing road to 2 laning with Hard Shoulders of Maram-Peren section Package-1B, length- 17.660 km from Design Chainage 22.340 km to 40.000 km on NH-129A in the State of Manipur on EPC mode",2026-07-01,Manipur,Roads & Highways,0.00015222820229300263,0.015222820229300263,No Current Schedule Slippage Risk,LOW
618416,"Improvement of existing road to 2 laning with Hard Shoulders of Maram -Peren section Package-1A, length- 22.340Km from Design Chainage 0.000 km to 22.340 km on NH-129A in the State of Manipur on EPC mode",2026-07-01,Manipur,Roads & Highways,0.999029321792004,99.9029321792004,Current Schedule Slippage Risk,HIGH
618417,"Construction of 4-Lane with paved shoulder Agartala bypass Western side, length 25.402 km connecting NH-8 near Amtali to NH-108B near Lembuchhera in the state of Tripura on EPC basis under NHO-NE",2026-07-01,Tripura,Roads & Highways,0.998786564258207,99.8786564258207,Current Schedule Slippage Risk,HIGH
618418,Rehabilitation and up gradation of Nongstoin-Rambrai-Kyrshai road up to Meghalaya- Assam border from Km 0.335 to km 34.039 to 2-Lane under NHO - NE in the State of Meghalaya Package-1,2026-07-01,Meghalaya,Roads & Highways,2.430491220722563e-05,0.002430491220722563,No Current Schedule Slippage Risk,LOW
618419,"Construction of 2-Lane with paved shoulders of Shillong Western Bypass starting from NH-06 near Ladumsaw existing Km 60.900 of old NH40 to NH106 old NH 44E Package-III, from km 24700 to km 38256 under SARDP-NE PHASE A in the state of Meghalaya on EPC Mode Greenfield alignment",2026-07-01,Meghalaya,Roads & Highways,0.9999491196090768,99.99491196090769,Current Schedule Slippage Risk,HIGH
618420,"Construction of 2 lane with paved shoulder of Shillong Western Bypass starting from NH-06 near Ladumsaw existing km 60.900 of old NH-40 to NH-106 old NH-44E, Package-II km 12800 to km 24700 under SARDP-NE Phase A in the State of Meghalaya on EPC Mode",2026-07-01,Meghalaya,Roads & Highways,0.9970266933471952,99.70266933471952,Current Schedule Slippage Risk,HIGH
618421,"Construction of 2-Lane with paved shoulder of Shillong Western Bypass starting from NH-06 near Ladumsaw Existing km 60.900 of old NH-40 to NH106 old NH-44E, km 0000 to km 12800 Package-I under SARDP-NE PHASE A in the State of Meghalaya on EPC Mode Greenfield alignment",2026-07-01,Meghalaya,Roads & Highways,0.04302657971113792,4.302657971113792,No Current Schedule Slippage Risk,LOW
618422,"Construction of 2-lane with hard shoulders of Merangkong-Tamlu-Mon road Wakching Twon portion on EPC basis from existing Chainage Km 59000 to Km 73640 [Design Km. 59000 to Km, 72450] Design length - 13.450 Km under SARDP-NE package-V Balance work",2026-07-01,Nagaland,Roads & Highways,0.0001362503889179925,0.013625038891799248,No Current Schedule Slippage Risk,LOW
618423,Construction of 2-Lane with hard shoulders of Merangkong-Tamlu-Mon MTM Road from existing Km 20.456 to Km 41.065 Design Km. 20 to Km. 40.0 Design Length- 20.000 Km in the State of Nagaland under SARDP-NE Phase-A Pkg-2 Balance work,2026-07-01,Nagaland,Roads & Highways,5.3933513234267206e-05,0.0053933513234267205,No Current Schedule Slippage Risk,LOW
618426,Construction/Up gradation of Existing road to 2 Lane with Paved Shoulder including Geometric Improvement from Ranipool to Pakyong Balance work from Km 2.000 to 16.167 of NH-717-A on EPC basis under SARDP-NE Phase A in the State of Sikkim,2026-07-01,Sikkim,Roads & Highways,9.927174009218244e-05,0.009927174009218243,No Current Schedule Slippage Risk,LOW
618427,Construction & upgradation of existing road to 2-lane with paved shoulder including geometric improvement of Kafer- Lava More section from km 40.00 to km 61.100 of NH717-A on EPC under SARDP-NE A in state of West Bengal Pkg-VA,2026-07-01,West Bengal,Roads & Highways,9.490370627924608e-05,0.009490370627924608,No Current Schedule Slippage Risk,LOW
618428,Realignment of NH-717A from Design Ch.0.00 Km 77.800 of NH-10 to Design Ch.2.00 Km 3.100 of NH-717A with two lane paved shoulder including Major Bridge of 680 m in the State of Sikkim on EPC Mode-COS work,2026-07-01,Sikkim,Roads & Highways,0.00045901571807180006,0.045901571807180006,No Current Schedule Slippage Risk,LOW
618429,Construction & upgradation of existing road to 2-lane with paved shoulder including geometric improvement of sect. from Pedong bypass to Reshi Border km 79.700 to km 96.254 of NH-717A under SARDP-NE-A on EPC as part of Alternate connectivity to Gangtok Lava More-Reshi Border Pkg-VB,2026-07-01,West Bengal,Roads & Highways,3.3904216355336396e-05,0.00339042163553364,No Current Schedule Slippage Risk,LOW
618430,Construction of alternative highway to Gangtok in Sikkim via Bagrakot -Chuikhim- Nimbong -Kafer-Bakhim-Algarah-Rhenock in the State of West Bengal and from Rhenok-Rorathang-Pakyong along with spur from Aritar-Rolep-Menla in the State of Sikkim from Km 0.00 to Km 13.00 of Bagrakot -Kafer section of NH 717A on EPC Mode under Phase-A of SARDP-NE in the State of West Bengal PKG- IVA,2026-07-01,West Bengal,Roads & Highways,4.416418185804515e-05,0.004416418185804515,No Current Schedule Slippage Risk,LOW
618431,Construction of alternative highway to Gangtok in Sikkim via Bagrakot -Chuikhim- Nimbong -Kafer-Bakhim-Algarah-Rhenock in the State of West Bengal and from Rhenok-Rorathang-Pakyong along with spur from Aritar-Rolep-Menla in the State of Sikkim from Km 13.00 to Km 25.60 of Bagrakot -Kafer section of NH 717A on EPC Mode under Phase-A of SARDP-NE in the State of West Bengal PKG- IVB,2026-07-01,West Bengal,Roads & Highways,0.00015334781403131628,0.015334781403131627,No Current Schedule Slippage Risk,LOW
618433,Construction of Balance work of 2-Lane with PS of Joram Koloriang Road from existing Km122.600 to km138.00 [Design Km108.724 to Km123.714] in Arunachal Pradesh on EPC Mode under SARDP-NE Pkg-7,2026-07-01,Arunachal Pradesh,Roads & Highways,0.00014935007390928288,0.014935007390928288,No Current Schedule Slippage Risk,LOW
618434,Roing-Hunli Road Greenfield Alignment Project,2026-07-01,Arunachal Pradesh,Roads & Highways,7.118081398867348e-05,0.007118081398867348,No Current Schedule Slippage Risk,LOW
618435,4-Laning from Rangagara to Kaliabor Tiniali from km 297.00 to km 315.315 of NH-37 on EPC basis under SARDP-NE in state of Assam,2026-07-01,Assam,Roads & Highways,2.1244675406686076e-05,0.0021244675406686076,No Current Schedule Slippage Risk,LOW
618436,4-Laning of Jamugurihat to end of Biswanath Chariali By-Pass from Km 182.000 to Km 208.000 of NH-52 on EPC mode in state of Assam under SARDP-NE,2026-07-01,Assam,Roads & Highways,2.1908021218241734e-05,0.0021908021218241735,No Current Schedule Slippage Risk,LOW
618437,"Construction of Balance Work of 4-Laning of NH-37 Section between End of Moran Bypass to Bogibeel junction near Lapetketa Km. 561.700-Km. 580.875 under SARDP- NE, Phase 'A' in the State of Assam on EPC mode Pkg-I Road works & Toll Plaza",2026-07-01,Assam,Roads & Highways,5.9936163122786814e-05,0.005993616312278681,No Current Schedule Slippage Risk,LOW
618438,"4-Laning of NH-37 Section between Demow to End of Moran Bypass From Km. 534.800 to Km. 561.700 including Emergency Landing Facility ELF under SARDP-NE, Phase 'A' in the State of Assam on EPC mode",2026-07-01,Assam,Roads & Highways,2.1537588670423663e-05,0.0021537588670423663,No Current Schedule Slippage Risk,LOW
618439,"Construction of Balance Work of 4-Laning of the Section from Jorhat to Jhanji of NH- 37 Old from Km 453000 to Km 463000 10.000 Km, under SARDP- NE under EPC Mode in the state of Assam Pkg-I Road Works",2026-07-01,Assam,Roads & Highways,9.010207613277089e-05,0.00901020761327709,No Current Schedule Slippage Risk,LOW
618440,"Construction of Balance Work of 4-Laning of the Section from Jhanji to Demow of NH- 37 Old from Km 490.800 to Km 534.800, under SARDP- NE on EPC Mode in the state of Assam Pkg- IV Structures & Toll Plaza",2026-07-01,Assam,Roads & Highways,0.9899241954914216,98.99241954914217,Current Schedule Slippage Risk,HIGH
618441,"Construction of Balance Work of 4-Laning of the Section from Jhanji to Demow of NH- 37 Old from Km 490.800 to Km 501.800 11.000 Km, under SARDP- NE under EPC Mode in the state of Assam Pkg-I Road Works",2026-07-01,Assam,Roads & Highways,0.0003310730676568947,0.03310730676568947,No Current Schedule Slippage Risk,LOW
618442,"Construction of Balance Work of the 4-Laning of the Section from Jorhat to Jhanji of NH-37 Old from Km 477.000 to Km 490800 13.800 Km, under SARDP- NE under EPC Mode in the state of Assam Pkg-III Road Works",2026-07-01,Assam,Roads & Highways,0.00018462179320547742,0.018462179320547743,No Current Schedule Slippage Risk,LOW
618443,"Construction of Balance Work of the 4-Laning of the Section from Jorhat to Jhanji of NH-37 Old from Km 463.00 to Km 477.000 14.000 Km, under SARDP- NE under EPC Mode in the state of Assam Pkg-II Road Works",2026-07-01,Assam,Roads & Highways,6.455399819008842e-05,0.006455399819008842,No Current Schedule Slippage Risk,LOW
618444,"Construction of Balance Work of the 4-Laning of the Section from Jorhat to Jhanji of NH-37 Old from Km 453.000 to Km 490.800, under SARDP- NE , under EPC Mode in the state of Assam Pkg-IV Structures & Toll Plaza",2026-07-01,Assam,Roads & Highways,0.00018478282594943906,0.018478282594943905,No Current Schedule Slippage Risk,LOW
618445,Construction of 2-Laning with hard shoulders of Demwe-Brahmakund section of NH- 13 from Ch.0.00 km to 18.464 km on EPC under SARDP-NE NHO-NE -Balance Work,2026-07-01,Arunachal Pradesh,Roads & Highways,0.9987509651955591,99.87509651955591,Current Schedule Slippage Risk,HIGH
618446,Construction & Upgradation of existing road to 2-lane with paved shoulder from New Rolep Bridge at km 37.600 to Chochenpheri at km 52.00 in the section of Rongli to Chochenpheri of NH 717B Pkg-II C,2026-07-01,Sikkim,Roads & Highways,0.9977704924672196,99.77704924672196,Current Schedule Slippage Risk,HIGH
618447,Construction of 2-Laning with Paved Shoulder of New Greenfield Alignment From Helipad near Menla at Km 82000 to Menla at Km 94030 of Rhenock-Menla Spur NH- 717B Package-IIIB on EPC Basis under SARDP-NE Phase 'A' in the State of Sikkim.,2026-07-01,Sikkim,Roads & Highways,8.500824367984652e-05,0.008500824367984652,No Current Schedule Slippage Risk,LOW
618448,Construction of 2-Laning with Paved Shoulder of New Greenfield Alignment From Chochenpheri at Km 52000 to Helipad near Menla at Km 82000 of Rhenock-Menla Spur NH-717B Package-IIIA on EPC Basis under SARDP-NE Phase 'A' in the State of Sikkim.,2026-07-01,Sikkim,Roads & Highways,0.9365905345283128,93.65905345283127,Current Schedule Slippage Risk,HIGH
618449,Construction & Upgradation of existing road to 2-lane with paved shoulder from km27.200 End of Rongli bypass to km37.600New Rolep Bridge of Rhenok-Menla spur NH-717B on EPC Mode under SARDP-NE Phase-A in Sikkim Pkg-II B,2026-07-01,Sikkim,Roads & Highways,0.0001832459394211294,0.01832459394211294,No Current Schedule Slippage Risk,LOW
618450,Rehabilitation & Upgradation of existing road to 2-lane with paved shoulder including geometric improvement of section from start of Rabangla km33.600 to km58.840 under SARDP-NE Phase A Pkg- IV,2026-07-01,Sikkim,Roads & Highways,0.9987321482482532,99.87321482482531,Current Schedule Slippage Risk,HIGH
618452,"2-laning of Zorinpui - Longmasu section of NH-502A from km 0.000 to km 28.244 in the State of Mizoram on EPC mode under NHO-NE, stretch of IMBR",2026-07-01,Mizoram,Roads & Highways,0.9708106557659326,97.08106557659326,Current Schedule Slippage Risk,HIGH
618454,"Earthwork in Formation, Road Work, Construction of Bridges, Blanketing, P. Way Linking works including Supply of P. Way Fittings and Track Ballast in connection with Construction of Railway Siding from Jogighopa Railway Station to MMLP at Jogighopa from Ch. 00 to 3760 on Item Rate basis Package -3, Railway Siding from Jogighopa Railway Station to MMLP",2026-07-01,Assam,Roads & Highways,9.017314297724851e-05,0.00901731429772485,No Current Schedule Slippage Risk,LOW
618455,Development of External Trunk Connectivity and Internal Infrastructure Works at Multi Model Logistics ParkMMLP at Jogighopa in the State of Assam on EPC Mode Package-I Road and Utility Works,2026-07-01,Assam,Roads & Highways,2.4868640928218345e-05,0.0024868640928218345,No Current Schedule Slippage Risk,LOW
618457,Delhi-Vadodara Greenfield Alignment NH-148N Pkg-10 Ch. 292.950 to Ch. 319.400 [End of Interchange on NH-166 near village Mui to Hardeoganj village near Indergarh],2026-07-01,Rajasthan,Roads & Highways,4.663679523239125e-05,0.004663679523239125,No Current Schedule Slippage Risk,LOW
618458,Delhi-Vadodara Greenfield Alignment NH-148N Pkg-15 Ch. 419.000 to Ch.427.300 [Junction with NH-12 near village Ummedpura to Major bridge over Takli river near Nayagaon Jageer village],2026-07-01,Rajasthan,Roads & Highways,7.159696344972798e-05,0.007159696344972798,No Current Schedule Slippage Risk,LOW
618459,Delhi-Vadodara Greenfield Alignment NH-148N Pkg-26 Ch.696890 to Ch.726390,2026-07-01,Gujarat,Roads & Highways,0.0009705497102317055,0.09705497102317055,No Current Schedule Slippage Risk,LOW
618460,Delhi-Vadodara Greenfield Alignment NH-148N Pkg-28 Ch.756052 to Ch.781282,2026-07-01,Gujarat,Roads & Highways,6.936892143305307e-05,0.006936892143305307,No Current Schedule Slippage Risk,LOW
618462,Delhi-Vadodara Greenfield Alignment NH-148N Pkg-31 Ch.824920 to Ch.844382 [Junction near Pratap nagar Village - Junction near Dodka Village],2026-07-01,Gujarat,Roads & Highways,9.453948552448562e-05,0.009453948552448561,No Current Schedule Slippage Risk,LOW
618463,Vadodara Mumbai Expressway Kim to Ankleshwar Phase IA - Pkg V,2026-07-01,Gujarat,Roads & Highways,5.801402970073612e-05,0.0058014029700736115,No Current Schedule Slippage Risk,LOW
618466,Vadodara Mumbai Expressway Jujuwa - Gandeva from Km. 154.600 to Km. 190.000 Phase-I Package-VIII,2026-07-01,Gujarat,Roads & Highways,0.9938075760903038,99.38075760903038,Current Schedule Slippage Risk,HIGH
618467,Vadodara Mumbai Expressway Karvad - Jujuwa from Km. 128.000 to Km. 154.600 Phase-I Package-IX,2026-07-01,Gujarat,Roads & Highways,0.9945364724975555,99.45364724975555,Current Schedule Slippage Risk,HIGH
618469,Vadodara Mumbai Expressway Phase II - Pkg XIII [Km. 26.582 to Km. 50.700] Shirsad - Masvan,2026-07-01,Maharashtra,Roads & Highways,0.00034728354693679223,0.03472835469367922,No Current Schedule Slippage Risk,LOW
618470,Vadodara Mumbai Expressway Phase II - Pkg XIV [Km. 3.000 to Km. 20.200 of Spur] Shirsad - Akloli,2026-07-01,Maharashtra,Roads & Highways,0.0002020401182847456,0.020204011828474557,No Current Schedule Slippage Risk,LOW
618471,Vadodara Mumbai Expressway Phase II - Pkg XV [Km. 20.200 to Km. 43.000 of Spur] Akloli - Amne,2026-07-01,Maharashtra,Roads & Highways,0.0003155503521421221,0.03155503521421221,No Current Schedule Slippage Risk,LOW
618472,Vadodara Mumbai Expressway Phase II - Pkg XVI [Km. 43.000 to Km. 69.800 of Spur] Amne - Bhoj,2026-07-01,Maharashtra,Roads & Highways,0.0003742502636819705,0.03742502636819705,No Current Schedule Slippage Risk,LOW
618473,Vadodara Mumbai Expressway Phase II - Pkg XVII [Km. 69.800 to Km. 79.783 of Spur] Bhoj - Morbe,2026-07-01,Maharashtra,Roads & Highways,0.0004529487021452402,0.045294870214524025,No Current Schedule Slippage Risk,LOW
618475,Bangalore Chennai Expressway Phase-II Pkg-II from km.96.000 to Km 127.000 Baireddypalle to Bangarupalem section,2026-07-01,Andhra Pradesh,Roads & Highways,0.00024097033738390634,0.024097033738390634,No Current Schedule Slippage Risk,LOW
618476,Bangalore Chennai Expressway Phase-II Pkg-III from km.127.000 to Km 156.000 Bangarupalem to Gudipala section,2026-07-01,Andhra Pradesh,Roads & Highways,0.00034387503932373307,0.0343875039323733,No Current Schedule Slippage Risk,LOW
618477,Bangalore Chennai Expressway Phase-III Package I Gudipala to Walajajhpet from Km 156.000 to Km 180.000,2026-07-01,"Multi-States (Andhra Pradesh, Tamil Nadu)",Roads & Highways,9.58486367896029e-05,0.00958486367896029,No Current Schedule Slippage Risk,LOW
618478,Bangalore Chennai Expressway Phase-III Package II Walajahpet to Arakkonam from Km 180.000 to Km 204.500,2026-07-01,Tamil Nadu,Roads & Highways,7.007182649422708e-05,0.007007182649422707,No Current Schedule Slippage Risk,LOW
618479,Bangalore Chennai Expressway Phase-III Package III Arakkonam to Kancheepuram from Km 204.500 to Km 230.000,2026-07-01,Tamil Nadu,Roads & Highways,0.998497361583019,99.84973615830191,Current Schedule Slippage Risk,HIGH
618480,Construction of Trumpet Interchange Connecting Bangalore Chennai Expressway km.261705 to km. 262800 with Maduravoyal to Walajapet Section of NH 48 near Sriperumbudur Toll Plaza at km. 35700,2026-07-01,Tamil Nadu,Roads & Highways,0.9967648951922121,99.6764895192212,Current Schedule Slippage Risk,HIGH
618481,4L Bangalore-Chennai Expressway from Km. 230.000 to Km. 261.705 of Kanchepuram to Sriperumbudur Section Phase-III/Package-IV,2026-07-01,Tamil Nadu,Roads & Highways,0.00018415800257451752,0.018415800257451754,No Current Schedule Slippage Risk,LOW
618482,Delhi-Amritsar-Katra Expressway Phase-I Pkg-I from Jussur Kheri on NH-KMP Expressway to Junction with Rohtak-Panipat road NH-709 near Rukhi Paani village Km 0000 to Km 34000,2026-07-01,Haryana,Roads & Highways,7.750201042039444e-05,0.007750201042039444,No Current Schedule Slippage Risk,LOW
618483,Delhi-Amritsar-Katra Expressway Phase-I Pkg-II from Junction with Rohtak-Panipat road NH-709 near Rukhi Paani village to Junction with Jind-Panipat road NH-352A near Gangana village Km 34000 to Km 60800,2026-07-01,Haryana,Roads & Highways,9.459202462569061e-05,0.009459202462569061,No Current Schedule Slippage Risk,LOW
618486,Delhi-Amritsar-Katra Expressway Phase-I Pkg-V from Junction with Ambala-Kaithal- Hissar road NH-152 near Kharak Pandwa village to Junction with Patiala-Samana- Patran road SH-10 near Ghagga village Km 120250 to Km 157920,2026-07-01,"Multi-States (Haryana, Punjab)",Roads & Highways,6.271881209363736e-05,0.006271881209363736,No Current Schedule Slippage Risk,LOW
618488,Delhi-Amritsar-Katra Expressway Phase-I Pkg-VIII from Junction with Ludhiana- Malerkotla SH-11 near Bhogiwal village to Junction with Ludhiana-Moga road NH-5 near Mullanpur Dakha Km 225770 to km 260860,2026-07-01,Punjab,Roads & Highways,0.9997721242823755,99.97721242823755,Current Schedule Slippage Risk,HIGH
618489,Delhi-Amritsar-Katra Expressway Phase-I Pkg-IX from Junction with Ludhiana-Moga road NH-5 near Mullanpur Dakha to Junction with Jalandhar - Moga road NH-703 near Kang Sahibu village Km 260860 to km 303900,2026-07-01,Punjab,Roads & Highways,0.9996863411563296,99.96863411563297,Current Schedule Slippage Risk,HIGH
618490,Delhi-Amritsar-Katra Expressway Phase-I Pkg-X from Jn. with Jalandhar - Moga road NH-703 to Jn. with Jalandhar-Kapurthala road NH-703A and to Jn. with Kapurthala - Sultanpur Lodhi road NH-703A km 000 to km 24000 to Amritsar connectivity,2026-07-01,Punjab,Roads & Highways,0.9994303217942117,99.94303217942117,Current Schedule Slippage Risk,HIGH
618491,Delhi-Amritsar-Katra Expressway Phase-I Pkg-XI from Junction with Jalandhar - Kapurthala road NH-703A near khojewal village to Junction with Amritsar-Mehta- SriHargobindpur-Tanda road NH-503A near SriHargobindpur Km 319400 to km 362420,2026-07-01,Punjab,Roads & Highways,0.9998709172333577,99.98709172333578,Current Schedule Slippage Risk,HIGH
618492,Delhi-Amritsar-Katra Expressway Phase-I Pkg-XII from Junction with Amritsar-Mehta- SriHargobindpur-Tanda road NH-503A near SriHargobindpur to Junction with Pathankot-Gurdaspur road NH-54 near Gurdaspur Km 362420 to km 397700,2026-07-01,Punjab,Roads & Highways,0.9980284619386386,99.80284619386386,Current Schedule Slippage Risk,HIGH
618493,Delhi-Amritsar-Katra Expressway Phase-I Spur-I from Jn. with Kapurthala - Sultanpur Lodhi Road NH-703A near Isharwal village to Jn. with Kapurthala - Tarn Taran road NH-703AA near Goinwal Sahib [Km 24000 to Km 41000 of Amritsar connectivity],2026-07-01,Punjab,Roads & Highways,0.9984130454839827,99.84130454839827,Current Schedule Slippage Risk,HIGH
618494,Delhi-Amritsar-Katra Expressway Phase-II Pkg-XV [Junction with Hiranagar Road near village Gurha Baildaran to Junction with Jammu Ring Road NH-244A near Jakh village from Km 468100 to Km 503250],2026-07-01,Jammu and Kashmir,Roads & Highways,0.00015266026245284292,0.015266026245284293,No Current Schedule Slippage Risk,LOW
618495,4/6L Access Control Expressway from Design Chainage Km 515.000 to 528.300 Kunjwani to Sidhra Section of NH-44 and from Design Chainage Km 550.900 to Km 566.520 Domel to Katra Section Phase II-Package XVII,2026-07-01,Jammu and Kashmir,Roads & Highways,0.9991535587518456,99.91535587518456,Current Schedule Slippage Risk,HIGH
618496,Delhi-Amritsar-Katra Expressway Phase-II Pkg-XVI Existing Jakh Vijaypur-Kunjwani section of NH-44 including spur Connectivity to Jammu Airport NH-144A [Km 503500 to km 514500],2026-07-01,Jammu and Kashmir,Roads & Highways,7.456072093887617e-05,0.0074560720938876175,No Current Schedule Slippage Risk,LOW
618497,Delhi Amritsar Katra Expressway Phase-II Pkg XVIII Development and Upgradation of Four lane Access Control Expressway from Design Chainage KM 530.00 to KM 545.300 Sidhra to Domel Section of NH-44,2026-07-01,Jammu and Kashmir,Roads & Highways,0.9998585302815278,99.98585302815279,Current Schedule Slippage Risk,HIGH
618499,6L Elevated Kanpur - Lucknow Exeressway Pkg-1 from Km. 10980 to Km. 28500,2026-07-01,Uttar Pradesh,Roads & Highways,9.867190638715067e-05,0.009867190638715067,No Current Schedule Slippage Risk,LOW
618500,Construction of 4L Connector from Delhi Meerut Expressway Km 50.000 of Pkg IV to Km 8.520 of NH-235 Pkg-5,2026-07-01,Uttar Pradesh,Roads & Highways,0.9981705830362697,99.81705830362696,Current Schedule Slippage Risk,HIGH
618503,Ahmedabad - Dholera Pkg III from km. 48.52 to km. 71.06 [Vejallka Village - Start of DSIR zone],2026-07-01,Gujarat,Roads & Highways,6.346833269296462e-05,0.0063468332692964615,No Current Schedule Slippage Risk,LOW
618504,Ahmedabad - Dholera Pkg IV from km. 71.06 to km. 109.019 [Start of DSIR zone - Adhelai Village],2026-07-01,Gujarat,Roads & Highways,3.8123161985667285e-05,0.0038123161985667287,No Current Schedule Slippage Risk,LOW
618505,Additional Structures on 6LGurgaon-Jaipur Section of NH-48 between KM 42.700 to KM 273.00,2026-07-01,"Multi-States (Haryana, Rajasthan)",Roads & Highways,0.0001146919562491197,0.01146919562491197,No Current Schedule Slippage Risk,LOW
618506,"Construction of Additional Structures, Improvement of Service Road & Maintenance of Six Lane Gurgaon-Jaipur Section of NH-48 old NH-8 between km 42700 to km 107100 in the State of Haryana",2026-07-01,Haryana,Roads & Highways,0.9309001058274182,93.09001058274183,Current Schedule Slippage Risk,HIGH
618507,"Balance work of Six Laning of Shamlaji-Motachiloda from Km. 401.200 to Km.494.410 section Design Chainage Km.447.385 to Km 540.595, Length- 93.210 Km of old NH-8 NH-48 in the state of Gujarat on single Percentage Item Rate Contract",2026-07-01,Gujarat,Roads & Highways,8.604322618870274e-05,0.008604322618870274,No Current Schedule Slippage Risk,LOW
618508,Construction of Additional Structures including Approaches in Vadodara Surat Section of NH48 between existing Km. 108.000 to Km. 250.000,2026-07-01,Gujarat,Roads & Highways,0.9978476221162232,99.78476221162232,Current Schedule Slippage Risk,HIGH
618509,Development of 6L UER II [Package - I] NH-1 Near Bakoli till Karala Kanjhawala Road from km. 0.70 to km.15.00,2026-07-01,Delhi,Roads & Highways,5.884860788805266e-05,0.005884860788805266,No Current Schedule Slippage Risk,LOW
618511,Upgradation & rehabilitation of Service Roads on both sides in urban areas of Pune City on PuneSatara section of NH48,2026-07-01,Maharashtra,Roads & Highways,0.9933502386226581,99.33502386226581,Current Schedule Slippage Risk,HIGH
618512,Tunnel at Khambataki Ghat Section and its approaches from existing Km. 771.730 to existing Km. 782.000,2026-07-01,Maharashtra,Roads & Highways,0.0004381330259015817,0.04381330259015817,No Current Schedule Slippage Risk,LOW
618513,6L of Kagal-Satara section from Km 592.500 to Km 658.000 of NH-48 Pkg-I,2026-07-01,Maharashtra,Roads & Highways,0.9989140294861069,99.89140294861069,Current Schedule Slippage Risk,HIGH
618514,6L of Kagal-Satara section from Km 658.000 to Km 725.000 of NH-48 Pkg-II,2026-07-01,Maharashtra,Roads & Highways,0.9930333571332607,99.30333571332606,Current Schedule Slippage Risk,HIGH
618516,6L from Sankeshwar Bypass to MH-KNT Border from Km. 555.017 to Km. 592.853 of NH-48 Pkg-II,2026-07-01,"Multi-States (Karnataka, Maharashtra)",Roads & Highways,8.428247655305176e-05,0.008428247655305176,No Current Schedule Slippage Risk,LOW
618517,4/6L of Bangalore - Pune Section of bypass connecting Dharwad - Hubli from km. 403.80 to km. 433.20,2026-07-01,Karnataka,Roads & Highways,0.0001428109673713708,0.01428109673713708,No Current Schedule Slippage Risk,LOW
618518,Davanagere - Haveri of NH-48 Old NH-4 from km. 260.00 to km. 338.923,2026-07-01,Karnataka,Roads & Highways,7.060579946631942e-05,0.007060579946631942,No Current Schedule Slippage Risk,LOW
618519,Bangalore Ring Road STRR-NH-948A- Package-I of Phase-III from Belagondapalli TN to TN/KNT border from km 144.480 to 179.969,2026-07-01,"Multi-States (Karnataka, Tamil Nadu)",Roads & Highways,0.0006492519536647276,0.06492519536647276,No Current Schedule Slippage Risk,LOW
618520,4L of km 0.00 to km 42.00 of Dobbaspet to Doddaballapura Bypass section of NH-648 old NH-207] [Bangalore Ring Road Pkg 1],2026-07-01,Karnataka,Roads & Highways,9.167646029285884e-05,0.009167646029285884,No Current Schedule Slippage Risk,LOW
618521,Karaipettai to Walajapet from Km 71.015 to 107.091,2026-07-01,Tamil Nadu,Roads & Highways,8.586591887036991e-05,0.00858659188703699,No Current Schedule Slippage Risk,LOW
618522,Balance Works for six laning of Sriperumbudur to karaipettai section of NH-4 New NH- 48 from 37000 Existing Km 37000 to Km 71015 Existing Km 71000 in Tamilnadu on EPC mode underNHDP Phase-V,2026-07-01,Tamil Nadu,Roads & Highways,0.9988651301623788,99.88651301623787,Current Schedule Slippage Risk,HIGH
618523,Bhadrak KM 136.500 to Baleshwar KM 199.141,2026-07-01,Odisha,Roads & Highways,8.73666839525883e-05,0.008736668395258829,No Current Schedule Slippage Risk,LOW
618524,Construction of 6 lane elevated corridor including its approaches from Km. 629880 to Km. 634470 Design Chainage of NH-16 in Ranasthalam Town portion in the state of Andhra Pradesh on EPC Mode under NHO.,2026-07-01,Andhra Pradesh,Roads & Highways,0.9998927244041289,99.98927244041289,Current Schedule Slippage Risk,HIGH
618525,Construction of flyover at Gammon Junction at Km.903.265 on NH16 including vent at Diwancheruvu junction at Km.902.308 Blackspot ID No.AP03299 in Andhra Pradesh on EPC mode under NHO,2026-07-01,Andhra Pradesh,Roads & Highways,0.013010685179957845,1.3010685179957844,No Current Schedule Slippage Risk,LOW
618526,6L of Gundugolanu Design km 1023.280 to Kalaparru Design km 1050.680 of NH-5 New NH-16,2026-07-01,Andhra Pradesh,Roads & Highways,7.261989863681899e-05,0.0072619898636818985,No Current Schedule Slippage Risk,LOW
618529,Varanasi Ring Road Pkg-II connecting Sandaha Village km 11.70 / NH-29 with Revasa Village km 818.80 / NH-2,2026-07-01,Uttar Pradesh,Roads & Highways,0.0002240285965292422,0.022402859652924222,No Current Schedule Slippage Risk,LOW
618530,Six Laning of Varanasi to Aurangabad from km. 786.00 to km. 978.40 of Old NH-2,2026-07-01,"Multi-States (Bihar, Uttar Pradesh)",Roads & Highways,0.00023697477604693468,0.023697477604693467,No Current Schedule Slippage Risk,LOW
618531,6L of Aurangabad to Bihar-Jharkhand border Chordaha section from km. 180.000 to km. 209.827 of NH-2 PKG-01,2026-07-01,"Multi-States (Bihar, Jharkhand)",Roads & Highways,0.3272517924474638,32.72517924474638,No Current Schedule Slippage Risk,LOW
618533,Barwa Adda Km. 398.240 to Panagarh Km. 521.120,2026-07-01,"Multi-States (Jharkhand, West Bengal)",Roads & Highways,0.00046271394594657385,0.046271394594657386,No Current Schedule Slippage Risk,LOW
618534,Construction of Six lane elevated flyover including reconstruction/rehabilitation of existing pavement from Km 426230 to Km 430500 Length 4.27 Km at Nirsa in the Barwa Adda Panagarh section of NH-19 from Km.398.240 to Km.521.120 including Panagarh Bypass in the State of Jharkhand on EPC Mode.,2026-07-01,Jharkhand,Roads & Highways,0.04804330359413053,4.804330359413053,No Current Schedule Slippage Risk,LOW
618535,Construction of Six lane elevated flyover including reconstruction/rehabilitation of existing pavement from Km 406100 to Km 411150 Length 5.05 Km at Gobindpur area in the Barwa Adda Panagarh section of NH-19 from Km.398.240 to Km.521.120 including Panagarh Bypass in the State of Jharkhand on EPC Mode.,2026-07-01,Jharkhand,Roads & Highways,0.7308171449111882,73.08171449111882,Current Schedule Slippage Risk,HIGH
618536,Construction of Ring Road around Kanpur from Ch.68.650 to Ch.93.209 Jarkala to Pakari Package-IV in State of Uttar Pradesh.,2026-07-01,Uttar Pradesh,Roads & Highways,0.9822969168450816,98.22969168450815,Current Schedule Slippage Risk,HIGH
618537,Construction of Ring Road around Kanpur from Km.000 to Km. 23.325 Chachendi Sachendi I to Maharajpur Package-I,2026-07-01,Uttar Pradesh,Roads & Highways,0.9917198449434388,99.17198449434387,Current Schedule Slippage Risk,HIGH
618538,Construction of Ring Road around kanpur from Ch.51.200 to Ch. 68.650 Badarka to Harbanch-Uchti Pkg-III,2026-07-01,Uttar Pradesh,Roads & Highways,0.0192344514086277,1.92344514086277,No Current Schedule Slippage Risk,LOW
618539,Construction of Ring Road Kanpur from Ch. 32.090 to Ch.51.200 Transganaga to Sathara Package-II B,2026-07-01,Uttar Pradesh,Roads & Highways,0.9803107661219315,98.03107661219315,Current Schedule Slippage Risk,HIGH
618540,Construction of Ring Road around Kanpur from Ch.23.325 to Ch.32.090 Chaudhariya to Transganga Package-IIA,2026-07-01,Uttar Pradesh,Roads & Highways,0.05114439160745395,5.114439160745396,No Current Schedule Slippage Risk,LOW
618541,4L Ring road/bypass around Srinagar city from km 0.000 to km 42.100 Phase-I,2026-07-01,Jammu and Kashmir,Roads & Highways,0.00027633006702360474,0.027633006702360473,No Current Schedule Slippage Risk,LOW
618542,4L of existing Wayul Ganderbal Pandach Soura section of old NH-1 as a part of Srinagar Ring Road Phase IIA,2026-07-01,Jammu and Kashmir,Roads & Highways,0.7254824080210984,72.54824080210985,Current Schedule Slippage Risk,HIGH
618543,4L of twin tube tunnel configuration including approaches from Marog to Digdol from Km.154.210 to Km.158.650 North Bound and from Km.155.940 to Km.160.260 South Bound of Ramban to Banihal Pkg-I of Old NH-1A New NH-44,2026-07-01,Jammu and Kashmir,Roads & Highways,0.994154556565746,99.41545565657461,Current Schedule Slippage Risk,HIGH
618544,"4L twin tube tunnel including approaches from Digdol to Khuni Nallah North Bound connecting with existing major bridge on NB and South Bound connecting with Tunnel T4 ,Single tube tunnel of Ramban to Banihal Pkg-II of Old NH-1A New NH-44",2026-07-01,Jammu and Kashmir,Roads & Highways,8.460699486699561e-05,0.008460699486699561,No Current Schedule Slippage Risk,LOW
618545,"4L of Km.165.092 to Km.171.855 North Bound and from Km.166.895 to Km.173.638 South Bound, excl. certain reaches of North Bound and South Bound of Ramban to Banihal Pkg-III of Old NH-1A New NH-44",2026-07-01,Jammu and Kashmir,Roads & Highways,0.9995164404071178,99.95164404071178,Current Schedule Slippage Risk,HIGH
618547,2L NH-1 from km 8.660 to km 33.775 Sumbal to Wayul to 4L dual carriageway NH standard as part of Srinagar Ring Road PhaseII [Design Ch. 41.907 to Ch. 66.609],2026-07-01,Jammu and Kashmir,Roads & Highways,0.9994192280779747,99.94192280779747,Current Schedule Slippage Risk,HIGH
618549,Construction of twin tube tunnels on Jammu Kashmir Ring Road NH-244A Between Design Ch. 50600 to 51700 and design Ch. 53535 to 55700 on EPC mode under residual NHDP component of Bharatmala Pariyojna,2026-07-01,Jammu and Kashmir,Roads & Highways,6.196275711603924e-05,0.0061962757116039244,No Current Schedule Slippage Risk,LOW
618550,Corridor Efficiency Improvement including removal of black spots in Lakhanpur - Samba section of NH-44 from Chainage Km. 16.300 to Km. 74.100,2026-07-01,Jammu and Kashmir,Roads & Highways,0.9985063438201944,99.85063438201945,Current Schedule Slippage Risk,HIGH
618551,Greenfield connectivity from Govindsar village on Delhi Amritsar Katra Expressway to Talwara village on NH-44 Pathankot by-pass,2026-07-01,Punjab,Roads & Highways,0.9880980635448846,98.80980635448846,Current Schedule Slippage Risk,HIGH
618552,Development of 6L Greenfield Jalandhar Bypass starting from Kahlwan NH-03 ending at Kang Sahbu NH-703 via Sarmastpur NH-44 - Madara NH-03 - Khajurla NH-44,2026-07-01,Punjab,Roads & Highways,0.9997689416711166,99.97689416711167,Current Schedule Slippage Risk,HIGH
618554,Construction of left out portion of Agra Inner Ring Road connecting village Deori to NH-44 village Bad from Km. 0.000 to Km. 7.772,2026-07-01,Uttar Pradesh,Roads & Highways,8.250741323488366e-05,0.008250741323488367,No Current Schedule Slippage Risk,LOW
618556,"Construction of 26 VUPs, Major Bridge, Service Road etc. on Lalitpur-Sagar- Lakhnadon section of NH-44 NS",2026-07-01,"Multi-States (Madhya Pradesh, Uttar Pradesh)",Roads & Highways,5.606201495976081e-05,0.005606201495976081,No Current Schedule Slippage Risk,LOW
618557,4L of Indora Chowk to Pachpaoli and Agrasen Chowk - Ashoka Chowk,2026-07-01,Maharashtra,Roads & Highways,0.0003862326290385701,0.03862326290385701,No Current Schedule Slippage Risk,LOW
618558,Improvement of Geometrics of Kalkallu to Gundla Pochanpalli from Km 454.00 to Km 471.00 of NH-44,2026-07-01,Telangana,Roads & Highways,0.999715070137192,99.97150701371919,Current Schedule Slippage Risk,HIGH
618559,6L of existing 4L from Gundlapochampally to Bowenpally from km 471.300 to km 481.331 of NH-44,2026-07-01,Telangana,Roads & Highways,0.9996654174933336,99.96654174933336,Current Schedule Slippage Risk,HIGH
618560,Improvement of Geometrics of Thondupally to Kothur from Km 22.300 to Km 34.14 of NH-44,2026-07-01,Telangana,Roads & Highways,0.9993049463913246,99.93049463913246,Current Schedule Slippage Risk,HIGH
618561,Improving the Alignment of Thoppur Ghat Section from Km 158.500 to Km 165.100 in Dharmapuri - Salem Section of NH-44,2026-07-01,Tamil Nadu,Roads & Highways,0.02635026338773829,2.6350263387738293,No Current Schedule Slippage Risk,LOW
618563,4L of Madurai Ring Road Phase 1 [Vadipatti-Thamrapatti] from km 0.00 - km 29.960,2026-07-01,Tamil Nadu,Roads & Highways,0.0001366461073611557,0.01366461073611557,No Current Schedule Slippage Risk,LOW
618564,6L with PS of Samakhiyali to Santalpur section from km. 339.700 to Km. 430.100 of NH-27,2026-07-01,Gujarat,Roads & Highways,0.9762244282254198,97.62244282254198,Current Schedule Slippage Risk,HIGH
618566,4L Green Field Northern East side Gorakhpur Bypass 26.616 Kms starting from NH- 29E Chainage 83.308 and end at NH-28 Chainage 285.100,2026-07-01,Uttar Pradesh,Roads & Highways,0.9986221162160669,99.86221162160669,Current Schedule Slippage Risk,HIGH
618567,4/6L of Northern Ayodhya Bypass starting Km. 112.540 and ending Km. 139.928 north of existing NH-27 part-1 and part-2 south of NH-27 from km 0.000 to km 5.000.,2026-07-01,Uttar Pradesh,Roads & Highways,0.0235294925548117,2.3529492554811697,No Current Schedule Slippage Risk,LOW
618568,4/6L Southern Ayodhya Bypass from Km 5.000 to Km 37.172 starting near Km. 112.540 and ending at Km. 153.281 of NH-27,2026-07-01,Uttar Pradesh,Roads & Highways,0.045871210759158634,4.587121075915864,No Current Schedule Slippage Risk,LOW
618569,Balance work - WB-10 Gandak Bridge Km 402.00 to Km 440.00 Devanpur - Kotwa,2026-07-01,Bihar,Roads & Highways,0.9999713817831681,99.99713817831682,Current Schedule Slippage Risk,HIGH
618571,Permanent rectification of 3 nos. of black spots in project Highway NH-27 of U.P border - Dewapur - Kotwa section from Km.360.915 to km.440.000 Total Length of 79.085 Km of NH-27& Permanent rectification of 5 nos. of black spots of project Highway NH-27 of Kotwa - Mehsi - Muzaffarpur Section from km.440.000 to km.520.000 Total length 80.00Km,2026-07-01,Bihar,Roads & Highways,0.00021084410480692262,0.02108441048069226,No Current Schedule Slippage Risk,LOW
618572,Binnaguri Bypass-Descoped portion of Ghoshpukur-Dhupguri Section of NH-31Dpkg-1,2026-07-01,West Bengal,Roads & Highways,0.5812659143921104,58.12659143921104,Current Schedule Slippage Risk,MEDIUM
618574,Balance Works of 4L of NH-31D from Km. 113.200 to Km. 154.854 Package-II A Ghoshpukur-Salsalabari Section,2026-07-01,West Bengal,Roads & Highways,0.03462453845792295,3.4624538457922953,No Current Schedule Slippage Risk,LOW
618577,Dwarka Expressway Pkg-III Delhi/HR Border to Start of RoB Gurugram,2026-07-01,"Multi-States (Delhi, Haryana)",Roads & Highways,0.00011419889764317646,0.011419889764317646,No Current Schedule Slippage Risk,LOW
618579,6L of Anandapuram Pendurthi Anakapalli Section from km. 681.000 to km. 731.780 of NH-16,2026-07-01,Andhra Pradesh,Roads & Highways,0.0008999653302886057,0.08999653302886057,No Current Schedule Slippage Risk,LOW
618580,Gohana - Sonipat PKG-2,2026-07-01,Haryana,Roads & Highways,5.3190236432785924e-05,0.005319023643278593,No Current Schedule Slippage Risk,LOW
618581,Hosur to Dhamrapuri Pkg-1 [Neraluru - Thorapalli Agraharam],2026-07-01,"Multi-States (Karnataka, Tamil Nadu)",Roads & Highways,0.9998937059947272,99.98937059947272,Current Schedule Slippage Risk,HIGH
618584,4L of Kishanganj - Bahadurganj section from Km. 0.000 to Km. 23.649 & interchange at Start Point Length - 1.200 Km of NH-27,2026-07-01,"Multi-States (Bihar, West Bengal)",Roads & Highways,0.055428215465520916,5.542821546552092,No Current Schedule Slippage Risk,LOW
618585,6L of Gonde Km. 439.038 to Pimpri Sado Km. 459.905 section of NH-848 Old NH-3,2026-07-01,Maharashtra,Roads & Highways,0.9833687253374184,98.33687253374184,Current Schedule Slippage Risk,HIGH
618586,Improvement and strengthening of existing 2 lane stretch to 2-Lane with PS 1.5m on both sides on Ghoti-Sinnar section of NH-160A using Thin White Topping 200mm thick in the State Of Maharashtra on EPC Mode,2026-07-01,Maharashtra,Roads & Highways,0.9997125430150259,99.97125430150258,Current Schedule Slippage Risk,HIGH
618588,4L Mitigation Measure structures on CH/MH Border to Wainganga Bridge Section of NH-6 New NH-53,2026-07-01,Maharashtra,Roads & Highways,4.067684302255387e-05,0.004067684302255388,No Current Schedule Slippage Risk,LOW
618589,Durg-Raipur Bypass Section Package - 1 from km. 0.00 to km. 44.50 near Tendesara to near Khatti Village,2026-07-01,Chhattisgarh,Roads & Highways,0.9986606096658373,99.86606096658373,Current Schedule Slippage Risk,HIGH
618590,Durg-Raipur-Arang Package - 2 from km. 44.50 to km. 92.23 near Khatti Village to near Aurang,2026-07-01,Chhattisgarh,Roads & Highways,0.9970331295048224,99.70331295048224,Current Schedule Slippage Risk,HIGH
618591,"Construction of 6-lane flyover at Ainthapali junction and a 2-lane ROB LHS on NH-53 Earlier NH-6 in Sambalpur, on EPC mode in Odisha under NHO",2026-07-01,Odisha,Roads & Highways,0.9999371863523974,99.99371863523973,Current Schedule Slippage Risk,HIGH
618592,"Balance work of 8 nos. of Elephant Underpasses EUPs, 1 no. of Vehicular Underpass VUP, 1 nos. of Light Vehicular Underpass LVUP, 1 nos. of Pedestrian Underpass PUP, 1 nos. of Foot Over Bridge FOB and A2 side approach of Jharpokharia Flyover at Km.215.270 in Baharagora-Singhara section of NH-49",2026-07-01,Odisha,Roads & Highways,0.9893274779367593,98.93274779367593,Current Schedule Slippage Risk,HIGH
618593,Balance work of Rehabilitation and Upgradation to four laning of Baharagora Singhara section of NH-49 from Km.229.727 to Km.238.990 Length 9.263 Km. including construction of five nos. of Elephant Underpasses EUP and fourteen nos. of Animal Underpasses AUP inside the buffer zone of Similipal Tiger Reserve Area in Bangriposi Ghat section in the State of Odisha on EPC Mode,2026-07-01,Odisha,Roads & Highways,0.9959440883760079,99.5944088376008,Current Schedule Slippage Risk,HIGH
618594,Balance work of 4L Panvel to Indapur section of NH-66 Old NH- 17 from km 0.000 Panvel to km 42.300 Kasu,2026-07-01,Maharashtra,Roads & Highways,0.00035839938009602477,0.03583993800960248,No Current Schedule Slippage Risk,LOW
618595,6L of Chengala - Neeleshwaram from km. 56.200 to km. 93.468,2026-07-01,Kerala,Roads & Highways,6.527681491413903e-05,0.006527681491413903,No Current Schedule Slippage Risk,LOW
618596,6L of Taliparamba to Muzhappilangad from Km 134.650 to Km 170.6 of NH-66,2026-07-01,Kerala,Roads & Highways,0.0014896745393250211,0.1489674539325021,No Current Schedule Slippage Risk,LOW
618597,6L of Azhiyur-Vengalam from km. 189.200 to km. 230.400 of NH-66,2026-07-01,Kerala,Roads & Highways,0.9873438290829265,98.73438290829264,Current Schedule Slippage Risk,HIGH
618598,6L Minor Bridge Paloli Palam at km. 203.160 & Major Bridge Morad at km. 204.895 and allied works,2026-07-01,Kerala,Roads & Highways,7.641574729804863e-05,0.007641574729804863,No Current Schedule Slippage Risk,LOW
618599,6L of Ramanatukkara Junction to start of Valanchery bypass section of NH-66,2026-07-01,Kerala,Roads & Highways,0.00044669214633421775,0.04466921463342177,No Current Schedule Slippage Risk,LOW
618600,6L of Valanchery bypass to Kappirikkad of NH 66 from km. 298500 to km 335850,2026-07-01,Kerala,Roads & Highways,0.0004827527985696598,0.04827527985696598,No Current Schedule Slippage Risk,LOW
618601,6L of Kappirikkad to Thalikulam section from km 335.85 to km 369.015 of NH - 66 old NH-17,2026-07-01,Kerala,Roads & Highways,0.00028885553704721727,0.028885553704721727,No Current Schedule Slippage Risk,LOW
618602,6L of Thalikulam to Kodugallur section from km 369.015 to km 397.850 of NH - 66 old NH-17,2026-07-01,Kerala,Roads & Highways,0.0002738579322025941,0.02738579322025941,No Current Schedule Slippage Risk,LOW
618603,6L of Kodugallur to Edapppally section from km 397.750 to km 423.780 of NH - 66 old NH-17,2026-07-01,Kerala,Roads & Highways,0.9997989045605402,99.97989045605402,Current Schedule Slippage Risk,HIGH
618604,Aroor-Thuravoor Thekku,2026-07-01,Kerala,Roads & Highways,0.00010633301385242204,0.010633301385242204,No Current Schedule Slippage Risk,LOW
618605,Thuravoor Thekku-Paravoor,2026-07-01,Kerala,Roads & Highways,0.00031707420937027885,0.031707420937027886,No Current Schedule Slippage Risk,LOW
618606,Paravoor-Kottankulangara,2026-07-01,Kerala,Roads & Highways,0.998448528576213,99.8448528576213,Current Schedule Slippage Risk,HIGH
618607,Kottankulangara- Start of Kollam Bypass,2026-07-01,Kerala,Roads & Highways,0.9985342590724795,99.85342590724795,Current Schedule Slippage Risk,HIGH
618608,4L of left-over works including additional structures from Kerala/Tamil Nadu border to Kanyakumari Section from Km 43.0 to Km 96.174 of NH66,2026-07-01,Tamil Nadu,Roads & Highways,0.0019420111188180947,0.19420111188180947,No Current Schedule Slippage Risk,LOW
618609,Construction of 4L Flyover from MES College Junction to Bogmalo Junction on NH- 566 from Km. 7.106 to Km. 10.460 and 4L VUP at Queeny Nagar Junction from Km. 3.330 to Km. 4.550,2026-07-01,Goa,Roads & Highways,0.9713785057202556,97.13785057202557,Current Schedule Slippage Risk,HIGH
618610,6L of Jodhpur Romana Bathinda - Mandi Dabwali Punjab Haryana Border section of NH-54 from km. 0.000 to km. 27.400 of NH-54,2026-07-01,Punjab,Roads & Highways,6.772833397209061e-05,0.006772833397209061,No Current Schedule Slippage Risk,LOW
618611,Sangariya near Chautala-Rasisar near Bikaner section of NH-754K Phase-I AJ/SR- Package-7,2026-07-01,Rajasthan,Roads & Highways,3.671749928655004e-05,0.003671749928655004,No Current Schedule Slippage Risk,LOW
618612,Deogarh near Dhandhaniya-Rajasthan/Gujarat Border Phase-I AJ/DRGB-Package-6,2026-07-01,Rajasthan,Roads & Highways,2.8456773480398224e-05,0.0028456773480398222,No Current Schedule Slippage Risk,LOW
618613,Deogarh near Dhandhaniya-Rajasthan/Gujarat Border Phase-I AJ/DRGB-Package-7,2026-07-01,Rajasthan,Roads & Highways,2.601219910576984e-05,0.002601219910576984,No Current Schedule Slippage Risk,LOW
618615,Sanchore - Santalpur from km 99.000 - km 130.073 of NH-754K AJ-RGBS-Package-4,2026-07-01,Gujarat,Roads & Highways,4.514806185767463e-05,0.004514806185767463,No Current Schedule Slippage Risk,LOW
618616,4L of Dhrol bypass section of NH-151A Approx. length 5.7 Km & widening upto 4 laning of missing link of Amran section of NH-151A Approx. length 6.55 Km from existing Ch. 42000 to 48500 of ongoing Dhrol-Bhadra-Pipaliya section of NH-151A,2026-07-01,Gujarat,Roads & Highways,0.9739249725020287,97.39249725020287,Current Schedule Slippage Risk,HIGH
618617,6L Amritsar-Bathinda Greenfield section from village Tiba on NE-5A to Jn. with Moga Jalandhar road NH-703 near Dharamkot from km 0.000 to km 39.000 of NH-754A Pkg-1,2026-07-01,Punjab,Roads & Highways,0.9998531410716779,99.9853141071678,Current Schedule Slippage Risk,HIGH
618618,6L Amritsar-Bathinda Greenfield section from Jn. with Bhagta Bhai Ka-Bhadaur Road near Dyalpura Bhai Ka to Jn. with Mandi Dabwali Bathinda Road on NH-54 near Sangat Kalan from km 93.000 to km 154.866 of NH-754A Pkg-3,2026-07-01,Punjab,Roads & Highways,0.9994442238511589,99.9444223851159,Current Schedule Slippage Risk,HIGH
618619,Bypass on Western side of Gwalior City,2026-07-01,Madhya Pradesh,Roads & Highways,0.9400109351176335,94.00109351176334,Current Schedule Slippage Risk,HIGH
618620,"Additional works 2VUPs, MR-10 junction flyover and underpass in Six lane Indore- Dewas section of NH-52 in the state of Madhya Pradesh on EPC Mode",2026-07-01,Madhya Pradesh,Roads & Highways,0.9957627065724768,99.57627065724768,Current Schedule Slippage Risk,HIGH
618621,Indore - Edlabad Pkg-II [Tejajinagar to Balwara],2026-07-01,Madhya Pradesh,Roads & Highways,0.00010238234776902236,0.010238234776902236,No Current Schedule Slippage Risk,LOW
618622,4L of Indore - Boregaon Pkg-III [Balwara to Dhangaon] from km. 42.260 to km. 82.660 of NH347BG & 753L,2026-07-01,Madhya Pradesh,Roads & Highways,5.6779852560684586e-05,0.005677985256068459,No Current Schedule Slippage Risk,LOW
618623,4L Boregaon Buzurg to Shahpur Pkg I of Boregaon Buzurg to Muktainagar of NH 753L,2026-07-01,Madhya Pradesh,Roads & Highways,0.0001458362393368161,0.014583623933681608,No Current Schedule Slippage Risk,LOW
618626,Four laning from Dive Ghat Km. 220.900 to Hadapsar Km. 234.150 of Mohol Alandi section Pkg VI of NH-965,2026-07-01,Maharashtra,Roads & Highways,0.9886283415186132,98.86283415186132,Current Schedule Slippage Risk,HIGH
618627,Construction of 7 Nos of Standalone safety structures/works at different locations on various NHs,2026-07-01,Maharashtra,Roads & Highways,0.9943812759766505,99.43812759766504,Current Schedule Slippage Risk,HIGH
618628,Strengthening of Existing Alignment of Pandharpur Town Part Bypassed Section of NH 965 from KM 36.230 to KM 44.230 from Chh. Shivaji Maharaj Chowk to Wakhari,2026-07-01,Maharashtra,Roads & Highways,0.9985836056009851,99.85836056009852,Current Schedule Slippage Risk,HIGH
618629,Nandigama Bypass and Kanchikacherla bypass,2026-07-01,Andhra Pradesh,Roads & Highways,0.00012770575726193733,0.012770575726193733,No Current Schedule Slippage Risk,LOW
618630,6L of MH/KN Border Nimbal Village to KN/TS Border Singnodi Village from Km. 26.000 to Km. 97.000 in Gulbarga of NH-150C Pkg-II,2026-07-01,Karnataka,Roads & Highways,0.9969023483688361,99.6902348368836,Current Schedule Slippage Risk,HIGH
618631,6L of MH/KN Border Nimbal Village to KN/TS Border Singnodi Village from Km. 162.5 to Km. 203.100 in Raichur of NH-150C Pkg-IV,2026-07-01,"Multi-States (Karnataka, Telangana)",Roads & Highways,0.000154798994425765,0.0154798994425765,No Current Schedule Slippage Risk,LOW
618632,6L Access Controlled Greenfield Highway of Nandinne village to Julekal village from Km 202.900 to Km 242.200 Pkg-1,2026-07-01,"Multi-States (Karnataka, Telangana)",Roads & Highways,0.00011716060261817752,0.011716060261817752,No Current Schedule Slippage Risk,LOW
618633,4L of Kadapa China Orampadu section of NH-716 Package I of Kadapa-Renigunta section,2026-07-01,Andhra Pradesh,Roads & Highways,0.002432871305576537,0.2432871305576537,No Current Schedule Slippage Risk,LOW
618634,6L of Veera Kaveri Raja Puram to Pondavakkam from km 61.380 to km 96.040 of NH 716B Pkg-III,2026-07-01,"Multi-States (Andhra Pradesh, Tamil Nadu)",Roads & Highways,0.00017359441600051648,0.017359441600051647,No Current Schedule Slippage Risk,LOW
618635,6L of Pondavakkam to Kannigaipair from km 96.040 to km 116.100 of NH 716B Pkg- IV,2026-07-01,Tamil Nadu,Roads & Highways,0.9996467261299297,99.96467261299297,Current Schedule Slippage Risk,HIGH
618636,Akkalkot MH/KN border New Greenfield corridor from Km 512.000 to Km 548.400 of NH-150C part of Akkalkot KN/TS Border section Package XIV,2026-07-01,"Multi-States (Karnataka, Maharashtra)",Roads & Highways,0.9886822403322683,98.86822403322682,Current Schedule Slippage Risk,HIGH
618637,Bal. Works of Fagne Km. 510.000 to Maharashtra/Gujarat Border Km. 650.794,2026-07-01,"Multi-States (Gujarat, Maharashtra)",Roads & Highways,4.3520647328894355e-05,0.004352064732889436,No Current Schedule Slippage Risk,LOW
618639,4L of Bilaspur to Urga km 0.00 to 70.2 of NH-130A,2026-07-01,Chhattisgarh,Roads & Highways,3.080463328249595e-05,0.003080463328249595,No Current Schedule Slippage Risk,LOW
618640,4L of Urga - Pathalgaon from Km. 70.200 to km. 157.745 of NH-130A,2026-07-01,Chhattisgarh,Roads & Highways,0.0007993670141272658,0.07993670141272657,No Current Schedule Slippage Risk,LOW
618641,4 Lane of CG/JH Border-Gumla from km 0.000 to km 32.370 of NH-43 in the State of Jhrkhand,2026-07-01,Jharkhand,Roads & Highways,0.00706192997318902,0.706192997318902,No Current Schedule Slippage Risk,LOW
618642,4L of Palma to Gumla from km. 26.00 to km. 89.170 of NH-23,2026-07-01,Jharkhand,Roads & Highways,0.00012191728608652503,0.012191728608652502,No Current Schedule Slippage Risk,LOW
618644,4L of Ormanjhi-Gola section from Km 81.450 to Km 53.600 of NH- 320BPKG-II,2026-07-01,Jharkhand,Roads & Highways,6.874657863394938e-05,0.006874657863394938,No Current Schedule Slippage Risk,LOW
618645,4L of Gola-BokaroJaina More section from Km 53.600 to Km 21.110 of NH-320PKG-1,2026-07-01,Jharkhand,Roads & Highways,0.999593734273627,99.95937342736269,Current Schedule Slippage Risk,HIGH
618646,4L of Pathalgaon-Kunkuri-CG/JH Border section of NH-43 from Km. 00.000 to Km.104.250,2026-07-01,Chhattisgarh,Roads & Highways,0.028954735817742123,2.8954735817742123,No Current Schedule Slippage Risk,LOW
618647,6L Access Controlled Ludhiana-Bathinda Greenfield highway from Jn. with Amritsar- Bathanda Greenfield Road NH-754A near Rampura Phul to Jn. with Moga-Barnala Road NH-703 near village Tallewal from Km 0.0 to Km 30.3 of NH-754AD Pkg-1,2026-07-01,Punjab,Roads & Highways,0.00010640266311073977,0.010640266311073976,No Current Schedule Slippage Risk,LOW
618648,"Development of 6-lane Greenfield Southern Ludhiana Bypass from intersection with NH-44 near Village Rajgarh to intersection with Delhi Katra Expressway NE-5 near Village Ballowal, km 0000 to km 25240",2026-07-01,Punjab,Roads & Highways,0.9984749457589491,99.84749457589491,Current Schedule Slippage Risk,HIGH
618649,4 Lane with PS from Des. Ch 228.500 to Des. Ch. 273.400 of Belgaum-Hungund- Raichur Section of NH 748 A Package-6,2026-07-01,Karnataka,Roads & Highways,0.9837448138753105,98.37448138753105,Current Schedule Slippage Risk,HIGH
618650,4 Lane with PS from Des. Ch 89.900 to Des. Ch. 136.100 of Belgaum-Hungund- Raichur Section of NH-748A Package-3,2026-07-01,Karnataka,Roads & Highways,0.9947365191767988,99.47365191767989,Current Schedule Slippage Risk,HIGH
618651,4 Lane with PS from Des. Ch 43.800 to Des. Ch. 89.900 of Belgaum-Hungund- Raichur Section of NH-748A Package-2,2026-07-01,Karnataka,Roads & Highways,0.989159211434496,98.91592114344961,Current Schedule Slippage Risk,HIGH
618653,Loha-Waranga Section of NH-361 from km 187.800 to km 244.369,2026-07-01,Maharashtra,Roads & Highways,0.000145964825309306,0.0145964825309306,No Current Schedule Slippage Risk,LOW
618654,4L Greenfield Rudhi to Deshgaon Pkg V of Betul-Khandwa/Deshgaon,2026-07-01,Madhya Pradesh,Roads & Highways,0.9993273043784753,99.93273043784752,Current Schedule Slippage Risk,HIGH
618655,2L PS of Roshni to Ashapur Section of NH-347B from Design KM Ch. 89.900 to 114.000 KM Package III of Betul Khandwa,2026-07-01,Madhya Pradesh,Roads & Highways,0.0003171433367679416,0.03171433367679416,No Current Schedule Slippage Risk,LOW
618661,4L from km 0.000 to 42.040 Bhopal Ratnaigiri Tiraha to Vidisha Morikodi,2026-07-01,Madhya Pradesh,Roads & Highways,0.012622675316401898,1.2622675316401897,No Current Schedule Slippage Risk,LOW
618662,4L Vidisha Gyaraspur section of NH-146 from Design Chainage km 59475 existing chainage km 81240 to Design Chainage km 88361 existing chainage km 110.315,2026-07-01,Madhya Pradesh,Roads & Highways,0.0018272465519402646,0.18272465519402645,No Current Schedule Slippage Risk,LOW
618663,i 4L Vidisha to Hinotiya from km 0.000 to Km 27.000 Vidisha Mehulwa-Talbehat Pkg- I Section of NH- 346 and ii 4L Vidisha to Morikori from Km 39.000 to 59.476 section of NH-146,2026-07-01,Madhya Pradesh,Roads & Highways,8.437687313712188e-05,0.008437687313712187,No Current Schedule Slippage Risk,LOW
618664,Berkhedi to Godpehra on NH-44 Sagar link road,2026-07-01,Madhya Pradesh,Roads & Highways,3.803337462447242e-05,0.003803337462447242,No Current Schedule Slippage Risk,LOW
618666,4- Laning of Mohari to Satai Ghat section NH-934 from Km 50300 to Km 89875 Total length 39.575 km Package-2 in the State of Madhya Pradesh on EPC Mode,2026-07-01,Madhya Pradesh,Roads & Highways,5.317615234191092e-05,0.005317615234191091,No Current Schedule Slippage Risk,LOW
618667,4L of near Satai Ghat to Chowka section of NH-34 from D. Ch. 89.875 to D. Ch. 145.000 Package-3,2026-07-01,Madhya Pradesh,Roads & Highways,0.0009556203411133188,0.09556203411133188,No Current Schedule Slippage Risk,LOW
618668,4L of Chowka to Kaimaha near MP/UP Border section NH-34 from D. Ch. 145.000 to D. Ch. 197.266 excluding existing Chhatarpur bypass from D. Ch. 160.307 to D. Ch. 168.630 Package-4,2026-07-01,"Multi-States (Madhya Pradesh, Uttar Pradesh)",Roads & Highways,0.0037206674718657184,0.37206674718657184,No Current Schedule Slippage Risk,LOW
618669,4 -Laning of MP/UP Border to Kabarai section of NH-34&35 from km 197.000 to km 242.991 Length 45.991 Km Sagar-Kabrai Package-5 under Bharat Mala Pariyojana EC in MP & UP on HAM,2026-07-01,Uttar Pradesh,Roads & Highways,0.03369625865657525,3.3696258656575253,No Current Schedule Slippage Risk,LOW
618671,4-lanning of Rahatgarh to Berkhedi section of NH-146 from Design Ch 124470 to Ch. 134.549,2026-07-01,Madhya Pradesh,Roads & Highways,0.01808207803648397,1.808207803648397,No Current Schedule Slippage Risk,LOW
618672,4-lanning of Gyaraspur to Rahatgarh section of NH-146 from Design Ch. 88361 to Ch 124470 in the state of MP on HAM mode,2026-07-01,Madhya Pradesh,Roads & Highways,0.029739470231394893,2.9739470231394893,No Current Schedule Slippage Risk,LOW
618673,Development of 6L of Jhanki Sargi Section Road from km 0.000 to km 42.800 of NH- 130CD Pkg-CG-1,2026-07-01,Chhattisgarh,Roads & Highways,0.000143412123875055,0.0143412123875055,No Current Schedule Slippage Risk,LOW
618674,Development of 6L Sargi Basanwahi Section from km 42.800 to km 99.500 of NH- 130CD Pkg-CG-2,2026-07-01,Chhattisgarh,Roads & Highways,7.480068344748811e-05,0.007480068344748811,No Current Schedule Slippage Risk,LOW
618675,Development of 6L of Basanwahi Marangpuri Section from km 99.500 to km 124.661 of NH-130-CD,2026-07-01,Chhattisgarh,Roads & Highways,0.9995335293358674,99.95335293358674,Current Schedule Slippage Risk,HIGH
618677,6L Greenfield Kaliagura Baunsaguar Section of NH-130-CD Road from km 249000 to km 293000 Package OD-5,2026-07-01,Odisha,Roads & Highways,0.00020886933168174843,0.020886933168174842,No Current Schedule Slippage Risk,LOW
618678,6L Greenfield Baunsaguar - Baraja Section of NH-130-CD Road from km 293000 to km 338500 Package OD-6,2026-07-01,Odisha,Roads & Highways,6.704864212027671e-05,0.006704864212027671,No Current Schedule Slippage Risk,LOW
618680,6L Greenfield Kandili - Aluru Section of NH-130-CD Road from km 342500 to km 365033 Package-OD-8,2026-07-01,Odisha,Roads & Highways,9.33233887598732e-05,0.00933233887598732,No Current Schedule Slippage Risk,LOW
618681,6L Aluru - Jakkuva Section of NH-130CD Road from km 365.033 to km 396.800 Pkg. 1,2026-07-01,"Multi-States (Andhra Pradesh, Odisha)",Roads & Highways,0.00018284860739387662,0.018284860739387662,No Current Schedule Slippage Risk,LOW
618682,6L Korlam-Kantakapalle Section of NH-130CD Road from Km 421.100 to Km 445.100 Pkg-3,2026-07-01,Andhra Pradesh,Roads & Highways,9.108877196154884e-05,0.009108877196154884,No Current Schedule Slippage Risk,LOW
618684,Outer Ring Road of Jabalpur Town from Manegaon to NH-45 Pkg-2,2026-07-01,Madhya Pradesh,Roads & Highways,0.9979225978328209,99.79225978328209,Current Schedule Slippage Risk,HIGH
618685,Outer Ring Road of Jabalpur Town from NH45 to Kushner Pkg-3,2026-07-01,Madhya Pradesh,Roads & Highways,0.994645747046297,99.46457470462971,Current Schedule Slippage Risk,HIGH
618686,Outer Ring Road of Jabalpur Town from Kushner to Amjhar Road including Airport Connectivity Pkg-IV,2026-07-01,Madhya Pradesh,Roads & Highways,0.9988653926434192,99.88653926434192,Current Schedule Slippage Risk,HIGH
618687,Outer Ring Road of Jabalpur Town from Barela to Manegaon Pkg-1,2026-07-01,Madhya Pradesh,Roads & Highways,3.659224625638758e-05,0.0036592246256387582,No Current Schedule Slippage Risk,LOW
618688,Outer Ring Road of Jabalpur Town from Amjhar Road including Airport Connectivity to barela Pkg-V,2026-07-01,Madhya Pradesh,Roads & Highways,0.04433039744073472,4.433039744073472,No Current Schedule Slippage Risk,LOW
618690,"4 lanning of Aligarh Palwal section from km 0.00 to km 46.39 package -1 from khereshwar junction-kurana of NH33D , including khair & jattari bypass in the state of UP on HAM mode",2026-07-01,Uttar Pradesh,Roads & Highways,0.9972409942952926,99.72409942952926,Current Schedule Slippage Risk,HIGH
618691,4 laning of Aligarh-Palwal Section from Km. 46.390 Design Chainage to Km. 69.110 Terminating at junction EPE Package-II from Kurana- Eastern Peripheral Expressway of NH-334D,2026-07-01,"Multi-States (Haryana, Uttar Pradesh)",Roads & Highways,0.960686917788579,96.0686917788579,Current Schedule Slippage Risk,HIGH
618692,Aligarh-Kanpur Pkg I [Aligarh-Bhadwas],2026-07-01,Uttar Pradesh,Roads & Highways,8.448451125812709e-05,0.008448451125812708,No Current Schedule Slippage Risk,LOW
618693,Bodhre - Dhule,2026-07-01,Maharashtra,Roads & Highways,0.0002846979101893853,0.02846979101893853,No Current Schedule Slippage Risk,LOW
618694,Indore - Harda Pkg-I [Indore to Raghav Garh from km. 0.25 to km. 26.903],2026-07-01,Madhya Pradesh,Roads & Highways,0.00010148089164178468,0.010148089164178468,No Current Schedule Slippage Risk,LOW
618697,4LPS Access Controlled Highway of Bellary Bypass Balance work from Ch. 254750 to Ch. 266837 and construction of 4LPS from Ch. 277.690 to Ch. 278.690 at D. Hirehal Village Balance work of NH 150A of Bellary Byrapura Section,2026-07-01,Karnataka,Roads & Highways,0.9979205278899664,99.79205278899664,Current Schedule Slippage Risk,HIGH
618700,Renigunta - Poyya - Naidupeta km 124.60 to km 183.4 of NH 71,2026-07-01,Andhra Pradesh,Roads & Highways,8.060675782394793e-05,0.008060675782394793,No Current Schedule Slippage Risk,LOW
618702,4L of Addahole Near Gundya to Bantwal Cross section Pkg-02 from Design Km 270.270 to Design km 318.55 including flyover at Kalladka Town including approaches from Km. 311.57 to Km. 313.67 of NH-75 Old NH-48,2026-07-01,Karnataka,Roads & Highways,6.81389895829247e-05,0.006813898958292469,No Current Schedule Slippage Risk,LOW
618704,6L Flyover including RE Wall approaches with Flexible Pavement in the Elephant Corridor of Angul Sambalpur Section of NH-42 New NH-55 Km.202.533,2026-07-01,Odisha,Roads & Highways,7.212931335265102e-05,0.007212931335265103,No Current Schedule Slippage Risk,LOW
618705,"4L Godibandha to Ballhar Chhak, Ballhar Chhak to Banarpal & Banarpal to Start of Angul bypass at Km.314.130 to Km.321.035 of NH53, at Km.75.200 to Km.84.000 of NH149 & at Km.84.000 to Km.86.100 of NH55",2026-07-01,Odisha,Roads & Highways,0.0376716504896634,3.76716504896634,No Current Schedule Slippage Risk,LOW
618706,Bangalore-Nidagatta Pkg. I,2026-07-01,Karnataka,Roads & Highways,0.0017854745108643474,0.17854745108643474,No Current Schedule Slippage Risk,LOW
618707,Additional works under BM1 to ensure road safety under 6L of Bengaluru Mysuru Access control with close toll from Km.17.300 to Km.136.300 of NH-275,2026-07-01,Karnataka,Roads & Highways,0.05185497146449585,5.185497146449585,No Current Schedule Slippage Risk,LOW
618708,Widening/Development of Existing NH-85 from Km 0.000 to Km 124.636 section to 2L/LPS section in the state of Kerala on EPC Mode under Bharatmala Pariyojana,2026-07-01,Kerala,Roads & Highways,0.9951473525365695,99.51473525365695,Current Schedule Slippage Risk,HIGH
618709,4L of Left-Over Works of Hospet-Bellary -Karnataka/AP border from Km.280.080 Dec.Ch. to Km.375450Des.Ch. of NH-63 New-67,2026-07-01,Karnataka,Roads & Highways,6.759047980432539e-05,0.006759047980432539,No Current Schedule Slippage Risk,LOW
618710,DL/UP Border - EPE Crossing Pkg-02,2026-07-01,Uttar Pradesh,Roads & Highways,4.13552018875231e-05,0.00413552018875231,No Current Schedule Slippage Risk,LOW
618711,6L with access control provision Saharanpur bypass to Ganeshpur section from 13.89 Km to 41.820 Km of Delhi- Dehradun Economic Corridor package-2,2026-07-01,"Multi-States (Uttar Pradesh, Uttarakhand)",Roads & Highways,6.903329983399327e-05,0.006903329983399327,No Current Schedule Slippage Risk,LOW
618712,6L Access Controlled Greenfield Highway from Kodur Ch. 0000 to Vanavolu Ch. 24300 of [NH-544G] Package-1,2026-07-01,Andhra Pradesh,Roads & Highways,0.0003389447856047681,0.03389447856047681,No Current Schedule Slippage Risk,LOW
618713,6L Access Controlled Greenfield Highway from Yerragudipadu Ch. 129000 to Audireddipalle Ch. 160000 of [NH 544G] Package-6,2026-07-01,Andhra Pradesh,Roads & Highways,0.9911114307313503,99.11114307313504,Current Schedule Slippage Risk,HIGH
618714,6L Access Controlled Greenfield Highway from Nallacheruvu palli Ch. 96300 to Yerragudipadu Ch. 129000 of [NH-544G] Package-5,2026-07-01,Andhra Pradesh,Roads & Highways,0.9999057246623452,99.99057246623451,Current Schedule Slippage Risk,HIGH
618715,6L Access Controlled Greenfield Highway from Odulapalle Ch. 72000 to Nallacheruvu- palli Ch. 96300 of [NH-544G]Package-4,2026-07-01,Andhra Pradesh,Roads & Highways,0.9997470187344552,99.97470187344551,Current Schedule Slippage Risk,HIGH
618716,6L Access Controlled Greenfield Highway from Vankarakunta Ch. 45700 to Odulapalle Ch. 72000 of [NH-544G]Package-3,2026-07-01,Andhra Pradesh,Roads & Highways,0.9985469153899915,99.85469153899915,Current Schedule Slippage Risk,HIGH
618717,6L Access Controlled Greenfield Highway from Vanavolu Ch. 24300 to Vankarakunta Ch. 45700 of [NH-544G] Package-2,2026-07-01,Andhra Pradesh,Roads & Highways,0.0002426986988675188,0.02426986988675188,No Current Schedule Slippage Risk,LOW
618718,6L Access Controlled Greenfield Highway from Kavulakuntla Ch. 196000 to Narayanmpet Ch. 203500Package-09,2026-07-01,Andhra Pradesh,Roads & Highways,0.005124447294319628,0.5124447294319628,No Current Schedule Slippage Risk,LOW
618719,6L Access Controlled Greenfield Highway from Mallapalle Ch. 176000 to Kavulakuntla Ch. 196000 Package-08,2026-07-01,Andhra Pradesh,Roads & Highways,0.9996311175422105,99.96311175422105,Current Schedule Slippage Risk,HIGH
618720,6L Access Controlled Greenfield Highway from Audireddipalle Ch. 160000 to Mallapalle Ch. 176000Package-07,2026-07-01,Andhra Pradesh,Roads & Highways,0.9994258268721424,99.94258268721424,Current Schedule Slippage Risk,HIGH
618721,6L Access Controlled Greenfield Highway from Chandrasekharapuram Ch. 228000 to Polavaram Ch. 260000of [NH-544G] Package-11,2026-07-01,Andhra Pradesh,Roads & Highways,0.9993107091612851,99.9310709161285,Current Schedule Slippage Risk,HIGH
618722,6L access Controlled Greenfield Highway from Gogwan Jalalpur Shamli to Ranipur Barsi Saharanpur of Shamli -Ambala section Package-I Design Ch. Form km 00.600 to km 45.500,2026-07-01,Uttar Pradesh,Roads & Highways,0.9968962910138371,99.68962910138372,Current Schedule Slippage Risk,HIGH
618723,6L access Controlled Greenfield Highway from Ranipur Barsi to Adhoya Musalmana section of Shamli -Ambala Package-II Design Ch. Form km 45.500 to km 84.400,2026-07-01,"Multi-States (Haryana, Uttar Pradesh)",Roads & Highways,0.997237815332881,99.7237815332881,Current Schedule Slippage Risk,HIGH
618724,6L Greenfield Varanasi-Ranchi-Kolkata Highway from Anarbansalea village to Sagrampur village From KM. 151200 to KM. 184700Package-7,2026-07-01,"Multi-States (Bihar, Jharkhand)",Roads & Highways,0.9334987593966082,93.34987593966082,Current Schedule Slippage Risk,HIGH
618725,6L Greenfield Varanasi-Ranchi-Kolkata Highway from Pachmon village to Anarbansalea village From KM. 116000 to KM. 151200 Package-6,2026-07-01,Bihar,Roads & Highways,0.011887097605024911,1.1887097605024912,No Current Schedule Slippage Risk,LOW
618726,6L Greenfield Varanasi-Ranchi-Kolkata Highway from junction with Chandauli- Chainpur Road near Khainti village to junction with Bhabhua-Adhaura road near Palka village from Km. 27.000 to Km. 54.000 Pkg-2,2026-07-01,Bihar,Roads & Highways,0.016810896847071245,1.6810896847071246,No Current Schedule Slippage Risk,LOW
618727,6L Greenfield Varanasi-Ranchi-Kolkata Highway from junction with Bhabhua-Adhaura road in Bhairopur village to Konki village From KM. 54.000 to KM. 90.000Pkg-3,2026-07-01,Bihar,Roads & Highways,0.9322394852223878,93.22394852223877,Current Schedule Slippage Risk,HIGH
618728,6L Greenfield Varanasi-Ranchi-Kolkata Highway from junction with NH-19 & Varanasi Ring Road near Rewasa village to junction with Chandauli-Chainpur road near Khainti village from Km. 0.000 to Km. 27.000 - Pkg-1,2026-07-01,"Multi-States (Bihar, Uttar Pradesh)",Roads & Highways,0.9960209809265971,99.6020980926597,Current Schedule Slippage Risk,HIGH
618729,6 Lane Greenfield Varanasi- Ranchi- Kolkata Highway from Donoreshan village to junction with NH-20 in Bongabar village from km 288.600 to km 325.500 Pkg -11,2026-07-01,Jharkhand,Roads & Highways,0.9819132652483964,98.19132652483964,Current Schedule Slippage Risk,HIGH
618730,6 Lane Greenfield Varanasi- Ranchi- Kolkata Highway from Deoria village to Donoreshan village from km 253.000 to km 288.600 Pkg -10,2026-07-01,Jharkhand,Roads & Highways,0.01133145905595766,1.133145905595766,No Current Schedule Slippage Risk,LOW
618731,6 Lane Greenfield Varanasi- Ranchi- Kolkata Highway from Chatra to junction with NH- 100 in Deoria village from km 222.000 to km 253.000 Pkg -9,2026-07-01,Jharkhand,Roads & Highways,0.9978798412927219,99.78798412927219,Current Schedule Slippage Risk,HIGH
618732,6L Greenfield Varanasi- Ranchi- Kolkata Highway from Sonepurbigha village to junction with NH- 22 Chatra Bypass near Chatra from km 184.700 to km 222.000Pkg - 8,2026-07-01,"Multi-States (Bihar, Jharkhand)",Roads & Highways,0.005179055853718632,0.5179055853718633,No Current Schedule Slippage Risk,LOW
618733,6L Greenfield Varanasi- Ranchi- Kolkata Highway from junction with NH-20 in Bongabar village to junction with NH-30 in Lepo village from km 325.500 to km 358.500 Pkg -12,2026-07-01,Jharkhand,Roads & Highways,0.9960139230474381,99.60139230474381,Current Schedule Slippage Risk,HIGH
618734,6L Greenfield Varanasi- Ranchi- Kolkata Highway from junction with NH-320 in Lepo village to Kamlapur villageJH/WB border from km 358.500 to km 387.200 Pkg -13,2026-07-01,"Multi-States (Jharkhand, West Bengal)",Roads & Highways,0.769038521689618,76.90385216896179,Current Schedule Slippage Risk,HIGH
618735,4L of Chandesara to Khedakhajuriya from Km. 0.000 to - 750 & Km 0.000 to km 41.400 of NH-148NG Pkg-I,2026-07-01,Madhya Pradesh,Roads & Highways,0.00022957284152885443,0.022957284152885442,No Current Schedule Slippage Risk,LOW
618736,4L Elevated corridor of Kalimandir-Dimna Chowk-Baliguma Jamshedpur Section of NH-33 New NH-18 from km 241940 to km 251961 Length 10.021 km,2026-07-01,Jharkhand,Roads & Highways,0.9959600918455106,99.59600918455106,Current Schedule Slippage Risk,HIGH
618737,Grade separated Interchanges at Km. 113.730 junction with Ranchi Hazaribagh Road & Km. 139.225 junction with Ranchi Jamshedpur road on 4L Ranchi Bypass of NH-33,2026-07-01,Jharkhand,Roads & Highways,0.9928582945169971,99.28582945169971,Current Schedule Slippage Risk,HIGH
618738,6L Bridge and its approaches across River Ganga as Part of Patna Ring Road NH- 131G starting from Km 8.480 near Sherpur to Km 23.000 near Dighwara,2026-07-01,Bihar,Roads & Highways,0.9973842443305345,99.73842443305345,Current Schedule Slippage Risk,HIGH
618739,4L Greenfield Alignment of Amas to Shivrampur from 0.000 Km. to 55.002 Km. of NH 119 D Pkg-I,2026-07-01,Bihar,Roads & Highways,0.9988079123417907,99.88079123417907,Current Schedule Slippage Risk,HIGH
618740,4L Greenfield Alignment of Shivrampur to Ramnagar from Km. 55.002 to Km. 109.300 of NH 119 D Pkg-II,2026-07-01,Bihar,Roads & Highways,0.9976219372983669,99.7621937298367,Current Schedule Slippage Risk,HIGH
618741,4L Greenfield Alignment from Kalyanapur to Tal Dashraha of NH-119D Pkg-III,2026-07-01,Bihar,Roads & Highways,0.9992648961848066,99.92648961848066,Current Schedule Slippage Risk,HIGH
618742,"Construction of 6-lane Greenfield corridor from Ramnagar to Kacchi Dargah NH-119D from Km 109700 to Km 122300, including widening of the existing NH-31 from Km 196700 to Km 198600, as part of the Amas-Darbhanga.",2026-07-01,Bihar,Roads & Highways,0.26436635092457295,26.436635092457294,No Current Schedule Slippage Risk,LOW
618744,4L of Thirumangalam to Vadugapatti section from km 0.000 to km 36.000 of NH-744,2026-07-01,Tamil Nadu,Roads & Highways,0.00012529285759893712,0.012529285759893712,No Current Schedule Slippage Risk,LOW
618746,Khammam-Devarapalle Pkg I [4L Access Controlled Greenfield from Thallampadu village to Somavaram village Design Chainage 0000 to 33604],2026-07-01,Telangana,Roads & Highways,6.673695803642654e-05,0.006673695803642654,No Current Schedule Slippage Risk,LOW
618747,Khammam-Devarapalle Pkg III [4L Access Controlled Greenfield from Chintagudem village to Recherla village Design Chainage 63117 to 105236],2026-07-01,"Multi-States (Andhra Pradesh, Telangana)",Roads & Highways,4.614609553079862e-05,0.004614609553079862,No Current Schedule Slippage Risk,LOW
618749,Khammam-Devarapalle Pkg V [4L Access Controlled Greenfield from Gurvaygudem village to Devarapalle village Design Chainage 132664 to 162126,2026-07-01,Andhra Pradesh,Roads & Highways,7.778679334474334e-05,0.007778679334474334,No Current Schedule Slippage Risk,LOW
618751,2L PS of Hinotiya-Mehulwa section of NH-346 from Km. 27.000 to Km 75.700 Vidisha Mehulwa-Talbehat Pkg-II Section of NH- 346,2026-07-01,Madhya Pradesh,Roads & Highways,0.9991771486504487,99.91771486504487,Current Schedule Slippage Risk,HIGH
618754,Upgradation of 2L/4L with Paved Shoulder of Shirwal-Lonand Section from KM 159900 To KM 188025 of NH-965DD Section I and 2L With Paved Shoulder of Lonand-Satara Section from KM 51500 To KM 96246 Of NH-965D Section II in Satara District in the State of Maharashtra on EPC Mode under NHO-,2026-07-01,Maharashtra,Roads & Highways,0.032853752367210345,3.2853752367210345,No Current Schedule Slippage Risk,LOW
618756,Melur - Pilayarpatti - Karaikudi from km 99.920 of NH 38 to km 12.9 of NH 383 Ext.,2026-07-01,Tamil Nadu,Roads & Highways,0.00010158451464796248,0.010158451464796247,No Current Schedule Slippage Risk,LOW
618757,6L access controlled Highway from Km 40080 to Km 86513 Mator to Barodameo Section,2026-07-01,Rajasthan,Roads & Highways,0.9854344229811487,98.54344229811487,Current Schedule Slippage Risk,HIGH
618758,6L accesscontrolled highway from km 0000 to km 40080 Paniyala to Mator Section of Paniyala-Barodameo ICR,2026-07-01,Rajasthan,Roads & Highways,0.9568798066137445,95.68798066137445,Current Schedule Slippage Risk,HIGH
618759,4L PS Mydukur - Badvel from Km 585.820 to Km 630.960 of NH-67,2026-07-01,Andhra Pradesh,Roads & Highways,0.0003562917049725159,0.03562917049725159,No Current Schedule Slippage Risk,LOW
618761,4L Spur of Meerut-Garh-Mukteshwar section connecting NH-119 and NH-58 bypassing Meerut Town of NH 709 A,2026-07-01,Uttar Pradesh,Roads & Highways,9.170810393482797e-05,0.009170810393482796,No Current Schedule Slippage Risk,LOW
618762,Itarsi Km. 63.000 to Betul Km. 137.000 of NH-69 in Madhya Pradesh,2026-07-01,Madhya Pradesh,Roads & Highways,0.00010873285319141686,0.010873285319141687,No Current Schedule Slippage Risk,LOW
618764,Moga - Bagha Purana - Bajakhana from km. 0.00 to km. 43.32,2026-07-01,Punjab,Roads & Highways,0.9975317112760897,99.75317112760898,Current Schedule Slippage Risk,HIGH
618765,4L of Karimnagar-Warangal section from km 49.500 to km 117.820 of NH-563,2026-07-01,Telangana,Roads & Highways,0.0002798402080977944,0.027984020809779443,No Current Schedule Slippage Risk,LOW
618766,Up-gradation to Four Lane with Paved Shoulder configuration of the highway starting from existing km 88.400 Savali Vihir to km 163.400 start of Ahmednagar bypass Design Length 75.000 km section of NH-160 in the State of Maharashtra under Bharatmala Pariyojana on EPC Mode,2026-07-01,Maharashtra,Roads & Highways,0.00756001258967013,0.756001258967013,No Current Schedule Slippage Risk,LOW
618768,Four laning of Agra-Aligarh Section from Km. 0.000 Junction of NH-34 Aligarh Km 144.60 to Km. 28.000 near Asroi village in Hathras of NH-509 Package-I,2026-07-01,Uttar Pradesh,Roads & Highways,0.009982487253491682,0.9982487253491682,No Current Schedule Slippage Risk,LOW
618769,Walajahpet/Ranipet to TN/AP Border Section of from Km.106.800 to Km.133.36 NH-4,2026-07-01,"Multi-States (Andhra Pradesh, Tamil Nadu)",Roads & Highways,0.987650863659717,98.7650863659717,Current Schedule Slippage Risk,HIGH
618772,6L of Kumarajapet to Veera Kaveri Raja Puram from km 43.800 to km 61.380 of NH- 716B Pkg-II,2026-07-01,"Multi-States (Andhra Pradesh, Tamil Nadu)",Roads & Highways,0.00011369397408343949,0.011369397408343949,No Current Schedule Slippage Risk,LOW
618775,Ara Bypass,2026-07-01,Bihar,Roads & Highways,0.9772203879965962,97.72203879965961,Current Schedule Slippage Risk,HIGH
618776,4L of Greenfield section from Sirhind to Mohali,2026-07-01,Punjab,Roads & Highways,0.00016663333159423218,0.016663333159423217,No Current Schedule Slippage Risk,LOW
618777,4L of Pileru to Kalur Section from Km 55.900 to Km 92.800 & Km 94.500 to Km 95.717 of NH-71Package-II,2026-07-01,Andhra Pradesh,Roads & Highways,0.00016582266763105847,0.016582266763105848,No Current Schedule Slippage Risk,LOW
618778,4L of Madanapalle to Pileru Section from Km 0.000 to Km 55.900 of NH-71Package-I,2026-07-01,Andhra Pradesh,Roads & Highways,0.00017418472822581586,0.017418472822581587,No Current Schedule Slippage Risk,LOW
618782,4L of Bareilly-Pilibhit-Sitarganj from Km. 0.000 to Km. 32.500 of NH-30 Pkg-1,2026-07-01,Uttar Pradesh,Roads & Highways,0.9975027998917481,99.7502799891748,Current Schedule Slippage Risk,HIGH
618783,4-laning of Pilibhit - Sitarganj from Km. 32.500 to Km. 70.800 Pkg-2 of NH-30,2026-07-01,"Multi-States (Uttar Pradesh, Uttarakhand)",Roads & Highways,0.9812709322317088,98.12709322317087,Current Schedule Slippage Risk,HIGH
618784,Balance works of 4 lane divided carriageway of Missing Link section of NH-39 Rewa Bypass from junction with NH 30 near Bela to Junction with MPRDC ring road near Silpara on SH 9 design length 13.100 km on EPC Mode under Bharatmala Pariyojana in the State of Madhya Pradesh,2026-07-01,Madhya Pradesh,Roads & Highways,0.00011521393979653837,0.011521393979653837,No Current Schedule Slippage Risk,LOW
618785,4/6L Greenfield LudhianaRupnagar highway from Jn. with NE-5 village near to ManewalLudhiana to Jn. with NH-205 near Bheora Village Rupnagar from Km 66.0 to Km 91.0 i/c spur to Kharar from Km 0.0 to Km 19.5 with Ludhiana bypass of NH-205K Pkg-3,2026-07-01,Punjab,Roads & Highways,0.9960171226571156,99.60171226571156,Current Schedule Slippage Risk,HIGH
618786,4L of Phagwara - Hoshiarpur,2026-07-01,Punjab,Roads & Highways,0.9707702715700869,97.07702715700869,Current Schedule Slippage Risk,HIGH
618787,"Upgradation to 4L PS from Bhimasar, Junction of NH-41 to Anjar- Bhuj upto Airport Junction from Km 0.000 to Km 65.478 of NH-341",2026-07-01,Gujarat,Roads & Highways,0.00012417342098466325,0.012417342098466325,No Current Schedule Slippage Risk,LOW
618788,4L Greenfield Jalbhera Shahbad section from km. 0.000 to km. 22.850 of NH-152G,2026-07-01,Haryana,Roads & Highways,0.00026325816646010676,0.026325816646010677,No Current Schedule Slippage Risk,LOW
618790,Construction of four laning of Bakarpur- Manikpur road section starting from village Chitarsenpur km 0000 and terminating at SH-74 near Manikpur 38814 at NH-139W under Bharatmalapariyona,2026-07-01,Bihar,Roads & Highways,0.995564375142649,99.5564375142649,Current Schedule Slippage Risk,HIGH
618791,4L PS under NH configuration of Manikpur-Sahebganj of NH-139W,2026-07-01,Bihar,Roads & Highways,0.014863562852346041,1.4863562852346042,No Current Schedule Slippage Risk,LOW
618792,4L Bhiwani-Hansi road section of NH-148B,2026-07-01,Haryana,Roads & Highways,0.00014989050856395992,0.014989050856395993,No Current Schedule Slippage Risk,LOW
618793,4L of Fazilka to Abohar section of NH-07 including construction of Greenfield Abohar & Fazilka Bypasses,2026-07-01,Punjab,Roads & Highways,0.9976849152453205,99.76849152453205,Current Schedule Slippage Risk,HIGH
618794,Amritsarairport Junction - Ramdas from km. 100.835 to km. 139.813 Pkg - IV,2026-07-01,Punjab,Roads & Highways,2.7916105758164004e-05,0.0027916105758164006,No Current Schedule Slippage Risk,LOW
618795,Amritsar Bypass Pkg III from km. 71.496 to km. 105.158,2026-07-01,Punjab,Roads & Highways,0.00012328982564596908,0.012328982564596908,No Current Schedule Slippage Risk,LOW
618796,Tanot -Ramgarh-Bhadasar-Jaisalmer NH-68 and BhadasarMokal-Sarkaritala up to Pakisthan Border NH-968 Pkg-BM/5,2026-07-01,Rajasthan,Roads & Highways,4.7298050863487386e-05,0.004729805086348738,No Current Schedule Slippage Risk,LOW
618797,Mayjilar Jaisalmer with Jaisalmer Bypass Link Road Section of NH-11 Part of BM-7 & Sundra Myajilar Ambsingh ki Dhani Road part of Munabao Tanot project NH-70,2026-07-01,Rajasthan,Roads & Highways,0.003488759243981148,0.34887592439811477,No Current Schedule Slippage Risk,LOW
618798,4L of Sonauli - Gorakhpur,2026-07-01,Uttar Pradesh,Roads & Highways,0.00019307654837648556,0.019307654837648555,No Current Schedule Slippage Risk,LOW
618799,Belakeri Port to Kumta - Sirsi road from km 0.00 - km 4.265 of Belekeri Port Road Link Rd. and km 4.965 - km 60.00 of SH-69,2026-07-01,Karnataka,Roads & Highways,9.885133523921008e-05,0.009885133523921008,No Current Schedule Slippage Risk,LOW
618800,Construction of New Double Tier 4L Elevated Corridor from Chennai Port to Maduravoyal in Chennai District from km -0.342 to Km 20.593 and Package II from Km 4.604 to Km 9.700,2026-07-01,Tamil Nadu,Roads & Highways,0.999915214846384,99.9915214846384,Current Schedule Slippage Risk,HIGH
618801,Construction of New Double Tier 4-lane Elevated Corridor from Chennai Port to Maduravoyal in Chennai District from Km -0342 to Km 20223 Package 1 from Km - 0342 to Km 4604,2026-07-01,Tamil Nadu,Roads & Highways,0.9990597523003081,99.9059752300308,Current Schedule Slippage Risk,HIGH
618803,Development of 4L Road from Samarlakota to Achampeta Junction as part of Kakinada Port Connectivity to NH-16 Rajanagaram Junction in East Godavari District,2026-07-01,Andhra Pradesh,Roads & Highways,5.030524414145458e-05,0.005030524414145458,No Current Schedule Slippage Risk,LOW
618804,Dedicated Port road to Krishnapatnam Port Package-I from Km. 0.000 to Km. 18.000,2026-07-01,Andhra Pradesh,Roads & Highways,0.9999284570483417,99.99284570483417,Current Schedule Slippage Risk,HIGH
618805,6L Connectivity to Port Road from Sabbavaram Sheelanagar-NH516C,2026-07-01,Andhra Pradesh,Roads & Highways,0.03022882917022042,3.022882917022042,No Current Schedule Slippage Risk,LOW
618806,Improvement of 4L road to 6L road and 4L dedicated Port Roads for the Port connectivity road from Convent junction to Sheelanagar Junction,2026-07-01,Andhra Pradesh,Roads & Highways,0.9816711781244215,98.16711781244216,Current Schedule Slippage Risk,HIGH
618807,"4L Greenfield Road connecting North and South industrial cluster of Khandaleru Creek near Krishnapatnam port at Thamminapatnam to Mollur from Km 0.0 to Km 16.046, Part I & 6L extension of dedicated port road of NH-67 Km 18.0 to Km 19.3, Part II",2026-07-01,Andhra Pradesh,Roads & Highways,0.0007005497125845757,0.07005497125845757,No Current Schedule Slippage Risk,LOW
618808,6L Elevated Kona Expressway from Km. 0.145 to Km. 7.337 of NH-117,2026-07-01,West Bengal,Roads & Highways,0.9969032249493675,99.69032249493675,Current Schedule Slippage Risk,HIGH
618809,4L of Beas-Mehta-Batala-Dera Baba Nanak from intersection with Jalandhar-Amritsar Highway NH-3 near Beas till start of Batala Bypass near Village Acchhal from Km. 0.000 to Km. 31.300 Pkg-1,2026-07-01,Punjab,Roads & Highways,0.9999590993276067,99.99590993276067,Current Schedule Slippage Risk,HIGH
618810,4L of existing Beas Baba Bakala - Dera Baba Nanak Section from start of Batala Bypass till intersection with Ajnala Gurdaspur Highway NH 354 near Dera Baba Nanak from Km. 31.300 to Km. 69.100 with Additional batala Bypass Pkg-II,2026-07-01,Punjab,Roads & Highways,0.0010971328221871131,0.10971328221871131,No Current Schedule Slippage Risk,LOW
618811,4L Access Controlled Greenfield Highway Section Mancherial Warangal from Pangidipalle village at Design Ch. 72.350 Km to Oorugonda village at Design Ch. 112.240 KmPackage-III,2026-07-01,Telangana,Roads & Highways,0.9883356665091186,98.83356665091186,Current Schedule Slippage Risk,HIGH
618812,4L Access Controlled Greenfield Section Mancherial Warangal from Puttapaka village at Design Ch. 35.300 Km to Pangidipalle village at Design Ch. 72.350 KmPackage-II,2026-07-01,Telangana,Roads & Highways,0.9832523703712203,98.32523703712202,Current Schedule Slippage Risk,HIGH
618813,4L Access Controlled Greenfield Section Mancherial Warangal from Narva village at Design Ch. 3.834 Km to Puttapaka village at Design Ch. 35.300 Km Package-I,2026-07-01,Telangana,Roads & Highways,0.9982565319181199,99.825653191812,Current Schedule Slippage Risk,HIGH
618814,4L Access Controlled Greenfield Highway section on NH163G Warangal-Khammam from Oorugonda village in Hanamkonda District at Design Ch. 112.240 Km to Venkatpur village in Warangal District at Design Ch. 150.240 KmPackage-I,2026-07-01,Telangana,Roads & Highways,0.984857291133445,98.4857291133445,Current Schedule Slippage Risk,HIGH
618815,4L Access Controlled Greenfield Highway section on NH-163G Warangal-Khammam from Venkatpur village in Warangal District at Design Ch. 150.240 Km to Thallasenkesa village in Mahabubabed District at Design Ch. 189.650 kmPackage-II,2026-07-01,Telangana,Roads & Highways,0.9955646927053777,99.55646927053778,Current Schedule Slippage Risk,HIGH
618816,4L Access Controlled Greenfield Highway section on NH-163G Warangal-Khammam from Thallasenkesa village at Design Ch. 189.650 km to V.Vekatayapalem village in Khammam District at Design Ch. 220.480 KmPackage-III,2026-07-01,Telangana,Roads & Highways,0.9741027789743926,97.41027789743926,Current Schedule Slippage Risk,HIGH
618817,4L Access Controlled Greenfield Highway section on NH-163G Khammam Vijayawada from V. Venkatayapalem village at Design Ch. 220.480 Km to BrahmanapalliK village at Design Ch. 250.400 Km Package-I.,2026-07-01,Telangana,Roads & Highways,0.9959580284080533,99.59580284080532,Current Schedule Slippage Risk,HIGH
618818,4L Access Controlled Greenfield Highway section on NH-163G Khammam Vijayawada from Remidicherla village at Design Ch. 280.200 Km to Jakkampudi village on NH-16 at Design Ch. 309.909 Km Package-III,2026-07-01,"Multi-States (Andhra Pradesh, Telangana)",Roads & Highways,0.19428989325981483,19.428989325981483,No Current Schedule Slippage Risk,LOW
618820,Rehabilitation and Up gradation from 4 to 8 laning of Chandikhole Paradip Section of NH-53 Old NH 5A from Km.39.000 to Km.60.00 Package-3,2026-07-01,Odisha,Roads & Highways,0.00010263539193461459,0.010263539193461459,No Current Schedule Slippage Risk,LOW
618821,Rehabilitation and Up gradation from 4 to 8 laning of Chandikhole Paradip Section of NH-53 Old NH 5A from Km 18.00 to Km 39.00 in the State of Odisha on HAM mode Package-2,2026-07-01,Odisha,Roads & Highways,0.00010208192930187452,0.010208192930187453,No Current Schedule Slippage Risk,LOW
618822,Rehabilitation and Up gradation from 4 to 8 laning of Chandikhole Paradip Section of NH-53 Old NH 5A from Km.0.00 to Km.18.00Package-1,2026-07-01,Odisha,Roads & Highways,0.00021229062951215035,0.021229062951215034,No Current Schedule Slippage Risk,LOW
618823,4 laning of Barasat - Barajaguli Section of NH-12 from Km. 31.000 to Km. 48.679 in the district of North 24 - Parganas,2026-07-01,West Bengal,Roads & Highways,0.9979381830554309,99.7938183055431,Current Schedule Slippage Risk,HIGH
618824,"Development to 4-laning of the de-scoped stretches from Km 115.342 to Km 191.700 of NH-34 in Nadia District 3.962 & Murshidabad District 5.538 pertaining to Krishnagar to Berhampore section of NH-34 New NH-12 , in the state of West Bengal under NHO.",2026-07-01,West Bengal,Roads & Highways,0.9993460818735787,99.93460818735787,Current Schedule Slippage Risk,HIGH
618825,Bridge over Ganga River at d/s of Farraka Barrage including Approaches connecting Farakka-Raiganj,2026-07-01,West Bengal,Roads & Highways,2.1368332308152593e-05,0.002136833230815259,No Current Schedule Slippage Risk,LOW
618826,4 Laning of NH-544D from Km 0.000 to km 37.000 of Anantapur- Muchukota section Pkg-1,2026-07-01,Andhra Pradesh,Roads & Highways,0.00012188330960030482,0.012188330960030483,No Current Schedule Slippage Risk,LOW
618827,4 Laning of NH-544D from Km 37.000 to km 69.000 of Muchukota- Bugga section Pkg-2,2026-07-01,Andhra Pradesh,Roads & Highways,0.00036564645870005647,0.036564645870005644,No Current Schedule Slippage Risk,LOW
618830,4L from Km 147.450 Bhogu to Km 196.870 Sankha on NH-75 Sec-III,2026-07-01,Jharkhand,Roads & Highways,0.9991501736362718,99.91501736362719,Current Schedule Slippage Risk,HIGH
618831,4L from Km 95.400 Udaipura to Km 147.450 Bhogu on NH-75 Sec-II,2026-07-01,Jharkhand,Roads & Highways,0.9890944130490479,98.90944130490479,Current Schedule Slippage Risk,HIGH
618832,4L from Km 55.00 Kuru to Km 95.400 Udaipura on NH-75 Sec-I,2026-07-01,Jharkhand,Roads & Highways,0.04225980269242161,4.225980269242161,No Current Schedule Slippage Risk,LOW
618833,Kodinar - Veraval Package VI from km. 221.610 to km. 263.00 of NH-8E & km. 120.900 to km. 121.150 of NH-8D,2026-07-01,Gujarat,Roads & Highways,6.589447854956594e-05,0.006589447854956594,No Current Schedule Slippage Risk,LOW
618836,4L of Ratnagiri - Kolhapur section from km 67.140 to km 112.340 of NH-166 Pkg II,2026-07-01,Maharashtra,Roads & Highways,0.9833004261104339,98.33004261104338,Current Schedule Slippage Risk,HIGH
618837,4L of Ratnagiri - Kolhapur section from km 112.340 to km 145.300 of NH-166 PkgIII,2026-07-01,Maharashtra,Roads & Highways,0.9999482262346028,99.99482262346028,Current Schedule Slippage Risk,HIGH
618838,4L of Karwar Km. 281.980 of NH-62 Nagaur road to Dangiyavas of Jodhpur Ring Road Pkg-II,2026-07-01,Rajasthan,Roads & Highways,0.00012007026772196785,0.012007026772196784,No Current Schedule Slippage Risk,LOW
618840,Simaria Km. 206.050 to Khagaria Km. 266.282,2026-07-01,Bihar,Roads & Highways,7.626436585773797e-05,0.007626436585773797,No Current Schedule Slippage Risk,LOW
618841,4L Elevated Section and at-grade improvements at Begusarai town Simaria - Khagaria section from Km. 221.047 to Km. 225.302 of NH-31,2026-07-01,Bihar,Roads & Highways,0.00010396487071050699,0.0103964870710507,No Current Schedule Slippage Risk,LOW
618842,"2L PS Greenfield bypass lalganj ajhara, mohanganj and Raniganj on Raebareli - Jaunpur Section Design km 0.00 to Km 53177 of NH-31",2026-07-01,Uttar Pradesh,Roads & Highways,0.9968543968489852,99.68543968489853,Current Schedule Slippage Risk,HIGH
618843,Construction of two lane with paved shoulders bypass to Mungrabadshapur town starting from near Kodahu at Km 47/225 of NH-319D and ending near Nauwadandi at Km 219/720 of NH-31 under NHO in the state of Uttar Pradesh on EPC mode,2026-07-01,Uttar Pradesh,Roads & Highways,0.9994170281834577,99.94170281834577,Current Schedule Slippage Risk,HIGH
618844,Viluppuram Km.0.000 to Puducherry Km.29.000,2026-07-01,"Multi-States (Puducherry, Tamil Nadu)",Roads & Highways,0.00010675117790272092,0.010675117790272092,No Current Schedule Slippage Risk,LOW
618845,Puducherry Km.29.000 to Poondiyankuppam Km.67.000,2026-07-01,"Multi-States (Puducherry, Tamil Nadu)",Roads & Highways,0.000140771207890332,0.0140771207890332,No Current Schedule Slippage Risk,LOW
618846,Poondiyankuppam Km.67.000 to Sattanathapuram Km.123.800,2026-07-01,Tamil Nadu,Roads & Highways,0.0002085754137605443,0.020857541376054427,No Current Schedule Slippage Risk,LOW
618847,Sattanathapuram to Nagapattinam from Km 123.800 to Km 179.555,2026-07-01,"Multi-States (Puducherry, Tamil Nadu)",Roads & Highways,0.0005057128247774138,0.050571282477741376,No Current Schedule Slippage Risk,LOW
618848,Construction of Underpass beneath airport runway on NH-31 old NH-56 for proposed expansion of runway of Babatpur Airport Varanasi,2026-07-01,Uttar Pradesh,Roads & Highways,0.8598432239765998,85.98432239765998,Current Schedule Slippage Risk,HIGH
618850,Nerchowk km 190.000 to Pandoh including Pandoh bypass km221.305,2026-07-01,Himachal Pradesh,Roads & Highways,4.3141318906710066e-05,0.004314131890671006,No Current Schedule Slippage Risk,LOW
618851,Pandoh bypass 221.305 to Takoli 242.000 of NH-21 in the state of Himachal Pradesh,2026-07-01,Himachal Pradesh,Roads & Highways,0.0004266242272894134,0.042662422728941336,No Current Schedule Slippage Risk,LOW
618852,4L Sundar Nagar Bypass from Km.173.900 to Km.179.600 of NH-21,2026-07-01,Himachal Pradesh,Roads & Highways,9.687622358719327e-05,0.009687622358719327,No Current Schedule Slippage Risk,LOW
618853,Construction of Four lane Elevated Structure at Raniwada Circle in Sanchore City on NH-68,2026-07-01,Rajasthan,Roads & Highways,0.00024294030678587215,0.024294030678587215,No Current Schedule Slippage Risk,LOW
618856,"Improvement and Up-Gradation of Existing Road to 4L PS from Km 123.650 to 175.080, from Start of Shahabad Bypass to End of Hardoi bypass of NH 731 Pkg-2B",2026-07-01,Uttar Pradesh,Roads & Highways,0.9982544626993652,99.82544626993652,Current Schedule Slippage Risk,HIGH
618858,"Improvement and Up-Gradation of Existing Road to 4L PS from Km 88.750 to 123.650, from Start of Shahjahanpur Bypass to start of Shahabad bypass of NH 731Pkg.-2A",2026-07-01,Uttar Pradesh,Roads & Highways,0.9860628856013964,98.60628856013965,Current Schedule Slippage Risk,HIGH
618859,"Improvement and Up-Gradation of Existing Road to 4L PS from Km 229.070 to 260.800, End of Hardoi District to Lucknow Ring road of NH 731 Pkg-4",2026-07-01,Uttar Pradesh,Roads & Highways,8.551466994971423e-05,0.008551466994971424,No Current Schedule Slippage Risk,LOW
618861,Bakhtiyarpur-Rajauli Pkg-II from km. 54.405 to km.101.630,2026-07-01,Bihar,Roads & Highways,9.897251136371368e-05,0.009897251136371368,No Current Schedule Slippage Risk,LOW
618862,Bakhtiyarpur-Rajauli Pkg-III from km. 101.630 to km.152.520,2026-07-01,Bihar,Roads & Highways,0.00016164594497266745,0.016164594497266746,No Current Schedule Slippage Risk,LOW
618863,Barhi-Koderma Section of NH31 km 0.00 - km 27.5,2026-07-01,Jharkhand,Roads & Highways,3.836334855300685e-05,0.0038363348553006847,No Current Schedule Slippage Risk,LOW
618866,"Four Lane Highway from Chandan Nagar Existing Km. 59.025 of NH 530B/Design Km. 179.5000 to Bareilly BypassStartExisting Km. 59.025 of NH 530B/Design Km. 218.000 Section of NH 530B, in the State of Uttar Pradesh on HAM Mode under NH0",2026-07-01,Uttar Pradesh,Roads & Highways,0.006767536374008104,0.6767536374008104,No Current Schedule Slippage Risk,LOW
618867,4L Kasganj-Badaun Section from Km. 123.100 to Km. 179.500 Pkg-III of NH530B,2026-07-01,Uttar Pradesh,Roads & Highways,0.9661994924997407,96.61994924997407,Current Schedule Slippage Risk,HIGH
618868,4L from Devinagar Bypass End Existing Km. 208.000 of NH 530B/Design Km. 66.000 to Kasganj Bypass End Existing Km.150.100 of NH 530B/ Design Km. 123.100 of NH 530B,2026-07-01,Uttar Pradesh,Roads & Highways,0.9903844861423531,99.0384486142353,Current Schedule Slippage Risk,HIGH
618869,"Construction of 4/6 lane Highway of Southern Bareilly Bypass, starting at Ch. 237000 of NH 530 near Jhumka chauraha, Dhantiya village and ending at Ch. 267000 of NH 30 near Invertis University including Trumpet Interchange",2026-07-01,Uttar Pradesh,Roads & Highways,0.03644793480284205,3.6447934802842052,No Current Schedule Slippage Risk,LOW
618870,4L PS from near Hemmige Village Periyapatna - Hassan Road Jn. to near Hunsur - KR Nagar Jn section from Km. 144.900 to Km. 169.000 of NH-275 Pkg. III,2026-07-01,Karnataka,Roads & Highways,0.9772675071190147,97.72675071190147,Current Schedule Slippage Risk,HIGH
618871,4L PS from Near Guddehosur to Start of Kushalnagara Bypass to near Hemmige Village Periyapatna - Hassan Road Jn from Km. 122.200 to Km. 144.900 of NH-275 Pkg. II,2026-07-01,Karnataka,Roads & Highways,0.03824606687687051,3.824606687687051,No Current Schedule Slippage Risk,LOW
618872,4L PS from near Hunsur - KR Nagar Junction to near Yalachahalli village KR Nagara - Yelawala Road Junction fcrom Km 169.000 to Km 195.550 of NH-275 Pkg-IV,2026-07-01,Karnataka,Roads & Highways,0.9963189200635241,99.6318920063524,Current Schedule Slippage Risk,HIGH
618873,4L PS from near Yalachahalli village KR Nagara - Yelawala Road junction to Srirangapatna Bypass Near Paschima Vahini from km 195.550 to Km 214.535 of NH- 275 Pkg-V,2026-07-01,Karnataka,Roads & Highways,0.9908485959496666,99.08485959496666,Current Schedule Slippage Risk,HIGH
618875,4L of Haridwar Nagina section Design Ch. LME from km 13.829 to km 17.110 & km 26.077 to km 27.508 and Design Ch. RME from km 13.839 to km 17.120 & km 26.078 to km 27.509 of EUP mitigation measures on NH74,2026-07-01,Uttarakhand,Roads & Highways,0.9987167106241762,99.87167106241762,Current Schedule Slippage Risk,HIGH
618878,Rehabilitation and Upgradation to 4L configuration & Strengthening of Sihuni to Rajol from Km 51.000 to Km 72.000 of NH-154 Package-IIA,2026-07-01,Himachal Pradesh,Roads & Highways,8.263754933737038e-05,0.008263754933737037,No Current Schedule Slippage Risk,LOW
618879,Rehabilitation and Upgradation to 2L PS configuration & Strengthening of Padhar to Bijni section from Km 180.000 to Km 202.815 of NH-154 Pkg-VA,2026-07-01,Himachal Pradesh,Roads & Highways,8.939440600910075e-05,0.008939440600910075,No Current Schedule Slippage Risk,LOW
618880,Rehabilitation and Up-gradation to 4L configuration & Strengthening of Thanpuri to Paror section from Km 85.135 to Km 100.840 of NH-154 Pkg-IIC,2026-07-01,Himachal Pradesh,Roads & Highways,0.9950550934491498,99.50550934491498,Current Schedule Slippage Risk,HIGH
618881,4L PS bijni to mandi section from Km 202.815 to Km 208.000 of NH-20 New NH-154 of Pathankot-Mandi Package-VB,2026-07-01,Himachal Pradesh,Roads & Highways,0.04119255537535264,4.119255537535263,No Current Schedule Slippage Risk,LOW
618882,Construction of additional 3-Lane Bridge over River Ganga for connection between Buxar and Bharauli on NH-922 in the State of Uttar Pradesh and Bihar on Hybrid Annuity Mode,2026-07-01,"Multi-States (Bihar, Uttar Pradesh)",Roads & Highways,0.036828727748636415,3.6828727748636414,No Current Schedule Slippage Risk,LOW
618883,Construction of Four Lane Highway form Ghazipur- Ballia-UP/Bihar State Border Greenfield section of NH-31 Package I [from Hridaipur km 0.000 to Shahapur km 42.500] on EPC Mode in the state of Uttar Pradesh.,2026-07-01,Uttar Pradesh,Roads & Highways,0.00011668745512706339,0.011668745512706339,No Current Schedule Slippage Risk,LOW
618884,Construction of Four Lane Highway from Ghazipur- Ballia-UP/Bihar State Border Greenfield section of NH-31 Package II [from Shahapur km 42.500 to Pindari km 78.150] on EPC Mode in the state of Uttar Pradesh.,2026-07-01,Uttar Pradesh,Roads & Highways,0.00012168858017668932,0.012168858017668932,No Current Schedule Slippage Risk,LOW
618885,Construction of Four Lane Highway from Ghazipur- Ballia-UP/Bihar State Border Greenfield section of NH-31 Package IV [from Buxur Spur of length km 17.270 on EPC Mode in the state of Uttar Pradesh.,2026-07-01,Uttar Pradesh,Roads & Highways,6.438516496041211e-05,0.006438516496041212,No Current Schedule Slippage Risk,LOW
618886,Road Safety Improvement of Critical Junctions on MuzaffarnagarHaridwar Section of NH-334 from Km 143000 to Km 196000,2026-07-01,"Multi-States (Uttar Pradesh, Uttarakhand)",Roads & Highways,0.039685331549546655,3.9685331549546654,No Current Schedule Slippage Risk,LOW
618887,4L of Bettadahalli- Shivamogga section from Km.170.415 to km. 226.750 of NH-206 Tumkur- Shivamogga Pkg-IV,2026-07-01,Karnataka,Roads & Highways,0.0003635983444072837,0.03635983444072837,No Current Schedule Slippage Risk,LOW
618888,Rehabilitation and Up-gradation of existing road to 2L PS from End of Hamirpur Bypass near Chilbahal to Bhangbar section from Km. 138.295 to Km.175.270 of NH- 88 Pkg-IV,2026-07-01,Himachal Pradesh,Roads & Highways,7.993612714045622e-05,0.007993612714045622,No Current Schedule Slippage Risk,LOW
618889,"4L of Bhangbar Near Ranital to Kangra Bypass Section of Old NH-88 New NH- 303,503 up to Intersection with NH-154 from Km 175.270 to Km 193.400 Pkg-VB",2026-07-01,Himachal Pradesh,Roads & Highways,5.76618713524038e-05,0.00576618713524038,No Current Schedule Slippage Risk,LOW
618890,2L PS of Hamirpur Bypass from Km 121.175 to Km.138.295 of NH-103&3,2026-07-01,Himachal Pradesh,Roads & Highways,7.677654267526655e-05,0.007677654267526655,No Current Schedule Slippage Risk,LOW
618891,4L PS from Kalar Bala Village to Nauni Chowk of NH 205 from Km 41.000 to Km 58.450,2026-07-01,Himachal Pradesh,Roads & Highways,0.1797049738052718,17.97049738052718,No Current Schedule Slippage Risk,LOW
618892,"4 Lane with Paved Shoulder from Dareota Village to Kalar Bala NH 205, Design Chainage -Km 33185 to Km 41000, Design Length-7.815 Km Package-IIB",2026-07-01,Himachal Pradesh,Roads & Highways,0.9972593820491263,99.72593820491264,Current Schedule Slippage Risk,HIGH
618893,Varanasi Gorakhpur Section Packege IV from km. 149.540 to km. 215.160 Mau- Gorakhpur,2026-07-01,Uttar Pradesh,Roads & Highways,0.000485863440717002,0.048586344071700205,No Current Schedule Slippage Risk,LOW
618894,4L of Madathukulam - Pollachi from km. 74.38 to km. 116.95 of old NH-209 New NH- 83,2026-07-01,Tamil Nadu,Roads & Highways,0.0002314467135329967,0.02314467135329967,No Current Schedule Slippage Risk,LOW
618895,Kamalapuram to Oddanchatram from km. 0.00 to km. 35.822,2026-07-01,Tamil Nadu,Roads & Highways,0.00018696410414381642,0.018696410414381644,No Current Schedule Slippage Risk,LOW
618896,4L of Sannur to Bikarnakatte section from Km 691.350 to Km 736.362 of NH-169 Karkala - Mangalore Package-III,2026-07-01,Karnataka,Roads & Highways,0.9998904873519209,99.98904873519209,Current Schedule Slippage Risk,HIGH
618898,Balance Works for Four laning of Vikravandi to Sethiyathope section from Km 0.0 to Km 65.96 of NH-45C in Tamil Nadu under NHDP Phase-IV on EPC mode,2026-07-01,Tamil Nadu,Roads & Highways,0.967543819993743,96.75438199937429,Current Schedule Slippage Risk,HIGH
618899,Kallagam km.38.700 to Meensurutti Km.98.433 of NH-227 in Tamil Nadu,2026-07-01,Tamil Nadu,Roads & Highways,9.447573004256165e-05,0.009447573004256164,No Current Schedule Slippage Risk,LOW
618901,4L PS Divided Carriageway from Patan Near Rajpur to Gojariya From Km 52.000 to Km 128.940 of NH-68,2026-07-01,Gujarat,Roads & Highways,0.00015909067010799082,0.015909067010799083,No Current Schedule Slippage Risk,LOW
618902,Maheshkunt-Saharsa-Purnea Pkg I km 0.00 to km. 90.00 of NH-107,2026-07-01,Bihar,Roads & Highways,0.00010563269882019287,0.010563269882019288,No Current Schedule Slippage Risk,LOW
618903,Maheshkunt -Saharsa-Purnea Pkg II,2026-07-01,Bihar,Roads & Highways,0.0001820416332894951,0.01820416332894951,No Current Schedule Slippage Risk,LOW
618904,Chhapra - Hajipur from km. 143.200 to km. 209.200,2026-07-01,Bihar,Roads & Highways,7.574168831585668e-05,0.007574168831585668,No Current Schedule Slippage Risk,LOW
618905,Widening with additional 3L abetting Chhapra Bypass Section of NH-19 from Km. 143.200 to Km. 159.255 Pkg-1,2026-07-01,Bihar,Roads & Highways,0.990117811488006,99.01178114880061,Current Schedule Slippage Risk,HIGH
618906,4L of Amritsar-Ghoman - Tanda - Una Section from Km 8.270 to Km 54.000 of NH- 503A Package-I,2026-07-01,Punjab,Roads & Highways,0.9997151011333484,99.97151011333484,Current Schedule Slippage Risk,HIGH
618907,2L/4L of Hoshiarpur to Una section including Hoshiarpur Bypass of NH 503A,2026-07-01,"Multi-States (Himachal Pradesh, Punjab)",Roads & Highways,0.9994275097407722,99.94275097407723,Current Schedule Slippage Risk,HIGH
618908,3L Major Bridge over River Brahmani at Km. 401.250 Duburi - Chandikhole Section of NH-200 New NH -53,2026-07-01,Odisha,Roads & Highways,0.9999541820706279,99.9954182070628,Current Schedule Slippage Risk,HIGH
618909,2L PS of JH / WB Border km. 70.524 - Purulia km.84.400 & Purulia km. 94.30 - Chandil Junction with NH-33 km. 153.705 of Old NH-32,2026-07-01,"Multi-States (Jharkhand, West Bengal)",Roads & Highways,0.0004973441630582457,0.049734416305824564,No Current Schedule Slippage Risk,LOW
618910,4L of Purulia Bypass section from Km 84.030 to Km 94.345 of NH-32,2026-07-01,West Bengal,Roads & Highways,2.958001795159281e-05,0.002958001795159281,No Current Schedule Slippage Risk,LOW
618911,4L Greenfield Western Side spur of Rampur-Rudrapur Section from Km 0.000 to Km 13.700 connecting NH-24 to NH-87 bypassing rampur town,2026-07-01,Uttar Pradesh,Roads & Highways,0.9995748028265632,99.95748028265632,Current Schedule Slippage Risk,HIGH
618914,"4L Elevated Corridor and at-grade improvements from Design Ch0000 to Design Ch 19870 of Danapur Bihta Section, Design Ch0000 to Design Ch0231 connecting the existing RoB near Danapur station ,1.35 Km ramps and at-grade improvements to 4- lane section on Danapur side and Upgradation of existing Two lane carriageway to Four Lane carriageway from Design Ch19870 to Design Ch23500 of Bihta - Koilwar section",2026-07-01,Bihar,Roads & Highways,0.9959804788237692,99.59804788237692,Current Schedule Slippage Risk,HIGH
618917,4L Greenfield starting from NH-30 near Saristabad Patna to Nathupur Project end point of Patna-Gaya-Dobhi Section of NH-83,2026-07-01,Bihar,Roads & Highways,0.00010243310317866352,0.010243310317866352,No Current Schedule Slippage Risk,LOW
618920,Access Controlled Highway of 4 Lane with Paved Shoulders from TN/AP Border Design Chainage Km 6151 to Puttur Design Chainage Km 81540 of NH-716 & 6 Lane with Paved Shoulders from Mallavaram to Renigunta,2026-07-01,Andhra Pradesh,Roads & Highways,0.9958597927060603,99.58597927060603,Current Schedule Slippage Risk,HIGH
618921,4L of Kathlighat to Shakral Village from Km 128.835 to Km 146.300 of NH- 5 Shimla Bypass - Pkg I,2026-07-01,Himachal Pradesh,Roads & Highways,0.9996981733993217,99.96981733993216,Current Schedule Slippage Risk,HIGH
618922,4L of Shakral Village to Dhalli Section from Km 146.300 to Km 156.560 Shimla Bypass - Pkg II and Shimla connectivity from Km 0.000 to Km 0.725 of NH-5,2026-07-01,Himachal Pradesh,Roads & Highways,0.9955100502411198,99.55100502411199,Current Schedule Slippage Risk,HIGH
618923,4L Behsuma at Km 39.250 Ex. Km 39240 To Bijnor at Km 78.810 Ex. Km 86590 Design Length 39.560 Km of NH-119 Pkg-II,2026-07-01,Uttar Pradesh,Roads & Highways,0.9984294471669319,99.8429447166932,Current Schedule Slippage Risk,HIGH
618924,2L PS of Najibabad Kotdwar section from 112.575 to Km. 138.635 of NH 119,2026-07-01,Uttar Pradesh,Roads & Highways,0.9973440497697479,99.73440497697479,Current Schedule Slippage Risk,HIGH
618925,Bijnor-Kotawali,2026-07-01,Uttar Pradesh,Roads & Highways,6.835429976704908e-05,0.0068354299767049076,No Current Schedule Slippage Risk,LOW
618926,4L of Siwan- Masrakh section of Ram Janki Marg from Km 230.385 to Km 281.391 of NH-227A,2026-07-01,Bihar,Roads & Highways,0.9941521236840622,99.41521236840623,Current Schedule Slippage Risk,HIGH
618927,4L of Moradabad-Thakurdwara-Kashipur Section from Km. 0.000 to Km. 38.77 of NH- 734 Pkg-II,2026-07-01,Uttar Pradesh,Roads & Highways,0.9935175027766485,99.35175027766485,Current Schedule Slippage Risk,HIGH
618928,"Improvement & Up-gradation of NH-734 Section of Moradabad-Thakurdwara Kashipur including Moradabad & Kashipur Bypasse Package-III Kashipur Bypass Length 14.490 Km., Starts from Ch. 38770 and ends at Ch. 53260 existing Ch. 05560",2026-07-01,"Multi-States (Uttar Pradesh, Uttarakhand)",Roads & Highways,0.9841233006192948,98.41233006192948,Current Schedule Slippage Risk,HIGH
618929,4L of Moradabad western side spur connecting NH-734 & NH-24 from Km. 0.000 to Km. 33.200 Pkg-I,2026-07-01,Uttar Pradesh,Roads & Highways,0.0013519672992440045,0.13519672992440046,No Current Schedule Slippage Risk,LOW
618930,4L PS from Ch. 94.030 in Jabugam Village to Ch. 132.320 in Dhamasiya Village of NH-56 Pkg-III,2026-07-01,Gujarat,Roads & Highways,0.030545061297472555,3.0545061297472555,No Current Schedule Slippage Risk,LOW
618931,4L PS from Ch. 179.780 in Bitada/Movi Village to Ch. 208.900 in Nasarpore Village of NH-56 Pkg-V,2026-07-01,Gujarat,Roads & Highways,0.9759948850874163,97.59948850874163,Current Schedule Slippage Risk,HIGH
618932,Construction of 6 lane Indore western bypass from km 0000 to Km 34000 Pkg -l in the State of Madhya Pradesh on Hybrid Annuity Mode under NHO,2026-07-01,Madhya Pradesh,Roads & Highways,0.004960773612937186,0.4960773612937186,No Current Schedule Slippage Risk,LOW
618933,Construction of 6 lane Indore western bypass from km 34000 to Km 64000 Pkg-II in the state of Madhya Pradesh on Hybrid Annuity Mode under NHO,2026-07-01,Madhya Pradesh,Roads & Highways,0.002205522873962029,0.22055228739620292,No Current Schedule Slippage Risk,LOW
618934,Guwahati Ring Road in the State of Assam,2026-07-01,Assam,Roads & Highways,0.040785218761609746,4.078521876160974,No Current Schedule Slippage Risk,LOW
618936,Jagadhari - Tajewala from Km -0.175 to 32.337 km of NH-344,2026-07-01,Haryana,Roads & Highways,0.9999170015522939,99.9917001552294,Current Schedule Slippage Risk,HIGH
618937,4L of Nagpur-Katol Section from Km. 13.00 to Km. 62.900 of NH-353J,2026-07-01,Maharashtra,Roads & Highways,0.00013856299334909434,0.013856299334909434,No Current Schedule Slippage Risk,LOW
618939,Construction of Standalone Flyover cum ROB from Design Ch.66.600 to Design Ch.68.800 in Gadchandur Town on NH-353B,2026-07-01,Maharashtra,Roads & Highways,0.9990781837145379,99.9078183714538,Current Schedule Slippage Risk,HIGH
618941,4L of Bamni - Rajura - Warur - Devada upto M.S. Border of NH - 930D from km 19.000 to km 51.985,2026-07-01,"Multi-States (Maharashtra, Telangana)",Roads & Highways,0.9962966031512424,99.62966031512424,Current Schedule Slippage Risk,HIGH
618942,Balance work of 2L PS from Km 30.800 to Km 70.800 and 2L with Rigid Carriageway from Km 70.800 to km 84.120 of Khanapur- KA/GOA Border section of NH-4A,2026-07-01,"Multi-States (Goa, Karnataka)",Roads & Highways,7.80651839773145e-05,0.0078065183977314495,No Current Schedule Slippage Risk,LOW
618944,Hyderabad - Maneguda,2026-07-01,Telangana,Roads & Highways,0.9139947342356827,91.39947342356827,Current Schedule Slippage Risk,HIGH
618945,4L of Kodad Design Km 0.00/Existing Km 185.00 of NH-65 to Khammam Design Km 31.800/Existing Km 29.400 of NH-365A,2026-07-01,Telangana,Roads & Highways,7.874613652375458e-05,0.007874613652375458,No Current Schedule Slippage Risk,LOW
618947,4L of NH-80 from km 215.00 to km 260.00 Mirza Chauki to Farkka Pkg-I,2026-07-01,Jharkhand,Roads & Highways,0.00010723764486423954,0.010723764486423953,No Current Schedule Slippage Risk,LOW
618948,4L of NH-80 section of Mirza Chauki to Farakka section from existing km 190.00 to design km 200.75 junction at km 3.100 of NH 133 B and from existing km 260.00 to existing km 283.00 design km 274.133 in the state of Jharkhand package - II,2026-07-01,"Multi-States (Jharkhand, West Bengal)",Roads & Highways,0.034174321642718226,3.4174321642718226,No Current Schedule Slippage Risk,LOW
618949,4L of Basukinath- Deoghar Section of NH-114A,2026-07-01,Jharkhand,Roads & Highways,0.00020481136491396694,0.020481136491396695,No Current Schedule Slippage Risk,LOW
618950,Construction of Bypass to NH-114A Connecting NH-333 and NH-133 Deoghar Bypass from design km 0.000 to design Km 49.000,2026-07-01,Jharkhand,Roads & Highways,0.05634468867359235,5.634468867359235,No Current Schedule Slippage Risk,LOW
618951,Hariharganj to Parwa Mode section from km 23.284 to km 57.049 of NH-98,2026-07-01,"Multi-States (Bihar, Jharkhand)",Roads & Highways,8.620747368554246e-05,0.008620747368554246,No Current Schedule Slippage Risk,LOW
618952,4L of Sahibganj - Manihari Ganga Bridge including Manihari Bypass,2026-07-01,"Multi-States (Bihar, Jharkhand)",Roads & Highways,0.00013136775128982418,0.013136775128982418,No Current Schedule Slippage Risk,LOW
618953,Umagaon-Saharsa Package-IV Koshi Bridge & approach Road - Bheja-Bakaur,2026-07-01,Bihar,Roads & Highways,0.00015570764264624364,0.015570764264624363,No Current Schedule Slippage Risk,LOW
618954,Umagaon - Saharsa Package - I Combined Umagaon-Kaluahi0.000KM to 21.609Km of NH227LSaharghat-Rahika0.000 Km to 26.130KM of NH227JRahika-Rampatti 0.00 KM to 15.00KM of NH527ABideshwarsthan-Bheja0.000KM to 25.915KM of NH527A.,2026-07-01,Bihar,Roads & Highways,0.9992244005789077,99.92244005789077,Current Schedule Slippage Risk,HIGH
618955,2L PS of Majhauli to Charout section from km. 0.00 to km. 63.655,2026-07-01,Bihar,Roads & Highways,7.272894051456335e-05,0.007272894051456335,No Current Schedule Slippage Risk,LOW
618956,Construction of Major Bridge over Baghmati and Lakhandei River along with Approaches from Design km.16.500 to km.21.500,2026-07-01,Bihar,Roads & Highways,0.9471507033826455,94.71507033826455,Current Schedule Slippage Risk,HIGH
618957,4 laning of Champa - Korba from km 0.00 to km 38.2,2026-07-01,Chhattisgarh,Roads & Highways,5.965751357534173e-05,0.0059657513575341724,No Current Schedule Slippage Risk,LOW
618958,2L with ES of Yagyi - Kalewa section from Milepost 40/0 to Milepost 115/5 in Myanmar,2026-07-01,Assam,Roads & Highways,0.9863817394573118,98.63817394573118,Current Schedule Slippage Risk,HIGH
618960,4 Lane Inner Ring Road around Allahabad City Pkg-2 Prayagraj Southern Bypass 43.200 - 50.860,2026-07-01,Uttar Pradesh,Roads & Highways,0.9998503942407309,99.98503942407308,Current Schedule Slippage Risk,HIGH
618961,4 Lane Inner Ring Road around Allahabad City Pkg-1 Prayagraj Southern Bypass 34.400 43.200,2026-07-01,Uttar Pradesh,Roads & Highways,0.003016003106697059,0.3016003106697059,No Current Schedule Slippage Risk,LOW
618962,4L of Budhni to Shahganj Bypass End Package-III of NH-146B from Km. 73.750 to Km. 102.000,2026-07-01,Madhya Pradesh,Roads & Highways,0.009824457417492107,0.9824457417492107,No Current Schedule Slippage Risk,LOW
618963,Construction work of 4-laning of Shahganj bypass end to Badi Package-IV of NH-146B from design km 102.000 to design km 142.357 Design length 40.357 km,2026-07-01,Madhya Pradesh,Roads & Highways,0.029131997358012723,2.9131997358012724,No Current Schedule Slippage Risk,LOW
618964,4 Laning of Sandalpur to Nasrullaganj Pkg-1 section of NH-146B Length 43.2 Km.,2026-07-01,Madhya Pradesh,Roads & Highways,0.05596111735643732,5.596111735643732,No Current Schedule Slippage Risk,LOW
618966,Six laning with both sides Service Road of Ayodhya Bypass from Design Km 0000 near Ashram Tiraha on NH-46 to Km 16439 end at Ratnagiri Tiraha on Nh-146,2026-07-01,Madhya Pradesh,Roads & Highways,0.9827927145800666,98.27927145800666,Current Schedule Slippage Risk,HIGH
618967,Upgradation and Strengthening of Chenani to Nashri Section via Patnitop of NH244 from Km 0.000 to Km 39.100,2026-07-01,Jammu and Kashmir,Roads & Highways,0.9998944886111601,99.98944886111602,Current Schedule Slippage Risk,HIGH
618968,6L access control Greenfield highway of Vill-Khyawari to Vill-Latifpur at Saharanpur Bypass from Km. 82.000 to Km. 119.790 Pkg-4,2026-07-01,Uttar Pradesh,Roads & Highways,0.00011238658271766595,0.011238658271766596,No Current Schedule Slippage Risk,LOW
618969,4/6L of Spur to Haridwar Greenfield from Km. 0.000 to Km. 50.70,2026-07-01,"Multi-States (Uttar Pradesh, Uttarakhand)",Roads & Highways,6.301426908747531e-05,0.006301426908747532,No Current Schedule Slippage Risk,LOW
618970,6L access control Greenfield highway of Vill-Lohadda to Vill-Karaunda Mahajan from Km. 27.000 to Km. 56.500 Pkg-2,2026-07-01,Uttar Pradesh,Roads & Highways,8.830306600421262e-05,0.008830306600421263,No Current Schedule Slippage Risk,LOW
618971,Pune Metro Rail Project Phase-2 Corridor 2A Vanaz to Chandani Chowk and Corridor 2B Ramwadi to Wagholi/Vitthalwadi,2026-07-01,Maharashtra,Urban Public Transport,0.1019683564813772,10.19683564813772,No Current Schedule Slippage Risk,LOW
618972,Devbhumi Dwarka [Okha] - Kanalus Doubling,2026-07-01,Gujarat,Railways,0.06973001582480914,6.973001582480914,No Current Schedule Slippage Risk,LOW
618976,"Gadarwara Super Thermal Power Project, Stage-II [2x800 MW]",2026-07-01,Madhya Pradesh,Electricity Generation,0.4512862952942124,45.12862952942124,No Current Schedule Slippage Risk,MEDIUM
618977,"Development of New Greenfield Airport at Bundi, Kota Rajasthan.",2026-07-01,Rajasthan,Aviation & Aviation Infrastructure,0.9977081375079309,99.77081375079308,Current Schedule Slippage Risk,HIGH
618978,Gondia - Dongargarh 4th line [84 Km],2026-07-01,"Multi-States (Chhattisgarh, Maharashtra)",Railways,0.01041359831757051,1.041359831757051,No Current Schedule Slippage Risk,LOW
618981,810 MW Solar Power Project - Rajasthan,2026-07-01,Rajasthan,Electricity Generation,0.9723938929318633,97.23938929318633,Current Schedule Slippage Risk,HIGH
618982,Talabira II & III OCP - FMC,2026-07-01,Odisha,Coal,0.894379275706624,89.4379275706624,Current Schedule Slippage Risk,HIGH
618985,Pune Metro Rail Project Phase-2 Line-4 Kharadi to Khadakwasla with Spur Line 4A Nal Stop - Warje - Manikbaug,2026-07-01,Maharashtra,Urban Public Transport,0.005286409607455108,0.5286409607455108,No Current Schedule Slippage Risk,LOW
618986,Furkating-New Tinsukia[194 Km],2026-07-01,Assam,Railways,0.7004686356953177,70.04686356953177,Current Schedule Slippage Risk,HIGH
618991,200 MW SPP part of 510 MW CPSU scheme,2026-07-01,Gujarat,Electricity Generation,0.9915076930431067,99.15076930431067,Current Schedule Slippage Risk,HIGH
618992,100 MW SPP part of SECI 150 MW Hybrid,2026-07-01,Gujarat,Electricity Generation,0.6366687062142911,63.666870621429105,Current Schedule Slippage Risk,MEDIUM
618995,New Line between Junagarh - Nabarangpur [116.21 Km],2026-07-01,Odisha,Railways,0.04628380736856216,4.628380736856216,No Current Schedule Slippage Risk,LOW
619003,Solan - Kaithlighat Section of NH-22 Now NH-5 from Km. 106.139 to Km.129.05,2026-07-01,Himachal Pradesh,Roads & Highways,6.979707055769095e-05,0.006979707055769095,No Current Schedule Slippage Risk,LOW
619004,"Construction of Dubrajpur Bypass with 4-lane configuration of length 5.676 km on NH- 60 new NH-14 from design chainage 0.00 existing km 316.135 on NH-60 to design chainage 5.676 existing km 320.980 on NH-60 in the district of Birbhum, West Bengal under Annual Plan 2022-23 in EPC Mode- reg. Job. No. 014-WB-2022- 23/518 .",2026-07-01,West Bengal,Roads & Highways,0.9795784844882702,97.95784844882702,Current Schedule Slippage Risk,HIGH
619005,Construction of bypass around Chatra Town on NH-22 old NH-99 in the state of Jharkhand under EPC Mode,2026-07-01,Jharkhand,Roads & Highways,0.05187169225306081,5.187169225306081,No Current Schedule Slippage Risk,LOW
619007,Upgradation of Sarvardewla to Pal MP/MH Border Road section of NH-347 C from Design Chainge km 81.600 to 137.400 Total length 55.80 km to two lane with paved shoulder configuration along with One time improvement of 1 .95 km in the State of Madhya Pradesh on EPC mode.,2026-07-01,Madhya Pradesh,Roads & Highways,0.5463403593742562,54.634035937425615,Current Schedule Slippage Risk,MEDIUM
619008,Rehabilitation and Up gradation of Charthana Jintur Section of NH 752 I Km 25100 to 47100 to 2 Lane with Paved Shoulder configuration Flexible Pavement in the state of Maharashtra on EPC mode. Reg- Resubmission of Annual Plan Estimate.,2026-07-01,Maharashtra,Roads & Highways,0.03818595560429107,3.818595560429107,No Current Schedule Slippage Risk,LOW
619009,Upgradation to Two Lane with Paved Shoulders from Km 0.000 to Km 41.920 Green Field Alignment of Gowrelly to Valigonda Section of NH-930P in the State of Telangana on EPC Mode under Annual Plan 2022-23,2026-07-01,Telangana,Roads & Highways,0.07736573650065834,7.736573650065834,No Current Schedule Slippage Risk,LOW
619010,Up-gradation to 2 lane with paved shoutders of Pawlrang - Rulchawm section- of NH- 102B of Aizawl - Imphal Economic Corridor from Existing Chainage km 72.030 to km 104.129 including 2.459 km re-alignment section from Tuivai River to Rulchawm connecting km 48.150 of NH-6 [Design Chainage km 68.170 to km 98.579] in the State of Mizoram under Bharatmala Pariyojna on EPC mode under NHO-NE Package-3 Keifang- Tuivai Pkg-3,2026-07-01,Mizoram,Roads & Highways,0.00018691130775128322,0.018691130775128323,No Current Schedule Slippage Risk,LOW
619013,"Construction of Balance Work of 4-Laning of the Section from Jhanji to Demow of NH- 37 Old from Km 501.800 to Km 514.800 13.000 Km, under SARDP- NE under EPC Mode in the state of Assam Pkg-II Road Works",2026-07-01,Assam,Roads & Highways,0.9828606535511896,98.28606535511895,Current Schedule Slippage Risk,HIGH
619014,"lmprovement and Widening to 2 lane with paved Shoulder of NH-15 old NH-52 from Existing Km 770.600 Design Km 24.819 to Existing km 805.750 Design Km 59.885 Kamlang T-Junction to Chowkham, Existing Length 35.150 Km, Design Length-35.066 Km in the state of Arunachal Pradesh on EPC mode Pkg-2",2026-07-01,Arunachal Pradesh,Roads & Highways,0.9895010553708129,98.95010553708128,Current Schedule Slippage Risk,HIGH
619022,"Metro connectivity from Millennium City Centre to Cyber City with Spur to Dwarka Expressway, Gurugram.",2026-07-01,Haryana,Urban Public Transport,0.9633116161927531,96.3311616192753,Current Schedule Slippage Risk,HIGH
619024,Mahan Transmission Limited,2026-07-01,Madhya Pradesh,Transmission & Distribution,0.9858554708871893,98.58554708871893,Current Schedule Slippage Risk,HIGH
619025,RAJASTHAN PART I POWER TRANSMISSION LIMITED,2026-07-01,"Multi-States (Madhya Pradesh, Rajasthan, Uttar Pradesh)",Transmission & Distribution,0.03263360122791843,3.2633601227918434,No Current Schedule Slippage Risk,LOW
619026,KPSIII HVDC Transmission Limited,2026-07-01,Gujarat,Transmission & Distribution,0.019042525254181035,1.9042525254181035,No Current Schedule Slippage Risk,LOW
619027,WRNES Talegaon Power Transmission Limited,2026-07-01,Maharashtra,Transmission & Distribution,0.9812919327724723,98.12919327724723,Current Schedule Slippage Risk,HIGH
619028,Augmentation of 1x500 MVA 400/220kV ICT [3rd] at Thrissur VSC HVDC Station in Kerala,2026-07-01,Kerala,Transmission & Distribution,0.9861315749545913,98.61315749545912,Current Schedule Slippage Risk,HIGH
619029,Transmission System for Reliable Power Supply to Dholera,2026-07-01,Gujarat,Transmission & Distribution,0.999225524836268,99.9225524836268,Current Schedule Slippage Risk,HIGH
619030,Inter-Regional Strengthening between SR Grid and ER Grid,2026-07-01,"Multi-States (Andhra Pradesh, Odisha)",Transmission & Distribution,0.025501937286156517,2.5501937286156515,No Current Schedule Slippage Risk,LOW
619031,Delhi Metro Rail Phase V A,2026-07-01,Delhi,Urban Public Transport,0.019339922761732707,1.9339922761732706,No Current Schedule Slippage Risk,LOW
619032,JAYANT EXPN. [20 TO 38 MTPA],2026-07-01,Madhya Pradesh,Coal,0.014065666190097494,1.4065666190097494,No Current Schedule Slippage Risk,LOW
619033,"1000 seater Boys hostel, 500 seater Girls hostel, 1.5 MLD Sewage Treatment Plant and Faculty Residence - 72 nos. Flats",2026-07-01,Odisha,Education,0.994420040213373,99.44200402133731,Current Schedule Slippage Risk,HIGH
619038,Construction/upgradation to 2-lane with paved shoulder from Design Km 95.55 Bandarkoot to Km. 111.06 Chattroo of 15.52 Km length on Khellani-Kishtwar-Chattroo section on NH-244 in UT of Jammu and Kashmir on EPC Mode Pkg-5,2026-07-01,Jammu and Kashmir,Roads & Highways,0.00022112647661320144,0.022112647661320144,No Current Schedule Slippage Risk,LOW
619039,"Balance Works of Rehabilitation and Up gradation of NH-43 New NH-30 from Krn 162120 to Krn 173500 Length 11.380 Km. Keshkal Bypass 4-Lane with Paved shoulder in the State Of Chhattisgarh under NHDP-IV through Engineering, Procurement & Construction EPC Basis",2026-07-01,Chhattisgarh,Roads & Highways,0.9986677388850199,99.866773888502,Current Schedule Slippage Risk,HIGH
619042,"Construction of six lane Flyover at Katraj junction at Km, 3/880 of NH 548-DD Vadgaon - Katraj - Kondhwa - Mantarwadi Chowk - Loni Kalbhor - Theur Phata - Lonikand Road in Pune Dist of the State of Maharashtra. On Engineering Procurement and construction EPC Basis mode L.1.326 Km,",2026-07-01,Maharashtra,Roads & Highways,0.00022800039725261582,0.02280003972526158,No Current Schedule Slippage Risk,LOW
619043,Capacity Augmentation in the stretch of DhulePimpalgaon section of NH60 Km. 261.720 to Km. 380.000 by Construction of Slip/Service Road on either side at various locations total length 30.30 Km LHSRHS and Flyover 2 x 30m at Sawadgaon Phata Km. 310.415,2026-07-01,Maharashtra,Roads & Highways,0.9835058403749284,98.35058403749284,Current Schedule Slippage Risk,HIGH
619045,Construction of New Double Tier 4L Elevated Corridor from Chennai Port to Maduravoyal in Chennai District from km -0.342 to Km 20.593 and Package IV from Km 14.185 to Km 20.593,2026-07-01,Tamil Nadu,Roads & Highways,0.9951281594370744,99.51281594370744,Current Schedule Slippage Risk,HIGH
619049,Khavda IVA Power Transmission Limited,2026-07-01,Gujarat,Transmission & Distribution,0.6185166883998741,61.851668839987404,Current Schedule Slippage Risk,MEDIUM
619051,"Nabinagar Super Thermal Power Project, Stage-II [3x800 MW]",2026-07-01,Bihar,Electricity Generation,0.2290437079110704,22.90437079110704,No Current Schedule Slippage Risk,LOW
619052,LUCKNOW METRO RAIL PROJECT PHASE-1B EAST WEST CORRIDOR,2026-07-01,Uttar Pradesh,Urban Public Transport,0.01815571125205215,1.8155711252052151,No Current Schedule Slippage Risk,LOW
619053,RPR FOR RAMPUR BATURA OCP,2026-07-01,Madhya Pradesh,Coal,0.9800905356345359,98.00905356345359,Current Schedule Slippage Risk,HIGH
619054,Development of Keshod Airport.,2026-07-01,Gujarat,Aviation & Aviation Infrastructure,0.9889548716952308,98.89548716952308,Current Schedule Slippage Risk,HIGH
619055,SAONER-III EXPN UG MINE 1.54,2026-07-01,Maharashtra,Coal,0.07197116092981377,7.1971160929813776,No Current Schedule Slippage Risk,LOW
619056,"Darlipali Super Thermal Power Project, Stage-II [1x800 MW]",2026-07-01,Odisha,Electricity Generation,0.01227787792394618,1.2277877923946179,No Current Schedule Slippage Risk,LOW
619057,Construction of 4-Lane Badarpur Bypass from Design Chainage km 27300 at crossing with NH-6 Old NH-44 Near Siddeswar Pt.-I Village to Design Chainage km 38600 on NH-37 Old NH-44 at Kandigram Chaita Village on Silchar - Churaibari stretch in the State of Assam on EPC Mode under Bharatmala Pariyojana in Economic Corridors Silchar- Churaibari Pkg-3,2026-07-01,Assam,Roads & Highways,0.9990316213617592,99.90316213617592,Current Schedule Slippage Risk,HIGH
619059,Construction of 2-Lane with hard shoulders of Merangkong-Tamlu-Mon Road on EPC Basis from existing road Km. 76.640 to Km 98.065 Design chainage Km. 63.800 to Km. 86.835 Design Length-23.035 Km in the state of Nagaland under SARDP-NE PKG-IV Balance work,2026-07-01,Nagaland,Roads & Highways,0.9962286470167145,99.62286470167146,Current Schedule Slippage Risk,HIGH
619060,"Construction of Balance Work of 4-Laning of the Section from Jhanji to Demow of NH- 37 Old from Km 514.800 to Km 534.800 20.000 Km, under SARDP- NE under EPC Mode in the state of Assam Pkg-III Road Works",2026-07-01,Assam,Roads & Highways,0.9824224606064496,98.24224606064496,Current Schedule Slippage Risk,HIGH
619061,Construction of 4 lane with PS Idar-Badoli bypass section from design km 81/300 to km 95/500 of NH 168G in the State of Gujarat,2026-07-01,Gujarat,Roads & Highways,0.05702964353941103,5.702964353941103,No Current Schedule Slippage Risk,LOW
619064,Vadodara Mumbai Expressway Talsari to Karvad Phase IB - Pkg X [Km 103.400 to Km 128.000],2026-07-01,"Multi-States (Dadra & Nagar Haveli and Daman & Diu, Gujarat, Maharashtra)",Roads & Highways,0.9994320995020647,99.94320995020647,Current Schedule Slippage Risk,HIGH
619065,4L Expressway from Km 26.400 to km 53.500 of Malur to Bangarpet section of Bangalore-Chennai Expressway Phase-I Package-II,2026-07-01,Karnataka,Roads & Highways,0.00028109720412212367,0.028109720412212366,No Current Schedule Slippage Risk,LOW
619066,Delhi-Amritsar-Katra Expressway Phase-II Pkg-XIV from Junction with Pathankot- Gurdaspur road NH-54 near Balsua to Junction with Hiranagar Road near village Gurha Baildaran km 423500 to km 468100,2026-07-01,"Multi-States (Jammu and Kashmir, Punjab)",Roads & Highways,0.00022074780558554026,0.022074780558554025,No Current Schedule Slippage Risk,LOW
619068,Construction of Greenfield Connectivity to Jewar International Airport from DND- Faridabad-Ballabhgarh Bypass KMP Link - Spur to Delhi Mumbai Expressway,2026-07-01,"Multi-States (Haryana, Uttar Pradesh)",Roads & Highways,0.9983159884261605,99.83159884261606,Current Schedule Slippage Risk,HIGH
619069,Satara Km 725.000 to Pune Km 865.350 of NH - 4 New NH - 48 in Maharashtra,2026-07-01,Maharashtra,Roads & Highways,0.00020032532256042624,0.020032532256042623,No Current Schedule Slippage Risk,LOW
619071,Tumkur - Nelamangala 6L,2026-07-01,Karnataka,Roads & Highways,0.9942943625948722,99.42943625948722,Current Schedule Slippage Risk,HIGH
619072,Bangalore/TN border to Hoskote,2026-07-01,Karnataka,Roads & Highways,7.455894412751564e-05,0.007455894412751564,No Current Schedule Slippage Risk,LOW
619073,4L of 42.000 to km 80.00 of Dodaballapur Bypass to Hoskote section of NH-648 Old NH-207 [Bangalore Ring Road Pkg 2],2026-07-01,Karnataka,Roads & Highways,5.4351977647152506e-05,0.0054351977647152504,No Current Schedule Slippage Risk,LOW
619074,6-laning of Krishnagiri Km.0.000 to Walajahpet Km.148.300 section on NH-46 under NHDP-V,2026-07-01,Tamil Nadu,Roads & Highways,8.20334176646167e-05,0.00820334176646167,No Current Schedule Slippage Risk,LOW
619076,Six Laning of Vijayawada Bypass from Chinna Avutapalli to Gollapudi in Vijayawada - Gundugolanu Section from km. 0.00 to km. 30.00 Pkg-III,2026-07-01,Andhra Pradesh,Roads & Highways,0.00022591660051652658,0.022591660051652657,No Current Schedule Slippage Risk,LOW
619077,6 laning of Balance Work of Chennai - Tada from km. 21.40 to km. 54.40,2026-07-01,"Multi-States (Andhra Pradesh, Tamil Nadu)",Roads & Highways,0.00022814126780875668,0.022814126780875667,No Current Schedule Slippage Risk,LOW
619078,Six Laning of Bihar - Jharkhand Border Chordaha - Gorhar section of NH-2 from km 249.525 to km 320.810,2026-07-01,"Multi-States (Bihar, Jharkhand)",Roads & Highways,0.9961167209776619,99.61167209776619,Current Schedule Slippage Risk,HIGH
619080,4L PS of Ambala Ring Road of New NH-44,2026-07-01,Haryana,Roads & Highways,0.00027802934358823415,0.027802934358823413,No Current Schedule Slippage Risk,LOW
619086,Chengapalli km 102.035 to Neelambur Km144.680 and Madukkarai Km 170.880 to Walayar K183.010 Package No. NS-2/BOT/TN-08,2026-07-01,Tamil Nadu,Roads & Highways,5.0275499394674e-05,0.0050275499394674,No Current Schedule Slippage Risk,LOW
619087,Widening to 6L of Existing 4L Jetpur - Gondal - Rajkot Section from Km. 117.600 to Km. 185.00 on NH-27,2026-07-01,Gujarat,Roads & Highways,0.9960203361222267,99.60203361222267,Current Schedule Slippage Risk,HIGH
619089,Balance work of 4L of NarimbangloJatinga Junction- Harangajoroad section from Km 0.000 to Km 49.230 of NH-27,2026-07-01,Assam,Roads & Highways,0.0001229953374651382,0.012299533746513821,No Current Schedule Slippage Risk,LOW
619090,8L of Dwarka Expressway Pkg-II RuB near Dwarka Sector 21-DL/HR Border from 5.300 Km.to 9.500 Km. of NH-248BB,2026-07-01,Delhi,Roads & Highways,5.5445821763143103e-05,0.0055445821763143105,No Current Schedule Slippage Risk,LOW
619092,4L of Jind-Gohana road Package-1 from km. 0.00 to km. 40.601 of NH-352 A under NHO,2026-07-01,Haryana,Roads & Highways,7.938715230671897e-05,0.007938715230671897,No Current Schedule Slippage Risk,LOW
619093,4L Ismailabad to Ambala Section of NH-152 Lot-4/Package-1,2026-07-01,"Multi-States (Haryana, Punjab)",Roads & Highways,0.9991467630879479,99.9146763087948,Current Schedule Slippage Risk,HIGH
619094,Thorapalli - Agraharam - Jittandahalli Section from km 23.350 to km 60.100 [Hosur to Dhamrapuri Pkg-2],2026-07-01,Tamil Nadu,Roads & Highways,0.9931972903619565,99.31972903619565,Current Schedule Slippage Risk,HIGH
619095,Balance works of 4L Panvel Indapur section of NH66 old NH17 from km 42.300 kasu to km 84.600 Indapur,2026-07-01,Maharashtra,Roads & Highways,0.00016177218884708412,0.01617721888470841,No Current Schedule Slippage Risk,LOW
619096,Goa / Karnataka Km.93.700 to Kundapur Km.283.30,2026-07-01,Karnataka,Roads & Highways,0.00041646053782789844,0.04164605378278984,No Current Schedule Slippage Risk,LOW
619097,Thalassery Mahe Bypass Km 170.600 to Km 189.200 of NH-17New NH-66 in Kerala,2026-07-01,"Multi-States (Kerala, Puducherry)",Roads & Highways,0.00022304706487599708,0.022304706487599708,No Current Schedule Slippage Risk,LOW
619098,Kozhikode Bypass Calicut Bypass Vengalam Jn. to Ramanattukara Jn.,2026-07-01,Kerala,Roads & Highways,3.6562761208518825e-05,0.0036562761208518827,No Current Schedule Slippage Risk,LOW
619099,6L Amritsar-Bathinda Greenfield section from Jn. with Moga Jalandhar road NH-703 near Dharamkot to Jn. with Bhagta Bhai Ka-Bhadaur Road near Dyalpura Bhai Ka from km 39.000 to km 93.000 of NH-754A Pkg-2,2026-07-01,Punjab,Roads & Highways,0.9958611429364878,99.58611429364878,Current Schedule Slippage Risk,HIGH
619100,Dhangaon - Borgaon section km 81.000 to km 139.000 [Indore - Edlabad Pkg IV],2026-07-01,Madhya Pradesh,Roads & Highways,4.877494031514273e-05,0.004877494031514273,No Current Schedule Slippage Risk,LOW
619101,4L Shahpur to Muktainagar from Km. 186.000 to km 216.278 of NH 753L Pkg II of Boregaon Buzurg to Muktainagar,2026-07-01,"Multi-States (Madhya Pradesh, Maharashtra)",Roads & Highways,0.9990648562244495,99.90648562244495,Current Schedule Slippage Risk,HIGH
619102,4 L of China Orampadu-Renigunta section of NH-716 Package-II of Kadapa- Renigunta section,2026-07-01,Andhra Pradesh,Roads & Highways,0.013280569752897346,1.3280569752897347,No Current Schedule Slippage Risk,LOW
619103,4/6 Laning of Raipur-Simga Pkg-I from km. 0.00 to km. 48.58,2026-07-01,Chhattisgarh,Roads & Highways,4.016168788636291e-05,0.004016168788636291,No Current Schedule Slippage Risk,LOW
619105,6L Access Controlled Ludhiana-Bathinda Greenfield highway from Jn. with Moga- Barnala Road NH-703 near village Tallewal to Jn. with Delhi-Katra Expressway NE-5 near Ludhiana village Ballowal from Km 30.300 to Km 75.543 of NH-754AD Pkg-2,2026-07-01,Punjab,Roads & Highways,0.03877512998036176,3.877512998036176,No Current Schedule Slippage Risk,LOW
619106,4 Lane with PS from Des. Ch 182.300 to Des. Ch. 228.500 of Belgaum-Hungund- Raichur Section of NH 748 A Package-5,2026-07-01,Karnataka,Roads & Highways,0.987571244528032,98.7571244528032,Current Schedule Slippage Risk,HIGH
619107,4 Lane with PS from Des. Ch 136.100 to Des. Ch. 182.300 of Belgaum-Hungund- Raichur Section of NH-748A Package-4,2026-07-01,Karnataka,Roads & Highways,0.9678035668364647,96.78035668364647,Current Schedule Slippage Risk,HIGH
619108,4 Lane with PS from Des. Ch 0.000 to Des. Ch. 43.800 of Belgaum-Hungund-Raichur Section of NH-748A Package-1,2026-07-01,Karnataka,Roads & Highways,0.0563059391055542,5.63059391055542,No Current Schedule Slippage Risk,LOW
619109,6L of Badakumari - Karki Section from Km 179.000 to km 226.500 of NH-130-CD Package OD-3,2026-07-01,Odisha,Roads & Highways,0.00018070446033232395,0.018070446033232393,No Current Schedule Slippage Risk,LOW
619111,6L Jakkuva Korlam Section of NH-130CD Road from km 396.800 to km 421.100 Pkg 2,2026-07-01,Andhra Pradesh,Roads & Highways,9.773936619701826e-05,0.009773936619701827,No Current Schedule Slippage Risk,LOW
619112,6L Kantakapalle Sabbavaram Section of NH-130CD Road from Km 445.100 to Km 464.662 Pkg-4,2026-07-01,Andhra Pradesh,Roads & Highways,0.0001431909267036109,0.01431909267036109,No Current Schedule Slippage Risk,LOW
619113,4L of Padalur - Trichy section from km. 285.00 to km. 325.00 of NH - 45 Pkg VI-C,2026-07-01,Tamil Nadu,Roads & Highways,0.00013432908738064095,0.013432908738064095,No Current Schedule Slippage Risk,LOW
619114,Indore - Harda Pkg-II [Raghavgarh to Nanasa from km. 29.30 to km. 92.30],2026-07-01,Madhya Pradesh,Roads & Highways,0.9978864998170465,99.78864998170465,Current Schedule Slippage Risk,HIGH
619117,Hassan km 184.912 to Maranahally km 230.060 of NH - 75 in Karnataka,2026-07-01,Karnataka,Roads & Highways,8.768581631494706e-05,0.008768581631494706,No Current Schedule Slippage Risk,LOW
619118,Four Laning of Angul to Sambalpur from Km.112.000 to Km.265.000,2026-07-01,Odisha,Roads & Highways,0.00036300611179386076,0.03630061117938608,No Current Schedule Slippage Risk,LOW
619119,Cuttack-Angul Section of NH-42 New NH-55 from km 0.400 to km 60.200 Pkg-I in the State of Odisha,2026-07-01,Odisha,Roads & Highways,5.990453644397831e-05,0.005990453644397831,No Current Schedule Slippage Risk,LOW
619120,Nidagatta-Mysore Pkg II,2026-07-01,Karnataka,Roads & Highways,0.00041868462223807926,0.041868462223807926,No Current Schedule Slippage Risk,LOW
619123,6L Access Controlled Greenfield Highway from Narayanmpet Ch. 203500 to Chandrasekharpuram Ch. 228000Package-10,2026-07-01,Andhra Pradesh,Roads & Highways,0.9977580153069447,99.77580153069448,Current Schedule Slippage Risk,HIGH
619124,6L Access Controlled Greenfield Highway from Polavaram Ch. 260000 to Marripudi Ch. 285500 of [NH-544G]Package-12,2026-07-01,Andhra Pradesh,Roads & Highways,0.99887485364445,99.887485364445,Current Schedule Slippage Risk,HIGH
619125,6L Access Controlled Greenfield Highway from Somavarappadu Ch.314.600 to Muppavaram Ch.343240 of [NH-544G] Package-14,2026-07-01,Andhra Pradesh,Roads & Highways,0.9911531611028868,99.11531611028867,Current Schedule Slippage Risk,HIGH
619126,6L Access Controlled Greenfield Highway from Marripudi Ch. 285500 to Somavarappadu Ch. 314600 of [NH-544G] Package-13,2026-07-01,Andhra Pradesh,Roads & Highways,0.9980119927030433,99.80119927030432,Current Schedule Slippage Risk,HIGH
619127,4L of Greenfield Alignment from Km. 47.000 to Km. 89.210 of Balbhadarpur to Bela Nawda Section of NH-119D,2026-07-01,Bihar,Roads & Highways,0.9859949494516123,98.59949494516123,Current Schedule Slippage Risk,HIGH
619128,Khammam-Devarapalle Pkg II [4L Access Controlled Greenfield from Somavaram village to Chintagudem village Design Chainage 33604 to 63117],2026-07-01,Telangana,Roads & Highways,8.857199823943557e-05,0.008857199823943557,No Current Schedule Slippage Risk,LOW
619129,Mahabalipuram - Pondicherry Pkg-I [Mamallapuram to Mugaiyur],2026-07-01,Tamil Nadu,Roads & Highways,0.9972611918851275,99.72611918851275,Current Schedule Slippage Risk,HIGH
619130,Mahabalipuram - Pondicherry Pkg-II [Mugaiyur to Marakkanam],2026-07-01,Tamil Nadu,Roads & Highways,0.9955379438260725,99.55379438260725,Current Schedule Slippage Risk,HIGH
619131,Four Laning of Chettikulam to Natham section of NH-785,2026-07-01,Tamil Nadu,Roads & Highways,7.202464216894298e-05,0.007202464216894298,No Current Schedule Slippage Risk,LOW
619132,4/6L of Gurgaon - Pataudi - Rewari from km. 0.00 to km.43.87 of NH-352W,2026-07-01,Haryana,Roads & Highways,0.9967497953048575,99.67497953048576,Current Schedule Slippage Risk,HIGH
619134,6L of Ambala-Chandigarh greenfield section from Km. 0.000 to Km. 25.000 with 4L spur to Lalru from Km. 0.000 to Km. 5.828 & spur to PR-7 road from Km. 0.000 to Km. 11.157,2026-07-01,"Multi-States (Haryana, Punjab)",Roads & Highways,0.00010708211340053663,0.010708211340053663,No Current Schedule Slippage Risk,LOW
619136,Rehabilitation and Upgradation of Chorma - Bairgania Section of National Highway No 227F to 2 lane with paved shoulders from Design Ch.0.000 to Ch. 34.566,2026-07-01,Bihar,Roads & Highways,0.0005599428540140841,0.055994285401408404,No Current Schedule Slippage Risk,LOW
619138,Yekkambi-Haveri,2026-07-01,Karnataka,Roads & Highways,0.9990837973143527,99.90837973143528,Current Schedule Slippage Risk,HIGH
619139,Construction of New Double Tier 4L Elevated Corridor from Chennai Port to Maduravoyal in Chennai District from km -0.342 to Km 20.593 and Package III from Km 9.700 to Km 14.185,2026-07-01,Tamil Nadu,Roads & Highways,0.9994191979932644,99.94191979932644,Current Schedule Slippage Risk,HIGH
619140,6L of Naidupeta Junction - Turpukanupur Section from km 57.046 to km 91.927,2026-07-01,Andhra Pradesh,Roads & Highways,0.9934050906012724,99.34050906012723,Current Schedule Slippage Risk,HIGH
619141,Construction of four lane access controlled highway from Chillakuru cross road to Turpu KanupurPart 1 of Package - II km 0.000 131.500 of NH - 16 to km 23.770 on New NH-516W including six lane flyover and approaches on NH-16 length km 1.050 and six lane access controlled from Turpu Kanupur to Port South Gate Part 2 of Package - II km 23.770 to km 35.015 on New NH-516W in the state of Andhra Pradesh on HAM Mode under Bharatmala Pariyojana Phase I,2026-07-01,Andhra Pradesh,Roads & Highways,0.9991141497910461,99.9114149791046,Current Schedule Slippage Risk,HIGH
619142,Construction of 4-lane connectivity to Banbasa ICP at India Nepal border from NH-09 old NH-125 Sitarganj-Tanakpur at Km 40.00 near Jagbuda bridge under Bharatmala Priyojana of NH-109D on EPC mode in the State of Uttarakhand,2026-07-01,Uttarakhand,Roads & Highways,0.9992707256253488,99.92707256253487,Current Schedule Slippage Risk,HIGH
619143,4L Access Controlled Greenfield Highway section on NH-163G Khammam Vijayawada from BrahmanapalliK village at Design Ch. 250.400 Km to Remidicherla village at Design Ch. 280.200 KmPackage-II,2026-07-01,"Multi-States (Andhra Pradesh, Telangana)",Roads & Highways,0.22946156705410822,22.94615670541082,No Current Schedule Slippage Risk,LOW
619145,Four Laning of Una to Kodinar from km. 180.478 to km. 221.610 Package-V,2026-07-01,Gujarat,Roads & Highways,0.0001160031300833691,0.01160031300833691,No Current Schedule Slippage Risk,LOW
619146,Kagvadar - Una Package-IV,2026-07-01,Gujarat,Roads & Highways,6.862152524867122e-05,0.006862152524867123,No Current Schedule Slippage Risk,LOW
619149,4L of Ratnagiri - Kolhapur section of NH-166 from km 0.000 to km 19.769 and km 31.000 to km 67.140 Pkg I,2026-07-01,Maharashtra,Roads & Highways,0.00012190524029959108,0.012190524029959108,No Current Schedule Slippage Risk,LOW
619150,BRT Tiger Reserve Boundary Km.287.500 to Bangalore Section Km.458.420 of NH- 209 in Karnataka,2026-07-01,Karnataka,Roads & Highways,0.0005396936165332944,0.05396936165332944,No Current Schedule Slippage Risk,LOW
619152,Bakhtiyarpur Km 153.300 to Mokama Km 197.900,2026-07-01,Bihar,Roads & Highways,0.0010137883336043387,0.10137883336043386,No Current Schedule Slippage Risk,LOW
619153,4L of HP/Punjab Border - Mo from km. 11.00 to km. 42.00 of Old NH-20 New NH-154 Package-IA,2026-07-01,Himachal Pradesh,Roads & Highways,0.995416993653983,99.5416993653983,Current Schedule Slippage Risk,HIGH
619154,Construction of Four Lane Highway from Ghazipur- Ballia-UP/Bihar State Border Greenfield section of NH-31 Package III [from Pindari km 78.150 to Rawalganj Bypass Km 117.120] on EPC Mode in the state of Uttar Pradesh.,2026-07-01,"Multi-States (Bihar, Uttar Pradesh)",Roads & Highways,0.0007972410625306489,0.07972410625306489,No Current Schedule Slippage Risk,LOW
619155,Upgradation and 4L of Haridwar Bypass from Km 0.000 Km 188.100 of NH-58 to Km. 15.100 Km 5.100 of NH 74 PKg-1,2026-07-01,Uttarakhand,Roads & Highways,0.991058286573879,99.10582865738789,Current Schedule Slippage Risk,HIGH
619156,4 Laning of Paramakudi to Ramanathapuram Section of NH-87 Old NH-49,2026-07-01,Tamil Nadu,Roads & Highways,0.04155721546694671,4.1557215466946715,No Current Schedule Slippage Risk,LOW
619157,4 Laning of Talcher to end of Kamakhyanagar Bypass km 8.844 - km 15.725 of NH- 149 and km 301.875 - km 335.946 of NH-53 Pkg-I,2026-07-01,Odisha,Roads & Highways,6.900709290372418e-05,0.0069007092903724185,No Current Schedule Slippage Risk,LOW
619158,4 Laning of Duburi Chandikhole from km 388.376 to km 428.074 Pkg-III,2026-07-01,Odisha,Roads & Highways,0.00011274170898777758,0.011274170898777759,No Current Schedule Slippage Risk,LOW
619160,Balance works in AP Portion and punch list items in TN & AP portion of NH-205,2026-07-01,Andhra Pradesh,Roads & Highways,0.00036341566332465076,0.036341566332465075,No Current Schedule Slippage Risk,LOW
619161,Access Controlled Highway of 4 Lane with Paved Shoulders from Tiruvallur Design Chainage Km 1756 to TN/AP Broder Design Chainage Km 6151 of NH-716 Chennai- Tirupati Package-1,2026-07-01,Tamil Nadu,Roads & Highways,0.9757417866606573,97.57417866606572,Current Schedule Slippage Risk,HIGH
619162,4L of Najibabad Bypass from Km. 105.423 to Km. 118.373 excluding 2.45 Km. of NH- 74 Bypass of NH-119,2026-07-01,Uttar Pradesh,Roads & Highways,0.00011125844892185039,0.011125844892185039,No Current Schedule Slippage Risk,LOW
619163,4L of Baramati to Indapur Pkg-II from km. 41.400 to km. 84.550 of NH-965G Saint Tukaram Marg,2026-07-01,Maharashtra,Roads & Highways,0.00015471964728663124,0.015471964728663124,No Current Schedule Slippage Risk,LOW
619164,Belgaum-Khanapur Pkg I Km 0.000-Km 30.800 of NH-4A,2026-07-01,Karnataka,Roads & Highways,0.9980577698290161,99.8057769829016,Current Schedule Slippage Risk,HIGH
619165,Thanamcherla-Jamandlapally 2LPS,2026-07-01,Telangana,Roads & Highways,0.0005196194976855932,0.05196194976855932,No Current Schedule Slippage Risk,LOW
619166,Umagaon-Saharsa Package-V Bakaur-Parsarma-Bangaon-Bariyahi & Spur to Mahishi,2026-07-01,Bihar,Roads & Highways,0.0003281283868438433,0.03281283868438433,No Current Schedule Slippage Risk,LOW
619167,4 Laning with PS of Pathrapalli-Katghora km 53.3 to km 92.6 Pkg-II of Bilaspur Kathghora,2026-07-01,Chhattisgarh,Roads & Highways,3.756462553900522e-05,0.003756462553900522,No Current Schedule Slippage Risk,LOW
619168,6L access controlled Greenfield highway of Junction of EPE Vill.-Mavikalan to Vill.- Lohadda from Km. 0.000 to Km. 27.000 Pkg-1,2026-07-01,Uttar Pradesh,Roads & Highways,8.598096178936174e-05,0.008598096178936174,No Current Schedule Slippage Risk,LOW
619171,RPR FOR DURGAPUR OCP 10 MTY,2026-07-01,Chhattisgarh,Coal,0.005112210110964493,0.5112210110964492,No Current Schedule Slippage Risk,LOW
619172,MADANNAGAR OCP 12 MTY - MDO,2026-07-01,Chhattisgarh,Coal,0.0028077479085154206,0.28077479085154206,No Current Schedule Slippage Risk,LOW
619181,Rehabilitation and Up gradation from 4 to 8 laning of Chandikhole Paradip Section of NH-53 Old NH 5A from Km.60.000 to Km.76.646 Package-4,2026-07-01,Odisha,Roads & Highways,0.9922577012086367,99.22577012086367,Current Schedule Slippage Risk,HIGH
619183,Widening of Existing Road from Intermediate Lane 2-lane to 4-lane Between Km 19.994 to Km 35.180 of NH-848A Rakholi-Khadoli-Velugam Section in U.T. of Dadra and Nagar Haveli and Daman and Diu,2026-07-01,Dadra & Nagar Haveli and Daman & Diu,Roads & Highways,0.009153777651392449,0.9153777651392448,No Current Schedule Slippage Risk,LOW
619184,"Rehabilitation and up-gradation and completion of balance works of the section from Km 107.760 km to 129.445 km After Middle strait to Humphrey, Km 130.600 to 138.300 After Humphrey to Kadamtala of NH-4 Intermediate/2-Lane with hard shoulder in the Union Territory of Andaman & Nicobar Islands on EPC basis Package- IIIA",2026-07-01,Andaman & Nicobar,Roads & Highways,0.0042055554707554335,0.4205555470755433,No Current Schedule Slippage Risk,LOW
619185,Rehabilitation and up-gradation and completion of balance work of section from Km 155.00 to Km 181.00 End of Jarwa to Rangat of NH -4 Total length 26 Km to Intermediate Lane/2-lane with hard shoulders in the UT of A&N Islands on EPC basis - Package-III.B Balance work,2026-07-01,Andaman & Nicobar,Roads & Highways,0.9988157396347295,99.88157396347295,Current Schedule Slippage Risk,HIGH
619186,Construction of Balance works of Major Bridge over Middle Strait Creek between Km.106.590 to km108.553 of NH-04 connecting South Andaman & Baratang Island in the Union Territory of Andaman & Nicobar Islands on EPC basis,2026-07-01,Andaman & Nicobar,Roads & Highways,0.9996131288120329,99.96131288120328,Current Schedule Slippage Risk,HIGH
619187,"Slope protection and landslide mitigation at 4 vulnerable locations km 1.950 to Km 2.100, km 11.100 to 11.450, km 22.435 to km 22.485 and km 22.610 to km 22.680 within Sevoke-Rangpo section of NH-10 old NH-31A in Darjeeling & Kalimpong district in the State of West Bengal on EPC mode",2026-07-01,West Bengal,Roads & Highways,0.9983574163359485,99.83574163359485,Current Schedule Slippage Risk,HIGH
619191,Kanpur LPG Bottling Plant,2026-07-01,Uttar Pradesh,Oil & Gas,0.5947614451896821,59.47614451896821,Current Schedule Slippage Risk,MEDIUM
619193,Rehabilitation and upgradation of NH-221 from km 121/0 to 165/0 Rudrampur to Bhadrachalam section to two lane with paved shoulder under NHDPIV in the state of Telangana through EPC mode,2026-07-01,Telangana,Roads & Highways,0.0001778839678206386,0.01778839678206386,No Current Schedule Slippage Risk,LOW
619194,"Construction of Four Lane Gola Flyover at Km 99.850 of NH 730 Major Junction with State Highways -93 of Engineering, Procurement and Construction EPC mode in the State of Uttar Pradesh.",2026-07-01,Uttar Pradesh,Roads & Highways,0.042462977934880596,4.2462977934880595,No Current Schedule Slippage Risk,LOW
619196,Change of service of existing Mundra-Panipat Pipeline [Panipat - Churwa section] from Crude oil to Product,2026-07-01,Haryana,Oil & Gas,0.9762221101911531,97.62221101911531,Current Schedule Slippage Risk,HIGH
619197,Delhi-Vadodara Greenfield Alignment NH-148N Pkg-27 Ch.729.700 to Ch.756.052,2026-07-01,Gujarat,Roads & Highways,8.901019903824294e-05,0.008901019903824293,No Current Schedule Slippage Risk,LOW
619198,Vadodara Mumbai Expressway Phase II - Pkg XII [Km. 50.700 to Km. 77.000] Masvan - Ganjad,2026-07-01,Maharashtra,Roads & Highways,0.00018594489035867978,0.018594489035867977,No Current Schedule Slippage Risk,LOW
619199,Bangalore Chennai Expressway Phase-II Pkg-I from km.71.000 to Km 96.000 Bethamangala in the state of Karnataka to Byreddypalli,2026-07-01,"Multi-States (Andhra Pradesh, Karnataka)",Roads & Highways,0.00011457736870574486,0.011457736870574485,No Current Schedule Slippage Risk,LOW
619200,Delhi-Amritsar-Katra Expressway Phase-I Spur-III from Junction with Amritsar- Jalandhar road NH-3 near Bhishambarpura to Junction with Amritsar-Anjala road NH- 354 near Amritsar Airport [Km 71000 to Km 99000 of Amritsar connectivity],2026-07-01,Punjab,Roads & Highways,0.9997189906457967,99.97189906457967,Current Schedule Slippage Risk,HIGH
619201,Karnal ring road Lot-4/Pkg-1,2026-07-01,Haryana,Roads & Highways,0.00023171995115006628,0.02317199511500663,No Current Schedule Slippage Risk,LOW
619202,Dwarka Expressway from Km -0.600 to Km 5.300 - Pkg-I Shivmurti Chowk-RuB near Dwarka Sector 21,2026-07-01,Delhi,Roads & Highways,6.260746297708434e-05,0.0062607462977084345,No Current Schedule Slippage Risk,LOW
619203,Vadape to Thane from km 539.202 to km 563.000 section of NH-3 new NH-848,2026-07-01,Maharashtra,Roads & Highways,0.0019358246017972096,0.19358246017972094,No Current Schedule Slippage Risk,LOW
619204,"Capacity Augmentation in the stretch of Pimpri Sado Vadape section of NH848 Km. 460900 to Km. 537000 by Construction of Slip/Service Road on either side at various locations total length 25.140 Km LHSRHS, Flyover 2 x 25m at Borivali Junction Km. 528550 & LVUP 1 x 15m at Sherekarpada Km. 528800",2026-07-01,Maharashtra,Roads & Highways,0.9955635236563027,99.55635236563027,Current Schedule Slippage Risk,HIGH
619205,Six Laning of KT/KL Border Thalapaddy -Chengala from Km. 17.200 to Km. 57.20,2026-07-01,"Multi-States (Karnataka, Kerala)",Roads & Highways,0.00028856923732594494,0.028856923732594495,No Current Schedule Slippage Risk,LOW
619206,6L of Perole Nileshwar town to Taliparamba from Km 94.248 to Km 134.650 of NH-66,2026-07-01,Kerala,Roads & Highways,0.0004820050956131822,0.048200509561318224,No Current Schedule Slippage Risk,LOW
619207,Start of Kollam Bypass - Kadambattukonam,2026-07-01,Kerala,Roads & Highways,0.0017540180628138335,0.17540180628138335,No Current Schedule Slippage Risk,LOW
619208,Kadambattukonam-Kazhakuttom,2026-07-01,Kerala,Roads & Highways,0.9981790034703377,99.81790034703377,Current Schedule Slippage Risk,HIGH
619210,Dharampuri-Lonand from km. 117.00 to 166.40 Pkg-IV on Mohol-Alandi Section,2026-07-01,Maharashtra,Roads & Highways,0.00017330718826957383,0.017330718826957383,No Current Schedule Slippage Risk,LOW
619211,6L of MH/KN Border Nimbal Village to KN/TS Border Singnodi Village from Km. 97.000 to Km. 162.500 in Yadgir of NH-150C Pkg-III,2026-07-01,Karnataka,Roads & Highways,0.9960497689531083,99.60497689531083,Current Schedule Slippage Risk,HIGH
619212,6L Access Controlled Greenfield Highway of Julekal village to Dinnedevarapadu village from Km 242.200 to Km 280.400 Pkg-2,2026-07-01,"Multi-States (Andhra Pradesh, Telangana)",Roads & Highways,0.996416754923009,99.64167549230089,Current Schedule Slippage Risk,HIGH
619213,6L of Hatibena - Badakumari Section from Km 146.50 to km 179.00 of NH-130-CD Package OD-2,2026-07-01,Odisha,Roads & Highways,4.55050215935078e-05,0.00455050215935078,No Current Schedule Slippage Risk,LOW
619214,4L of Channarayapatna Bypass and Hassan Bypass with structures in Devihalli - Hassan section,2026-07-01,Karnataka,Roads & Highways,4.511979145942066e-05,0.004511979145942066,No Current Schedule Slippage Risk,LOW
619215,Cuttack-Angul Section of NH-42 New NH-55 from Km.60.200 to Km. 112.000 Pkg-II in the State of Odisha,2026-07-01,Odisha,Roads & Highways,8.429795729608346e-05,0.008429795729608346,No Current Schedule Slippage Risk,LOW
619216,6L access Controlled Greenfield Highway from Adhoya Musalmana to Sadopur section of Shamli -Ambala Package-III Design Ch. Form km 84.400 to km 121.786,2026-07-01,"Multi-States (Haryana, Punjab)",Roads & Highways,0.9974854094495933,99.74854094495933,Current Schedule Slippage Risk,HIGH
619217,4L of Haridwar-Nagina section from km. 0.00 to km. 71.614 of NH-74,2026-07-01,"Multi-States (Uttar Pradesh, Uttarakhand)",Roads & Highways,7.180829469640167e-05,0.007180829469640167,No Current Schedule Slippage Risk,LOW
619218,4L Tumkur-Shimoga Pkg-I from Mallasandra to Karadi village of NH-206 from Km. 12.300 to Km. 65.195,2026-07-01,Karnataka,Roads & Highways,7.5694053949033e-05,0.0075694053949033,No Current Schedule Slippage Risk,LOW
619219,4L of Tumkur-Shimoga Pkg-II from Km 65.195 Karadi to Km 121.900 Banawara of NH-206,2026-07-01,Karnataka,Roads & Highways,6.433465697806957e-05,0.006433465697806957,No Current Schedule Slippage Risk,LOW
619220,Tumkur-Shimoga Pkg-III from Km 121.900 Banawara to Km 170.415 Bettadahalli of Old NH-206,2026-07-01,Karnataka,Roads & Highways,0.00012486678338333797,0.012486678338333796,No Current Schedule Slippage Risk,LOW
619221,Realignment of Rudrapur-Kathgodam Section of NH-87 New NH-109 From Design Chainage 000 Existing Chainage Km.54050 To Design Chainage 7875 Existing Chainage Km.61550 Due To Proposed Expansion Of Pantnagar Airport in the state of Uttarakhand.,2026-07-01,Uttarakhand,Roads & Highways,0.9972791614245506,99.72791614245506,Current Schedule Slippage Risk,HIGH
619222,"Balance works of four lane from km 43.950 Thiruvallur Bypass to km 61.470 Veppampattu Bypass passing through Thannerkulam, Thozur and Sevapet Bypass 17.520 kms of Tirupathi- Tiruttani- Chennai section of NH 205",2026-07-01,Tamil Nadu,Roads & Highways,0.00011312018274569179,0.011312018274569178,No Current Schedule Slippage Risk,LOW
619223,Petro Resid Fluidized Catalytic Cracking [PRFCC] Unit and its associated facilities at Mumbai Refinery,2026-07-01,Maharashtra,Oil & Gas,0.9606491307926966,96.06491307926966,Current Schedule Slippage Risk,HIGH
619224,Augmentation of DUPL-DPPL Pipeline,2026-07-01,Maharashtra,Oil & Gas,0.67148442762423,67.148442762423,Current Schedule Slippage Risk,MEDIUM
619225,Installation of Compression facility at GAIL Usar,2026-07-01,Maharashtra,Oil & Gas,0.9819215973741907,98.19215973741908,Current Schedule Slippage Risk,HIGH
619226,Provision of four bitumen tanks with capacity of 5 TMT each at Visakh Refinery,2026-07-01,Andhra Pradesh,Oil & Gas,0.9769971814476891,97.69971814476891,Current Schedule Slippage Risk,HIGH
619227,Network Expansion Scheme in Maharashtra for removal of Transmission constraints in Pune Region-I [765/400kV AIS Pune East],2026-07-01,Maharashtra,Transmission & Distribution,0.02908425609340107,2.908425609340107,No Current Schedule Slippage Risk,LOW
619228,Transmission System Strengthening for integration of additional RE Potential at Davanagere [0.25 GW] and Bellary [2.75 GW],2026-07-01,Karnataka,Transmission & Distribution,0.035638565544561795,3.5638565544561795,No Current Schedule Slippage Risk,LOW
619229,"Integrated development of Outer Container Terminal and berth No. 1 though 5 NSD at KDS, SMPK on DBFOT basis through PPP mode",2026-07-01,West Bengal,Shipping,0.010227749153702372,1.0227749153702372,No Current Schedule Slippage Risk,LOW
619248,"lmprovement and Widening to 2-lane with Paved Shoulder of NH-13 & 15 Old NH-52 from Existing Km 745.60 Design Km 0.000 to Existing km 770.600 Design Km 24.819 Brahmakund T-junction to Kamlang T-Junction, Existing Length 25.00 Km, Design Length 24.819 Km in the state of Arunachal Pradesh on EPC mode Pkg-1",2026-07-01,Arunachal Pradesh,Roads & Highways,0.9950409402440441,99.50409402440441,Current Schedule Slippage Risk,HIGH
619251,Construction of two lane with paved shoulder of Ghatol Bypass from km 133.250 to km 140.950 of NH-56 old NH No. 113 on EPC mode in the State of Rajasthan.,2026-07-01,Rajasthan,Roads & Highways,0.7923380609038687,79.23380609038688,Current Schedule Slippage Risk,HIGH
619253,Construction of 4 lane Bypass to Nalgonda Town lrorn Km 000 Existing Ch. 181590 to Km 14.00 Existing Ch. 28/685 ol Nakrekal to Nagarjunsagar Section of NH -565 in the State of Telangara on EPC under Annual Plan 2024 -25,2026-07-01,Telangana,Roads & Highways,0.06639986137645108,6.639986137645108,No Current Schedule Slippage Risk,LOW
619265,Rehabilitation & Upgradation of Thorrur to Nehru Nagar section to Two Lane with Paved shoulders from Km 109/420 to Km 178/500 of NH 930P in the state of Telangana on EPC mode under Annual Plan 2022-2023,2026-07-01,Telangana,Roads & Highways,0.9965429588410422,99.65429588410422,Current Schedule Slippage Risk,HIGH
619270,"Upgradation of 6 laned Jaipur- Kishangarh section of NH-48 from km 274100 to 363885 involving construction of flyovers and Service road in Rajasthan On Engineering, Procurement & Construction EPC Mode",2026-07-01,Rajasthan,Roads & Highways,0.9985692087323024,99.85692087323024,Current Schedule Slippage Risk,HIGH
619271,Construction of Elevated Corridor at Kherwara Town on Udaipur Ratanpur Shamlaji Section of NH-48 in Udaipur District in the State of Rajasthan on EPC mode,2026-07-01,Rajasthan,Roads & Highways,0.9979736504457126,99.79736504457127,Current Schedule Slippage Risk,HIGH
619289,4L of Munger Mirzachauki section from Munger to Kharia village junction from Km 69520 to Km 95580 Pkg-1,2026-07-01,Bihar,Roads & Highways,0.002463251391143091,0.24632513911430912,No Current Schedule Slippage Risk,LOW
619291,4L Poanta SahebMednipur from Km. 435.65 to km. 458.65 of NH-07Pkg-1,2026-07-01,"Multi-States (Himachal Pradesh, Uttarakhand)",Roads & Highways,0.000143387605363243,0.014338760536324298,No Current Schedule Slippage Risk,LOW
619292,4L Medinipur to Ballupur from Km. 458.65 to Km. 487.65 of NH-07Pkg-2,2026-07-01,Uttarakhand,Roads & Highways,4.2186800182783924e-05,0.0042186800182783925,No Current Schedule Slippage Risk,LOW
619293,Construction of 4 Lane Access Controlled Bypass for Dehradun on NH307 from Design Chainage km 0050 Jhajra on NH-07 to Design Chainage km 12220 Asharori on EPC Mode in the State of Uttarakhand under NHO,2026-07-01,Uttarakhand,Roads & Highways,0.025373314261068484,2.5373314261068485,No Current Schedule Slippage Risk,LOW
619294,Road Safety Improvement of existing four lane section of Dehradun-Lal Tappar-Nepali Farm Section of NH-7 and Nepali Farm-Motichur NH-34 on EPC Mode in Uttarakhand under NHO.,2026-07-01,Uttarakhand,Roads & Highways,0.013231453039745685,1.3231453039745684,No Current Schedule Slippage Risk,LOW
619295,Four/Six laning of Bhaniyawala-Jollygrant-Rishikesh spur section of NH-07 from Km. 0.000 to Km 19.780,2026-07-01,Uttarakhand,Roads & Highways,0.9086062720403537,90.86062720403537,Current Schedule Slippage Risk,HIGH
619297,Upgradation of Existing Two Lane Carriageway to Two Lane Carriageway with Paved Shoulder from Ch. 665686 Existing Km. 665.686 in Khanpur Village in Vansda Taluka to Ch. 710470 Existing Km. 710.483 in Karvad Village in Vapi Taluka Length 44.784 Km Section of NH-56 in the State of Gujarat on EPC Mode,2026-07-01,Gujarat,Roads & Highways,0.9941992614744776,99.41992614744775,Current Schedule Slippage Risk,HIGH
619298,Construction of 6 Lane Elevated corridor from KM 612582 to KM 617540 including construction of Service Roads in Kolhapur City on NH -48 in the State of Maharashtra on EPC mode under NHO,2026-07-01,Maharashtra,Roads & Highways,0.9976065651775092,99.76065651775092,Current Schedule Slippage Risk,HIGH
619299,Construction of a 6-Lane Elevated Corridor from Km 593766 to Km 596620 Including Construction of Service Roads in Kagal City on NH-48 in the State of Maharashtra on EPC Mode.,2026-07-01,Maharashtra,Roads & Highways,0.9980843633866233,99.80843633866233,Current Schedule Slippage Risk,HIGH
619300,Construction of Four Lane Nagpur-Katol section of NH-353J including Mitigation Structures from Design Ch. 37000 to Ch. 45990 Tiger Corridor-I Mitigation Structures from Design Ch. 37000 to Ch. 45990 Tiger Corridor-I in the State of Maharashtra on EPC Mode,2026-07-01,Maharashtra,Roads & Highways,0.99906646633725,99.906646633725,Current Schedule Slippage Risk,HIGH
619301,Construction of Approach Road to Rail-cum- Road Bridge across river Ganga at Munger Ghat NH-333 B,2026-07-01,Bihar,Roads & Highways,8.480939387631844e-05,0.008480939387631843,No Current Schedule Slippage Risk,LOW
619305,4L of Munger Mirzachauki section from start of existing Bhagalpur bypass to Rasulpur from Km 125000 to Km 157350 Pkg-3,2026-07-01,Bihar,Roads & Highways,0.997787486635214,99.7787486635214,Current Schedule Slippage Risk,HIGH
619306,4L of Munger Mirzachauki section from Km 95580 to Km 125000 Pkg-2,2026-07-01,Bihar,Roads & Highways,0.0005443531713829792,0.054435317138297926,No Current Schedule Slippage Risk,LOW
619307,4L of Munger Mirzachauki section from Km 157350 to Km 193931 Pkg-4,2026-07-01,"Multi-States (Bihar, Jharkhand)",Roads & Highways,0.0005142570865027812,0.051425708650278124,No Current Schedule Slippage Risk,LOW
619308,6L access-controlled highway from Ganeshpur tonear Mohand of Ganeshpur Dehradun section from Km.0 to Km.8.3 of NH-72A Package-1,2026-07-01,Uttar Pradesh,Roads & Highways,4.8930989777018084e-05,0.004893098977701809,No Current Schedule Slippage Risk,LOW
619311,Kalai-II Hydro Electric Project [1200 MW],2026-07-01,Arunachal Pradesh,Electricity Generation,0.03346896731020828,3.346896731020828,No Current Schedule Slippage Risk,LOW
619312,Bulk Loading Hub- Kanpur,2026-07-01,Uttar Pradesh,Oil & Gas,0.03767609522895769,3.767609522895769,No Current Schedule Slippage Risk,LOW
619313,Setting up of 50 MW [plus/minus 5 percent] Wind Power Plant for Captive Consumption at MR,2026-07-01,Maharashtra,Energy Storage,0.02460358017048184,2.460358017048184,No Current Schedule Slippage Risk,LOW
619314,Pipeline Replacement Project- PRP-IX,2026-07-01,Offshore,Oil & Gas,0.9806999316069447,98.06999316069447,Current Schedule Slippage Risk,HIGH
619316,"Group Gathering Station, Lakwagaon",2026-07-01,Assam,Oil & Gas,0.8878645915732211,88.7864591573221,Current Schedule Slippage Risk,HIGH
619317,4L of Hajipur-Muzaffarpur Section of the existing NH-77 from Km. 0000 Ramashish Chowk to Km. 46300 and new bypass starting at Km. 46300 and connecting NH-28 of E-W Corridor at Km. 515045,2026-07-01,Bihar,Roads & Highways,0.0003873721281421265,0.03873721281421265,No Current Schedule Slippage Risk,LOW
619318,4/6L Greenfield Ludhiana Rupnagar highway from Jn. with NE-5 village near to ManewalLudhiana to Jn. with NH-205 near Bheora Village Rupnagar from Km. 0.00 to Km. 37.7 including spur to Kharar with Ludhiana bypass of NH-205K Pkg-1,2026-07-01,Punjab,Roads & Highways,0.9994613994988996,99.94613994988995,Current Schedule Slippage Risk,HIGH
619321,Balance work of widening to two laning/re-alignment and geometric improvement from Km. 11000 to Km. 114618 with rectification of damaged stretches and provision of protection works in vulnerable location of NH-44 in the State of Mizoram.,2026-07-01,Mizoram,Roads & Highways,0.04075697234542611,4.075697234542611,No Current Schedule Slippage Risk,LOW
619326,Nidadavolu-Duvvada 3rd & 4th Lines,2026-07-01,Andhra Pradesh,Railways,0.015463242713071949,1.546324271307195,No Current Schedule Slippage Risk,LOW
619328,ONGC-BP Redevelopment Phase-1 Scheme of Mumbai High Field,2026-07-01,Maharashtra,Oil & Gas,0.017876337786253593,1.7876337786253593,No Current Schedule Slippage Risk,LOW
619341,"Telangana Super Thermal Power Project , Stage-II [3 x 800 MW]",2026-07-01,Telangana,Electricity Generation,0.015096221152310355,1.5096221152310356,No Current Schedule Slippage Risk,LOW
619347,Balance Work Estimate of Rehabilitation and Up-gradation of NH- 43 from Km. 468.600 to Km. 531.250 Pathalgaon to kunkuri Section to two-lane with paved shoulder in the State of Chhattisgarh on SBD mode under NHO under Annual plan 2025-26,2026-07-01,Chhattisgarh,Roads & Highways,0.998040277792454,99.8040277792454,Current Schedule Slippage Risk,HIGH
635651,"New Product Testing Laboratory for NPM, SPP & NHSM at RSP",2026-07-01,Odisha,Steel,0.9810470549463907,98.10470549463906,Current Schedule Slippage Risk,HIGH
660056,Amended BharatNet Program - KL,2026-07-01,PAN India,Telecommunication,0.9936023817823759,99.3602381782376,Current Schedule Slippage Risk,HIGH
665021,Amended BharatNet Program - UKD,2026-07-01,PAN India,Telecommunication,0.903282268271332,90.3282268271332,Current Schedule Slippage Risk,HIGH
701101,"Construction of New Domestic Terminal Building [Phase-I and II] and other allied structures at JPNI Airport, Patna",2026-07-01,Bihar,Aviation & Aviation Infrastructure,0.0001201229499007452,0.01201229499007452,No Current Schedule Slippage Risk,LOW
701107,Construction of New Integrated Terminal Building and associated works including apron to park 3 code E type of aircraft or 6 code C type of aircraft at Vijayawada Airport.,2026-07-01,Andhra Pradesh,Aviation & Aviation Infrastructure,3.0498494839523143e-05,0.0030498494839523143,No Current Schedule Slippage Risk,LOW
701113,"Development of Lal Bahadur Shastri International airport, Varanasi including C/o New Terminal Building, Apron Extension, Runway Extension, PTT and allied works.",2026-07-01,Uttar Pradesh,Aviation & Aviation Infrastructure,0.9771818054836454,97.71818054836454,Current Schedule Slippage Risk,HIGH
701121,Construction of New Domestic Terminal Building at Rajahmundry Airport.,2026-07-01,Andhra Pradesh,Aviation & Aviation Infrastructure,9.896296216885775e-05,0.009896296216885776,No Current Schedule Slippage Risk,LOW
701122,Development of New Integrated Civil Enclave at Agra Airport,2026-07-01,Uttar Pradesh,Aviation & Aviation Infrastructure,0.9998881213686284,99.98881213686283,Current Schedule Slippage Risk,HIGH
701126,"Development of Dholera International Greenfield Airport , Gujarat",2026-07-01,Gujarat,Aviation & Aviation Infrastructure,6.365833279812613e-05,0.006365833279812613,No Current Schedule Slippage Risk,LOW
701127,Construction of New Passenger Terminal Building for Domestic Operations at Jodhpur Airport.,2026-07-01,Rajasthan,Aviation & Aviation Infrastructure,2.25003902672412e-05,0.00225003902672412,No Current Schedule Slippage Risk,LOW
701128,Construction of New Integrated Passenger Terminal Building at Udaipur Airport,2026-07-01,Rajasthan,Aviation & Aviation Infrastructure,0.9915503474071764,99.15503474071764,Current Schedule Slippage Risk,HIGH
701167,AIIMS Kashmir at Awantipora Jammu & Kashmir,2026-07-01,Jammu and Kashmir,Healthcare,0.9996179208858001,99.96179208858001,Current Schedule Slippage Risk,HIGH
701168,ALL India Institute of Medical Sciences-AIIMS Madurai,2026-07-01,Tamil Nadu,Healthcare,0.9960745690263978,99.60745690263978,Current Schedule Slippage Risk,HIGH
701170,AIIMS Rajkot,2026-07-01,Gujarat,Healthcare,5.696666051163652e-05,0.005696666051163652,No Current Schedule Slippage Risk,LOW
701171,AIIMS Bibinagar,2026-07-01,Telangana,Healthcare,3.910300928838084e-05,0.003910300928838084,No Current Schedule Slippage Risk,LOW
701172,AIIMS Darbhanga,2026-07-01,Bihar,Healthcare,0.9675403743717368,96.75403743717368,Current Schedule Slippage Risk,HIGH
701173,AIIMS Majra Rewari Haryana,2026-07-01,Haryana,Healthcare,0.9916684237924906,99.16684237924906,Current Schedule Slippage Risk,HIGH
701228,Kochi - Koottanad - Bangalore - Mangalore Pipeline Phase-II,2026-07-01,"Multi-States (Karnataka, Kerala, Tamil Nadu)",Oil & Gas,0.00012904953077278494,0.012904953077278495,No Current Schedule Slippage Risk,LOW
701289,Capacity Expansion of Panipat Refinery from 15 to 25 MMTPA,2026-07-01,Haryana,Oil & Gas,6.237713805890189e-05,0.006237713805890189,No Current Schedule Slippage Risk,LOW
701324,Barauni Refinery Capacity Expansion from 6.0 to 9.0 MMTPA,2026-07-01,Bihar,Oil & Gas,0.00012412901457553607,0.012412901457553607,No Current Schedule Slippage Risk,LOW
701329,Petrochemical and Lube Integration Project at Gujarat Refinery,2026-07-01,Gujarat,Oil & Gas,0.00015125946468146748,0.015125946468146748,No Current Schedule Slippage Risk,LOW
701330,Mehsana-Bhatinda & Bhatinda-Jammu Natural Gas Pipeline,2026-07-01,"Multi-States (Gujarat, Haryana, Punjab, Rajasthan)",Oil & Gas,0.0001223341572050944,0.012233415720509441,No Current Schedule Slippage Risk,LOW
701338,City Gas Distribution Maharashtra Natural Gas Limited,2026-07-01,"Multi-States (Karnataka, Maharashtra)",Oil & Gas,0.9992900348961486,99.92900348961487,Current Schedule Slippage Risk,HIGH
701343,Srikakulam Angul Gas Pipeline Project,2026-07-01,"Multi-States (Andhra Pradesh, Odisha)",Energy Storage,3.292035013020767e-05,0.0032920350130207668,No Current Schedule Slippage Risk,LOW
701344,Dhamra Haldia Pipeline Project,2026-07-01,"Multi-States (Odisha, West Bengal)",Oil & Gas,1.009150736519353e-05,0.001009150736519353,No Current Schedule Slippage Risk,LOW
701346,North East Gas Grid,2026-07-01,"Multi-States (Arunachal Pradesh, Assam, Manipur, Meghalaya, Mizoram, Nagaland, Sikkim, Tripura, West Bengal)",Oil & Gas,9.798415571403016e-05,0.009798415571403016,No Current Schedule Slippage Risk,LOW
701349,Paradip-Numaligarh Crude Oil Pipeline [PNCPL] & Crude Oil Import Terminal [COIT] at Paradip,2026-07-01,"Multi-States (Assam, Bihar, Jharkhand, Odisha, West Bengal)",Energy Storage,7.448702606843895e-05,0.007448702606843894,No Current Schedule Slippage Risk,LOW
701370,Borolia Irrigation Project,2026-07-01,Assam,Water Resources,0.9988249910478233,99.88249910478233,Current Schedule Slippage Risk,HIGH
701372,Sardar Sarovar Project,2026-07-01,Gujarat,Water Resources,0.0001457078642020384,0.01457078642020384,No Current Schedule Slippage Risk,LOW
701376,"Subernarekha Multipurpose Project, Jharkhand",2026-07-01,Jharkhand,Water Resources,0.999695925051471,99.96959250514709,Current Schedule Slippage Risk,HIGH
701377,Upper Tunga Irrigation Project,2026-07-01,Karnataka,Water Resources,2.9282281135569724e-05,0.0029282281135569726,No Current Schedule Slippage Risk,LOW
701383,Waghur Project,2026-07-01,Maharashtra,Water Resources,0.00013653616449300546,0.013653616449300547,No Current Schedule Slippage Risk,LOW
701386,Gosikhurd Project,2026-07-01,Maharashtra,Water Resources,0.9995089486420706,99.95089486420706,Current Schedule Slippage Risk,HIGH
701391,Aruna Medium Irrigation Project,2026-07-01,Maharashtra,Water Resources,0.0003272984101182871,0.03272984101182871,No Current Schedule Slippage Risk,LOW
701395,Morna [Gureghar] Irrigation Project,2026-07-01,Uttar Pradesh,Water Resources,0.9975257654400951,99.75257654400951,Current Schedule Slippage Risk,HIGH
701396,Lower Pedhi Project,2026-07-01,Maharashtra,Water Resources,0.9986086481197445,99.86086481197445,Current Schedule Slippage Risk,HIGH
701398,Nardave Medium Irrigation Project,2026-07-01,Maharashtra,Water Resources,0.999577522407224,99.9577522407224,Current Schedule Slippage Risk,HIGH
701399,Kudali Irrigation Project,2026-07-01,Chhattisgarh,Water Resources,0.00010880636387893954,0.010880636387893954,No Current Schedule Slippage Risk,LOW
701400,Thoubal Multipurpose Project,2026-07-01,Manipur,Water Resources,3.478848695927679e-05,0.003478848695927679,No Current Schedule Slippage Risk,LOW
701402,"Subernarekha Project, Odisha",2026-07-01,Odisha,Water Resources,0.00011852176749496179,0.01185217674949618,No Current Schedule Slippage Risk,LOW
701404,Kanupur Irrigation Project,2026-07-01,Odisha,Water Resources,0.9847250298854937,98.47250298854937,Current Schedule Slippage Risk,HIGH
701405,J. Chokka Rao Devadula Lift Irrigation Scheme,2026-07-01,Telangana,Water Resources,0.0005025679065311108,0.05025679065311108,No Current Schedule Slippage Risk,LOW
701406,Rajiv Bhima Lift Irrigation Scheme,2026-07-01,Telangana,Water Resources,5.292422975237659e-05,0.0052924229752376595,No Current Schedule Slippage Risk,LOW
701408,Madhya Ganga canal Phase-II,2026-07-01,Uttar Pradesh,Water Resources,0.0001874950763548826,0.01874950763548826,No Current Schedule Slippage Risk,LOW
701410,Relining of Rajasthan feeder and Sirhind Feeder canal,2026-07-01,Punjab,Water Resources,1.262941400892983e-05,0.001262941400892983,No Current Schedule Slippage Risk,LOW
701411,Shahpur Kandi Dam Project,2026-07-01,Punjab,Water Resources,2.1926000800256776e-05,0.0021926000800256778,No Current Schedule Slippage Risk,LOW
701412,North Koel Reservoir Project,2026-07-01,"Multi-States (Bihar, Jharkhand)",Water Resources,0.967747930892102,96.77479308921019,Current Schedule Slippage Risk,HIGH
701415,Polavaram Irrigation Project,2026-07-01,Andhra Pradesh,Water Resources,0.0010726488328247426,0.10726488328247426,No Current Schedule Slippage Risk,LOW
701530,Ken-Betwa Linking Development Project,2026-07-01,"Multi-States (Madhya Pradesh, Uttar Pradesh)",Water Resources,0.987438394505959,98.7438394505959,Current Schedule Slippage Risk,HIGH
701565,Jal Marg Vikas Project,2026-07-01,"Multi-States (Bihar, Jharkhand, Uttar Pradesh, West Bengal)",Inland Waterways,0.00033746033053921225,0.03374603305392122,No Current Schedule Slippage Risk,LOW
701570,"Replacement and revamping of pipeline projects in oil jetty area, Kandla",2026-07-01,Gujarat,Shipping,3.519774719233364e-05,0.003519774719233364,No Current Schedule Slippage Risk,LOW
701574,Deepening and Optimization of Inner Harbour facilities including development of Western Dock on BOT basis to handle Cape size vessels,2026-07-01,Odisha,Shipping,0.029160953787265482,2.9160953787265482,No Current Schedule Slippage Risk,LOW
701593,4G Services by BSNL,2026-07-01,PAN India,Telecommunication,0.0001782157085345618,0.01782157085345618,No Current Schedule Slippage Risk,LOW
701597,Provision of 4G Mobile Services in Uncovered Villages of Arunachal Pradesh and 2 Districts of Assam,2026-07-01,"Multi-States (Arunachal Pradesh, Assam)",Telecommunication,6.103056483546332e-05,0.006103056483546331,No Current Schedule Slippage Risk,LOW
701598,Provision of 4G based Mobile Services in Uncovered Villages and National Highways of Meghalaya,2026-07-01,Meghalaya,Telecommunication,5.8328624920452294e-05,0.0058328624920452295,No Current Schedule Slippage Risk,LOW
701599,Mobile connectivity in Left Wing Extremism [LWE] affected areas-Phase2,2026-07-01,"Multi-States (Andhra Pradesh, Bihar, Chhattisgarh, Jharkhand, Madhya Pradesh, Maharashtra, Odisha, Telangana, Uttar Pradesh, West Bengal)",Telecommunication,4.286518875530507e-05,0.004286518875530507,No Current Schedule Slippage Risk,LOW
701602,"Provision of 4G based mobile services in 7,287 uncovered villages of 44 Aspirational District across 5 states of Andhra Pradesh, Chhattisgarh, Jharkhand, Maharashtra & Odisha",2026-07-01,"Multi-States (Andhra Pradesh, Chhattisgarh, Jharkhand, Maharashtra, Odisha)",Telecommunication,8.318295013624424e-05,0.008318295013624424,No Current Schedule Slippage Risk,LOW
701657,Tumakuru Node - Phase 1 - Roads and Services Development,2026-07-01,Karnataka,Real Estate,0.9971742533863938,99.71742533863937,Current Schedule Slippage Risk,HIGH
701658,Krishnapatnam Node - Phase 1 - Roads and Services Development,2026-07-01,Andhra Pradesh,Real Estate,0.9955031106575414,99.55031106575414,Current Schedule Slippage Risk,HIGH
701661,Development of IMC Khurpia Farms under AKIC Project,2026-07-01,Uttarakhand,Real Estate,0.9800607140858075,98.00607140858075,Current Schedule Slippage Risk,HIGH
701662,IMC Rajpura - Patiala Development Project,2026-07-01,Punjab,Real Estate,0.9848950840782599,98.489508407826,Current Schedule Slippage Risk,HIGH
701668,Development of Palakkad Node under extension of CBIC to Kochi,2026-07-01,Kerala,Real Estate,0.015405666234554046,1.5405666234554047,No Current Schedule Slippage Risk,LOW
701719,Rehablitation in Junavadaj Area Smart City Project,2026-07-01,Gujarat,Real Estate,3.7474566615857045e-05,0.0037474566615857043,No Current Schedule Slippage Risk,LOW
701745,New Suburba Station Development Project,2026-07-01,Maharashtra,Urban Public Transport,0.9994321364333257,99.94321364333257,Current Schedule Slippage Risk,HIGH
701766,Green Building Development Project,2026-07-01,Uttarakhand,Real Estate,0.9982794588456151,99.82794588456152,Current Schedule Slippage Risk,HIGH
701991,Kalyan Station Precinct Imporvement Project,2026-07-01,Maharashtra,Urban Public Transport,0.00013842833988234968,0.013842833988234968,No Current Schedule Slippage Risk,LOW
702625,Bhopal Metro Rail Project,2026-07-01,Madhya Pradesh,Urban Public Transport,0.9984299569293532,99.84299569293532,Current Schedule Slippage Risk,HIGH
702626,Indore Metro Rail Project,2026-07-01,Madhya Pradesh,Urban Public Transport,0.9983269236572435,99.83269236572436,Current Schedule Slippage Risk,HIGH
702627,Patna Metro Rail Project,2026-07-01,Bihar,Urban Public Transport,0.9924896467905248,99.24896467905248,Current Schedule Slippage Risk,HIGH
702628,Kanpur Metro Rail Project,2026-07-01,Uttar Pradesh,Urban Public Transport,0.00020838683116437677,0.020838683116437676,No Current Schedule Slippage Risk,LOW
702629,Agra Metro Rail Project,2026-07-01,Uttar Pradesh,Urban Public Transport,0.9947697515554618,99.47697515554617,Current Schedule Slippage Risk,HIGH
702630,Surat Metro Rail Project,2026-07-01,Gujarat,Urban Public Transport,0.002006767304926181,0.2006767304926181,No Current Schedule Slippage Risk,LOW
702632,DMRTS Phase - IV [3 Priority Corridors],2026-07-01,Delhi,Urban Public Transport,0.00011393847238062101,0.0113938472380621,No Current Schedule Slippage Risk,LOW
702635,Construction of Bangalore Metro Rail Project Phase 2.,2026-07-01,Karnataka,Urban Public Transport,0.0001402165710885183,0.01402165710885183,No Current Schedule Slippage Risk,LOW
702637,Mumbai Metro Line 3,2026-07-01,Maharashtra,Urban Public Transport,6.826895140041324e-05,0.0068268951400413235,No Current Schedule Slippage Risk,LOW
702658,Nagpur Metro Rail Phase II Development Project,2026-07-01,Maharashtra,Urban Public Transport,0.9985836000097266,99.85836000097265,Current Schedule Slippage Risk,HIGH
702664,Kochi Metro Rail Phase 2 Development Project,2026-07-01,Kerala,Urban Public Transport,0.996761916123849,99.6761916123849,Current Schedule Slippage Risk,HIGH
702665,Construction Bangalore Metro Rail Project Phase-2A & 2B,2026-07-01,Karnataka,Urban Public Transport,0.9987611424366377,99.87611424366378,Current Schedule Slippage Risk,HIGH
702668,Chennai Metro Rail Phase-II Development Project,2026-07-01,Tamil Nadu,Urban Public Transport,0.051444857075160826,5.144485707516083,No Current Schedule Slippage Risk,LOW
702674,"ESR - 8 nos., distribution system - 216 Km, new house service connections - 38760 nos. upgrading of feeder mains, pumping station etc. - Phase II",2026-07-01,Andhra Pradesh,Waste & Water,0.00011113345078703664,0.011113345078703664,No Current Schedule Slippage Risk,LOW
702699,Muzaffarpur Storm Water Drainage Phase-I Project,2026-07-01,Bihar,Waste & Water,4.063631190022798e-05,0.004063631190022798,No Current Schedule Slippage Risk,LOW
702734,Sewerage Management Scheme Part-3 Implementation,2026-07-01,Haryana,Waste & Water,5.380422666545442e-05,0.005380422666545442,No Current Schedule Slippage Risk,LOW
702741,Dhanbad Water Supply Infrastructure Project,2026-07-01,Jharkhand,Waste & Water,0.9983181138721382,99.83181138721382,Current Schedule Slippage Risk,HIGH
702742,SAAP-3 Water Supply Infrastructure SAAP-3 Project,2026-07-01,Jharkhand,Waste & Water,0.9986066183372277,99.86066183372277,Current Schedule Slippage Risk,HIGH
702746,Augmentation and Strenghthning of Urban Water Supply Phase 1 - SAAP 3,2026-07-01,Jharkhand,Waste & Water,0.0001485074850237013,0.01485074850237013,No Current Schedule Slippage Risk,LOW
702760,Belgavi Improvement in Sewerage System Project,2026-07-01,Karnataka,Waste & Water,0.010091703145046947,1.0091703145046946,No Current Schedule Slippage Risk,LOW
702793,Indore Water Supply Infrastructure Project,2026-07-01,Madhya Pradesh,Waste & Water,5.791213050651859e-05,0.0057912130506518585,No Current Schedule Slippage Risk,LOW
702808,Satna Sewerage Management and Treatment Infrastructure Project,2026-07-01,Madhya Pradesh,Waste & Water,0.00010679746653141395,0.010679746653141396,No Current Schedule Slippage Risk,LOW
702810,Singrauli Sewerage Management and Treatment Infrastructure Project,2026-07-01,Madhya Pradesh,Waste & Water,5.533131683300591e-05,0.005533131683300592,No Current Schedule Slippage Risk,LOW
702833,Kalyan-Dombivali Water Supply Infrastructure Project,2026-07-01,Maharashtra,Waste & Water,0.9922792748112556,99.22792748112556,Current Schedule Slippage Risk,HIGH
702851,Pune Water Supply Infrastructure Project,2026-07-01,Maharashtra,Waste & Water,7.875555908308996e-05,0.007875555908308997,No Current Schedule Slippage Risk,LOW
702949,Jhansi Water Supply Infrastructure Phase-II Project,2026-07-01,Uttar Pradesh,Waste & Water,5.7487206912422695e-05,0.00574872069124227,No Current Schedule Slippage Risk,LOW
702958,Lucknow Sewerage Management Infrastructure Project,2026-07-01,Uttar Pradesh,Waste & Water,4.43280815279925e-05,0.00443280815279925,No Current Schedule Slippage Risk,LOW
703021,Jalandhar Water Supply Infrastructure Project,2026-07-01,Punjab,Waste & Water,0.0006726563481703902,0.06726563481703902,No Current Schedule Slippage Risk,LOW
703057,Patiala Water Supply Infrastructure Part-2 Project,2026-07-01,Punjab,Waste & Water,4.085943585275945e-05,0.004085943585275946,No Current Schedule Slippage Risk,LOW
703585,Yeshvanthpur - Channasandra Doubling Project [21.70 Km],2026-07-01,Karnataka,Railways,0.9999776834447766,99.99776834447765,Current Schedule Slippage Risk,HIGH
703586,Baiyyappanahalli - Hosur Doubling Project [48 km],2026-07-01,"Multi-States (Karnataka, Tamil Nadu)",Railways,2.8559417860676435e-05,0.0028559417860676436,No Current Schedule Slippage Risk,LOW
704495,"502 Aspirational District Scheme in Four states - Bihar, Madhya Pradesh, Rajastha and Uttar Pradesh",2026-07-01,"Multi-States (Bihar, Madhya Pradesh, Rajasthan, Uttar Pradesh)",Telecommunication,9.352603235909872e-05,0.009352603235909872,No Current Schedule Slippage Risk,LOW
705237,Western Dedicated Freight Corridor,2026-07-01,"Multi-States (Gujarat, Haryana, Maharashtra, Rajasthan, Uttar Pradesh)",Railways,4.481609603190594e-05,0.004481609603190594,No Current Schedule Slippage Risk,LOW
705244,Coach Production Factory Upgradation Project,2026-07-01,Tamil Nadu,Railways,0.9995405005500176,99.95405005500176,Current Schedule Slippage Risk,HIGH
705252,Kazipet Wagon Overhauling Project,2026-07-01,Telangana,Railways,0.9971154792507395,99.71154792507394,Current Schedule Slippage Risk,HIGH
705253,Kurnool Coach Midlife Rehabilitation Project,2026-07-01,Andhra Pradesh,Railways,0.9964359663373678,99.64359663373678,Current Schedule Slippage Risk,HIGH
705298,North Region Video Surveillance Project,2026-07-01,PAN India,Railways,0.9977403742483081,99.77403742483081,Current Schedule Slippage Risk,HIGH
705356,Ahmednagar - Beed - Parli - Vaijnath New Broad Gauge Line Railway Project [261.3 km],2026-07-01,Maharashtra,Railways,0.001004797795787431,0.1004797795787431,No Current Schedule Slippage Risk,LOW
705357,Baramati Lonand New Line Project,2026-07-01,Maharashtra,Railways,0.999763031899438,99.9763031899438,Current Schedule Slippage Risk,HIGH
705358,Khurda-Bolangir New Broad Gauge Rail Link [301km],2026-07-01,Odisha,Railways,0.00013948298988329682,0.013948298988329682,No Current Schedule Slippage Risk,LOW
705359,Talcher-Bimlagarh New Railway Line,2026-07-01,Odisha,Railways,0.996910892419975,99.6910892419975,Current Schedule Slippage Risk,HIGH
705362,"Jaynagar-Bijalpura, incl. extn. Bet, Bijalpura-Bardibas [Nepal]",2026-07-01,Offshore,Railways,0.7934942392178861,79.34942392178861,Current Schedule Slippage Risk,HIGH
705364,Khagaria-Kusheshwar Asthan [42Km] new line project,2026-07-01,Bihar,Railways,0.9989579661448182,99.89579661448182,Current Schedule Slippage Risk,HIGH
705366,Hajipur-Sagauli New line,2026-07-01,Bihar,Railways,0.9998814899440726,99.98814899440725,Current Schedule Slippage Risk,HIGH
705368,Araria Supaul New BG Line,2026-07-01,Bihar,Railways,0.9998076762503206,99.98076762503206,Current Schedule Slippage Risk,HIGH
705373,"Fatuha-Islampur incl. MM for extn.of NL from Neora to Daniawan , Daniawan to Biharsharif, Biharsharif to Barbigha , Barbigha to Shekhpura",2026-07-01,Bihar,Railways,6.814856278013689e-05,0.006814856278013689,No Current Schedule Slippage Risk,LOW
705375,Koderma-Tilaiya New Line,2026-07-01,"Multi-States (Bihar, Jharkhand)",Railways,2.8560173884581326e-05,0.0028560173884581326,No Current Schedule Slippage Risk,LOW
705385,Pirpainti - Jasidih [100.52 Km] New BG line,2026-07-01,"Multi-States (Bihar, Jharkhand)",Railways,0.02581715339946871,2.581715339946871,No Current Schedule Slippage Risk,LOW
705391,Jiribam-Imphal new line project,2026-07-01,Manipur,Railways,0.9986623764753849,99.8662376475385,Current Schedule Slippage Risk,HIGH
705392,Dimapur [Dhansiri]-Sukhobi Kohima [Zubza] NL [82.5 Km],2026-07-01,"Multi-States (Assam, Nagaland)",Railways,0.9996420698212838,99.96420698212837,Current Schedule Slippage Risk,HIGH
705394,Tetlia-Byrnihat New Railway Line,2026-07-01,"Multi-States (Assam, Meghalaya)",Railways,1.1132784743150717e-05,0.0011132784743150717,No Current Schedule Slippage Risk,LOW
705396,Byrnihat-Shillong New Rail Line- 108 km,2026-07-01,Meghalaya,Railways,0.361847936583192,36.1847936583192,No Current Schedule Slippage Risk,LOW
705401,Murkongselek-Pasighat,2026-07-01,"Multi-States (Arunachal Pradesh, Assam)",Railways,0.9986150552416676,99.86150552416676,Current Schedule Slippage Risk,HIGH
705410,Nangal Dam-Talwara New Broad Gauge Line [84 KM] and Taking Over Siding Mukerian-Talwara [29 KM],2026-07-01,"Multi-States (Himachal Pradesh, Punjab)",Railways,2.9743242023530594e-05,0.002974324202353059,No Current Schedule Slippage Risk,LOW
705419,Gwalior - Seopurkala with extension to Kota [Gauge Conversion],2026-07-01,"Multi-States (Madhya Pradesh, Rajasthan)",Railways,3.84779915244482e-05,0.0038477991524448205,No Current Schedule Slippage Risk,LOW
705424,Chandigarh-Baddi New Rail Line- 36 km,2026-07-01,"Multi-States (Haryana, Himachal Pradesh)",Railways,0.9988280382807276,99.88280382807277,Current Schedule Slippage Risk,HIGH
705428,Bhanupalli-Bilaspur-Beri New Railway Line Project,2026-07-01,"Multi-States (Himachal Pradesh, Punjab)",Railways,0.996854406824231,99.68544068242309,Current Schedule Slippage Risk,HIGH
705429,Rishikesh-Karnaprayag New Rail Line- 125 km,2026-07-01,Uttarakhand,Railways,0.9895045727537525,98.95045727537524,Current Schedule Slippage Risk,HIGH
705432,Sivok-Rangpo New Rail Line,2026-07-01,"Multi-States (Sikkim, West Bengal)",Railways,0.004718576211791922,0.4718576211791922,No Current Schedule Slippage Risk,LOW
705433,Dallirajhra- Rowghat New Railway Line - Phase I [95 km],2026-07-01,Chhattisgarh,Railways,1.763966543876239e-05,0.001763966543876239,No Current Schedule Slippage Risk,LOW
705434,New Railway Line between Ginigera and Raichur [165.57 km],2026-07-01,Karnataka,Railways,0.9960973672456125,99.60973672456124,Current Schedule Slippage Risk,HIGH
705436,Kotapalli - Narasapur New Line,2026-07-01,Andhra Pradesh,Railways,0.998766613821381,99.8766613821381,Current Schedule Slippage Risk,HIGH
705437,Manoharabad-Kothapalli New Rail Line [151 km],2026-07-01,Telangana,Railways,0.9996400062275872,99.96400062275872,Current Schedule Slippage Risk,HIGH
705444,Gevra Road-Pendra Road New Railway Line [135 km],2026-07-01,Chhattisgarh,Railways,0.0002329849361945748,0.02329849361945748,No Current Schedule Slippage Risk,LOW
705450,Jogbani-Biratnagar New Rail Line project,2026-07-01,Bihar,Railways,0.00014314086098608098,0.014314086098608098,No Current Schedule Slippage Risk,LOW
705453,"New line Dahod-Indore via Sardarpur, Jabuwa and Dhar",2026-07-01,"Multi-States (Gujarat, Madhya Pradesh)",Railways,0.9999129826856846,99.99129826856846,Current Schedule Slippage Risk,HIGH
705454,Chhota Udaipur - Dhar New Line Project [157 km],2026-07-01,"Multi-States (Gujarat, Madhya Pradesh)",Railways,3.67811495944958e-05,0.00367811495944958,No Current Schedule Slippage Risk,LOW
705457,Ratlam-Mhow-Khandwa-Akola Gauge Conversion,2026-07-01,"Multi-States (Madhya Pradesh, Maharashtra)",Railways,0.0003690718368524215,0.03690718368524215,No Current Schedule Slippage Risk,LOW
705458,Miyagam-Karjan-Dabhoi-Samlaya [GC],2026-07-01,Gujarat,Railways,0.9995030900998273,99.95030900998273,Current Schedule Slippage Risk,HIGH
705464,Bangalore-Satyamanglam New Line Project [260 Km] - Part Hejjala - Chamarajanagar [142 Km],2026-07-01,Karnataka,Railways,0.09110362940984046,9.110362940984047,No Current Schedule Slippage Risk,LOW
705479,Wadsa-Gadchiroli,2026-07-01,Maharashtra,Railways,0.9954198811643423,99.54198811643423,Current Schedule Slippage Risk,HIGH
705480,"Lalitpur-Satna, Rewa-Singrauli & Mahoba-Khajuraho",2026-07-01,Madhya Pradesh,Railways,0.9993085198114436,99.93085198114436,Current Schedule Slippage Risk,HIGH
705481,Ramganj Mandi-Bhopal 262 km,2026-07-01,"Multi-States (Madhya Pradesh, Rajasthan)",Railways,0.00028692424678158733,0.02869242467815873,No Current Schedule Slippage Risk,LOW
705482,Dholpur - Sirmuttra Gauge Conversion,2026-07-01,Rajasthan,Railways,0.992274852990119,99.2274852990119,Current Schedule Slippage Risk,HIGH
705489,Madurai-Tuticorin via Aruppukkottai 143.5 km,2026-07-01,Tamil Nadu,Railways,0.985521548889746,98.5521548889746,Current Schedule Slippage Risk,HIGH
705490,Gadag-Wadi New Railway Line [257 km],2026-07-01,Karnataka,Railways,0.9998862578216657,99.98862578216658,Current Schedule Slippage Risk,HIGH
705491,Marikuppam - Kuppam New Line Project [23.70 Km],2026-07-01,"Multi-States (Andhra Pradesh, Karnataka)",Railways,0.9974350059881903,99.74350059881904,Current Schedule Slippage Risk,HIGH
705492,Kadur - Chickamagalur - Sakleshpur [93km],2026-07-01,Karnataka,Railways,4.122039442401486e-05,0.004122039442401486,No Current Schedule Slippage Risk,LOW
705493,Hubli-Ankola New Line Project [164.44 km],2026-07-01,Karnataka,Railways,0.9852610987934607,98.52610987934607,Current Schedule Slippage Risk,HIGH
705494,Rayadurg-Tumkur via Kalyandurg New Line [207 km],2026-07-01,"Multi-States (Andhra Pradesh, Karnataka)",Railways,0.9990228198315562,99.90228198315562,Current Schedule Slippage Risk,HIGH
705495,Bagalkot-Kudachi New Railway Line [142 km],2026-07-01,Karnataka,Railways,0.9998390755345521,99.98390755345521,Current Schedule Slippage Risk,HIGH
705496,Tumkur-Chitradurga-Davangere New Rail Line Project [191 km],2026-07-01,Karnataka,Railways,0.9999650890141447,99.99650890141447,Current Schedule Slippage Risk,HIGH
705497,Wardha - Yavatmal Nanded Railway Line Project,2026-07-01,Maharashtra,Railways,0.9978752301810616,99.78752301810616,Current Schedule Slippage Risk,HIGH
705498,3rd Line Kalyan - Kasara [67.35 Kilometres],2026-07-01,Maharashtra,Railways,0.9977879884440644,99.77879884440644,Current Schedule Slippage Risk,HIGH
705500,3rd Line Wardha - Sewagram - Nagpur,2026-07-01,Maharashtra,Railways,5.03705034304041e-05,0.00503705034304041,No Current Schedule Slippage Risk,LOW
705502,3rd Line Wardha - Ballarshah [132 Kilometres],2026-07-01,Maharashtra,Railways,0.0003223947795049819,0.03223947795049819,No Current Schedule Slippage Risk,LOW
705504,Doubling of Daund Manmad Line [247.6 km],2026-07-01,Maharashtra,Railways,0.0002467183523972205,0.02467183523972205,No Current Schedule Slippage Risk,LOW
705505,4th Line Wardha - Nagpur [78.7 Kilometres],2026-07-01,Maharashtra,Railways,8.617716302158172e-05,0.008617716302158173,No Current Schedule Slippage Risk,LOW
705506,3rd Line Manmad - Jalgaon [160 Kilometres],2026-07-01,Maharashtra,Railways,4.3696213203547715e-05,0.004369621320354771,No Current Schedule Slippage Risk,LOW
705507,Itarsi - Nagpur Third Railway Line [280 km],2026-07-01,"Multi-States (Madhya Pradesh, Maharashtra)",Railways,0.9984650572912505,99.84650572912504,Current Schedule Slippage Risk,HIGH
705510,Bhadrak-Nergundi Third Line,2026-07-01,Odisha,Railways,5.875163273399381e-05,0.0058751632733993805,No Current Schedule Slippage Risk,LOW
705511,Jagdalpur-Koraput,2026-07-01,"Multi-States (Chhattisgarh, Odisha)",Railways,6.816190834840217e-05,0.006816190834840217,No Current Schedule Slippage Risk,LOW
705512,Doubling of Kottavalasa-Koraput Rail Line [189 KM],2026-07-01,"Multi-States (Andhra Pradesh, Odisha)",Railways,0.9981354741008407,99.81354741008407,Current Schedule Slippage Risk,HIGH
705513,Koraput - Singapur Railway Doubling,2026-07-01,Odisha,Railways,0.9949572118942395,99.49572118942395,Current Schedule Slippage Risk,HIGH
705514,Jarapada- Budhapank with flyover at Talcher road 3rd and 4th Line,2026-07-01,Odisha,Railways,0.70203918530124,70.203918530124,Current Schedule Slippage Risk,HIGH
705515,3rd & 4th Railway Line Project from Salegaon to Budhapank via Rajathgarh.,2026-07-01,Odisha,Railways,5.572712055527855e-05,0.005572712055527855,No Current Schedule Slippage Risk,LOW
705526,Samastipur-Darbhanga Doubling Railway Project,2026-07-01,Bihar,Railways,8.15320492332389e-05,0.00815320492332389,No Current Schedule Slippage Risk,LOW
705527,Sagauli-Valmiknagar,2026-07-01,Bihar,Railways,7.569527266252552e-05,0.007569527266252552,No Current Schedule Slippage Risk,LOW
705528,Muzaffarpur-Sugauli,2026-07-01,Bihar,Railways,8.351995486352852e-05,0.008351995486352851,No Current Schedule Slippage Risk,LOW
705562,Chhapra-Ballia Patch Doubling,2026-07-01,"Multi-States (Bihar, Uttar Pradesh)",Railways,9.264363947886597e-06,0.0009264363947886597,No Current Schedule Slippage Risk,LOW
705567,Burhwal Gonda 3rd line,2026-07-01,Uttar Pradesh,Railways,2.20956666982889e-05,0.00220956666982889,No Current Schedule Slippage Risk,LOW
705572,Doubling of New Bonggigaon to Kamakhya via Goalpara - 176 km,2026-07-01,Assam,Railways,5.6799955819785e-05,0.005679995581978499,No Current Schedule Slippage Risk,LOW
705583,Anand Vihar-Tilak Bridge 3rd & 4th line,2026-07-01,Delhi,Railways,0.9988758381373979,99.8875838137398,Current Schedule Slippage Risk,HIGH
705588,Janghai-Pratapgarh- Amethi,2026-07-01,Uttar Pradesh,Railways,0.999090870173042,99.9090870173042,Current Schedule Slippage Risk,HIGH
705598,Jhansi - Bina Third Railway Line [153 Km],2026-07-01,"Multi-States (Madhya Pradesh, Uttar Pradesh)",Railways,9.503703073952604e-05,0.009503703073952605,No Current Schedule Slippage Risk,LOW
705608,Jhansi-Khairar-Manikpur & Khirar-Bhimsen,2026-07-01,"Multi-States (Madhya Pradesh, Uttar Pradesh)",Railways,0.801467815433116,80.14678154331159,Current Schedule Slippage Risk,HIGH
705610,"Renigunta, Wadi & Gooty Bypass Railway Project",2026-07-01,"Multi-States (Andhra Pradesh, Karnataka)",Railways,3.908313918840893e-05,0.003908313918840893,No Current Schedule Slippage Risk,LOW
705612,Kazipet-Vijayawada 3rd line with electrification [220 km],2026-07-01,"Multi-States (Andhra Pradesh, Telangana)",Railways,0.00028903941102713257,0.028903941102713257,No Current Schedule Slippage Risk,LOW
705613,Third Line [new] between Kazipet - Balharshah with electrification [201.04 Km],2026-07-01,"Multi-States (Maharashtra, Telangana)",Railways,0.00023599859827064032,0.023599859827064033,No Current Schedule Slippage Risk,LOW
705616,Jharsuguda-Bilaspur Fourth Railway Line [206 km],2026-07-01,"Multi-States (Chhattisgarh, Odisha)",Railways,2.631018332675938e-05,0.0026310183326759377,No Current Schedule Slippage Risk,LOW
705617,Rajnandgaon - Nagpur [Kalumna] Third Railway Line [228.30 km],2026-07-01,"Multi-States (Chhattisgarh, Maharashtra)",Railways,9.448126710770934e-05,0.009448126710770935,No Current Schedule Slippage Risk,LOW
705628,Doubling of Hatia [Ranchi]-Bondamunda Rail Line - 159 km,2026-07-01,"Multi-States (Jharkhand, Odisha)",Railways,1.9643903416738592e-05,0.0019643903416738592,No Current Schedule Slippage Risk,LOW
705629,Narayangarh-Bhadrak 3rd line,2026-07-01,"Multi-States (Odisha, West Bengal)",Railways,6.878230911619143e-05,0.006878230911619143,No Current Schedule Slippage Risk,LOW
705632,Vijayawada - Kazipet Byepass line,2026-07-01,"Multi-States (Andhra Pradesh, Telangana)",Railways,4.503374212280422e-05,0.0045033742122804225,No Current Schedule Slippage Risk,LOW
705633,Guntur-Guntakal Doubling Project,2026-07-01,Andhra Pradesh,Railways,0.0002755340725767238,0.02755340725767238,No Current Schedule Slippage Risk,LOW
705635,Trivandrum- Kanyakumari,2026-07-01,"Multi-States (Kerala, Tamil Nadu)",Railways,0.9993371516541475,99.93371516541475,Current Schedule Slippage Risk,HIGH
705638,Kumbalam-Turavur doubling project [15.59 Km],2026-07-01,Kerala,Railways,0.9950664776026733,99.50664776026733,Current Schedule Slippage Risk,HIGH
705639,Ernakulam-Kumbalam doubling project [7.71 Km],2026-07-01,Kerala,Railways,0.9988093396655603,99.88093396655603,Current Schedule Slippage Risk,HIGH
705648,Vijaywada-Gudur 3rd Line,2026-07-01,Andhra Pradesh,Railways,0.00038538321942568936,0.03853832194256893,No Current Schedule Slippage Risk,LOW
705650,Hospet - Tinaighat - Vasco Rail Doubling Project,2026-07-01,"Multi-States (Goa, Karnataka)",Railways,0.00022093036152376412,0.022093036152376413,No Current Schedule Slippage Risk,LOW
705659,Satna-Rewa Railway Line Doubling Project,2026-07-01,Madhya Pradesh,Railways,2.955747334706367e-05,0.0029557473347063667,No Current Schedule Slippage Risk,LOW
705660,Doubling of Katni - Singrauli Railway Line [261 km],2026-07-01,Madhya Pradesh,Railways,9.022078181243125e-05,0.009022078181243126,No Current Schedule Slippage Risk,LOW
705661,Katni Grade Separator/Bye Pass,2026-07-01,Madhya Pradesh,Railways,6.92303886000872e-05,0.006923038860008719,No Current Schedule Slippage Risk,LOW
705663,Bangalore-Whitefield-Bangalore City-Krishnarajapuram [23.08 km] - Quadrupling,2026-07-01,Karnataka,Railways,5.600663945240593e-05,0.005600663945240593,No Current Schedule Slippage Risk,LOW
705667,Mathura-Jhansi Third Railway Line [274 Km],2026-07-01,"Multi-States (Madhya Pradesh, Rajasthan, Uttar Pradesh)",Railways,0.0002703615274920874,0.027036152749208738,No Current Schedule Slippage Risk,LOW
705668,KHARAGPUR-ADITYAPUR THIRD RAIL LINE- 132 KM,2026-07-01,"Multi-States (Jharkhand, West Bengal)",Railways,4.8071038008603976e-05,0.004807103800860397,No Current Schedule Slippage Risk,LOW
705728,Mumbai-Ahmedabad High Speed Rail Project- 508 km,2026-07-01,"Multi-States (Dadra & Nagar Haveli and Daman & Diu, Gujarat, Maharashtra)",Railways,0.9850196811101324,98.50196811101324,Current Schedule Slippage Risk,HIGH
705730,Joka-BBD Bag new metro project,2026-07-01,West Bengal,Railways,0.9997982234785412,99.97982234785412,Current Schedule Slippage Risk,HIGH
705735,Solapur-tuljapur-Osmanabad,2026-07-01,Maharashtra,Railways,0.9996395500515397,99.96395500515398,Current Schedule Slippage Risk,HIGH
705741,Jeypore-Navarangpur New Rail Line Project,2026-07-01,Odisha,Railways,0.9889295242241393,98.89295242241393,Current Schedule Slippage Risk,HIGH
705742,Jeypore - Malkangiri 130 km,2026-07-01,Odisha,Railways,0.9987130294801461,99.8713029480146,Current Schedule Slippage Risk,HIGH
705747,Parasnath-Madhuban-Giridih new line,2026-07-01,Jharkhand,Railways,0.8906375164064754,89.06375164064754,Current Schedule Slippage Risk,HIGH
705752,Gudha-Thatha Mithri Construction of Railway Track Project,2026-07-01,Rajasthan,Railways,2.6948928359259472e-05,0.0026948928359259473,No Current Schedule Slippage Risk,LOW
705761,SHIMOGA - SHIKARIPURA - RANEBENNUR [96 Km],2026-07-01,Karnataka,Railways,0.9999179097640568,99.99179097640568,Current Schedule Slippage Risk,HIGH
705762,Construction of New BG line between Hassan [Alur] to Belur [ Km 27.34],2026-07-01,Karnataka,Railways,0.9631456977038455,96.31456977038455,Current Schedule Slippage Risk,HIGH
705763,Indore - Budni New Railway Line [198 kms],2026-07-01,Madhya Pradesh,Railways,0.03924053485893434,3.924053485893434,No Current Schedule Slippage Risk,LOW
705764,Nimach-Badi Sadri New Rail Line Project,2026-07-01,"Multi-States (Madhya Pradesh, Rajasthan)",Railways,0.9996577810597945,99.96577810597945,Current Schedule Slippage Risk,HIGH
705765,Gomoh - Flyover for DN trains,2026-07-01,Jharkhand,Railways,0.9964032957990016,99.64032957990015,Current Schedule Slippage Risk,HIGH
705766,Lalitpur-Birari with flyover at Lalitpur- 16 Km,2026-07-01,Uttar Pradesh,Railways,3.564329573889143e-05,0.003564329573889143,No Current Schedule Slippage Risk,LOW
705771,Allahabad-Bamhrauli Flyover Construction & 4th Railway Line Project,2026-07-01,Uttar Pradesh,Railways,0.004176722068381583,0.4176722068381583,No Current Schedule Slippage Risk,LOW
705772,"Mughalsarai-Allahabad, 3rd line",2026-07-01,Uttar Pradesh,Railways,0.9927364384767595,99.27364384767596,Current Schedule Slippage Risk,HIGH
705774,Aligarh -Daud Khan Flyover Construction & 3rd Railway Line Project,2026-07-01,Uttar Pradesh,Railways,6.443231683911107e-05,0.006443231683911107,No Current Schedule Slippage Risk,LOW
705777,Bhandai - Flyover for Etawah bound down train- 10 Km,2026-07-01,Uttar Pradesh,Railways,0.999895387891189,99.98953878911891,Current Schedule Slippage Risk,HIGH
705780,Bhatni-Aurnihar with electrification excluding Indara-Mau,2026-07-01,Uttar Pradesh,Railways,3.1267071283615015e-05,0.0031267071283615014,No Current Schedule Slippage Risk,LOW
705782,Barabanki-Malhaur 3rd & 4th Railway Line Project,2026-07-01,Uttar Pradesh,Railways,0.9973732932386907,99.73732932386908,Current Schedule Slippage Risk,HIGH
705783,Ludhiana- Killa Raipur Railway Doubling Project,2026-07-01,Punjab,Railways,0.9998281689403141,99.98281689403142,Current Schedule Slippage Risk,HIGH
705785,Lodhma - Piska - Link Line bypassing Hatia/Ranchi with Y connection,2026-07-01,Jharkhand,Railways,0.9997720596332068,99.97720596332069,Current Schedule Slippage Risk,HIGH
705793,Raising of speed to 160 kmph/200 kmph on existing New Delhi-Mumbai route incl. Vadodara-Ahmedabad,2026-07-01,"Multi-States (Delhi, Gujarat, Madhya Pradesh, Maharashtra, Rajasthan)",Railways,0.9993934602819202,99.93934602819202,Current Schedule Slippage Risk,HIGH
705794,New Delhi- Howrah Speed Booster[160Kmph] Project,2026-07-01,"Multi-States (Bihar, Delhi, Jharkhand, Uttar Pradesh, West Bengal)",Railways,0.9992329894936673,99.92329894936674,Current Schedule Slippage Risk,HIGH
705799,Nagpur- Nagbhir Railway Line Gauge Conversion Project,2026-07-01,Maharashtra,Railways,0.0033114056353165584,0.33114056353165583,No Current Schedule Slippage Risk,LOW
705912,Sawai Madhopur-Jaipur Railway Line Project,2026-07-01,Rajasthan,Railways,0.9985925557737776,99.85925557737775,Current Schedule Slippage Risk,HIGH
705918,Allahabad division - Aligarh - Harduaganj Flyover,2026-07-01,Uttar Pradesh,Railways,0.9921506991540308,99.21506991540308,Current Schedule Slippage Risk,HIGH
705919,Agra Fort-Bandikui Doubling Line Project,2026-07-01,Rajasthan,Railways,0.9990875057562196,99.90875057562197,Current Schedule Slippage Risk,HIGH
705933,Nimach-Ratlam Doubling [133 Km],2026-07-01,Madhya Pradesh,Railways,4.127036331976063e-05,0.0041270363319760636,No Current Schedule Slippage Risk,LOW
705941,Bangalore Suburban Railway Project,2026-07-01,Karnataka,Railways,0.9886240586920109,98.86240586920108,Current Schedule Slippage Risk,HIGH
706718,C/o NITB Imphal Airport,2026-07-01,Manipur,Aviation & Aviation Infrastructure,0.9997107538180089,99.97107538180089,Current Schedule Slippage Risk,HIGH
706724,Guwahati Airport New Integrated Terminal Building Construction Project,2026-07-01,Assam,Aviation & Aviation Infrastructure,2.371432747813352e-05,0.0023714327478133517,No Current Schedule Slippage Risk,LOW
706757,Modasa-Shamlaji Road Railway Line Project,2026-07-01,Gujarat,Railways,0.999926512332525,99.9926512332525,Current Schedule Slippage Risk,HIGH
706759,Rampur Dumra-Tal-Rajendrapul Additional Bridge and Railway Line Doubling,2026-07-01,Bihar,Railways,0.00011943710624461765,0.011943710624461765,No Current Schedule Slippage Risk,LOW
706763,Rajkot - Kanalus Doubling Project [111.2 Kms],2026-07-01,Gujarat,Railways,2.7851918469807572e-05,0.002785191846980757,No Current Schedule Slippage Risk,LOW
706775,BharatNet,2026-07-01,PAN India,Telecommunication,0.00019938021263390363,0.019938021263390362,No Current Schedule Slippage Risk,LOW
706776,Noapara-Barasat via Bimanbandar - Construction of Metro railway [18 km],2026-07-01,West Bengal,Railways,0.9971122101903742,99.71122101903742,Current Schedule Slippage Risk,HIGH
706777,Baranagar-Barrackpore and Dakshineshwar- Construction of Metro Railway,2026-07-01,West Bengal,Railways,0.9979881518432675,99.79881518432676,Current Schedule Slippage Risk,HIGH
706779,Mumbai Urban Transport Project [MUTP] - PHASE II,2026-07-01,Maharashtra,Railways,0.0008930655260310777,0.08930655260310777,No Current Schedule Slippage Risk,LOW
706780,Mumbai Urban Transport Project [MUTP] Phase-IIIA,2026-07-01,Maharashtra,Railways,0.9858796210513837,98.58796210513837,Current Schedule Slippage Risk,HIGH
706781,Mumbai Urban Transport Project Phase-III,2026-07-01,Maharashtra,Railways,0.995623629444835,99.5623629444835,Current Schedule Slippage Risk,HIGH
706811,NMDC Slurry Pipeline Project Phase-1,2026-07-01,Chhattisgarh,Steel,6.098161561829859e-05,0.006098161561829859,No Current Schedule Slippage Risk,LOW
706835,Belgaum-Dharwad via Kittur [73.10Km],2026-07-01,Karnataka,Railways,0.9522902321586337,95.22902321586338,Current Schedule Slippage Risk,HIGH
706836,Dedicated Test Track for RDSO /Phase-II Project,2026-07-01,Rajasthan,Railways,2.3968392423412333e-05,0.0023968392423412335,No Current Schedule Slippage Risk,LOW
706837,Pradhan Kuntha Jn Line Doubling Project,2026-07-01,Jharkhand,Railways,0.9900948800277073,99.00948800277072,Current Schedule Slippage Risk,HIGH
706854,Boridand - Ambikapur Doubling Line Project,2026-07-01,Chhattisgarh,Railways,0.9944948832972726,99.44948832972726,Current Schedule Slippage Risk,HIGH
706860,Barauni-Bachwara [16 km] - 3rd & 4th line incl. Barauni yard remodelling [32 km],2026-07-01,Bihar,Railways,0.9620661918707875,96.20661918707874,Current Schedule Slippage Risk,HIGH
706865,Chandargaon - Cansaulium Rail Flyover Project [16 Km],2026-07-01,Goa,Railways,0.06005201823408703,6.0052018234087035,No Current Schedule Slippage Risk,LOW
706866,Sawaimadhopur Bye Pass Line Project,2026-07-01,Rajasthan,Railways,0.9973474912594968,99.73474912594969,Current Schedule Slippage Risk,HIGH
706898,Khurda Road - Balangir Electrification of Railway Track Project,2026-07-01,Odisha,Railways,0.9990052091811922,99.90052091811921,Current Schedule Slippage Risk,HIGH
706922,Guwahati-Dibrugarh via Tinsukia & Simaluguri-Dibrugarh,2026-07-01,Assam,Railways,7.552256992869078e-05,0.007552256992869077,No Current Schedule Slippage Risk,LOW
706940,"Mariani-Jorhat, Tinsukia-Dangri and Makum -TirapTrack Electrification Project",2026-07-01,Assam,Railways,0.9991846520569787,99.91846520569787,Current Schedule Slippage Risk,HIGH
706942,Harmuty-Murkongselek Branch Line Electrification Project,2026-07-01,Assam,Railways,0.9971633013018345,99.71633013018345,Current Schedule Slippage Risk,HIGH
706950,Hospet-Hubli-Vasco da Gama Line Electrification Project,2026-07-01,"Multi-States (Goa, Karnataka)",Railways,3.0238881044461936e-05,0.0030238881044461936,No Current Schedule Slippage Risk,LOW
706965,Establishment of new GMC Saran [Chhapara],2026-07-01,Bihar,Healthcare,0.9987556382818676,99.87556382818677,Current Schedule Slippage Risk,HIGH
706966,Establishment of new GMC Samastipur,2026-07-01,Bihar,Healthcare,0.9987556382818676,99.87556382818677,Current Schedule Slippage Risk,HIGH
706988,Establishment of new GMC Gondia,2026-07-01,Maharashtra,Healthcare,0.999147213455036,99.9147213455036,Current Schedule Slippage Risk,HIGH
706989,Establishment of new GMC West Garo Hills [Tura],2026-07-01,Meghalaya,Healthcare,0.9973587506937328,99.73587506937328,Current Schedule Slippage Risk,HIGH
707016,Establishment of new GMC Sitamarhi,2026-07-01,Bihar,Healthcare,0.9990986361467572,99.90986361467571,Current Schedule Slippage Risk,HIGH
707017,Establishment of new GMC Jhanjharpur,2026-07-01,Bihar,Healthcare,0.9990986361467572,99.90986361467571,Current Schedule Slippage Risk,HIGH
707018,Establishment of new GMC Siwan,2026-07-01,Bihar,Healthcare,0.9990986361467572,99.90986361467571,Current Schedule Slippage Risk,HIGH
707019,Establishment of new GMC Buxar,2026-07-01,Bihar,Healthcare,0.9990986361467572,99.90986361467571,Current Schedule Slippage Risk,HIGH
707020,Establishment of new GMC Jamui,2026-07-01,Bihar,Healthcare,0.9982500482232711,99.82500482232712,Current Schedule Slippage Risk,HIGH
707021,Establishment of new GMC Koderma,2026-07-01,Jharkhand,Healthcare,0.9995659036276522,99.95659036276521,Current Schedule Slippage Risk,HIGH
707022,Establishment of new GMC Chaibasa [Singhbhum],2026-07-01,Jharkhand,Healthcare,0.9973207030652965,99.73207030652965,Current Schedule Slippage Risk,HIGH
707039,Establishment of new GMC Gangtok,2026-07-01,Sikkim,Healthcare,3.816849078212551e-05,0.0038168490782125508,No Current Schedule Slippage Risk,LOW
707044,Establishment of new GMC Korba,2026-07-01,Chhattisgarh,Healthcare,0.9956841689308819,99.56841689308818,Current Schedule Slippage Risk,HIGH
707045,Establishment of new GMC Mahasamund,2026-07-01,Chhattisgarh,Healthcare,2.794644537664574e-05,0.002794644537664574,No Current Schedule Slippage Risk,LOW
707046,Establishment of new GMC Kanker,2026-07-01,Chhattisgarh,Healthcare,0.034389284670346736,3.4389284670346734,No Current Schedule Slippage Risk,LOW
707049,Establishment of new GMC Panchmahal,2026-07-01,Gujarat,Healthcare,5.673393088979532e-05,0.005673393088979533,No Current Schedule Slippage Risk,LOW
707050,Establishment of new GMC Porbandar,2026-07-01,Gujarat,Healthcare,0.0004192580805359894,0.04192580805359894,No Current Schedule Slippage Risk,LOW
707051,Establishment of new GMc Udhampur,2026-07-01,Jammu and Kashmir,Healthcare,0.045830520304094964,4.583052030409497,No Current Schedule Slippage Risk,LOW
707052,Establishment of new GMC Handwara [Distt. Kupwara],2026-07-01,Jammu and Kashmir,Healthcare,0.9677341662255202,96.77341662255202,Current Schedule Slippage Risk,HIGH
707057,Establishment of new GMC Leh,2026-07-01,Ladakh,Healthcare,0.9824060941822476,98.24060941822475,Current Schedule Slippage Risk,HIGH
707058,Establishment of new GMC Rajgarh,2026-07-01,Madhya Pradesh,Healthcare,9.223132010713233e-05,0.009223132010713234,No Current Schedule Slippage Risk,LOW
707059,Establishment of new GMC Mandla,2026-07-01,Madhya Pradesh,Healthcare,0.9800980557590182,98.00980557590182,Current Schedule Slippage Risk,HIGH
707067,Establishment of new GMC Mon,2026-07-01,Nagaland,Healthcare,0.9848813134598796,98.48813134598797,Current Schedule Slippage Risk,HIGH
707069,Establishment of new GMC Kapurthala,2026-07-01,Punjab,Healthcare,0.30162150980193136,30.162150980193136,No Current Schedule Slippage Risk,LOW
707070,Establishment of new GMC Hoshiarpur,2026-07-01,Punjab,Healthcare,0.046523025320957506,4.65230253209575,No Current Schedule Slippage Risk,LOW
707086,Establishment of new GMC Rudrapur,2026-07-01,Uttarakhand,Healthcare,0.9849753112320934,98.49753112320934,Current Schedule Slippage Risk,HIGH
707087,Establishment of new GMC Pithoragarh,2026-07-01,Uttarakhand,Healthcare,2.8438608901894625e-05,0.0028438608901894626,No Current Schedule Slippage Risk,LOW
707215,National Maritime Heritage Complex [NMHC] Phase-I,2026-07-01,Gujarat,"Tourism, Hospitality & Wellness",0.9992912695589594,99.92912695589594,Current Schedule Slippage Risk,HIGH
707229,"Integrated Command control Center [ICCC] - Construction and Development of Integrated Command Control Center with Security, Surveillance, ITMS, Connecting Port, Ship Service, Smart Solid Waste Management, Smart Public Transport System",2026-07-01,Andaman & Nicobar,Real Estate,0.00035000853560475994,0.035000853560476,No Current Schedule Slippage Risk,LOW
707410,Integrated Multi Modal Logistics Hub at Nangal Chaudhary in Haryana - Other Trunk Infrastructure Development Phase 1,2026-07-01,Haryana,Logistics Infrastructure,0.9794823135841982,97.94823135841982,Current Schedule Slippage Risk,HIGH
707419,IMC at Prayagraj,2026-07-01,Uttar Pradesh,Real Estate,0.017632376205376013,1.7632376205376012,No Current Schedule Slippage Risk,LOW
707420,Gaya Integrated Manufacturing Cluster IMC in Bihar,2026-07-01,Bihar,Real Estate,0.9966365511002252,99.66365511002252,Current Schedule Slippage Risk,HIGH
708687,Amended BharatNet Program - UP (West),2026-07-01,Uttar Pradesh,Telecommunication,0.8685296486912354,86.85296486912354,Current Schedule Slippage Risk,HIGH
709747,Bagodara Solar Power Project,2026-07-01,Gujarat,Electricity Generation,0.9997897094744836,99.97897094744836,Current Schedule Slippage Risk,HIGH
709750,Laying of new 28 inch Desal Water Pipeline and 10 inch Reject Water Pipeline between CPCL Manali Refinery and CPCL Desalination plant at Ennore,2026-07-01,Tamil Nadu,Oil & Gas,0.9984782261365701,99.84782261365702,Current Schedule Slippage Risk,HIGH
709752,HP-COAT [Crude to Olefins and Aromatics Technology] demo unit at Visakh Refinery,2026-07-01,Andhra Pradesh,Oil & Gas,4.861011661167012e-05,0.004861011661167012,No Current Schedule Slippage Risk,LOW
709753,Haldia Panagarh Pipeline Project,2026-07-01,West Bengal,Oil & Gas,3.430727765936599e-05,0.0034307277659365986,No Current Schedule Slippage Risk,LOW
709754,"Construction of LPG Facilities at Kamardanga, Assam",2026-07-01,Assam,Energy Storage,0.018757889956463533,1.8757889956463534,No Current Schedule Slippage Risk,LOW
709755,"Setting up of new rail fed POL facility at Kamardanga, Assam",2026-07-01,Assam,Energy Storage,7.414968053539652e-05,0.007414968053539652,No Current Schedule Slippage Risk,LOW
709759,"Petrochemical evacuation marketing terminal at Barmer, Rajasthan",2026-07-01,Rajasthan,Energy Storage,9.497177827083581e-05,0.009497177827083581,No Current Schedule Slippage Risk,LOW
709770,City Gas Distribution Project at Pathankot District,2026-07-01,Punjab,Oil & Gas,0.9994186709569985,99.94186709569985,Current Schedule Slippage Risk,HIGH
709771,"City Gas Distribution Project at Beed, Jalgaon and Jalna Districts",2026-07-01,Maharashtra,Oil & Gas,0.9998674964624753,99.98674964624753,Current Schedule Slippage Risk,HIGH
709772,"City Gas Distribution Project at East Mednipore, West Mednipore & Jhargram Districts",2026-07-01,West Bengal,Oil & Gas,0.9999409959918973,99.99409959918974,Current Schedule Slippage Risk,HIGH
709773,"City Gas Distribution Project at Jammu, Udhampur, Reasi, Samba and Kathua Districts",2026-07-01,Jammu and Kashmir,Oil & Gas,0.9918666848015681,99.18666848015681,Current Schedule Slippage Risk,HIGH
709774,Revamping/ Augmentation of facilities at existing port terminal at Mangalore,2026-07-01,Karnataka,Oil & Gas,0.00012476256197106763,0.012476256197106763,No Current Schedule Slippage Risk,LOW
709776,Augmentation/Revamping of Facilities at existing Guwahati Terminal at Betkuchi,2026-07-01,Assam,Oil & Gas,3.157860672882161e-05,0.003157860672882161,No Current Schedule Slippage Risk,LOW
709777,Installation of Bitumen Manufacturing Unit along with allied facilities at Barauni Refinery,2026-07-01,Bihar,Oil & Gas,0.9874649388422583,98.74649388422583,Current Schedule Slippage Risk,HIGH
709778,Installation of new Biturox Unit along with allied facilities at Gujarat Refinery,2026-07-01,Gujarat,Oil & Gas,4.542736595733202e-05,0.004542736595733202,No Current Schedule Slippage Risk,LOW
709779,Capacity Expansion of Digboi Refinery from 0.65 to 1.0 MMTPA,2026-07-01,Assam,Oil & Gas,0.9956446416452343,99.56446416452343,Current Schedule Slippage Risk,HIGH
709780,Construction of Additional Tankages and Allied Facilities at JNPT Terminal,2026-07-01,Maharashtra,Oil & Gas,0.9971473826544974,99.71473826544974,Current Schedule Slippage Risk,HIGH
709781,Revamping / Augmentation of Facilities at Mathura Bitumen Plant,2026-07-01,Uttar Pradesh,Oil & Gas,0.9928192624639776,99.28192624639776,Current Schedule Slippage Risk,HIGH
709783,"Installation of Multiple Effect Evaporator [MEE] for ETP-1, 2 & 4 of Panipat Refinery and Petrochemical Complex.",2026-07-01,Haryana,Oil & Gas,6.783872353003348e-05,0.006783872353003348,No Current Schedule Slippage Risk,LOW
709785,Laying of Natural Gas Pipeline from Hazaribagh to Ranchi [HRPL],2026-07-01,Jharkhand,Oil & Gas,0.9981966508003123,99.81966508003123,Current Schedule Slippage Risk,HIGH
709786,"Augmentation/ Revamping of Dimapur Depot, Dimapur",2026-07-01,Nagaland,Oil & Gas,0.789194161018873,78.9194161018873,Current Schedule Slippage Risk,HIGH
709791,City Gas Distribution Projects at Alipurduar and Cooch Behar,2026-07-01,West Bengal,Oil & Gas,0.7648156252497826,76.48156252497826,Current Schedule Slippage Risk,HIGH
709792,"City Gas Distribution Projects at Darbhanga, Madhubani, Supaul, Sitamarhi and Sheohar districts",2026-07-01,Bihar,Oil & Gas,0.01608035574236139,1.608035574236139,No Current Schedule Slippage Risk,LOW
709793,"City Gas Distribution Projects at Gopalganj, Siwan, West Champaran, East Champaran and Deoria districts",2026-07-01,Bihar,Oil & Gas,0.013658769083202644,1.3658769083202644,No Current Schedule Slippage Risk,LOW
709794,"City Gas Distribution Projects at Fazilka [except area already authorized], Ganganagar and Hanumangarh districts",2026-07-01,"Multi-States (Punjab, Rajasthan)",Oil & Gas,0.010925359245509431,1.0925359245509432,No Current Schedule Slippage Risk,LOW
709795,"City Gas Distribution Projects at Lakhimpur Kheri , Sitapur, Bahraich, Shravasti,Balrampur, Siddharth Nagar & Maharajganj districts",2026-07-01,Uttar Pradesh,Oil & Gas,0.9166960742939019,91.66960742939018,Current Schedule Slippage Risk,HIGH
709796,City Gas Distribution Projects at the Nilgiris and Erode districts,2026-07-01,Tamil Nadu,Oil & Gas,0.9737135529075327,97.37135529075327,Current Schedule Slippage Risk,HIGH
709797,POL & LOBS Installations with Receipt Pipelines at Rasayani,2026-07-01,Maharashtra,Oil & Gas,0.0004870346091288348,0.04870346091288348,No Current Schedule Slippage Risk,LOW
709798,Ethylene Cracker Project at Bina Refinery including downstream Petrochemical Plants and expansion of Refinery,2026-07-01,Madhya Pradesh,Oil & Gas,0.9724312694213119,97.24312694213118,Current Schedule Slippage Risk,HIGH
709799,Setting up Polypropylene Unit at Kochi Refinery,2026-07-01,Kerala,Oil & Gas,0.9874632780994933,98.74632780994934,Current Schedule Slippage Risk,HIGH
709800,"CUF POL Depot at Sadashibpur [Meramundali], Odisha",2026-07-01,Odisha,Oil & Gas,0.00018564672065770328,0.018564672065770327,No Current Schedule Slippage Risk,LOW
709811,GANDHAMARDAN IRON ORE MINES TO GOALDIH STATION/12.76kms,2026-07-01,Odisha,Railways,0.9997702276678629,99.97702276678629,Current Schedule Slippage Risk,HIGH
709812,NADIAD-PETLAD [37.26 KM],2026-07-01,Gujarat,Railways,0.9999003395328379,99.99003395328378,Current Schedule Slippage Risk,HIGH
709813,NEW BG LINE INTERSECTION [5 NOS] BETWEEN GERATPUR-SANAND & BOTAD-AHMEDABAD [16.51 KM],2026-07-01,Gujarat,Railways,0.03723955010845889,3.723955010845889,No Current Schedule Slippage Risk,LOW
709815,4TH LINE - BHATAPARA-HATHBAND [8.8 KM] [PB-72/NR/2022-23],2026-07-01,Chhattisgarh,Railways,0.9985010452038973,99.85010452038972,Current Schedule Slippage Risk,HIGH
709816,4TH LINE - BHILAI-BHILAI NAGAR [8.8 KM] [PB-72/NR/2022-23],2026-07-01,Chhattisgarh,Railways,0.9996954157677639,99.9695415767764,Current Schedule Slippage Risk,HIGH
709817,4th line - Dadhapara-Belha 9.2 km PB72/NR/2022-23,2026-07-01,"Multi-States (Chhattisgarh, Maharashtra)",Railways,0.9997832823281912,99.97832823281912,Current Schedule Slippage Risk,HIGH
709818,4TH LINE RAJNANDGAON-DONGARHGARH [31.2 KM] [PB-72/NR/2022-23],2026-07-01,Chhattisgarh,Railways,0.9967966436582248,99.67966436582249,Current Schedule Slippage Risk,HIGH
709819,3RD AND 4TH LINE - SARAGBUNDIA AND MADWARANI,2026-07-01,Chhattisgarh,Railways,0.9993959739959708,99.93959739959708,Current Schedule Slippage Risk,HIGH
709826,SCREENING PLANT-III AT KIRANDUL,2026-07-01,Chhattisgarh,Steel,7.949025673525568e-05,0.007949025673525569,No Current Schedule Slippage Risk,LOW
709831,SOURCING OF BAUXITE ARRANGEMENT FOR 5TH STREAM ALUMINA REFINERY FROM SOUTH BLOCK MINING LEASE OF PANCHPATMAILI MINES,2026-07-01,Odisha,Metals & Mining,1.6799213654021758e-05,0.0016799213654021758,No Current Schedule Slippage Risk,LOW
709832,25.5 MW WIND POWER PROJECT AT KAYATHAR IN TAMILNADU,2026-07-01,Tamil Nadu,Metals & Mining,0.9994437185462206,99.94437185462206,Current Schedule Slippage Risk,HIGH
709837,"Creation of Gas Dehydration Facilities, Tripura Asset",2026-07-01,Tripura,Oil & Gas,0.9765966676493895,97.65966676493895,Current Schedule Slippage Risk,HIGH
709838,Commercial Polymer Flooding Project in Bechraji field,2026-07-01,Gujarat,Oil & Gas,0.9733500134887186,97.33500134887187,Current Schedule Slippage Risk,HIGH
709839,Daman Upside Development Project,2026-07-01,Offshore,Oil & Gas,0.0001937442926177566,0.019374429261775662,No Current Schedule Slippage Risk,LOW
709840,"Restoration of Gas Terminal, Phase-I [Part-A], Hazira",2026-07-01,Gujarat,Oil & Gas,2.207727798100446e-05,0.002207727798100446,No Current Schedule Slippage Risk,LOW
709841,Old Pipe Line Replacement [OPRP] Group-A,2026-07-01,Gujarat,Oil & Gas,4.9314196920673096e-05,0.00493141969206731,No Current Schedule Slippage Risk,LOW
709842,"Kalol Redevelopment Project, Ahmedabad Asset",2026-07-01,Gujarat,Oil & Gas,0.9977732771103738,99.77732771103737,Current Schedule Slippage Risk,HIGH
709845,"Revamping of SV Stations, Gas Terminal & Kribhco Terminal",2026-07-01,Gujarat,Oil & Gas,0.9906140793165842,99.06140793165842,Current Schedule Slippage Risk,HIGH
709847,Pipeline Network Project Rudrasagar,2026-07-01,Assam,Oil & Gas,0.9979221697688322,99.79221697688322,Current Schedule Slippage Risk,HIGH
709848,MHN TCPP PGC BGC Project [MTPBP],2026-07-01,Offshore,Oil & Gas,0.00012403299862860233,0.012403299862860232,No Current Schedule Slippage Risk,LOW
709849,PRP-VIII Group B [NH & BS Asset],2026-07-01,Offshore,Oil & Gas,2.0877784306093724e-05,0.0020877784306093726,No Current Schedule Slippage Risk,LOW
709850,Borholla GGS Life Extension Project [BLEP],2026-07-01,Assam,Oil & Gas,0.9868722954159521,98.68722954159522,Current Schedule Slippage Risk,HIGH
709851,Integrated Development of 4 Contract Areas under DSF-II,2026-07-01,Offshore,Oil & Gas,0.994954391692544,99.4954391692544,Current Schedule Slippage Risk,HIGH
709856,MPLS-IP BASED ACCESS AND AGGREGATION NETWORK [MAAN] IN BSNL ALONG WITH TEST AND MEASURING EQUIPMENT,2026-07-01,PAN India,Telecommunication,6.987233009620819e-05,0.006987233009620819,No Current Schedule Slippage Risk,LOW
709857,"Planning, Engineering, Supply, Installation, Testing, Commissioning, Integration & Annual Maintenance of 4G mobile network at 1 Lakh sites on PAN India basis including Mumbai & Delhi LSA on turnkey basis under Phase IX.2 Project.",2026-07-01,PAN India,Telecommunication,0.0001691451278195981,0.01691451278195981,No Current Schedule Slippage Risk,LOW
709859,SETTING UP OF PHYSICAL INFRASTRUCTURE FOR THE NATIONAL INSTITUTE OF COMMUNICATION FINANCE [NICF] AT GHITORNI,2026-07-01,Delhi,Telecommunication,5.603406910159431e-05,0.005603406910159431,No Current Schedule Slippage Risk,LOW
709864,DCU Revamp Project,2026-07-01,Assam,Oil & Gas,0.9987857327084626,99.87857327084626,Current Schedule Slippage Risk,HIGH
709865,Power Recovery Turbine [PRT] in PFCCU unit as an Energy Conservation Scheme,2026-07-01,Assam,Oil & Gas,4.633593483200259e-05,0.0046335934832002585,No Current Schedule Slippage Risk,LOW
738679,Stamp Charge Battery No.7 Battery Proper at RSP,2026-07-01,Odisha,Steel,0.7134127103555868,71.34127103555869,Current Schedule Slippage Risk,HIGH
834015,Stamp Charge Battery No.12 By-product Plant at RSP,2026-07-01,Odisha,Steel,0.906183137920519,90.6183137920519,Current Schedule Slippage Risk,HIGH
900874,JHAJHA - BATIA,2026-07-01,Bihar,Railways,0.9998031939489845,99.98031939489846,Current Schedule Slippage Risk,HIGH
914467,Amended BharatNet Program - BR,2026-07-01,PAN India,Telecommunication,0.9814109508719129,98.14109508719129,Current Schedule Slippage Risk,HIGH
938832,Amended BharatNet Program - RJ,2026-07-01,PAN India,Telecommunication,0.9385441804154915,93.85441804154915,Current Schedule Slippage Risk,HIGH
944288,Super accelerated cooling system (Uniform Cooling) for high strength plates in Plate Mill at BSP,2026-07-01,Chhattisgarh,Steel,0.9954189751439065,99.54189751439066,Current Schedule Slippage Risk,HIGH
946208,Amended BharatNet Program - SKM,2026-07-01,PAN India,Telecommunication,0.9844788807105564,98.44788807105564,Current Schedule Slippage Risk,HIGH
976009,"Amended BharatNet Program - ARP, NGL, MNP",2026-07-01,PAN India,Telecommunication,0.9855573860197573,98.55573860197573,Current Schedule Slippage Risk,HIGH
