feature,importance
original_cost,1410
expenditure_ratio,860
physical_progress,810
expenditure,756
previous_expenditure,310
previous_progress,271
progress_velocity,208
expenditure_change,159
progress_change,144
expenditure_velocity,136
agency_final_National_Highways_Authority_of_India_(NHAI),95
sector_Coal,93
sector_Roads___Highways,85
state_Uttar_Pradesh,78
state_Gujarat,73
state_Himachal_Pradesh,71
state_Maharashtra,63
state_Bihar,61
agency_final_National_Thermal_Power_Corporation_(NTPC),60
state_Tamil_Nadu,59
ministry_final_Ministry_of_Coal,58
agency_final_NHIDCL,57
state_Madhya_Pradesh,57
state_Punjab,54
state_Chhattisgarh,52
state_Unknown,52
state_Manipur,51
state_Kerala,51
state_Rajasthan,49
sector_Waste___Water,47
sector_Railways,47
sector_Metals___Mining,46
agency_final_RVNL_-_II,45
agency_final_Ministry_of_Petroleum___Natural_Gas,44
ministry_final_Ministry_of_Health___Family_Welfare,44
state_Odisha,44
agency_final_East_Coast_Railway_(ECoR)_-_II,43
approval_date_02_2019,43
sector_Unknown,42
state_Andhra_Pradesh,42
ministry_final_Ministry_of_Railways,41
sector_Steel,40
state_Telangana,40
agency_final_MinistryofPetroleumNaturalGas,38
state_Haryana,38
state_West_Bengal,37
approval_date_02_2023,36
approval_date_11_2022,34
approval_date_03_2023,34
ministry_final_Ministry_of_Power,34
state_Karnataka,33
state_Jammu_and_Kashmir,32
previous_observations,32
approval_date_02_2024,31
state_Uttarakhand,31
sector_Oil___Gas,31
approval_date_03_2018,30
days_since_previous,29
approval_date_08_2022,28
approval_date_03_2016,28
approval_date_12_2022,28
sector_Telecommunication,27
sector_Education,27
state_Multi-States_(Andhra_Pradesh__Telangana),27
sector_Water_Resources,26
ministry_final_Unknown,26
agency_final_Western_Railway_(WR)_-_II_duplicate_1,26
state_Assam,25
approval_date_02_2018,24
state_Multi-States_(Andhra_Pradesh__Karnataka),24
pmgid_-,24
sector_Urban_Public_Transport,24
state_Multi-States_(Bihar__Jharkhand),24
agency_final_Department_of_water_resources-MH_-_II,23
approval_date_01_2022,23
sector_Real_Estate,23
state_Jharkhand,23
approval_date_10_2021,23
sector_Transmission___Distribution,21
agency_final_Airport_Authority_of_India_(AAI),21
approval_date_03_2021,21
approval_date_03_2020,21
approval_date_12_2021,21
ministry_final_Ministry_of_Petroleum___Natural_Gas,20
agency_final_MoRTH,20
agency_final_Central_Railway_(CR)_-_II,20
state_Nagaland,20
state_Arunachal_Pradesh,20
start_date_07_2023,20
ministry_final_Ministry_of_Road_Transport___Highways,19
agency_final_Oil_and_Natural_Gas_Corporation_Limited_(ONGC),19
agency_final_NHAI,19
days_since_first_report,19
approval_date_09_2021,19
start_date_05_2023,18
approval_date_12_2020,18
sector_Electricity_Generation,18
approval_date_04_2019,18
state_Delhi,18
agency_final_Eastern_Railway_(ER)_-_I,17
approval_date_05_2018,17
approval_date_01_2018,17
agency_final_Medical_Education__Ministry_of_Health_and_Family_Welfare,16
start_date_09_2024,16
state_Multi-States_(Jharkhand__West_Bengal),16
approval_date_03_2024,16
agency_final_ministry_of_housing_and_urban_affairs,16
approval_date_01_2024,16
state_Multi-States_(Andhra_Pradesh__Tamil_Nadu),14
agency_final_East_Central_Railway_(ECR)_-_I,14
state_Meghalaya,14
agency_final_Indian_Railway_Construction_International_Limited_(IRCON),14
approval_date_12_2023,14
start_date_10_2023,14
approval_date_08_2024,14
agency_final_North_Eastern_Railway_(NER),14
start_date_04_2023,13
agency_final_National_Mission_for_Clean_Ganga,13
start_date_02_2024,12
agency_final_Bharat_Petroleum_Corporation_Limited_(BPCL),12
agency_final_Ministry_of_Railways,12
agency_final_North_Western_Railway_(NWR),11
start_date_03_2016,11
state_Sikkim,11
state_Offshore,10
start_date_03_2024,10
agency_final_Maharashtra_Metro_Rail_Corporation_Limited_(MMRCL),10
agency_final_South_Western_Railway_(SWR)_-_II,10
ministry_final_Ministry_of_Housing___Urban_Affairs,10
start_date_02_2020,9
approval_date_02_2021,9
ministry_final_Ministry_of_Ports__Shipping_and_Waterways,9
approval_date_03_2019,8
agency_final_Central_Railway,8
legacy_ocms_code_-,8
state_Multi-States_(Andhra_Pradesh__Odisha),7
start_date_08_2022,7
sector_Shipping,7
agency_final_Hindustan_Petroleum_Corporation_Limited,7
sector_Healthcare,7
state_Mizoram,7
state_PAN_India,6
start_date_10_2024,6
state_Tripura,6
months_observed,6
sector_Energy_Storage,6
ministry_final_Ministry_of_Mines,6
approval_date_10_2024,6
ministry_final_Department_of_Water_Resources__River_Development___GR,5
start_date_03_2025,5
agency_final_PCE_WR,5
approval_date_11_2021,5
sector_Aviation___Aviation_Infrastructure,5
agency_final_National_Aluminium_Company_Limited_(NALCO),5
start_date_09_2022,5
approval_date_07_2020,5
start_date_03_2023,5
ministry_final_Department_of_Telecommunications,5
agency_final_Power_Grid_Corporation_of_India_Limited_(POWERGRID),4
approval_date_08_2020,4
approval_date_Unknown,4
approval_date_05_2020,4
approval_date_06_2022,4
agency_final_South_Central_Railway_(SCR)_-_II,4
ministry_final_Department_of_Higher_Education,4
approval_date_03_2025,4
approval_date_07_2021,4
agency_final_Irrigation_and_CAD-TG,4
approval_date_03_2022,3
approval_date_10_2023,3
state_Multi-States_(Madhya_Pradesh__Rajasthan),3
approval_date_08_2023,3
agency_final_North_Central_Railway,3
start_date_07_2022,3
approval_date_06_2021,3
start_date_12_2022,3
start_date_02_2023,3
agency_final_National_Hydroelectric_Power_Corporation_Limited_(NHPC)_duplicate_1,3
start_date_Unknown,3
ministry_final_Ministry_of_Steel,3
start_date_11_2022,2
agency_final_Unknown,2
approval_date_02_2022,2
approval_date_10_2022,2
start_date_01_2022,2
start_date_06_2022,2
agency_final_Department_of_Water_Resources__River_Development___GR,2
approval_date_01_2019,2
approval_date_01_2023,2
ministry_final_Ministry_of_Labour_and_Employment,2
start_date_10_2022,1
agency_final_NLC_India_Limited_(NLCIL),1
approval_date_05_2022,1
start_date_03_2022,1
pmgid_Unknown,1
agency_final_SECR,1
start_date_08_2023,1
start_date_06_2023,1
agency_final_Department_of_Telecommunications_(DoT),1
agency_final_Employee_s_State_Insurance_Company_(ESIC),1
start_date_10_2021,1
has_original_cost,0
state_ANDAMAN_AND_NICOBAR_ISLANDS,0
state_Andaman___Nicobar,0
state_Dadra___Nagar_Haveli_and_Daman___Diu,0
state_GOA,0
state_Goa,0
state_Ladakh,0
state_Multi-States_(Andhra_Pradesh__Bihar__Chhattisgarh__Jharkhand__Madhya_Pradesh__Maharashtra__Odisha__Telangana__Uttar_Pradesh__West_Bengal),0
state_Multi-States_(Andhra_Pradesh__Chhattisgarh__Jharkhand__Maharashtra__Odisha),0
state_Multi-States_(Andhra_Pradesh__Chhattisgarh__Odisha),0
state_Multi-States_(Andhra_Pradesh__Maharashtra__Telangana),0
state_Multi-States_(Arunachal_Pradesh__Assam),0
state_Multi-States_(Arunachal_Pradesh__Assam__Manipur__Meghalaya__Mizoram__Nagaland__Sikkim__Tripura__West_Bengal),0
state_Multi-States_(Arunachal_Pradesh__Gujarat__Rajasthan),0
state_Multi-States_(Arunachal_Pradesh__Sikkim),0
state_Multi-States_(Assam__Bihar__Jharkhand__Odisha__West_Bengal),0
state_Multi-States_(Assam__Bihar__West_Bengal),0
state_Multi-States_(Assam__Manipur__Meghalaya__Mizoram__Nagaland__Tripura),0
state_Multi-States_(Assam__Nagaland),0
state_Multi-States_(Assam__West_Bengal),0
state_Multi-States_(Bihar__Delhi__Jharkhand__Uttar_Pradesh__West_Bengal),0
state_Multi-States_(Bihar__Gujarat__Himachal_Pradesh__Jammu_and_Kashmir__Ladakh__Rajasthan__Uttar_Pradesh),0
state_Multi-States_(Bihar__Jharkhand__Uttar_Pradesh__West_Bengal),0
state_Multi-States_(Bihar__Madhya_Pradesh__Rajasthan__Uttar_Pradesh),0
state_Multi-States_(Bihar__Odisha__West_Bengal),0
state_Multi-States_(Bihar__Uttar_Pradesh),0
state_Multi-States_(Bihar__West_Bengal),0
state_Multi-States_(Chhattisgarh__Madhya_Pradesh__Maharashtra__Odisha),0
state_Multi-States_(Chhattisgarh__Maharashtra),0
state_Multi-States_(Chhattisgarh__Odisha),0
state_Multi-States_(Dadra___Nagar_Haveli_and_Daman___Diu__Gujarat__Maharashtra),0
state_Multi-States_(Delhi__Gujarat__Madhya_Pradesh__Maharashtra__Rajasthan),0
state_Multi-States_(Delhi__Haryana),0
state_Multi-States_(Delhi__Rajasthan),0
state_Multi-States_(Delhi__Uttar_Pradesh),0
state_Multi-States_(Goa__Karnataka),0
state_Multi-States_(Goa__Karnataka__Maharashtra__Telangana),0
state_Multi-States_(Gujarat__Haryana__Maharashtra__Rajasthan__Uttar_Pradesh),0
state_Multi-States_(Gujarat__Haryana__Punjab__Rajasthan),0
state_Multi-States_(Gujarat__Haryana__Rajasthan),0
state_Multi-States_(Gujarat__Madhya_Pradesh),0
state_Multi-States_(Gujarat__Madhya_Pradesh__Uttar_Pradesh),0
state_Multi-States_(Gujarat__Maharashtra),0
state_Multi-States_(Gujarat__Rajasthan),0
state_Multi-States_(Haryana__Himachal_Pradesh),0
state_Multi-States_(Haryana__Punjab),0
state_Multi-States_(Haryana__Punjab__Rajasthan),0
state_Multi-States_(Haryana__Rajasthan),0
state_Multi-States_(Haryana__Uttar_Pradesh),0
state_Multi-States_(Himachal_Pradesh__Punjab),0
state_Multi-States_(Jammu_and_Kashmir__Punjab),0
state_Multi-States_(Jharkhand__Odisha),0
state_Multi-States_(Jharkhand__Odisha__West_Bengal),0
state_Multi-States_(Jharkhand__Uttar_Pradesh),0
state_Multi-States_(Karnataka__Kerala__Tamil_Nadu),0
state_Multi-States_(Karnataka__Maharashtra),0
state_Multi-States_(Karnataka__Maharashtra__Telangana__Uttar_Pradesh),0
state_Multi-States_(Karnataka__Tamil_Nadu),0
state_Multi-States_(Karnataka__Telangana),0
state_Multi-States_(Kerala__Puducherry),0
state_Multi-States_(Kerala__Tamil_Nadu),0
state_Multi-States_(Madhya_Pradesh__Maharashtra),0
state_Multi-States_(Madhya_Pradesh__Rajasthan__Uttar_Pradesh),0
state_Multi-States_(Madhya_Pradesh__Uttar_Pradesh),0
state_Multi-States_(Maharashtra__Telangana),0
state_Multi-States_(Odisha__West_Bengal),0
state_Multi-States_(Puducherry__Tamil_Nadu),0
state_Multi-States_(Punjab__Rajasthan),0
state_Multi-States_(Rajasthan__Uttar_Pradesh),0
state_Multi-States_(Sikkim__West_Bengal),0
state_Multi-States_(Uttar_Pradesh__Uttarakhand),0
state_Multi-States_(Uttar_Pradesh__West_Bengal),0
state_Puducherry,0
sector_CIVIL_AVIATION,0
sector_COAL,0
sector_Construction,0
sector_DEPARTMENT_OF_HIGHER_EDUCATION,0
sector_HEALTH_AND_FAMILY_WELFARE,0
sector_HOME_AFFAIRS,0
sector_Inland_Waterways,0
sector_Logistics_Infrastructure,0
sector_MINES,0
sector_PETROLEUM,0
sector_POWER,0
sector_RAILWAYS,0
sector_SHIPPING_AND_PORTS,0
sector_STEEL,0
sector_Tourism__Hospitality___Wellness,0
sector_URBAN_DEVELOPMENT,0
ministry_final_Department_for_Promotion_of_Industry___Internal_Trade,0
ministry_final_Department_of_Sports,0
ministry_final_Ministry_of_Civil_Aviation,0
agency_final_AAI,0
agency_final_Adani_Airport_Holdings_Limited,0
agency_final_Adani_Transmission_Limited,0
agency_final_BCCL_-_CIL,0
agency_final_BSNL,0
agency_final_BUIDCO,0
agency_final_Banaras_Hindu_University,0
agency_final_Bengaluru_Metro_Rail,0
agency_final_Bharat_Coking_Coal_Limited_(BCCL,0
agency_final_Bharat_Coking_Coal_Limited_(BCCL),0
agency_final_Bharat_Coking_Coal_Limited_(BCCL)_duplicate_1,0
agency_final_CAO_C_II_NR,0
agency_final_CAO_C_NCR,0
agency_final_CAO_C_NR,0
agency_final_CAO_C_SECR,0
agency_final_CAO_C_SER,0
agency_final_CCL,0
agency_final_CCL_-_CIL,0
agency_final_CERL,0
agency_final_CORE,0
agency_final_CPM_ICF,0
agency_final_CPWD,0
agency_final_CPWD_EDUCATION,0
agency_final_CPWD_FOR_HEALTH,0
agency_final_CPWD_FOR_MHA,0
agency_final_CR,0
agency_final_CSPCC_Projects,0
agency_final_Central_Organisation_for_Railway_Electrification_(CORE),0
agency_final_Central_Public_Works_Department_(CPWD),0
agency_final_Central_Public_Works_Department_-_CPWD,0
agency_final_Central_Public_Works_Department_(CPWD)_duplicate_1,0
agency_final_Central_Railways,0
agency_final_Central_Tribal_University_of_Andhra_Pradesh,0
agency_final_Central_University_of_Gujarat,0
agency_final_Central_University_of_Punjab,0
agency_final_Central_University__Himachal_Pradesh,0
agency_final_CentralRailway,0
agency_final_Chennai_Metro_Rail_Limited_(CMRL),0
agency_final_Chennai_Petroleum_Corporation_Limited_(CPCL),0
agency_final_Construction_NER,0
agency_final_DFCCIL,0
agency_final_Damodar_Valley_Corporation,0
agency_final_Deendayal_Port_Trust,0
agency_final_Deendayal_Port_Trust_(DPT),0
agency_final_Delhi_Metro_Rail_Corporation_Limited_(DMRC),0
agency_final_Delhi_University,0
agency_final_Department_of_Sports___Youth_Affairs,0
agency_final_Department_of_Telecommunications,0
agency_final_Department_of_Water_Resources-JH,0
agency_final_Department_of_Water_Resources-MH,0
agency_final_Department_of_Water_Resources-PB,0
agency_final_ECL_-_CIL,0
agency_final_ECOR,0
agency_final_ECR,0
agency_final_EDTK(MC)_RB,0
agency_final_East_Central_Railway_(ECR)_-_II,0
agency_final_Eastern_Coal_Fields_Limited_(ECL),0
agency_final_GAIL,0
agency_final_GAIL_Gas,0
agency_final_GM_C__NFR,0
agency_final_Gas_Authority_of_India_Limited_(GAIL),0
agency_final_Gujarat,0
agency_final_Gujarat_Metro_Rail_Corporation_Limited_(GMRCL),0
agency_final_Gurugram_Metro_Rail_Limited_(GMRL),0
agency_final_Gurugram_Metro_Rail_Limited_(GMRL)_duplicate_1,0
agency_final_HITES,0
agency_final_HPCL,0
agency_final_Haldia_Dock_Complex__Syama_Prasad_Mookerjee_Port_Authority,0
agency_final_Hindustan_Copper_Limited_(HCL),0
agency_final_Hindustan_Petroleum_Corporation_Limited_(HPCL),0
agency_final_IISC_Bangalore,0
agency_final_INDIAN_INSTITUTE_OF_TECHNOLOGY_PALAKKAD,0
agency_final_IOCL,0
agency_final_Indian_Institute_of_Management__Jammu,0
agency_final_Indian_Institute_of_Management__Sirmaur,0
agency_final_Indian_Institute_of_Technology__Bhilai,0
agency_final_Indian_Institute_of_Technology__Bombay,0
agency_final_Indian_Institute_of_Technology__Hyderabad,0
agency_final_Indian_Institute_of_Technology__Indore,0
agency_final_Indian_Institute_of_Technology__Kharagpur,0
agency_final_Indian_Institute_of_Technology__Mandi,0
agency_final_Indian_Institutes_of_Science_Education_and_Research__Behrampur,0
agency_final_Indian_Oil_Corporation_Limited_(IOCL),0
agency_final_Indian_Port_Rail___Ropeway_Corporation_Ltd._(IPRCL),0
agency_final_Indian_Railway,0
agency_final_Indian_intitue_of_Management__Amritsar,0
agency_final_Inland_Waterways_Authority_of_India_(IWAI),0
agency_final_Irrigation___Water_Resources-UP,0
agency_final_Irrigation-UK,0
agency_final_KMDA,0
agency_final_Karnataka_Rail_Infrastructure_Development_Company_Limited_(K-RIDE),0
agency_final_M_S_SRC_company_Infra_Private_Limited,0
agency_final_MCL_-_CIL,0
agency_final_MIS_MoCoal_Integration_Logins,0
agency_final_MRIDC,0
agency_final_MRTP,0
agency_final_Madhya_Pradesh_Metro_Rail_Co_Limited_(MPMRCL),0
agency_final_Mahanadi_Coalfields_Limited_(MCL),0
agency_final_Mangalore_Refinary_and_Petrochemicals_Limited,0
agency_final_Metro_Railway__Kolkata,0
agency_final_Ministry_of_Coal,0
agency_final_Ministry_of_Education,0
agency_final_Ministry_of_Health___Family_Welfare,0
agency_final_Ministry_of_Housing___Urban_Affairs,0
agency_final_Ministry_of_Mines,0
agency_final_Ministry_of_Petroleum_and_Natural_Gas,0
agency_final_Mumbai_Metro_Rail_Corporation_Limited_(MMRC),0
agency_final_Mumbai_Port_Trust_(MPT),0
agency_final_Mumbai_Rail_Vikas_Corporation_Ltd.(MRVC),0
agency_final_NALCO,0
agency_final_NCR,0
agency_final_NER,0
agency_final_NFR,0
agency_final_NIT_Mizoram,0
agency_final_NIT_Nagaland,0
agency_final_NIT_Patna,0
agency_final_NIT_Rourkela,0
agency_final_NIT_Sikkim,0
agency_final_NMDC,0
agency_final_NR,0
agency_final_NRL,0
agency_final_NTPC,0
agency_final_NWR,0
agency_final_Narmada_and_Water_Resources__Water_Supply_and_Kalpsar_Department-GJ,0
agency_final_National_Buildings_Construction_Corporation_(NBCC),0
agency_final_National_Capital_Region_Transport_Corporation_(NCRTC),0
agency_final_National_Communication_Academy_-_Finance_(Erstwhile_NICF),0
agency_final_National_Communication_Academy_-_Finance_(Erstwhile_NICF)_duplicate_1,0
agency_final_National_High_Speed_Rail_Corporation_(NHSRC),0
agency_final_National_Highways___Infrastructure_Development_Corporation_Ltd._(NHIDCL),0
agency_final_National_Hydroelectric_Power_Corporation_Limited_(NHPC),0
agency_final_National_Industrial_Corridor_Development_Corporation,0
agency_final_National_Institute_of_Technology_Delhi,0
agency_final_National_Institute_of_Technology_Uttarakhand,0
agency_final_National_Institute_of_Technology__Arunachal_Pradesh,0
agency_final_National_Institute_of_Technology__Meghalaya,0
agency_final_National_Institute_of_Technology__Puducherry,0
agency_final_National_Mineral_Development_Corporation_Limited_(NMDC),0
agency_final_New_Mangalore_Port_Authority,0
agency_final_North_Central_Railway_(NCR)_-_II,0
agency_final_North_Central_Railway_(NCR)_-_II_duplicate_1,0
agency_final_North_Eastern_Electric_Power_Corporation_Limited,0
agency_final_North_Eastern_Railway_(NER)_-_II,0
agency_final_Northeast_Frontier_Railway_(NFR)_-_II,0
agency_final_Northeast_Frontier_Railway_(NFR),0
agency_final_Northeast_Frontier_Railway_(NFR)_-_II_duplicate_1,0
agency_final_Northen_Railway_(NR),0
agency_final_Northern_Coalfields_Limited_(NCL),0
agency_final_Northern_Railways,0
agency_final_OIL,0
agency_final_ONGC,0
agency_final_PCE_NCR,0
agency_final_PMSSY_AND_Institute_of_NATIONAL_Importance,0
agency_final_Paradip_Port_Trust_(PPT),0
agency_final_Patna_Metro_Rail_Corporation_Ltd._(PMRCL),0
agency_final_RCIL,0
agency_final_RITES_OF_HIGHER,0
agency_final_RVNL,0
agency_final_RVNL_-_I,0
agency_final_Rail_Land_Development_Authority,0
agency_final_Rail_Vikas_Nigam_Limited,0
agency_final_Railway,0
agency_final_Reliance_Industries_Ltd,0
agency_final_SECL_-_CIL,0
agency_final_SJVN,0
agency_final_SR,0
agency_final_SR-ERS,0
agency_final_SWR,0
agency_final_Satluj_Jal_Vidyut_Nigam_(SJVN)_Thermal_Limited,0
agency_final_Sikkim_University,0
agency_final_Singareni_Collieries_Company_Limited_(SCCL),0
agency_final_Smart_City_Mission,0
agency_final_South_Central_Railway_(SCR)_-_I,0
agency_final_South_East_Central_Railway,0
agency_final_South_East_Central_Railway_(SECR)_-_II,0
agency_final_South_Eastern_Central_Railway,0
agency_final_South_Eastern_Coalfields_Limited_(SECL),0
agency_final_South_Eastern_Railway_-_JH,0
agency_final_South_Eastern_Railway_(SER)_-_I,0
agency_final_Southern_Railway_(SR)_-_I,0
agency_final_Southern_Railway_(SR)_-_I_duplicate_1,0
agency_final_Southern_Railway_(SR)_-_II,0
agency_final_Southern_Railways_(SR)_-_construction,0
agency_final_Steel_Authority_of_India_Limited_(SAIL),0
agency_final_Sterlite_Power,0
agency_final_THDC_India_Limited,0
agency_final_Tezpur_University,0
agency_final_UPJalNigam,0
agency_final_Uttar_Pradesh_metro_rail_corporation_(UPMRC),0
agency_final_WCL,0
agency_final_WCL_-_CIL,0
agency_final_WCR,0
agency_final_WPO_Patna,0
agency_final_WR,0
agency_final_Water_Resources_Department-MN,0
agency_final_Water_Resources-AP,0
agency_final_Water_Resources-BR,0
agency_final_Water_Resources-CT,0
agency_final_Water_Resources-KA,0
agency_final_Water_Resources-MP,0
agency_final_Water_Resources-OR,0
agency_final_Water_resource-mp,0
agency_final_West_Central_Railway_WCR_I,0
agency_final_West_Central_Railway_(WCR)_-_II,0
agency_final_Western_Coalfields_Limited_(WCL),0
agency_final_Western_Railway,0
agency_final_Western_Railway_(WR)_-_II,0
agency_final_Western_Railway_WR_-_II,0
approval_date_01_1998,0
approval_date_01_1999,0
approval_date_01_1999_(10_2002),0
approval_date_01_2004,0
approval_date_01_2006,0
approval_date_01_2006_(01_2006),0
approval_date_01_2007,0
approval_date_01_2007_(03_1998),0
approval_date_01_2008,0
approval_date_01_2009,0
approval_date_01_2009_(11_2009),0
approval_date_01_2010,0
approval_date_01_2011,0
approval_date_01_2012,0
approval_date_01_2014,0
approval_date_01_2014_(01_2014),0
approval_date_01_2014_(10_2016),0
approval_date_01_2014_(10_2017),0
approval_date_01_2014_(11_2016),0
approval_date_01_2016,0
approval_date_01_2016_(01_2023),0
approval_date_01_2016_(09_2024),0
approval_date_01_2016_(10_2017),0
approval_date_01_2016_(10_2024),0
approval_date_01_2017,0
approval_date_01_2017_(01_2017),0
approval_date_01_2017_(01_2024),0
approval_date_01_2017_(05_2017),0
approval_date_01_2017_(06_2017),0
approval_date_01_2017_(08_2017),0
approval_date_01_2018_(01_2018),0
approval_date_01_2018_(02_2018),0
approval_date_01_2018_(05_2018),0
approval_date_01_2018_(06_2018),0
approval_date_01_2018_(08_2018),0
approval_date_01_2018_(10_2020),0
approval_date_01_2018_(11_2019),0
approval_date_01_2019_(01_2019),0
approval_date_01_2019_(01_2021),0
approval_date_01_2019_(03_2019),0
approval_date_01_2019_(04_2017),0
approval_date_01_2019_(04_2023),0
approval_date_01_2019_(07_2020),0
approval_date_01_2019_(10_2021),0
approval_date_01_2019_(12_2020),0
approval_date_01_2020,0
approval_date_01_2020_(01_2020),0
approval_date_01_2020_(07_2021),0
approval_date_01_2020_(10_2021),0
approval_date_01_2021,0
approval_date_01_2021_(01_2021),0
approval_date_01_2021_(01_2022),0
approval_date_01_2021_(02_2021),0
approval_date_01_2021_(02_2022),0
approval_date_01_2021_(04_2022),0
approval_date_01_2021_(07_2021),0
approval_date_01_2021_(07_2022),0
approval_date_01_2021_(09_2022),0
approval_date_01_2021_(09_2023),0
approval_date_01_2021_(10_2022),0
approval_date_01_2021_(12_2021),0
approval_date_01_2022_(01_2022),0
approval_date_01_2022_(01_2023),0
approval_date_01_2022_(02_2023),0
approval_date_01_2022_(02_2024),0
approval_date_01_2022_(03_2023),0
approval_date_01_2022_(03_2024),0
approval_date_01_2022_(05_2023),0
approval_date_01_2022_(07_2022),0
approval_date_01_2022_(08_2022),0
approval_date_01_2022_(09_2023),0
approval_date_01_2022_(09_2024),0
approval_date_01_2022_(10_2022),0
approval_date_01_2022_(10_2023),0
approval_date_01_2022_(10_2024),0
approval_date_01_2022_(11_2022),0
approval_date_01_2022_(12_2022),0
approval_date_01_2023_(01_2023),0
approval_date_01_2023_(02_2024),0
approval_date_01_2023_(02_2025),0
approval_date_01_2023_(03_2024),0
approval_date_01_2023_(04_2023),0
approval_date_01_2023_(05_2023),0
approval_date_01_2023_(06_2024),0
approval_date_01_2023_(09_2023),0
approval_date_01_2023_(11_2023),0
approval_date_01_2023_(12_2023),0
approval_date_01_2024_(01_2024),0
approval_date_01_2024_(01_2025),0
approval_date_01_2024_(05_2024),0
approval_date_01_2024_(07_2024),0
approval_date_01_2024_(09_2024),0
approval_date_01_2025,0
approval_date_01_2025_(01_2025),0
approval_date_01_2025_(02_2025),0
approval_date_01_2026,0
approval_date_02_2008,0
approval_date_02_2008_(01_2012),0
approval_date_02_2008_(03_2013),0
approval_date_02_2009,0
approval_date_02_2010,0
approval_date_02_2010_(04_2018),0
approval_date_02_2011,0
approval_date_02_2011_(02_2011),0
approval_date_02_2011_(03_2023),0
approval_date_02_2012,0
approval_date_02_2012_(02_2012),0
approval_date_02_2013,0
approval_date_02_2013_(03_2013),0
approval_date_02_2014,0
approval_date_02_2014_(02_2016),0
approval_date_02_2015,0
approval_date_02_2015_(02_2015),0
approval_date_02_2015_(03_2023),0
approval_date_02_2015_(10_2024),0
approval_date_02_2016,0
approval_date_02_2016_(04_2018),0
approval_date_02_2016_(05_2016),0
approval_date_02_2016_(06_2016),0
approval_date_02_2017,0
approval_date_02_2017_(02_2017),0
approval_date_02_2017_(03_2018),0
approval_date_02_2017_(06_2017),0
approval_date_02_2017_(07_2018),0
approval_date_02_2017_(08_2017),0
approval_date_02_2017_(09_2017),0
approval_date_02_2017_(09_2022),0
approval_date_02_2017_(10_2020),0
approval_date_02_2017_(12_2018),0
approval_date_02_2017_(12_2019),0
approval_date_02_2018_(02_2018),0
approval_date_02_2018_(02_2021),0
approval_date_02_2018_(04_2019),0
approval_date_02_2018_(05_2018),0
approval_date_02_2018_(05_2022),0
approval_date_02_2018_(06_2018),0
approval_date_02_2018_(06_2022),0
approval_date_02_2018_(11_2019),0
approval_date_02_2018_(12_2023),0
approval_date_02_2019_(01_2022),0
approval_date_02_2019_(02_2019),0
approval_date_02_2019_(02_2020),0
approval_date_02_2019_(03_2021),0
approval_date_02_2019_(09_2019),0
approval_date_02_2019_(10_2021),0
approval_date_02_2020,0
approval_date_02_2020_(02_2020),0
approval_date_02_2020_(03_2021),0
approval_date_02_2020_(05_2022),0
approval_date_02_2020_(07_2020),0
approval_date_02_2020_(08_2021),0
approval_date_02_2020_(09_2020),0
approval_date_02_2020_(09_2024),0
approval_date_02_2021_(01_2022),0
approval_date_02_2021_(01_2023),0
approval_date_02_2021_(02_2021),0
approval_date_02_2021_(03_2021),0
approval_date_02_2021_(03_2022),0
approval_date_02_2021_(04_2023),0
approval_date_02_2021_(06_2021),0
approval_date_02_2021_(06_2023),0
approval_date_02_2021_(07_2022),0
approval_date_02_2021_(08_2022),0
approval_date_02_2021_(10_2021),0
approval_date_02_2021_(10_2023),0
approval_date_02_2021_(11_2021),0
approval_date_02_2021_(12_2021),0
approval_date_02_2021_(12_2022),0
approval_date_02_2021_(12_2024),0
approval_date_02_2022_(01_2023),0
approval_date_02_2022_(01_2025),0
approval_date_02_2022_(02_2022),0
approval_date_02_2022_(02_2024),0
approval_date_02_2022_(03_2023),0
approval_date_02_2022_(04_2023),0
approval_date_02_2022_(05_2023),0
approval_date_02_2022_(06_2022),0
approval_date_02_2022_(06_2023),0
approval_date_02_2022_(07_2023),0
approval_date_02_2022_(09_2023),0
approval_date_02_2022_(11_2022),0
approval_date_02_2022_(12_2022),0
approval_date_02_2023_(01_2024),0
approval_date_02_2023_(02_2023),0
approval_date_02_2023_(02_2024),0
approval_date_02_2023_(03_2024),0
approval_date_02_2023_(07_2024),0
approval_date_02_2023_(11_2023),0
approval_date_02_2023_(12_2022),0
approval_date_02_2024_(01_2025),0
approval_date_02_2024_(02_2024),0
approval_date_02_2024_(03_2024),0
approval_date_02_2024_(03_2025),0
approval_date_02_2024_(04_2023),0
approval_date_02_2024_(08_2024),0
approval_date_02_2025,0
approval_date_02_2025_(02_2025),0
approval_date_02_2026,0
approval_date_03_1983,0
approval_date_03_1983_(05_1985),0
approval_date_03_1994,0
approval_date_03_1994_(03_2001),0
approval_date_03_1998,0
approval_date_03_1999,0
approval_date_03_2001,0
approval_date_03_2001_(02_2008),0
approval_date_03_2001_(10_2004),0
approval_date_03_2002,0
approval_date_03_2004,0
approval_date_03_2004_(12_2004),0
approval_date_03_2008,0
approval_date_03_2008_(05_2009),0
approval_date_03_2008_(07_2010),0
approval_date_03_2009,0
approval_date_03_2009_(04_2015),0
approval_date_03_2009_(09_2013),0
approval_date_03_2010,0
approval_date_03_2010_(03_2010),0
approval_date_03_2010_(03_2018),0
approval_date_03_2010_(04_2010),0
approval_date_03_2010_(07_2012),0
approval_date_03_2010_(10_2011),0
approval_date_03_2011,0
approval_date_03_2011_(07_2018),0
approval_date_03_2012,0
approval_date_03_2012_(12_2016),0
approval_date_03_2013,0
approval_date_03_2013_(03_2013),0
approval_date_03_2013_(08_2014),0
approval_date_03_2013_(12_2007),0
approval_date_03_2013_(12_2015),0
approval_date_03_2014,0
approval_date_03_2014_(03_2022),0
approval_date_03_2015,0
approval_date_03_2015_(08_2015),0
approval_date_03_2015_(09_2017),0
approval_date_03_2015_(10_2015),0
approval_date_03_2015_(12_2016),0
approval_date_03_2016_(01_2014),0
approval_date_03_2016_(01_2018),0
approval_date_03_2016_(02_2017),0
approval_date_03_2016_(03_1999),0
approval_date_03_2016_(03_2016),0
approval_date_03_2016_(03_2017),0
approval_date_03_2016_(05_2017),0
approval_date_03_2016_(09_2017),0
approval_date_03_2016_(09_2023),0
approval_date_03_2016_(11_2017),0
approval_date_03_2016_(11_2019),0
approval_date_03_2016_(12_2016),0
approval_date_03_2017,0
approval_date_03_2017_(02_2018),0
approval_date_03_2017_(03_2017),0
approval_date_03_2017_(04_2018),0
approval_date_03_2017_(06_2017),0
approval_date_03_2017_(06_2019),0
approval_date_03_2017_(07_2017),0
approval_date_03_2017_(08_2019),0
approval_date_03_2017_(09_2017),0
approval_date_03_2017_(10_2018),0
approval_date_03_2017_(11_2017),0
approval_date_03_2018_(01_2019),0
approval_date_03_2018_(01_2022),0
approval_date_03_2018_(01_2023),0
approval_date_03_2018_(03_2017),0
approval_date_03_2018_(04_2019),0
approval_date_03_2018_(06_2018),0
approval_date_03_2018_(07_2018),0
approval_date_03_2018_(07_2019),0
approval_date_03_2018_(08_2018),0
approval_date_03_2018_(08_2023),0
approval_date_03_2018_(09_2018),0
approval_date_03_2018_(10_2019),0
approval_date_03_2018_(10_2020),0
approval_date_03_2018_(11_2019),0
approval_date_03_2018_(11_2021),0
approval_date_03_2018_(12_2018),0
approval_date_03_2018_(12_2019),0
approval_date_03_2018_(12_2020),0
approval_date_03_2018_(12_2021),0
approval_date_03_2019_(02_2020),0
approval_date_03_2019_(03_2017),0
approval_date_03_2019_(03_2019),0
approval_date_03_2019_(03_2020),0
approval_date_03_2019_(04_2019),0
approval_date_03_2019_(04_2024),0
approval_date_03_2019_(05_2019),0
approval_date_03_2019_(06_2019),0
approval_date_03_2019_(10_2020),0
approval_date_03_2019_(11_2020),0
approval_date_03_2019_(12_2019),0
approval_date_03_2019_(12_2022),0
approval_date_03_2019_(12_2025),0
approval_date_03_2020_(01_2022),0
approval_date_03_2020_(01_2024),0
approval_date_03_2020_(03_2020),0
approval_date_03_2020_(03_2023),0
approval_date_03_2020_(04_2022),0
approval_date_03_2020_(05_2022),0
approval_date_03_2020_(06_2020),0
approval_date_03_2020_(07_2020),0
approval_date_03_2020_(11_2021),0
approval_date_03_2020_(11_2023),0
approval_date_03_2020_(12_2020),0
approval_date_03_2021_(01_2023),0
approval_date_03_2021_(01_2024),0
approval_date_03_2021_(02_2022),0
approval_date_03_2021_(02_2023),0
approval_date_03_2021_(03_2021),0
approval_date_03_2021_(03_2022),0
approval_date_03_2021_(04_2022),0
approval_date_03_2021_(05_2021),0
approval_date_03_2021_(05_2023),0
approval_date_03_2021_(06_2021),0
approval_date_03_2021_(06_2022),0
approval_date_03_2021_(06_2024),0
approval_date_03_2021_(07_2021),0
approval_date_03_2021_(07_2022),0
approval_date_03_2021_(07_2023),0
approval_date_03_2021_(08_2021),0
approval_date_03_2021_(08_2022),0
approval_date_03_2021_(09_2021),0
approval_date_03_2021_(09_2022),0
approval_date_03_2021_(09_2023),0
approval_date_03_2021_(10_2022),0
approval_date_03_2021_(10_2023),0
approval_date_03_2021_(11_2022),0
approval_date_03_2021_(12_2022),0
approval_date_03_2022_(01_2023),0
approval_date_03_2022_(01_2024),0
approval_date_03_2022_(02_2023),0
approval_date_03_2022_(02_2024),0
approval_date_03_2022_(03_2022),0
approval_date_03_2022_(03_2023),0
approval_date_03_2022_(03_2024),0
approval_date_03_2022_(04_2020),0
approval_date_03_2022_(04_2022),0
approval_date_03_2022_(04_2023),0
approval_date_03_2022_(05_2023),0
approval_date_03_2022_(06_2023),0
approval_date_03_2022_(06_2024),0
approval_date_03_2022_(07_2023),0
approval_date_03_2022_(08_2022),0
approval_date_03_2022_(08_2023),0
approval_date_03_2022_(09_2023),0
approval_date_03_2022_(09_2024),0
approval_date_03_2022_(10_2022),0
approval_date_03_2022_(10_2023),0
approval_date_03_2022_(11_2023),0
approval_date_03_2022_(11_2024),0
approval_date_03_2022_(12_2022),0
approval_date_03_2023_(01_2024),0
approval_date_03_2023_(01_2025),0
approval_date_03_2023_(02_2024),0
approval_date_03_2023_(02_2025),0
approval_date_03_2023_(03_2023),0
approval_date_03_2023_(03_2024),0
approval_date_03_2023_(06_2023),0
approval_date_03_2023_(06_2024),0
approval_date_03_2023_(07_2023),0
approval_date_03_2023_(07_2024),0
approval_date_03_2023_(08_2023),0
approval_date_03_2023_(08_2024),0
approval_date_03_2023_(09_2023),0
approval_date_03_2023_(09_2024),0
approval_date_03_2023_(11_2023),0
approval_date_03_2023_(12_2023),0
approval_date_03_2023_(12_2024),0
approval_date_03_2024_(03_2024),0
approval_date_03_2024_(04_2024),0
approval_date_03_2024_(11_2024),0
approval_date_03_2024_(12_2024),0
approval_date_03_2025_(03_2025),0
approval_date_03_2027,0
approval_date_04_1996,0
approval_date_04_1996_(04_1996),0
approval_date_04_1996_(12_1996),0
approval_date_04_1997,0
approval_date_04_1997_(01_1998),0
approval_date_04_1997_(04_1997),0
approval_date_04_2003,0
approval_date_04_2003_(01_2004),0
approval_date_04_2004,0
approval_date_04_2005,0
approval_date_04_2005_(01_2006),0
approval_date_04_2005_(04_2005),0
approval_date_04_2006,0
approval_date_04_2006_(04_2006),0
approval_date_04_2007,0
approval_date_04_2007_(01_2008),0
approval_date_04_2007_(04_2007),0
approval_date_04_2007_(12_2007),0
approval_date_04_2008,0
approval_date_04_2008_(01_2009),0
approval_date_04_2008_(03_2010),0
approval_date_04_2008_(04_2008),0
approval_date_04_2009,0
approval_date_04_2009_(01_2010),0
approval_date_04_2009_(04_2009),0
approval_date_04_2009_(12_2009),0
approval_date_04_2010,0
approval_date_04_2011,0
approval_date_04_2011_(01_2012),0
approval_date_04_2012,0
approval_date_04_2012_(10_2018),0
approval_date_04_2013,0
approval_date_04_2013_(08_2017),0
approval_date_04_2014,0
approval_date_04_2014_(01_2016),0
approval_date_04_2014_(04_2014),0
approval_date_04_2015,0
approval_date_04_2016,0
approval_date_04_2016_(04_2016),0
approval_date_04_2017,0
approval_date_04_2017_(02_2019),0
approval_date_04_2017_(04_2017),0
approval_date_04_2017_(04_2018),0
approval_date_04_2017_(05_2018),0
approval_date_04_2017_(09_2021),0
approval_date_04_2018,0
approval_date_04_2018_(03_2019),0
approval_date_04_2018_(07_2020),0
approval_date_04_2019_(02_2019),0
approval_date_04_2019_(02_2020),0
approval_date_04_2019_(04_2019),0
approval_date_04_2019_(09_2020),0
approval_date_04_2019_(10_2019),0
approval_date_04_2019_(10_2020),0
approval_date_04_2019_(12_1998),0
approval_date_04_2020,0
approval_date_04_2020_(03_2021),0
approval_date_04_2020_(04_2020),0
approval_date_04_2020_(07_2020),0
approval_date_04_2020_(07_2022),0
approval_date_04_2020_(08_2022),0
approval_date_04_2020_(09_2022),0
approval_date_04_2020_(11_2022),0
approval_date_04_2020_(11_2023),0
approval_date_04_2021,0
approval_date_04_2021_(04_2021),0
approval_date_04_2022,0
approval_date_04_2022_(04_2022),0
approval_date_04_2022_(05_2024),0
approval_date_04_2022_(08_2022),0
approval_date_04_2022_(11_2022),0
approval_date_04_2022_(12_2023),0
approval_date_04_2023,0
approval_date_04_2023_(03_2024),0
approval_date_04_2023_(04_2023),0
approval_date_04_2023_(04_2024),0
approval_date_04_2023_(05_2024),0
approval_date_04_2023_(07_2023),0
approval_date_04_2023_(10_2025),0
approval_date_04_2023_(11_2024),0
approval_date_04_2023_(12_2023),0
approval_date_04_2024,0
approval_date_04_2024_(04_2024),0
approval_date_04_2025,0
approval_date_04_2025_(04_2025),0
approval_date_05_1985,0
approval_date_05_2002,0
approval_date_05_2002_(01_2017),0
approval_date_05_2008,0
approval_date_05_2008_(04_2008),0
approval_date_05_2009,0
approval_date_05_2010,0
approval_date_05_2014,0
approval_date_05_2014_(05_2014),0
approval_date_05_2015,0
approval_date_05_2016,0
approval_date_05_2016_(07_2014),0
approval_date_05_2016_(11_2017),0
approval_date_05_2017,0
approval_date_05_2017_(03_2012),0
approval_date_05_2017_(04_2018),0
approval_date_05_2018_(03_2017),0
approval_date_05_2018_(03_2023),0
approval_date_05_2018_(05_2018),0
approval_date_05_2018_(06_2021),0
approval_date_05_2018_(06_2023),0
approval_date_05_2018_(12_2021),0
approval_date_05_2019,0
approval_date_05_2019_(06_2021),0
approval_date_05_2019_(09_2022),0
approval_date_05_2019_(11_2019),0
approval_date_05_2019_(12_2020),0
approval_date_05_2020_(01_2022),0
approval_date_05_2020_(04_2023),0
approval_date_05_2020_(05_2020),0
approval_date_05_2020_(07_2021),0
approval_date_05_2020_(08_2023),0
approval_date_05_2020_(11_2024),0
approval_date_05_2020_(12_2021),0
approval_date_05_2020_(12_2022),0
approval_date_05_2021,0
approval_date_05_2021_(05_2021),0
approval_date_05_2021_(11_2022),0
approval_date_05_2022_(01_2023),0
approval_date_05_2022_(02_2023),0
approval_date_05_2022_(04_2023),0
approval_date_05_2022_(05_2022),0
approval_date_05_2022_(09_2022),0
approval_date_05_2022_(10_2022),0
approval_date_05_2022_(10_2023),0
approval_date_05_2022_(11_2022),0
approval_date_05_2023,0
approval_date_05_2023_(05_2023),0
approval_date_05_2023_(06_2023),0
approval_date_05_2023_(12_2023),0
approval_date_05_2024,0
approval_date_05_2024_(05_2024),0
approval_date_05_2025,0
approval_date_05_2025_(01_2026),0
approval_date_05_2025_(06_2025),0
approval_date_05_2026,0
approval_date_06_2009,0
approval_date_06_2009_(06_2009),0
approval_date_06_2010,0
approval_date_06_2010_(01_2011),0
approval_date_06_2011,0
approval_date_06_2012,0
approval_date_06_2012_(06_2012),0
approval_date_06_2015,0
approval_date_06_2016,0
approval_date_06_2016_(01_2017),0
approval_date_06_2016_(06_2016),0
approval_date_06_2016_(11_2016),0
approval_date_06_2017,0
approval_date_06_2017_(06_2017),0
approval_date_06_2017_(11_2017),0
approval_date_06_2018,0
approval_date_06_2018_(03_2009),0
approval_date_06_2018_(04_2019),0
approval_date_06_2018_(12_2018),0
approval_date_06_2019,0
approval_date_06_2019_(02_2021),0
approval_date_06_2019_(03_2021),0
approval_date_06_2019_(06_2019),0
approval_date_06_2020,0
approval_date_06_2020_(02_2022),0
approval_date_06_2020_(04_2023),0
approval_date_06_2020_(04_2024),0
approval_date_06_2020_(05_2022),0
approval_date_06_2020_(06_2020),0
approval_date_06_2020_(06_2024),0
approval_date_06_2020_(08_2020),0
approval_date_06_2020_(09_2020),0
approval_date_06_2020_(10_2020),0
approval_date_06_2020_(10_2021),0
approval_date_06_2020_(12_2021),0
approval_date_06_2021_(01_2019),0
approval_date_06_2021_(03_2022),0
approval_date_06_2021_(04_2022),0
approval_date_06_2021_(06_2021),0
approval_date_06_2021_(07_2021),0
approval_date_06_2021_(09_2022),0
approval_date_06_2021_(09_2023),0
approval_date_06_2021_(11_2022),0
approval_date_06_2022_(01_2023),0
approval_date_06_2022_(02_2021),0
approval_date_06_2022_(04_2022),0
approval_date_06_2022_(04_2023),0
approval_date_06_2022_(05_2023),0
approval_date_06_2022_(06_2022),0
approval_date_06_2022_(06_2023),0
approval_date_06_2022_(07_2022),0
approval_date_06_2022_(07_2023),0
approval_date_06_2022_(12_2022),0
approval_date_06_2023,0
approval_date_06_2023_(01_2024),0
approval_date_06_2023_(02_2024),0
approval_date_06_2023_(11_2023),0
approval_date_06_2024,0
approval_date_06_2024_(02_2025),0
approval_date_06_2024_(06_2024),0
approval_date_06_2024_(07_2024),0
approval_date_06_2025,0
approval_date_06_2025_(06_2025),0
approval_date_06_2025_(07_2025),0
approval_date_07_2006,0
approval_date_07_2006_(06_2011),0
approval_date_07_2007,0
approval_date_07_2008,0
approval_date_07_2008_(01_2019),0
approval_date_07_2008_(10_2008),0
approval_date_07_2009,0
approval_date_07_2009_(12_2009),0
approval_date_07_2010,0
approval_date_07_2011,0
approval_date_07_2011_(05_2021),0
approval_date_07_2011_(07_2011),0
approval_date_07_2012,0
approval_date_07_2013,0
approval_date_07_2013_(06_2016),0
approval_date_07_2013_(12_2015),0
approval_date_07_2015,0
approval_date_07_2015_(05_2018),0
approval_date_07_2015_(07_2015),0
approval_date_07_2015_(11_2005),0
approval_date_07_2016,0
approval_date_07_2016_(01_2017),0
approval_date_07_2016_(02_2023),0
approval_date_07_2016_(05_2018),0
approval_date_07_2016_(07_2016),0
approval_date_07_2016_(08_2016),0
approval_date_07_2016_(09_2019),0
approval_date_07_2016_(10_2016),0
approval_date_07_2017,0
approval_date_07_2017_(03_2020),0
approval_date_07_2017_(04_2023),0
approval_date_07_2017_(09_2017),0
approval_date_07_2017_(10_2011),0
approval_date_07_2018,0
approval_date_07_2018_(02_2021),0
approval_date_07_2018_(09_2018),0
approval_date_07_2019,0
approval_date_07_2019_(03_2025),0
approval_date_07_2019_(05_2019),0
approval_date_07_2019_(07_2019),0
approval_date_07_2020_(01_2022),0
approval_date_07_2020_(02_2024),0
approval_date_07_2020_(03_2021),0
approval_date_07_2020_(04_2021),0
approval_date_07_2020_(04_2024),0
approval_date_07_2020_(05_2023),0
approval_date_07_2020_(05_2024),0
approval_date_07_2020_(06_2023),0
approval_date_07_2020_(07_2020),0
approval_date_07_2020_(07_2021),0
approval_date_07_2020_(10_2020),0
approval_date_07_2020_(10_2021),0
approval_date_07_2020_(10_2023),0
approval_date_07_2020_(11_2021),0
approval_date_07_2020_(11_2023),0
approval_date_07_2021_(02_2022),0
approval_date_07_2021_(02_2023),0
approval_date_07_2021_(07_2021),0
approval_date_07_2021_(08_2021),0
approval_date_07_2021_(08_2022),0
approval_date_07_2021_(09_2021),0
approval_date_07_2021_(11_2021),0
approval_date_07_2022,0
approval_date_07_2022_(01_2023),0
approval_date_07_2022_(01_2024),0
approval_date_07_2022_(03_2023),0
approval_date_07_2022_(03_2024),0
approval_date_07_2022_(04_2024),0
approval_date_07_2022_(07_2022),0
approval_date_07_2022_(07_2023),0
approval_date_07_2022_(08_2022),0
approval_date_07_2022_(09_2023),0
approval_date_07_2023,0
approval_date_07_2023_(07_2022),0
approval_date_07_2023_(07_2023),0
approval_date_07_2024,0
approval_date_07_2024_(07_2024),0
approval_date_07_2024_(08_2024),0
approval_date_07_2024_(12_2024),0
approval_date_07_2025,0
approval_date_07_2025_(07_2025),0
approval_date_08_1997,0
approval_date_08_2002,0
approval_date_08_2002_(03_2002),0
approval_date_08_2008,0
approval_date_08_2008_(01_2014),0
approval_date_08_2009,0
approval_date_08_2009_(08_2009),0
approval_date_08_2010,0
approval_date_08_2010_(04_2014),0
approval_date_08_2011,0
approval_date_08_2011_(08_2011),0
approval_date_08_2014,0
approval_date_08_2015,0
approval_date_08_2015_(02_2016),0
approval_date_08_2015_(03_2011),0
approval_date_08_2015_(08_2015),0
approval_date_08_2016,0
approval_date_08_2016_(01_2017),0
approval_date_08_2016_(04_2018),0
approval_date_08_2016_(08_2016),0
approval_date_08_2016_(11_2016),0
approval_date_08_2017,0
approval_date_08_2017_(01_2021),0
approval_date_08_2017_(03_2016),0
approval_date_08_2017_(07_2019),0
approval_date_08_2017_(09_2017),0
approval_date_08_2017_(12_2017),0
approval_date_08_2017_(12_2022),0
approval_date_08_2018,0
approval_date_08_2018_(02_2019),0
approval_date_08_2018_(08_2018),0
approval_date_08_2018_(12_2018),0
approval_date_08_2018_(12_2023),0
approval_date_08_2019,0
approval_date_08_2019_(01_2022),0
approval_date_08_2019_(03_2017),0
approval_date_08_2019_(08_2019),0
approval_date_08_2019_(10_2020),0
approval_date_08_2020_(01_2021),0
approval_date_08_2020_(01_2022),0
approval_date_08_2020_(02_2022),0
approval_date_08_2020_(03_2021),0
approval_date_08_2020_(06_2021),0
approval_date_08_2020_(06_2022),0
approval_date_08_2020_(07_2022),0
approval_date_08_2020_(08_2020),0
approval_date_08_2020_(09_2021),0
approval_date_08_2020_(10_2022),0
approval_date_08_2020_(11_2021),0
approval_date_08_2020_(12_2021),0
approval_date_08_2021,0
approval_date_08_2021_(03_2019),0
approval_date_08_2021_(06_2022),0
approval_date_08_2021_(06_2023),0
approval_date_08_2021_(07_2022),0
approval_date_08_2021_(08_2021),0
approval_date_08_2021_(12_2023),0
approval_date_08_2022_(02_2023),0
approval_date_08_2022_(06_2022),0
approval_date_08_2022_(07_2022),0
approval_date_08_2022_(08_2022),0
approval_date_08_2022_(09_2022),0
approval_date_08_2022_(09_2023),0
approval_date_08_2022_(10_2023),0
approval_date_08_2022_(12_2022),0
approval_date_08_2023_(01_2025),0
approval_date_08_2023_(02_2024),0
approval_date_08_2023_(03_2023),0
approval_date_08_2023_(03_2024),0
approval_date_08_2023_(04_2025),0
approval_date_08_2023_(06_2024),0
approval_date_08_2023_(07_2022),0
approval_date_08_2023_(08_2023),0
approval_date_08_2023_(12_2023),0
approval_date_08_2024_(03_2025),0
approval_date_08_2024_(04_2025),0
approval_date_08_2024_(08_2024),0
approval_date_08_2024_(08_2025),0
approval_date_08_2024_(09_2024),0
approval_date_08_2024_(09_2025),0
approval_date_08_2024_(12_2024),0
approval_date_08_2025,0
approval_date_08_2025_(08_2025),0
approval_date_08_2025_(10_2025),0
approval_date_09_2003,0
approval_date_09_2003_(01_2005),0
approval_date_09_2009,0
approval_date_09_2009_(03_2013),0
approval_date_09_2009_(06_2014),0
approval_date_09_2009_(07_2013),0
approval_date_09_2009_(09_2014),0
approval_date_09_2009_(11_2022),0
approval_date_09_2009_(12_2014),0
approval_date_09_2011,0
approval_date_09_2011_(04_2015),0
approval_date_09_2012,0
approval_date_09_2012_(04_2008),0
approval_date_09_2013,0
approval_date_09_2014,0
approval_date_09_2014_(09_2014),0
approval_date_09_2015,0
approval_date_09_2015_(05_2016),0
approval_date_09_2015_(09_2015),0
approval_date_09_2016,0
approval_date_09_2016_(01_2018),0
approval_date_09_2016_(03_2018),0
approval_date_09_2016_(09_2016),0
approval_date_09_2016_(10_2016),0
approval_date_09_2016_(12_2016),0
approval_date_09_2017,0
approval_date_09_2017_(07_2017),0
approval_date_09_2017_(12_2017),0
approval_date_09_2018,0
approval_date_09_2018_(01_2022),0
approval_date_09_2018_(06_2021),0
approval_date_09_2018_(08_2020),0
approval_date_09_2018_(09_2018),0
approval_date_09_2018_(09_2019),0
approval_date_09_2018_(10_2018),0
approval_date_09_2019,0
approval_date_09_2019_(02_2023),0
approval_date_09_2019_(03_2020),0
approval_date_09_2019_(03_2023),0
approval_date_09_2019_(09_2019),0
approval_date_09_2019_(09_2020),0
approval_date_09_2019_(10_2019),0
approval_date_09_2019_(10_2020),0
approval_date_09_2019_(11_2020),0
approval_date_09_2019_(12_2019),0
approval_date_09_2019_(12_2023),0
approval_date_09_2020,0
approval_date_09_2020_(03_2021),0
approval_date_09_2020_(03_2022),0
approval_date_09_2020_(03_2025),0
approval_date_09_2020_(04_2021),0
approval_date_09_2020_(05_2021),0
approval_date_09_2020_(09_2018),0
approval_date_09_2020_(09_2020),0
approval_date_09_2020_(10_2020),0
approval_date_09_2020_(10_2021),0
approval_date_09_2020_(11_2021),0
approval_date_09_2020_(12_2022),0
approval_date_09_2021_(01_2023),0
approval_date_09_2021_(03_2022),0
approval_date_09_2021_(05_2022),0
approval_date_09_2021_(06_2022),0
approval_date_09_2021_(07_2022),0
approval_date_09_2021_(07_2023),0
approval_date_09_2021_(08_2022),0
approval_date_09_2021_(09_2021),0
approval_date_09_2021_(09_2022),0
approval_date_09_2021_(09_2023),0
approval_date_09_2021_(10_2022),0
approval_date_09_2021_(11_2021),0
approval_date_09_2022,0
approval_date_09_2022_(01_2023),0
approval_date_09_2022_(05_2024),0
approval_date_09_2022_(05_2025),0
approval_date_09_2022_(06_2022),0
approval_date_09_2022_(06_2023),0
approval_date_09_2022_(08_2023),0
approval_date_09_2022_(09_2022),0
approval_date_09_2022_(09_2023),0
approval_date_09_2022_(11_2022),0
approval_date_09_2022_(11_2023),0
approval_date_09_2022_(12_2023),0
approval_date_09_2023,0
approval_date_09_2023_(09_2023),0
approval_date_09_2024,0
approval_date_09_2024_(03_2025),0
approval_date_09_2024_(07_2025),0
approval_date_09_2024_(08_2024),0
approval_date_09_2024_(09_2024),0
approval_date_09_2025,0
approval_date_09_2025_(09_2025),0
approval_date_1-2016,0
approval_date_1-2017,0
approval_date_1-2018,0
approval_date_1-2019,0
approval_date_1-2020,0
approval_date_1-2022,0
approval_date_1-2023,0
approval_date_10-2013,0
approval_date_10-2016,0
approval_date_10-2017,0
approval_date_10-2018,0
approval_date_10-2020,0
approval_date_10-2021,0
approval_date_10-2022,0
approval_date_10_2002,0
approval_date_10_2004,0
approval_date_10_2007,0
approval_date_10_2007_(10_2004),0
approval_date_10_2008,0
approval_date_10_2009,0
approval_date_10_2009_(05_2010),0
approval_date_10_2011,0
approval_date_10_2013,0
approval_date_10_2013_(01_2017),0
approval_date_10_2013_(08_2022),0
approval_date_10_2013_(11_2012),0
approval_date_10_2014,0
approval_date_10_2014_(02_2018),0
approval_date_10_2014_(04_2018),0
approval_date_10_2014_(10_2014),0
approval_date_10_2015,0
approval_date_10_2015_(04_2015),0
approval_date_10_2015_(04_2016),0
approval_date_10_2015_(05_2023),0
approval_date_10_2016,0
approval_date_10_2016_(02_2017),0
approval_date_10_2016_(03_2017),0
approval_date_10_2016_(06_2017),0
approval_date_10_2016_(06_2022),0
approval_date_10_2016_(11_2020),0
approval_date_10_2017,0
approval_date_10_2017_(03_2017),0
approval_date_10_2017_(03_2022),0
approval_date_10_2017_(10_2017),0
approval_date_10_2017_(12_2018),0
approval_date_10_2018,0
approval_date_10_2018_(03_2017),0
approval_date_10_2018_(09_2019),0
approval_date_10_2018_(10_2018),0
approval_date_10_2018_(12_2017),0
approval_date_10_2019,0
approval_date_10_2019_(04_2020),0
approval_date_10_2019_(07_2020),0
approval_date_10_2019_(07_2021),0
approval_date_10_2019_(08_2021),0
approval_date_10_2020,0
approval_date_10_2020_(05_2021),0
approval_date_10_2020_(05_2022),0
approval_date_10_2020_(06_2020),0
approval_date_10_2020_(10_2020),0
approval_date_10_2020_(10_2021),0
approval_date_10_2020_(12_2020),0
approval_date_10_2021_(02_2023),0
approval_date_10_2021_(03_2022),0
approval_date_10_2021_(05_2022),0
approval_date_10_2021_(06_2022),0
approval_date_10_2021_(06_2023),0
approval_date_10_2021_(09_2022),0
approval_date_10_2021_(10_2021),0
approval_date_10_2021_(10_2022),0
approval_date_10_2021_(12_2021),0
approval_date_10_2022_(01_2024),0
approval_date_10_2022_(03_2024),0
approval_date_10_2022_(05_2023),0
approval_date_10_2022_(05_2024),0
approval_date_10_2022_(06_2023),0
approval_date_10_2022_(07_2023),0
approval_date_10_2022_(07_2025),0
approval_date_10_2022_(08_2023),0
approval_date_10_2022_(08_2025),0
approval_date_10_2022_(09_2023),0
approval_date_10_2022_(10_2022),0
approval_date_10_2022_(10_2023),0
approval_date_10_2022_(11_2023),0
approval_date_10_2023_(10_2023),0
approval_date_10_2023_(11_2023),0
approval_date_10_2023_(12_2023),0
approval_date_10_2024_(10_2024),0
approval_date_10_2024_(10_2025),0
approval_date_10_2024_(11_2020),0
approval_date_10_2025,0
approval_date_10_2025_(10_2025),0
approval_date_11-2015,0
approval_date_11-2016,0
approval_date_11-2017,0
approval_date_11-2020,0
approval_date_11-2021,0
approval_date_11-2022,0
approval_date_11_2004,0
approval_date_11_2004_(03_2002),0
approval_date_11_2005,0
approval_date_11_2006,0
approval_date_11_2006_(11_2006),0
approval_date_11_2007,0
approval_date_11_2007_(11_2008),0
approval_date_11_2008,0
approval_date_11_2008_(01_2014),0
approval_date_11_2010,0
approval_date_11_2010_(03_2010),0
approval_date_11_2012,0
approval_date_11_2012_(11_2012),0
approval_date_11_2013,0
approval_date_11_2014,0
approval_date_11_2014_(02_2015),0
approval_date_11_2014_(03_2019),0
approval_date_11_2014_(06_2024),0
approval_date_11_2015,0
approval_date_11_2015_(08_2017),0
approval_date_11_2015_(09_2020),0
approval_date_11_2015_(12_2015),0
approval_date_11_2015_(12_2016),0
approval_date_11_2016,0
approval_date_11_2016_(01_2018),0
approval_date_11_2016_(02_2019),0
approval_date_11_2016_(05_2017),0
approval_date_11_2016_(08_2018),0
approval_date_11_2016_(08_2020),0
approval_date_11_2016_(12_2016),0
approval_date_11_2017,0
approval_date_11_2017_(02_2019),0
approval_date_11_2017_(03_2017),0
approval_date_11_2017_(05_2019),0
approval_date_11_2017_(07_2019),0
approval_date_11_2017_(11_2017),0
approval_date_11_2017_(11_2019),0
approval_date_11_2017_(12_2019),0
approval_date_11_2018,0
approval_date_11_2018_(01_2019),0
approval_date_11_2018_(11_2018),0
approval_date_11_2019,0
approval_date_11_2019_(05_2021),0
approval_date_11_2019_(08_2019),0
approval_date_11_2019_(11_2019),0
approval_date_11_2020,0
approval_date_11_2020_(04_2021),0
approval_date_11_2020_(09_2022),0
approval_date_11_2020_(10_2022),0
approval_date_11_2020_(11_2020),0
approval_date_11_2021_(01_2023),0
approval_date_11_2021_(02_2023),0
approval_date_11_2021_(05_2022),0
approval_date_11_2021_(06_2023),0
approval_date_11_2021_(07_2022),0
approval_date_11_2021_(08_2022),0
approval_date_11_2021_(09_2022),0
approval_date_11_2021_(10_2022),0
approval_date_11_2021_(11_2021),0
approval_date_11_2021_(11_2022),0
approval_date_11_2021_(12_2022),0
approval_date_11_2022_(03_2023),0
approval_date_11_2022_(06_2023),0
approval_date_11_2022_(08_2023),0
approval_date_11_2022_(10_2023),0
approval_date_11_2022_(11_2022),0
approval_date_11_2022_(12_2023),0
approval_date_11_2023,0
approval_date_11_2023_(01_2024),0
approval_date_11_2023_(11_2023),0
approval_date_11_2023_(12_2023),0
approval_date_11_2024,0
approval_date_11_2024_(05_2025),0
approval_date_11_2024_(11_2024),0
approval_date_11_2024_(12_2024),0
approval_date_11_2025,0
approval_date_12-2015,0
approval_date_12-2017,0
approval_date_12-2018,0
approval_date_12-2020,0
approval_date_12-2021,0
approval_date_12-2022,0
approval_date_12-2024,0
approval_date_12_1996,0
approval_date_12_1998,0
approval_date_12_2004,0
approval_date_12_2007,0
approval_date_12_2008,0
approval_date_12_2008_(06_2009),0
approval_date_12_2009,0
approval_date_12_2009_(12_2009),0
approval_date_12_2010,0
approval_date_12_2010_(02_2025),0
approval_date_12_2010_(12_2010),0
approval_date_12_2013,0
approval_date_12_2014,0
approval_date_12_2014_(03_2016),0
approval_date_12_2014_(12_2014),0
approval_date_12_2015,0
approval_date_12_2015_(01_2016),0
approval_date_12_2015_(03_2016),0
approval_date_12_2015_(03_2018),0
approval_date_12_2015_(03_2019),0
approval_date_12_2015_(10_2016),0
approval_date_12_2015_(12_2015),0
approval_date_12_2016,0
approval_date_12_2016_(03_2018),0
approval_date_12_2016_(11_2017),0
approval_date_12_2017,0
approval_date_12_2017_(02_2019),0
approval_date_12_2017_(04_2008),0
approval_date_12_2017_(07_2018),0
approval_date_12_2017_(10_2021),0
approval_date_12_2018,0
approval_date_12_2018_(03_2020),0
approval_date_12_2018_(07_2022),0
approval_date_12_2018_(10_2018),0
approval_date_12_2018_(12_2018),0
approval_date_12_2019,0
approval_date_12_2019_(01_2020),0
approval_date_12_2019_(04_2020),0
approval_date_12_2019_(09_2020),0
approval_date_12_2019_(10_2020),0
approval_date_12_2020_(02_2021),0
approval_date_12_2020_(02_2023),0
approval_date_12_2020_(02_2024),0
approval_date_12_2020_(03_2022),0
approval_date_12_2020_(03_2023),0
approval_date_12_2020_(06_2022),0
approval_date_12_2020_(07_2022),0
approval_date_12_2020_(08_2022),0
approval_date_12_2020_(09_2022),0
approval_date_12_2020_(10_2021),0
approval_date_12_2020_(10_2022),0
approval_date_12_2020_(11_2021),0
approval_date_12_2020_(12_2020),0
approval_date_12_2020_(12_2021),0
approval_date_12_2021_(01_2023),0
approval_date_12_2021_(02_2023),0
approval_date_12_2021_(02_2024),0
approval_date_12_2021_(03_2023),0
approval_date_12_2021_(04_2023),0
approval_date_12_2021_(05_2022),0
approval_date_12_2021_(05_2023),0
approval_date_12_2021_(08_2022),0
approval_date_12_2021_(08_2023),0
approval_date_12_2021_(09_2022),0
approval_date_12_2021_(10_2022),0
approval_date_12_2021_(11_2022),0
approval_date_12_2021_(12_2021),0
approval_date_12_2021_(12_2022),0
approval_date_12_2022_(01_2023),0
approval_date_12_2022_(03_2023),0
approval_date_12_2022_(03_2024),0
approval_date_12_2022_(05_2024),0
approval_date_12_2022_(08_2023),0
approval_date_12_2022_(08_2024),0
approval_date_12_2022_(11_2023),0
approval_date_12_2022_(11_2024),0
approval_date_12_2022_(12_2022),0
approval_date_12_2023_(03_2024),0
approval_date_12_2023_(04_2024),0
approval_date_12_2023_(06_2024),0
approval_date_12_2023_(08_1997),0
approval_date_12_2023_(12_2023),0
approval_date_12_2024,0
approval_date_12_2024_(05_2025),0
approval_date_12_2024_(12_2024),0
approval_date_12_2025,0
approval_date_12_2025_(12_2025),0
approval_date_2-2016,0
approval_date_2-2017,0
approval_date_2-2018,0
approval_date_2-2019,0
approval_date_2-2021,0
approval_date_2-2022,0
approval_date_2-2023,0
approval_date_3-1981,0
approval_date_3-1996,0
approval_date_3-2013,0
approval_date_3-2016,0
approval_date_3-2017,0
approval_date_3-2018,0
approval_date_3-2020,0
approval_date_3-2021,0
approval_date_3-2022,0
approval_date_3-2023,0
approval_date_4-1991,0
approval_date_4-1997,0
approval_date_4-1999,0
approval_date_4-2006,0
approval_date_4-2009,0
approval_date_4-2010,0
approval_date_4-2011,0
approval_date_4-2012,0
approval_date_4-2017,0
approval_date_4-2019,0
approval_date_4-2020,0
approval_date_4-2021,0
approval_date_4-2022,0
approval_date_5-2015,0
approval_date_5-2017,0
approval_date_5-2018,0
approval_date_5-2019,0
approval_date_5-2020,0
approval_date_5-2021,0
approval_date_5-2022,0
approval_date_5-2023,0
approval_date_6-2017,0
approval_date_6-2019,0
approval_date_6-2020,0
approval_date_6-2021,0
approval_date_6-2022,0
approval_date_6-2023,0
approval_date_7-2016,0
approval_date_7-2018,0
approval_date_7-2019,0
approval_date_7-2020,0
approval_date_7-2021,0
approval_date_7-2022,0
approval_date_7-2023,0
approval_date_8-2016,0
approval_date_8-2017,0
approval_date_8-2019,0
approval_date_8-2020,0
approval_date_8-2021,0
approval_date_8-2022,0
approval_date_9-1998,0
approval_date_9-2012,0
approval_date_9-2013,0
approval_date_9-2017,0
approval_date_9-2019,0
approval_date_9-2020,0
approval_date_9-2021,0
approval_date_NA_(01_2011),0
approval_date_NA_(01_2022),0
approval_date_NA_(02_2018),0
approval_date_NA_(03_2021),0
approval_date_NA_(03_2025),0
approval_date_NA_(04_2017),0
approval_date_NA_(04_2018),0
approval_date_NA_(06_2023),0
approval_date_NA_(08_2018),0
approval_date_NA_(09_2011),0
approval_date_NA_(09_2020),0
approval_date_NA_(09_2021),0
approval_date_NA_(10_2016),0
approval_date_NA_(10_2021),0
approval_date_NA_(10_2022),0
approval_date_NA_(10_2024),0
approval_date_NA_(11_2006),0
approval_date_NA_(11_2009),0
approval_date_NA_(12_2018),0
start_date_01_1998,0
start_date_01_1999,0
start_date_01_2004,0
start_date_01_2005,0
start_date_01_2006,0
start_date_01_2007,0
start_date_01_2008,0
start_date_01_2009,0
start_date_01_2010,0
start_date_01_2011,0
start_date_01_2012,0
start_date_01_2014,0
start_date_01_2016,0
start_date_01_2017,0
start_date_01_2018,0
start_date_01_2019,0
start_date_01_2020,0
start_date_01_2021,0
start_date_01_2023,0
start_date_01_2024,0
start_date_01_2025,0
start_date_01_2026,0
start_date_02_2008,0
start_date_02_2010,0
start_date_02_2011,0
start_date_02_2012,0
start_date_02_2013,0
start_date_02_2014,0
start_date_02_2015,0
start_date_02_2016,0
start_date_02_2017,0
start_date_02_2018,0
start_date_02_2019,0
start_date_02_2021,0
start_date_02_2022,0
start_date_02_2025,0
start_date_02_2026,0
start_date_03_1983,0
start_date_03_1994,0
start_date_03_1998,0
start_date_03_1999,0
start_date_03_2001,0
start_date_03_2002,0
start_date_03_2004,0
start_date_03_2008,0
start_date_03_2009,0
start_date_03_2010,0
start_date_03_2011,0
start_date_03_2012,0
start_date_03_2013,0
start_date_03_2014,0
start_date_03_2015,0
start_date_03_2017,0
start_date_03_2018,0
start_date_03_2019,0
start_date_03_2020,0
start_date_03_2021,0
start_date_03_2026,0
start_date_04_1996,0
start_date_04_1997,0
start_date_04_2003,0
start_date_04_2005,0
start_date_04_2006,0
start_date_04_2007,0
start_date_04_2008,0
start_date_04_2009,0
start_date_04_2010,0
start_date_04_2011,0
start_date_04_2012,0
start_date_04_2013,0
start_date_04_2014,0
start_date_04_2015,0
start_date_04_2016,0
start_date_04_2017,0
start_date_04_2018,0
start_date_04_2019,0
start_date_04_2020,0
start_date_04_2021,0
start_date_04_2022,0
start_date_04_2024,0
start_date_04_2025,0
start_date_05_1985,0
start_date_05_2002,0
start_date_05_2008,0
start_date_05_2009,0
start_date_05_2010,0
start_date_05_2014,0
start_date_05_2016,0
start_date_05_2017,0
start_date_05_2018,0
start_date_05_2019,0
start_date_05_2020,0
start_date_05_2021,0
start_date_05_2022,0
start_date_05_2024,0
start_date_05_2025,0
start_date_05_2026,0
start_date_06_2009,0
start_date_06_2010,0
start_date_06_2011,0
start_date_06_2012,0
start_date_06_2014,0
start_date_06_2016,0
start_date_06_2017,0
start_date_06_2018,0
start_date_06_2019,0
start_date_06_2020,0
start_date_06_2021,0
start_date_06_2024,0
start_date_06_2025,0
start_date_07_2006,0
start_date_07_2008,0
start_date_07_2009,0
start_date_07_2010,0
start_date_07_2011,0
start_date_07_2012,0
start_date_07_2013,0
start_date_07_2014,0
start_date_07_2015,0
start_date_07_2016,0
start_date_07_2017,0
start_date_07_2018,0
start_date_07_2019,0
start_date_07_2020,0
start_date_07_2021,0
start_date_07_2024,0
start_date_07_2025,0
start_date_07_2027,0
start_date_08_1997,0
start_date_08_2002,0
start_date_08_2008,0
start_date_08_2009,0
start_date_08_2010,0
start_date_08_2011,0
start_date_08_2014,0
start_date_08_2015,0
start_date_08_2016,0
start_date_08_2017,0
start_date_08_2018,0
start_date_08_2019,0
start_date_08_2020,0
start_date_08_2021,0
start_date_08_2024,0
start_date_08_2025,0
start_date_09_2003,0
start_date_09_2009,0
start_date_09_2010,0
start_date_09_2011,0
start_date_09_2012,0
start_date_09_2013,0
start_date_09_2014,0
start_date_09_2015,0
start_date_09_2016,0
start_date_09_2017,0
start_date_09_2018,0
start_date_09_2019,0
start_date_09_2020,0
start_date_09_2021,0
start_date_09_2023,0
start_date_09_2025,0
start_date_10_2002,0
start_date_10_2004,0
start_date_10_2007,0
start_date_10_2008,0
start_date_10_2009,0
start_date_10_2010,0
start_date_10_2011,0
start_date_10_2013,0
start_date_10_2014,0
start_date_10_2015,0
start_date_10_2016,0
start_date_10_2017,0
start_date_10_2018,0
start_date_10_2019,0
start_date_10_2020,0
start_date_10_2025,0
start_date_11_2004,0
start_date_11_2005,0
start_date_11_2006,0
start_date_11_2007,0
start_date_11_2008,0
start_date_11_2009,0
start_date_11_2010,0
start_date_11_2012,0
start_date_11_2014,0
start_date_11_2015,0
start_date_11_2016,0
start_date_11_2017,0
start_date_11_2018,0
start_date_11_2019,0
start_date_11_2020,0
start_date_11_2021,0
start_date_11_2023,0
start_date_11_2024,0
start_date_11_2025,0
start_date_12_1996,0
start_date_12_1998,0
start_date_12_2004,0
start_date_12_2007,0
start_date_12_2008,0
start_date_12_2009,0
start_date_12_2010,0
start_date_12_2014,0
start_date_12_2015,0
start_date_12_2016,0
start_date_12_2017,0
start_date_12_2018,0
start_date_12_2019,0
start_date_12_2020,0
start_date_12_2021,0
start_date_12_2023,0
start_date_12_2024,0
start_date_12_2025,0
legacy_ocms_code_060100093,0
legacy_ocms_code_180100221,0
legacy_ocms_code_220100181,0
legacy_ocms_code_220100188,0
legacy_ocms_code_220100232,0
legacy_ocms_code_220100257,0
legacy_ocms_code_220100265,0
legacy_ocms_code_220100272,0
legacy_ocms_code_220100284,0
legacy_ocms_code_220100288,0
legacy_ocms_code_220100303,0
legacy_ocms_code_220100305,0
legacy_ocms_code_220100314,0
legacy_ocms_code_220100328,0
legacy_ocms_code_N04000078,0
legacy_ocms_code_N04000082,0
legacy_ocms_code_N04000083,0
legacy_ocms_code_N04000091,0
legacy_ocms_code_N04000099,0
legacy_ocms_code_N04000100,0
legacy_ocms_code_N04000101,0
legacy_ocms_code_N04000103,0
legacy_ocms_code_N04000104,0
legacy_ocms_code_N04000105,0
legacy_ocms_code_N04000106,0
legacy_ocms_code_N04000107,0
legacy_ocms_code_N04000108,0
legacy_ocms_code_N04000109,0
legacy_ocms_code_N04000110,0
legacy_ocms_code_N04000111,0
legacy_ocms_code_N04000112,0
legacy_ocms_code_N04000113,0
legacy_ocms_code_N04000114,0
legacy_ocms_code_N04000115,0
legacy_ocms_code_N06000045,0
legacy_ocms_code_N06000087,0
legacy_ocms_code_N06000096,0
legacy_ocms_code_N06000098,0
legacy_ocms_code_N06000113,0
legacy_ocms_code_N06000123,0
legacy_ocms_code_N06000125,0
legacy_ocms_code_N06000132,0
legacy_ocms_code_N06000135,0
legacy_ocms_code_N06000148,0
legacy_ocms_code_N06000154,0
legacy_ocms_code_N06000164,0
legacy_ocms_code_N06000166,0
legacy_ocms_code_N06000167,0
legacy_ocms_code_N06000169,0
legacy_ocms_code_N06000170,0
legacy_ocms_code_N06000171,0
legacy_ocms_code_N06000179,0
legacy_ocms_code_N06000183,0
legacy_ocms_code_N06000184,0
legacy_ocms_code_N06000186,0
legacy_ocms_code_N06000191,0
legacy_ocms_code_N06000192,0
legacy_ocms_code_N06000193,0
legacy_ocms_code_N06000196,0
legacy_ocms_code_N06000197,0
legacy_ocms_code_N06000199,0
legacy_ocms_code_N06000200,0
legacy_ocms_code_N06000202,0
legacy_ocms_code_N06000203,0
legacy_ocms_code_N06000204,0
legacy_ocms_code_N06000205,0
legacy_ocms_code_N06000206,0
legacy_ocms_code_N06000208,0
legacy_ocms_code_N06000209,0
legacy_ocms_code_N06000211,0
legacy_ocms_code_N06000213,0
legacy_ocms_code_N06000214,0
legacy_ocms_code_N06000216,0
legacy_ocms_code_N06000217,0
legacy_ocms_code_N06000218,0
legacy_ocms_code_N06000219,0
legacy_ocms_code_N06000220,0
legacy_ocms_code_N06000222,0
legacy_ocms_code_N06000223,0
legacy_ocms_code_N06000226,0
legacy_ocms_code_N06000229,0
legacy_ocms_code_N06000230,0
legacy_ocms_code_N06000232,0
legacy_ocms_code_N06000236,0
legacy_ocms_code_N06000237,0
legacy_ocms_code_N06000238,0
legacy_ocms_code_N06000239,0
legacy_ocms_code_N06000240,0
legacy_ocms_code_N06000241,0
legacy_ocms_code_N06000242,0
legacy_ocms_code_N06000243,0
legacy_ocms_code_N06000244,0
legacy_ocms_code_N06000245,0
legacy_ocms_code_N06000246,0
legacy_ocms_code_N06000247,0
legacy_ocms_code_N06000249,0
legacy_ocms_code_N06000250,0
legacy_ocms_code_N06000251,0
legacy_ocms_code_N06000252,0
legacy_ocms_code_N06000253,0
legacy_ocms_code_N06000254,0
legacy_ocms_code_N06000255,0
legacy_ocms_code_N06000256,0
legacy_ocms_code_N06000257,0
legacy_ocms_code_N06000258,0
legacy_ocms_code_N06000259,0
legacy_ocms_code_N06000260,0
legacy_ocms_code_N06000264,0
legacy_ocms_code_N06000265,0
legacy_ocms_code_N06000266,0
legacy_ocms_code_N06000267,0
legacy_ocms_code_N06000270,0
legacy_ocms_code_N06000271,0
legacy_ocms_code_N06000272,0
legacy_ocms_code_N06000273,0
legacy_ocms_code_N06000274,0
legacy_ocms_code_N06000275,0
legacy_ocms_code_N06000276,0
legacy_ocms_code_N06000277,0
legacy_ocms_code_N06000278,0
legacy_ocms_code_N06000280,0
legacy_ocms_code_N06000281,0
legacy_ocms_code_N06000282,0
legacy_ocms_code_N06000283,0
legacy_ocms_code_N06000284,0
legacy_ocms_code_N06000285,0
legacy_ocms_code_N06000286,0
legacy_ocms_code_N06000287,0
legacy_ocms_code_N06000288,0
legacy_ocms_code_N06000289,0
legacy_ocms_code_N06000290,0
legacy_ocms_code_N06000291,0
legacy_ocms_code_N06000292,0
legacy_ocms_code_N06000293,0
legacy_ocms_code_N06000294,0
legacy_ocms_code_N06000295,0
legacy_ocms_code_N10000010,0
legacy_ocms_code_N10000013,0
legacy_ocms_code_N10000014,0
legacy_ocms_code_N10000015,0
legacy_ocms_code_N10000016,0
legacy_ocms_code_N12000095,0
legacy_ocms_code_N12000124,0
legacy_ocms_code_N12000127,0
legacy_ocms_code_N12000131,0
legacy_ocms_code_N12000132,0
legacy_ocms_code_N12000133,0
legacy_ocms_code_N12000134,0
legacy_ocms_code_N12000135,0
legacy_ocms_code_N12000136,0
legacy_ocms_code_N12000137,0
legacy_ocms_code_N12000138,0
legacy_ocms_code_N12000139,0
legacy_ocms_code_N12000140,0
legacy_ocms_code_N12000141,0
legacy_ocms_code_N12000142,0
legacy_ocms_code_N12000143,0
legacy_ocms_code_N16000213,0
legacy_ocms_code_N16000234,0
legacy_ocms_code_N16000247,0
legacy_ocms_code_N16000275,0
legacy_ocms_code_N16000279,0
legacy_ocms_code_N16000285,0
legacy_ocms_code_N16000331,0
legacy_ocms_code_N16000375,0
legacy_ocms_code_N16000379,0
legacy_ocms_code_N16000386,0
legacy_ocms_code_N16000388,0
legacy_ocms_code_N16000391,0
legacy_ocms_code_N16000394,0
legacy_ocms_code_N16000396,0
legacy_ocms_code_N16000402,0
legacy_ocms_code_N16000409,0
legacy_ocms_code_N16000412,0
legacy_ocms_code_N16000428,0
legacy_ocms_code_N16000430,0
legacy_ocms_code_N16000431,0
legacy_ocms_code_N16000432,0
legacy_ocms_code_N16000434,0
legacy_ocms_code_N16000435,0
legacy_ocms_code_N16000437,0
legacy_ocms_code_N16000439,0
legacy_ocms_code_N16000441,0
legacy_ocms_code_N16000444,0
legacy_ocms_code_N16000445,0
legacy_ocms_code_N16000450,0
legacy_ocms_code_N16000453,0
legacy_ocms_code_N16000454,0
legacy_ocms_code_N16000455,0
legacy_ocms_code_N16000457,0
legacy_ocms_code_N16000458,0
legacy_ocms_code_N16000470,0
legacy_ocms_code_N16000477,0
legacy_ocms_code_N16000478,0
legacy_ocms_code_N16000480,0
legacy_ocms_code_N16000481,0
legacy_ocms_code_N16000483,0
legacy_ocms_code_N16000484,0
legacy_ocms_code_N16000487,0
legacy_ocms_code_N16000488,0
legacy_ocms_code_N16000491,0
legacy_ocms_code_N16000494,0
legacy_ocms_code_N16000503,0
legacy_ocms_code_N16000504,0
legacy_ocms_code_N16000505,0
legacy_ocms_code_N16000506,0
legacy_ocms_code_N16000509,0
legacy_ocms_code_N16000510,0
legacy_ocms_code_N16000511,0
legacy_ocms_code_N16000512,0
legacy_ocms_code_N16000514,0
legacy_ocms_code_N16000518,0
legacy_ocms_code_N16000519,0
legacy_ocms_code_N16000520,0
legacy_ocms_code_N16000521,0
legacy_ocms_code_N16000522,0
legacy_ocms_code_N16000523,0
legacy_ocms_code_N16000524,0
legacy_ocms_code_N16000525,0
legacy_ocms_code_N16000526,0
legacy_ocms_code_N16000527,0
legacy_ocms_code_N16000528,0
legacy_ocms_code_N16000529,0
legacy_ocms_code_N16000530,0
legacy_ocms_code_N16000531,0
legacy_ocms_code_N16000532,0
legacy_ocms_code_N16000533,0
legacy_ocms_code_N16000536,0
legacy_ocms_code_N16000537,0
legacy_ocms_code_N16000539,0
legacy_ocms_code_N16000540,0
legacy_ocms_code_N18000014,0
legacy_ocms_code_N18000042,0
legacy_ocms_code_N18000172,0
legacy_ocms_code_N18000178,0
legacy_ocms_code_N18000194,0
legacy_ocms_code_N18000249,0
legacy_ocms_code_N18000250,0
legacy_ocms_code_N18000275,0
legacy_ocms_code_N18000278,0
legacy_ocms_code_N18000279,0
legacy_ocms_code_N18000291,0
legacy_ocms_code_N18000297,0
legacy_ocms_code_N18000324,0
legacy_ocms_code_N18000325,0
legacy_ocms_code_N18000326,0
legacy_ocms_code_N18000344,0
legacy_ocms_code_N18000362,0
legacy_ocms_code_N18000363,0
legacy_ocms_code_N18000364,0
legacy_ocms_code_N18000367,0
legacy_ocms_code_N18000375,0
legacy_ocms_code_N18000377,0
legacy_ocms_code_N18000378,0
legacy_ocms_code_N18000381,0
legacy_ocms_code_N18000382,0
legacy_ocms_code_N18000384,0
legacy_ocms_code_N18000385,0
legacy_ocms_code_N18000386,0
legacy_ocms_code_N18000387,0
legacy_ocms_code_N18000388,0
legacy_ocms_code_N18000389,0
legacy_ocms_code_N18000390,0
legacy_ocms_code_N18000391,0
legacy_ocms_code_N18000392,0
legacy_ocms_code_N18000393,0
legacy_ocms_code_N18000394,0
legacy_ocms_code_N18000396,0
legacy_ocms_code_N18000397,0
legacy_ocms_code_N18000398,0
legacy_ocms_code_N18000399,0
legacy_ocms_code_N18000400,0
legacy_ocms_code_N18000401,0
legacy_ocms_code_N18000402,0
legacy_ocms_code_N18000403,0
legacy_ocms_code_N18000404,0
legacy_ocms_code_N18000405,0
legacy_ocms_code_N18000407,0
legacy_ocms_code_N18000408,0
legacy_ocms_code_N18000409,0
legacy_ocms_code_N18000410,0
legacy_ocms_code_N18000411,0
legacy_ocms_code_N18000412,0
legacy_ocms_code_N18000413,0
legacy_ocms_code_N18000414,0
legacy_ocms_code_N18000415,0
legacy_ocms_code_N18000416,0
legacy_ocms_code_N18000417,0
legacy_ocms_code_N18000419,0
legacy_ocms_code_N18000420,0
legacy_ocms_code_N18000421,0
legacy_ocms_code_N18000422,0
legacy_ocms_code_N18000423,0
legacy_ocms_code_N21000031,0
legacy_ocms_code_N21000032,0
legacy_ocms_code_N22000028,0
legacy_ocms_code_N22000032,0
legacy_ocms_code_N22000085,0
legacy_ocms_code_N22000092,0
legacy_ocms_code_N22000102,0
legacy_ocms_code_N22000108,0
legacy_ocms_code_N22000109,0
legacy_ocms_code_N22000110,0
legacy_ocms_code_N22000111,0
legacy_ocms_code_N22000120,0
legacy_ocms_code_N22000124,0
legacy_ocms_code_N22000134,0
legacy_ocms_code_N22000138,0
legacy_ocms_code_N22000139,0
legacy_ocms_code_N22000142,0
legacy_ocms_code_N22000148,0
legacy_ocms_code_N22000158,0
legacy_ocms_code_N22000177,0
legacy_ocms_code_N22000181,0
legacy_ocms_code_N22000206,0
legacy_ocms_code_N22000207,0
legacy_ocms_code_N22000208,0
legacy_ocms_code_N22000219,0
legacy_ocms_code_N22000231,0
legacy_ocms_code_N22000233,0
legacy_ocms_code_N22000250,0
legacy_ocms_code_N22000256,0
legacy_ocms_code_N22000258,0
legacy_ocms_code_N22000261,0
legacy_ocms_code_N22000273,0
legacy_ocms_code_N22000279,0
legacy_ocms_code_N22000281,0
legacy_ocms_code_N22000286,0
legacy_ocms_code_N22000297,0
legacy_ocms_code_N22000299,0
legacy_ocms_code_N22000308,0
legacy_ocms_code_N22000316,0
legacy_ocms_code_N22000318,0
legacy_ocms_code_N22000329,0
legacy_ocms_code_N22000350,0
legacy_ocms_code_N22000351,0
legacy_ocms_code_N22000356,0
legacy_ocms_code_N22000358,0
legacy_ocms_code_N22000360,0
legacy_ocms_code_N22000361,0
legacy_ocms_code_N22000362,0
legacy_ocms_code_N22000367,0
legacy_ocms_code_N22000368,0
legacy_ocms_code_N22000369,0
legacy_ocms_code_N22000376,0
legacy_ocms_code_N22000377,0
legacy_ocms_code_N22000379,0
legacy_ocms_code_N22000380,0
legacy_ocms_code_N22000381,0
legacy_ocms_code_N22000388,0
legacy_ocms_code_N22000396,0
legacy_ocms_code_N22000399,0
legacy_ocms_code_N22000406,0
legacy_ocms_code_N22000409,0
legacy_ocms_code_N22000416,0
legacy_ocms_code_N22000420,0
legacy_ocms_code_N22000434,0
legacy_ocms_code_N22000463,0
legacy_ocms_code_N22000464,0
legacy_ocms_code_N22000467,0
legacy_ocms_code_N22000468,0
legacy_ocms_code_N22000472,0
legacy_ocms_code_N22000473,0
legacy_ocms_code_N22000476,0
legacy_ocms_code_N22000480,0
legacy_ocms_code_N22000484,0
legacy_ocms_code_N22000486,0
legacy_ocms_code_N22000489,0
legacy_ocms_code_N22000495,0
legacy_ocms_code_N22000496,0
legacy_ocms_code_N22000501,0
legacy_ocms_code_N22000503,0
legacy_ocms_code_N22000506,0
legacy_ocms_code_N22000508,0
legacy_ocms_code_N22000513,0
legacy_ocms_code_N22000514,0
legacy_ocms_code_N22000516,0
legacy_ocms_code_N22000517,0
legacy_ocms_code_N22000520,0
legacy_ocms_code_N22000521,0
legacy_ocms_code_N22000524,0
legacy_ocms_code_N22000529,0
legacy_ocms_code_N22000532,0
legacy_ocms_code_N22000535,0
legacy_ocms_code_N22000536,0
legacy_ocms_code_N22000538,0
legacy_ocms_code_N22000539,0
legacy_ocms_code_N22000540,0
legacy_ocms_code_N22000541,0
legacy_ocms_code_N22000542,0
legacy_ocms_code_N22000543,0
legacy_ocms_code_N22000544,0
legacy_ocms_code_N22000545,0
legacy_ocms_code_N22000546,0
legacy_ocms_code_N22000550,0
legacy_ocms_code_N22000551,0
legacy_ocms_code_N22000553,0
legacy_ocms_code_N22000554,0
legacy_ocms_code_N22000557,0
legacy_ocms_code_N22000558,0
legacy_ocms_code_N22000559,0
legacy_ocms_code_N22000562,0
legacy_ocms_code_N22000563,0
legacy_ocms_code_N22000564,0
legacy_ocms_code_N22000565,0
legacy_ocms_code_N22000569,0
legacy_ocms_code_N22000572,0
legacy_ocms_code_N22000573,0
legacy_ocms_code_N22000574,0
legacy_ocms_code_N22000575,0
legacy_ocms_code_N22000576,0
legacy_ocms_code_N22000577,0
legacy_ocms_code_N22000579,0
legacy_ocms_code_N22000580,0
legacy_ocms_code_N22000583,0
legacy_ocms_code_N22000584,0
legacy_ocms_code_N22000585,0
legacy_ocms_code_N22000586,0
legacy_ocms_code_N22000587,0
legacy_ocms_code_N22000590,0
legacy_ocms_code_N22000592,0
legacy_ocms_code_N22000593,0
legacy_ocms_code_N22000595,0
legacy_ocms_code_N22000598,0
legacy_ocms_code_N22000601,0
legacy_ocms_code_N22000602,0
legacy_ocms_code_N22000604,0
legacy_ocms_code_N22000606,0
legacy_ocms_code_N22000607,0
legacy_ocms_code_N22000611,0
legacy_ocms_code_N22000615,0
legacy_ocms_code_N22000619,0
legacy_ocms_code_N22000620,0
legacy_ocms_code_N22000621,0
legacy_ocms_code_N22000622,0
legacy_ocms_code_N22000624,0
legacy_ocms_code_N22000626,0
legacy_ocms_code_N22000627,0
legacy_ocms_code_N22000629,0
legacy_ocms_code_N22000631,0
legacy_ocms_code_N24000182,0
legacy_ocms_code_N24000187,0
legacy_ocms_code_N24000319,0
legacy_ocms_code_N24000320,0
legacy_ocms_code_N24000331,0
legacy_ocms_code_N24000382,0
legacy_ocms_code_N24000431,0
legacy_ocms_code_N24000438,0
legacy_ocms_code_N24000462,0
legacy_ocms_code_N24000480,0
legacy_ocms_code_N24000507,0
legacy_ocms_code_N24000513,0
legacy_ocms_code_N24000515,0
legacy_ocms_code_N24000569,0
legacy_ocms_code_N24000579,0
legacy_ocms_code_N24000582,0
legacy_ocms_code_N24000583,0
legacy_ocms_code_N24000584,0
legacy_ocms_code_N24000585,0
legacy_ocms_code_N24000592,0
legacy_ocms_code_N24000613,0
legacy_ocms_code_N24000619,0
legacy_ocms_code_N24000656,0
legacy_ocms_code_N24000665,0
legacy_ocms_code_N24000714,0
legacy_ocms_code_N24000715,0
legacy_ocms_code_N24000723,0
legacy_ocms_code_N24000726,0
legacy_ocms_code_N24000733,0
legacy_ocms_code_N24000734,0
legacy_ocms_code_N24000738,0
legacy_ocms_code_N24000763,0
legacy_ocms_code_N24000765,0
legacy_ocms_code_N24000779,0
legacy_ocms_code_N24000781,0
legacy_ocms_code_N24000784,0
legacy_ocms_code_N24000788,0
legacy_ocms_code_N24000795,0
legacy_ocms_code_N24000811,0
legacy_ocms_code_N24000813,0
legacy_ocms_code_N24000826,0
legacy_ocms_code_N24000834,0
legacy_ocms_code_N24000852,0
legacy_ocms_code_N24000855,0
legacy_ocms_code_N24000857,0
legacy_ocms_code_N24000861,0
legacy_ocms_code_N24000865,0
legacy_ocms_code_N24000868,0
legacy_ocms_code_N24000874,0
legacy_ocms_code_N24000937,0
legacy_ocms_code_N24000943,0
legacy_ocms_code_N24000946,0
legacy_ocms_code_N24000964,0
legacy_ocms_code_N24000979,0
legacy_ocms_code_N24000981,0
legacy_ocms_code_N24000983,0
legacy_ocms_code_N24000987,0
legacy_ocms_code_N24000989,0
legacy_ocms_code_N24000994,0
legacy_ocms_code_N24000997,0
legacy_ocms_code_N24001057,0
legacy_ocms_code_N24001060,0
legacy_ocms_code_N24001082,0
legacy_ocms_code_N24001106,0
legacy_ocms_code_N24001107,0
legacy_ocms_code_N24001112,0
legacy_ocms_code_N24001122,0
legacy_ocms_code_N24001123,0
legacy_ocms_code_N24001134,0
legacy_ocms_code_N24001201,0
legacy_ocms_code_N24001227,0
legacy_ocms_code_N24001246,0
legacy_ocms_code_N24001251,0
legacy_ocms_code_N24001252,0
legacy_ocms_code_N24001255,0
legacy_ocms_code_N24001256,0
legacy_ocms_code_N24001257,0
legacy_ocms_code_N24001258,0
legacy_ocms_code_N24001261,0
legacy_ocms_code_N24001262,0
legacy_ocms_code_N24001263,0
legacy_ocms_code_N24001264,0
legacy_ocms_code_N24001266,0
legacy_ocms_code_N24001269,0
legacy_ocms_code_N24001270,0
legacy_ocms_code_N24001274,0
legacy_ocms_code_N24001278,0
legacy_ocms_code_N24001282,0
legacy_ocms_code_N24001287,0
legacy_ocms_code_N24001288,0
legacy_ocms_code_N24001297,0
legacy_ocms_code_N24001313,0
legacy_ocms_code_N24001314,0
legacy_ocms_code_N24001323,0
legacy_ocms_code_N24001326,0
legacy_ocms_code_N24001327,0
legacy_ocms_code_N24001331,0
legacy_ocms_code_N24001332,0
legacy_ocms_code_N24001334,0
legacy_ocms_code_N24001335,0
legacy_ocms_code_N24001336,0
legacy_ocms_code_N24001337,0
legacy_ocms_code_N24001338,0
legacy_ocms_code_N24001341,0
legacy_ocms_code_N24001344,0
legacy_ocms_code_N24001345,0
legacy_ocms_code_N24001348,0
legacy_ocms_code_N24001349,0
legacy_ocms_code_N24001350,0
legacy_ocms_code_N24001354,0
legacy_ocms_code_N24001358,0
legacy_ocms_code_N24001359,0
legacy_ocms_code_N24001362,0
legacy_ocms_code_N24001369,0
legacy_ocms_code_N24001371,0
legacy_ocms_code_N24001375,0
legacy_ocms_code_N24001390,0
legacy_ocms_code_N24001393,0
legacy_ocms_code_N24001394,0
legacy_ocms_code_N24001395,0
legacy_ocms_code_N24001396,0
legacy_ocms_code_N24001400,0
legacy_ocms_code_N24001403,0
legacy_ocms_code_N24001406,0
legacy_ocms_code_N24001411,0
legacy_ocms_code_N24001416,0
legacy_ocms_code_N24001417,0
legacy_ocms_code_N24001418,0
legacy_ocms_code_N24001419,0
legacy_ocms_code_N24001420,0
legacy_ocms_code_N24001421,0
legacy_ocms_code_N24001425,0
legacy_ocms_code_N24001429,0
legacy_ocms_code_N24001431,0
legacy_ocms_code_N24001434,0
legacy_ocms_code_N24001436,0
legacy_ocms_code_N24001437,0
legacy_ocms_code_N24001438,0
legacy_ocms_code_N24001441,0
legacy_ocms_code_N24001442,0
legacy_ocms_code_N24001445,0
legacy_ocms_code_N24001446,0
legacy_ocms_code_N24001447,0
legacy_ocms_code_N24001450,0
legacy_ocms_code_N24001457,0
legacy_ocms_code_N24001461,0
legacy_ocms_code_N24001465,0
legacy_ocms_code_N24001466,0
legacy_ocms_code_N24001470,0
legacy_ocms_code_N24001471,0
legacy_ocms_code_N24001473,0
legacy_ocms_code_N24001474,0
legacy_ocms_code_N24001477,0
legacy_ocms_code_N24001479,0
legacy_ocms_code_N24001482,0
legacy_ocms_code_N24001483,0
legacy_ocms_code_N24001484,0
legacy_ocms_code_N24001486,0
legacy_ocms_code_N24001493,0
legacy_ocms_code_N24001495,0
legacy_ocms_code_N24001502,0
legacy_ocms_code_N24001506,0
legacy_ocms_code_N24001507,0
legacy_ocms_code_N24001508,0
legacy_ocms_code_N24001511,0
legacy_ocms_code_N24001515,0
legacy_ocms_code_N24001519,0
legacy_ocms_code_N24001520,0
legacy_ocms_code_N24001521,0
legacy_ocms_code_N24001522,0
legacy_ocms_code_N24001526,0
legacy_ocms_code_N24001527,0
legacy_ocms_code_N24001528,0
legacy_ocms_code_N24001535,0
legacy_ocms_code_N24001537,0
legacy_ocms_code_N24001543,0
legacy_ocms_code_N24001545,0
legacy_ocms_code_N24001546,0
legacy_ocms_code_N24001547,0
legacy_ocms_code_N24001550,0
legacy_ocms_code_N24001551,0
legacy_ocms_code_N24001552,0
legacy_ocms_code_N24001555,0
legacy_ocms_code_N24001556,0
legacy_ocms_code_N24001558,0
legacy_ocms_code_N24001563,0
legacy_ocms_code_N24001564,0
legacy_ocms_code_N24001567,0
legacy_ocms_code_N24001587,0
legacy_ocms_code_N24001588,0
legacy_ocms_code_N24001589,0
legacy_ocms_code_N24001593,0
legacy_ocms_code_N24001595,0
legacy_ocms_code_N24001596,0
legacy_ocms_code_N24001598,0
legacy_ocms_code_N24001599,0
legacy_ocms_code_N24001601,0
legacy_ocms_code_N24001602,0
legacy_ocms_code_N24001605,0
legacy_ocms_code_N24001606,0
legacy_ocms_code_N24001607,0
legacy_ocms_code_N24001608,0
legacy_ocms_code_N24001609,0
legacy_ocms_code_N24001611,0
legacy_ocms_code_N24001612,0
legacy_ocms_code_N24001614,0
legacy_ocms_code_N24001619,0
legacy_ocms_code_N24001621,0
legacy_ocms_code_N24001622,0
legacy_ocms_code_N24001626,0
legacy_ocms_code_N24001627,0
legacy_ocms_code_N24001628,0
legacy_ocms_code_N24001629,0
legacy_ocms_code_N24001630,0
legacy_ocms_code_N24001632,0
legacy_ocms_code_N24001635,0
legacy_ocms_code_N24001637,0
legacy_ocms_code_N24001639,0
legacy_ocms_code_N24001640,0
legacy_ocms_code_N24001642,0
legacy_ocms_code_N24001643,0
legacy_ocms_code_N24001644,0
legacy_ocms_code_N24001647,0
legacy_ocms_code_N24001648,0
legacy_ocms_code_N24001649,0
legacy_ocms_code_N24001651,0
legacy_ocms_code_N24001652,0
legacy_ocms_code_N24001653,0
legacy_ocms_code_N24001655,0
legacy_ocms_code_N24001656,0
legacy_ocms_code_N24001657,0
legacy_ocms_code_N24001658,0
legacy_ocms_code_N24001659,0
legacy_ocms_code_N24001660,0
legacy_ocms_code_N24001661,0
legacy_ocms_code_N24001664,0
legacy_ocms_code_N24001665,0
legacy_ocms_code_N24001667,0
legacy_ocms_code_N24001668,0
legacy_ocms_code_N24001674,0
legacy_ocms_code_N24001676,0
legacy_ocms_code_N24001677,0
legacy_ocms_code_N24001678,0
legacy_ocms_code_N24001680,0
legacy_ocms_code_N24001681,0
legacy_ocms_code_N24001682,0
legacy_ocms_code_N24001687,0
legacy_ocms_code_N24001693,0
legacy_ocms_code_N24001694,0
legacy_ocms_code_N24001697,0
legacy_ocms_code_N24001699,0
legacy_ocms_code_N24001703,0
legacy_ocms_code_N24001709,0
legacy_ocms_code_N24001717,0
legacy_ocms_code_N24001718,0
legacy_ocms_code_N24001719,0
legacy_ocms_code_N24001720,0
legacy_ocms_code_N24001721,0
legacy_ocms_code_N24001723,0
legacy_ocms_code_N24001730,0
legacy_ocms_code_N24001732,0
legacy_ocms_code_N24001733,0
legacy_ocms_code_N24001734,0
legacy_ocms_code_N24001735,0
legacy_ocms_code_N24001738,0
legacy_ocms_code_N24001745,0
legacy_ocms_code_N24001749,0
legacy_ocms_code_N24001750,0
legacy_ocms_code_N24001753,0
legacy_ocms_code_N24001754,0
legacy_ocms_code_N24001759,0
legacy_ocms_code_N24001766,0
legacy_ocms_code_N24001767,0
legacy_ocms_code_N24001772,0
legacy_ocms_code_N24001774,0
legacy_ocms_code_N24001777,0
legacy_ocms_code_N24001781,0
legacy_ocms_code_N24001785,0
legacy_ocms_code_N24001786,0
legacy_ocms_code_N24001792,0
legacy_ocms_code_N24001794,0
legacy_ocms_code_N24001798,0
legacy_ocms_code_N24001799,0
legacy_ocms_code_N24001804,0
legacy_ocms_code_N24001808,0
legacy_ocms_code_N24001810,0
legacy_ocms_code_N24001812,0
legacy_ocms_code_N24001818,0
legacy_ocms_code_N24001819,0
legacy_ocms_code_N24001821,0
legacy_ocms_code_N24001823,0
legacy_ocms_code_N24001824,0
legacy_ocms_code_N24001826,0
legacy_ocms_code_N24001830,0
legacy_ocms_code_N24001831,0
legacy_ocms_code_N24001834,0
legacy_ocms_code_N24001835,0
legacy_ocms_code_N24001836,0
legacy_ocms_code_N24001837,0
legacy_ocms_code_N24001838,0
legacy_ocms_code_N24001840,0
legacy_ocms_code_N24001841,0
legacy_ocms_code_N24001842,0
legacy_ocms_code_N24001843,0
legacy_ocms_code_N24001844,0
legacy_ocms_code_N24001845,0
legacy_ocms_code_N24001846,0
legacy_ocms_code_N24001847,0
legacy_ocms_code_N24001848,0
legacy_ocms_code_N24001849,0
legacy_ocms_code_N24001850,0
legacy_ocms_code_N24001853,0
legacy_ocms_code_N24001854,0
legacy_ocms_code_N24001856,0
legacy_ocms_code_N24001858,0
legacy_ocms_code_N24001859,0
legacy_ocms_code_N24001861,0
legacy_ocms_code_N24001862,0
legacy_ocms_code_N24001865,0
legacy_ocms_code_N24001870,0
legacy_ocms_code_N24001876,0
legacy_ocms_code_N24001877,0
legacy_ocms_code_N24001878,0
legacy_ocms_code_N24001879,0
legacy_ocms_code_N24001882,0
legacy_ocms_code_N24001884,0
legacy_ocms_code_N24001898,0
legacy_ocms_code_N24001899,0
legacy_ocms_code_N24001901,0
legacy_ocms_code_N24001903,0
legacy_ocms_code_N24001904,0
legacy_ocms_code_N24001907,0
legacy_ocms_code_N24001908,0
legacy_ocms_code_N24001912,0
legacy_ocms_code_N24001914,0
legacy_ocms_code_N24001915,0
legacy_ocms_code_N24001916,0
legacy_ocms_code_N24001921,0
legacy_ocms_code_N24001922,0
legacy_ocms_code_N24001923,0
legacy_ocms_code_N24001925,0
legacy_ocms_code_N24001926,0
legacy_ocms_code_N24001928,0
legacy_ocms_code_N24001934,0
legacy_ocms_code_N24001938,0
legacy_ocms_code_N24001940,0
legacy_ocms_code_N24001941,0
legacy_ocms_code_N24001944,0
legacy_ocms_code_N24001948,0
legacy_ocms_code_N24001957,0
legacy_ocms_code_N24001958,0
legacy_ocms_code_N24001960,0
legacy_ocms_code_N24001961,0
legacy_ocms_code_N24001963,0
legacy_ocms_code_N24001964,0
legacy_ocms_code_N24001965,0
legacy_ocms_code_N24001967,0
legacy_ocms_code_N24001968,0
legacy_ocms_code_N24001969,0
legacy_ocms_code_N24001970,0
legacy_ocms_code_N24001971,0
legacy_ocms_code_N24001974,0
legacy_ocms_code_N24001976,0
legacy_ocms_code_N24001977,0
legacy_ocms_code_N24001978,0
legacy_ocms_code_N24001979,0
legacy_ocms_code_N24001980,0
legacy_ocms_code_N24001981,0
legacy_ocms_code_N24001983,0
legacy_ocms_code_N24001985,0
legacy_ocms_code_N24001986,0
legacy_ocms_code_N24001988,0
legacy_ocms_code_N24001989,0
legacy_ocms_code_N24001994,0
legacy_ocms_code_N24001997,0
legacy_ocms_code_N24001998,0
legacy_ocms_code_N24001999,0
legacy_ocms_code_N24002001,0
legacy_ocms_code_N24002003,0
legacy_ocms_code_N24002004,0
legacy_ocms_code_N24002005,0
legacy_ocms_code_N24002007,0
legacy_ocms_code_N24002008,0
legacy_ocms_code_N24002009,0
legacy_ocms_code_N24002010,0
legacy_ocms_code_N24002011,0
legacy_ocms_code_N24002012,0
legacy_ocms_code_N24002014,0
legacy_ocms_code_N24002015,0
legacy_ocms_code_N24002016,0
legacy_ocms_code_N24002017,0
legacy_ocms_code_N24002019,0
legacy_ocms_code_N24002020,0
legacy_ocms_code_N24002021,0
legacy_ocms_code_N24002022,0
legacy_ocms_code_N24002023,0
legacy_ocms_code_N24002025,0
legacy_ocms_code_N24002027,0
legacy_ocms_code_N24002030,0
legacy_ocms_code_N24002031,0
legacy_ocms_code_N24002033,0
legacy_ocms_code_N24002035,0
legacy_ocms_code_N24002036,0
legacy_ocms_code_N24002040,0
legacy_ocms_code_N24002042,0
legacy_ocms_code_N24002043,0
legacy_ocms_code_N24002045,0
legacy_ocms_code_N24002046,0
legacy_ocms_code_N24002048,0
legacy_ocms_code_N24002049,0
legacy_ocms_code_N24002050,0
legacy_ocms_code_N24002051,0
legacy_ocms_code_N24002052,0
legacy_ocms_code_N24002054,0
legacy_ocms_code_N24002055,0
legacy_ocms_code_N24002056,0
legacy_ocms_code_N24002058,0
legacy_ocms_code_N24002059,0
legacy_ocms_code_N24002060,0
legacy_ocms_code_N24002061,0
legacy_ocms_code_N24002062,0
legacy_ocms_code_N24002063,0
legacy_ocms_code_N24002064,0
legacy_ocms_code_N24002065,0
legacy_ocms_code_N24002066,0
legacy_ocms_code_N24002068,0
legacy_ocms_code_N24002070,0
legacy_ocms_code_N24002071,0
legacy_ocms_code_N24002074,0
legacy_ocms_code_N24002075,0
legacy_ocms_code_N24002076,0
legacy_ocms_code_N24002077,0
legacy_ocms_code_N24002079,0
legacy_ocms_code_N24002080,0
legacy_ocms_code_N24002081,0
legacy_ocms_code_N24002082,0
legacy_ocms_code_N24002083,0
legacy_ocms_code_N24002084,0
legacy_ocms_code_N24002086,0
legacy_ocms_code_N24002087,0
legacy_ocms_code_N24002089,0
legacy_ocms_code_N24002090,0
legacy_ocms_code_N24002091,0
legacy_ocms_code_N24002093,0
legacy_ocms_code_N24002094,0
legacy_ocms_code_N24002095,0
legacy_ocms_code_N24002096,0
legacy_ocms_code_N24002098,0
legacy_ocms_code_N24002100,0
legacy_ocms_code_N24002101,0
legacy_ocms_code_N24002102,0
legacy_ocms_code_N24002104,0
legacy_ocms_code_N24002105,0
legacy_ocms_code_N24002109,0
legacy_ocms_code_N24002110,0
legacy_ocms_code_N24002111,0
legacy_ocms_code_N24002113,0
legacy_ocms_code_N24002115,0
legacy_ocms_code_N24002116,0
legacy_ocms_code_N24002118,0
legacy_ocms_code_N24002119,0
legacy_ocms_code_N24002121,0
legacy_ocms_code_N24002122,0
legacy_ocms_code_N24002123,0
legacy_ocms_code_N24002124,0
legacy_ocms_code_N24002125,0
legacy_ocms_code_N24002126,0
legacy_ocms_code_N24002127,0
legacy_ocms_code_N24002128,0
legacy_ocms_code_N24002129,0
legacy_ocms_code_N24002130,0
legacy_ocms_code_N24002131,0
legacy_ocms_code_N24002132,0
legacy_ocms_code_N24002135,0
legacy_ocms_code_N24002136,0
legacy_ocms_code_N24002142,0
legacy_ocms_code_N24002145,0
legacy_ocms_code_N24002148,0
legacy_ocms_code_N24002150,0
legacy_ocms_code_N24002154,0
legacy_ocms_code_N24002155,0
legacy_ocms_code_N24002156,0
legacy_ocms_code_N24002157,0
legacy_ocms_code_N24002158,0
legacy_ocms_code_N24002159,0
legacy_ocms_code_N24002160,0
legacy_ocms_code_N24002161,0
legacy_ocms_code_N24002162,0
legacy_ocms_code_N24002163,0
legacy_ocms_code_N24002164,0
legacy_ocms_code_N24002165,0
legacy_ocms_code_N24002167,0
legacy_ocms_code_N24002168,0
legacy_ocms_code_N24002169,0
legacy_ocms_code_N24002170,0
legacy_ocms_code_N24002173,0
legacy_ocms_code_N24002175,0
legacy_ocms_code_N24002178,0
legacy_ocms_code_N24002179,0
legacy_ocms_code_N24002180,0
legacy_ocms_code_N24002181,0
legacy_ocms_code_N24002182,0
legacy_ocms_code_N24002183,0
legacy_ocms_code_N24002185,0
legacy_ocms_code_N24002193,0
legacy_ocms_code_N24002194,0
legacy_ocms_code_N24002197,0
legacy_ocms_code_N24002198,0
legacy_ocms_code_N24002199,0
legacy_ocms_code_N24002201,0
legacy_ocms_code_N24002202,0
legacy_ocms_code_N24002204,0
legacy_ocms_code_N24002205,0
legacy_ocms_code_N24002206,0
legacy_ocms_code_N24002211,0
legacy_ocms_code_N24002213,0
legacy_ocms_code_N24002214,0
legacy_ocms_code_N24002222,0
legacy_ocms_code_N24002223,0
legacy_ocms_code_N24002224,0
legacy_ocms_code_N24002225,0
legacy_ocms_code_N24002226,0
legacy_ocms_code_N24002227,0
legacy_ocms_code_N24002228,0
legacy_ocms_code_N24002229,0
legacy_ocms_code_N24002233,0
legacy_ocms_code_N24002234,0
legacy_ocms_code_N24002235,0
legacy_ocms_code_N24002237,0
legacy_ocms_code_N24002238,0
legacy_ocms_code_N24002239,0
legacy_ocms_code_N24002240,0
legacy_ocms_code_N24002241,0
legacy_ocms_code_N24002242,0
legacy_ocms_code_N24002243,0
legacy_ocms_code_N24002244,0
legacy_ocms_code_N24002245,0
legacy_ocms_code_N25000072,0
legacy_ocms_code_N26000116,0
legacy_ocms_code_N26000117,0
legacy_ocms_code_N28000058,0
legacy_ocms_code_N28000086,0
legacy_ocms_code_N28000115,0
legacy_ocms_code_N28000124,0
legacy_ocms_code_N28000125,0
legacy_ocms_code_N28000126,0
legacy_ocms_code_N28000130,0
legacy_ocms_code_N28000135,0
legacy_ocms_code_N28000138,0
legacy_ocms_code_N28000140,0
legacy_ocms_code_N28000142,0
legacy_ocms_code_N28000144,0
legacy_ocms_code_N28000145,0
legacy_ocms_code_N28000146,0
legacy_ocms_code_N28000148,0
legacy_ocms_code_N28000150,0
legacy_ocms_code_N28000151,0
legacy_ocms_code_N28000155,0
legacy_ocms_code_N28000157,0
legacy_ocms_code_N28000158,0
legacy_ocms_code_N28000160,0
legacy_ocms_code_N30000002,0
legacy_ocms_code_N30000026,0
legacy_ocms_code_N30000027,0
legacy_ocms_code_N30000035,0
legacy_ocms_code_N30000042,0
legacy_ocms_code_N30000050,0
legacy_ocms_code_N30000051,0
legacy_ocms_code_N42000001,0
legacy_ocms_code_N42000008,0
legacy_ocms_code_N42000011,0
legacy_ocms_code_N44000002,0
legacy_ocms_code_Unknown,0
pmgid_9763,0
pmgid_10000,0
pmgid_10009,0
pmgid_10010,0
pmgid_10080,0
pmgid_10102,0
pmgid_10104,0
pmgid_10126,0
pmgid_10127,0
pmgid_10132,0
pmgid_10133,0
pmgid_10135,0
pmgid_10136,0
pmgid_10137,0
pmgid_10140,0
pmgid_10142,0
pmgid_10144,0
pmgid_10145,0
pmgid_10147,0
pmgid_10148,0
pmgid_10149,0
pmgid_10150,0
pmgid_10151,0
pmgid_10152,0
pmgid_10153,0
pmgid_10154,0
pmgid_10157,0
pmgid_10158,0
pmgid_10159,0
pmgid_10160,0
pmgid_10166,0
pmgid_10169,0
pmgid_10170,0
pmgid_10171,0
pmgid_10172,0
pmgid_10173,0
pmgid_10174,0
pmgid_10175,0
pmgid_10178,0
pmgid_10183,0
pmgid_10184,0
pmgid_10185,0
pmgid_10186,0
pmgid_10187,0
pmgid_10193,0
pmgid_10195,0
pmgid_10196,0
pmgid_10197,0
pmgid_10198,0
pmgid_10199,0
pmgid_10200,0
pmgid_10201,0
pmgid_10202,0
pmgid_10204,0
pmgid_10205,0
pmgid_10206,0
pmgid_10207,0
pmgid_10209,0
pmgid_10210,0
pmgid_10211,0
pmgid_10217,0
pmgid_10218,0
pmgid_10219,0
pmgid_10220,0
pmgid_10221,0
pmgid_10222,0
pmgid_10223,0
pmgid_10224,0
pmgid_10225,0
pmgid_10226,0
pmgid_10227,0
pmgid_10228,0
pmgid_10229,0
pmgid_10230,0
pmgid_10231,0
pmgid_10232,0
pmgid_10233,0
pmgid_10234,0
pmgid_10237,0
pmgid_10238,0
pmgid_10239,0
pmgid_10240,0
pmgid_10241,0
pmgid_10242,0
pmgid_10243,0
pmgid_10244,0
pmgid_10245,0
pmgid_10246,0
pmgid_10247,0
pmgid_10248,0
pmgid_10251,0
pmgid_10252,0
pmgid_10253,0
pmgid_10254,0
pmgid_10255,0
pmgid_10256,0
pmgid_10257,0
pmgid_10258,0
pmgid_10259,0
pmgid_10260,0
pmgid_10261,0
pmgid_10263,0
pmgid_10266,0
pmgid_10267,0
pmgid_10268,0
pmgid_10269,0
pmgid_10271,0
pmgid_10272,0
pmgid_10273,0
pmgid_10274,0
pmgid_10275,0
pmgid_10276,0
pmgid_10277,0
pmgid_10280,0
pmgid_10281,0
pmgid_10282,0
pmgid_10283,0
pmgid_10284,0
pmgid_10285,0
pmgid_10287,0
pmgid_10288,0
pmgid_10290,0
pmgid_10291,0
pmgid_10294,0
pmgid_10296,0
pmgid_10297,0
pmgid_10298,0
pmgid_10299,0
pmgid_10300,0
pmgid_10301,0
pmgid_10303,0
pmgid_10304,0
pmgid_10305,0
pmgid_10306,0
pmgid_10307,0
pmgid_10308,0
pmgid_10309,0
pmgid_10310,0
pmgid_10311,0
pmgid_10312,0
pmgid_10313,0
pmgid_10314,0
pmgid_10316,0
pmgid_10317,0
pmgid_10318,0
pmgid_10319,0
pmgid_10321,0
pmgid_10322,0
pmgid_10328,0
pmgid_10329,0
pmgid_10330,0
pmgid_10331,0
pmgid_10332,0
pmgid_10334,0
pmgid_10335,0
pmgid_10336,0
pmgid_10337,0
pmgid_10338,0
pmgid_10339,0
pmgid_10344,0
pmgid_10346,0
pmgid_10347,0
pmgid_10348,0
pmgid_10349,0
pmgid_10350,0
pmgid_10351,0
pmgid_10352,0
pmgid_10353,0
pmgid_10354,0
pmgid_10355,0
pmgid_10357,0
pmgid_10358,0
pmgid_10361,0
pmgid_10362,0
pmgid_10365,0
pmgid_10367,0
pmgid_10368,0
pmgid_10370,0
pmgid_10371,0
pmgid_10373,0
pmgid_10375,0
pmgid_10376,0
pmgid_10380,0
pmgid_10381,0
pmgid_10382,0
pmgid_10384,0
pmgid_10385,0
pmgid_10386,0
pmgid_10389,0
pmgid_10390,0
pmgid_10391,0
pmgid_10392,0
pmgid_10394,0
pmgid_10396,0
pmgid_10397,0
pmgid_10398,0
pmgid_10400,0
pmgid_10403,0
pmgid_10404,0
pmgid_10405,0
pmgid_10406,0
pmgid_10408,0
pmgid_10409,0
pmgid_10410,0
pmgid_10415,0
pmgid_10416,0
pmgid_10417,0
pmgid_10422,0
pmgid_10423,0
pmgid_10424,0
pmgid_10425,0
pmgid_10426,0
pmgid_10427,0
pmgid_10428,0
pmgid_10429,0
pmgid_10430,0
pmgid_10431,0
pmgid_10432,0
pmgid_10433,0
pmgid_10434,0
pmgid_10435,0
pmgid_10436,0
pmgid_10437,0
pmgid_10439,0
pmgid_10440,0
pmgid_10442,0
pmgid_10443,0
pmgid_10444,0
pmgid_10445,0
pmgid_10446,0
pmgid_10449,0
pmgid_10451,0
pmgid_10452,0
pmgid_10453,0
pmgid_10455,0
pmgid_10457,0
pmgid_10459,0
pmgid_10460,0
pmgid_10461,0
pmgid_10462,0
pmgid_10465,0
pmgid_10468,0
pmgid_10469,0
pmgid_10472,0
pmgid_10473,0
pmgid_10475,0
pmgid_10476,0
pmgid_10477,0
pmgid_10478,0
pmgid_10480,0
pmgid_10481,0
pmgid_10483,0
pmgid_10484,0
pmgid_10489,0
pmgid_10490,0
pmgid_10492,0
pmgid_10494,0
pmgid_10495,0
pmgid_10500,0
pmgid_10501,0
pmgid_10503,0
pmgid_10504,0
pmgid_10505,0
pmgid_10506,0
pmgid_10507,0
pmgid_10508,0
pmgid_10509,0
pmgid_10510,0
pmgid_10511,0
pmgid_10512,0
pmgid_10513,0
pmgid_10514,0
pmgid_10515,0
pmgid_10516,0
pmgid_10517,0
pmgid_10518,0
pmgid_10519,0
pmgid_10520,0
pmgid_10521,0
pmgid_10522,0
pmgid_10524,0
pmgid_10525,0
pmgid_10527,0
pmgid_10528,0
pmgid_10529,0
pmgid_10530,0
pmgid_10531,0
pmgid_10533,0
pmgid_10534,0
pmgid_10536,0
pmgid_10537,0
pmgid_10538,0
pmgid_10541,0
pmgid_10543,0
pmgid_10545,0
pmgid_10546,0
pmgid_10548,0
pmgid_10550,0
pmgid_10553,0
pmgid_10554,0
pmgid_10559,0
pmgid_10561,0
pmgid_10562,0
pmgid_10565,0
pmgid_10567,0
pmgid_10568,0
pmgid_10569,0
pmgid_10570,0
pmgid_10571,0
pmgid_10572,0
pmgid_10574,0
pmgid_10576,0
pmgid_10577,0
pmgid_10578,0
pmgid_10581,0
pmgid_10583,0
pmgid_10584,0
pmgid_10586,0
pmgid_10587,0
pmgid_10589,0
pmgid_10590,0
pmgid_10591,0
pmgid_10594,0
pmgid_10596,0
pmgid_10598,0
pmgid_10599,0
pmgid_10600,0
pmgid_10602,0
pmgid_10604,0
pmgid_10606,0
pmgid_10607,0
pmgid_10608,0
pmgid_10612,0
pmgid_10615,0
pmgid_10616,0
pmgid_10621,0
pmgid_10622,0
pmgid_10625,0
pmgid_10630,0
pmgid_10633,0
pmgid_10634,0
pmgid_10635,0
pmgid_10636,0
pmgid_10637,0
pmgid_10638,0
pmgid_10639,0
pmgid_10640,0
pmgid_10643,0
pmgid_10644,0
pmgid_10645,0
pmgid_10651,0
pmgid_10652,0
pmgid_10653,0
pmgid_10655,0
pmgid_10656,0
pmgid_10657,0
pmgid_10658,0
pmgid_10667,0
pmgid_10672,0
pmgid_10674,0
pmgid_10675,0
pmgid_10677,0
pmgid_10678,0
pmgid_10683,0
pmgid_10685,0
pmgid_10686,0
pmgid_10687,0
pmgid_10688,0
pmgid_10689,0
pmgid_10691,0
pmgid_10694,0
pmgid_10695,0
pmgid_10697,0
pmgid_10698,0
pmgid_10699,0
pmgid_10700,0
pmgid_10708,0
pmgid_10710,0
pmgid_10723,0
pmgid_10768,0
pmgid_10775,0
pmgid_10777,0
pmgid_10780,0
pmgid_10781,0
pmgid_10784,0
pmgid_10785,0
pmgid_10787,0
pmgid_10788,0
pmgid_10791,0
pmgid_10792,0
pmgid_10793,0
pmgid_10796,0
pmgid_10798,0
pmgid_10800,0
pmgid_10804,0
pmgid_10805,0
pmgid_10806,0
pmgid_10807,0
pmgid_11306,0
pmgid_11345,0
pmgid_11535,0
pmgid_11556,0
pmgid_11579,0
pmgid_11583,0
pmgid_11590,0
pmgid_11591,0
pmgid_11593,0
pmgid_11607,0
pmgid_11609,0
pmgid_11610,0
pmgid_11611,0
pmgid_11612,0
pmgid_11755,0
pmgid_11756,0
pmgid_11759,0
pmgid_11761,0
pmgid_11762,0
pmgid_11763,0
pmgid_11764,0
pmgid_11765,0
pmgid_11766,0
pmgid_11767,0
pmgid_11768,0
pmgid_11769,0
pmgid_11770,0
pmgid_11771,0
pmgid_11772,0
pmgid_11773,0
pmgid_11775,0
pmgid_11776,0
pmgid_11777,0
pmgid_11778,0
pmgid_11779,0
pmgid_11780,0
pmgid_11781,0
pmgid_11782,0
pmgid_11783,0
pmgid_11784,0
pmgid_11785,0
pmgid_11786,0
pmgid_11787,0
pmgid_11789,0
pmgid_11790,0
pmgid_11792,0
pmgid_11793,0
pmgid_11794,0
pmgid_11795,0
pmgid_11796,0
pmgid_11797,0
pmgid_11798,0
pmgid_11799,0
pmgid_11800,0
pmgid_11801,0
pmgid_11802,0
pmgid_11803,0
pmgid_11805,0
pmgid_11806,0
pmgid_11807,0
pmgid_11808,0
pmgid_11810,0
pmgid_11811,0
pmgid_11812,0
pmgid_11813,0
pmgid_11814,0
pmgid_11815,0
pmgid_11816,0
pmgid_11817,0
pmgid_11818,0
pmgid_11819,0
pmgid_11820,0
pmgid_11821,0
pmgid_11822,0
pmgid_1195,0
pmgid_1199,0
pmgid_1204,0
pmgid_1208,0
pmgid_12526,0
pmgid_1384,0
pmgid_1425,0
pmgid_1452,0
pmgid_1453,0
pmgid_1456,0
pmgid_1470,0
pmgid_1476,0
pmgid_1478,0
pmgid_1509,0
pmgid_1525,0
pmgid_1531,0
pmgid_1539,0
pmgid_1541,0
pmgid_1542,0
pmgid_1544,0
pmgid_1547,0
pmgid_1549,0
pmgid_1552,0
pmgid_1555,0
pmgid_1557,0
pmgid_157,0
pmgid_160,0
pmgid_1611,0
pmgid_1625,0
pmgid_1639,0
pmgid_1648,0
pmgid_1664,0
pmgid_1680,0
pmgid_1681,0
pmgid_1692,0
pmgid_1716,0
pmgid_1717,0
pmgid_1728,0
pmgid_1729,0
pmgid_1731,0
pmgid_1747,0
pmgid_1748,0
pmgid_1752,0
pmgid_1753,0
pmgid_1763,0
pmgid_1764,0
pmgid_1767,0
pmgid_1772,0
pmgid_1773,0
pmgid_1775,0
pmgid_1776,0
pmgid_1778,0
pmgid_1781,0
pmgid_1782,0
pmgid_1784,0
pmgid_1789,0
pmgid_1796,0
pmgid_1799,0
pmgid_1800,0
pmgid_1802,0
pmgid_1811,0
pmgid_1851,0
pmgid_1852,0
pmgid_1854,0
pmgid_1855,0
pmgid_1857,0
pmgid_1862,0
pmgid_1873,0
pmgid_1883,0
pmgid_189,0
pmgid_1904,0
pmgid_192,0
pmgid_1941,0
pmgid_1969,0
pmgid_2000,0
pmgid_2001,0
pmgid_2005,0
pmgid_2015,0
pmgid_2019,0
pmgid_2059,0
pmgid_2081,0
pmgid_2083,0
pmgid_2084,0
pmgid_2087,0
pmgid_2094,0
pmgid_2095,0
pmgid_2106,0
pmgid_2227,0
pmgid_2230,0
pmgid_2250,0
pmgid_2255,0
pmgid_2256,0
pmgid_2260,0
pmgid_2261,0
pmgid_2265,0
pmgid_2270,0
pmgid_2271,0
pmgid_2273,0
pmgid_2276,0
pmgid_2277,0
pmgid_2290,0
pmgid_2304,0
pmgid_2306,0
pmgid_2308,0
pmgid_2309,0
pmgid_2310,0
pmgid_2312,0
pmgid_2317,0
pmgid_2318,0
pmgid_2319,0
pmgid_2325,0
pmgid_2328,0
pmgid_2330,0
pmgid_2336,0
pmgid_2339,0
pmgid_2361,0
pmgid_2367,0
pmgid_2370,0
pmgid_2385,0
pmgid_2388,0
pmgid_2397,0
pmgid_2408,0
pmgid_2412,0
pmgid_2415,0
pmgid_2418,0
pmgid_2419,0
pmgid_2421,0
pmgid_2463,0
pmgid_2472,0
pmgid_2476,0
pmgid_2527,0
pmgid_2530,0
pmgid_2576,0
pmgid_2914,0
pmgid_2959,0
pmgid_2986,0
pmgid_2989,0
pmgid_2994,0
pmgid_2997,0
pmgid_3001,0
pmgid_3004,0
pmgid_3008,0
pmgid_3012,0
pmgid_3020,0
pmgid_3026,0
pmgid_3028,0
pmgid_3029,0
pmgid_3032,0
pmgid_3038,0
pmgid_3040,0
pmgid_3042,0
pmgid_3045,0
pmgid_3048,0
pmgid_3059,0
pmgid_3062,0
pmgid_3063,0
pmgid_3064,0
pmgid_3069,0
pmgid_3083,0
pmgid_3084,0
pmgid_3091,0
pmgid_3098,0
pmgid_3099,0
pmgid_3100,0
pmgid_3103,0
pmgid_3105,0
pmgid_3107,0
pmgid_3109,0
pmgid_3111,0
pmgid_3114,0
pmgid_3115,0
pmgid_3116,0
pmgid_3117,0
pmgid_3122,0
pmgid_3123,0
pmgid_3127,0
pmgid_3129,0
pmgid_3130,0
pmgid_3132,0
pmgid_3133,0
pmgid_3135,0
pmgid_3137,0
pmgid_3138,0
pmgid_3141,0
pmgid_3148,0
pmgid_3183,0
pmgid_3188,0
pmgid_3190,0
pmgid_3209,0
pmgid_3216,0
pmgid_3219,0
pmgid_3220,0
pmgid_3221,0
pmgid_3245,0
pmgid_3246,0
pmgid_3278,0
pmgid_3282,0
pmgid_3284,0
pmgid_3292,0
pmgid_3294,0
pmgid_3306,0
pmgid_3307,0
pmgid_3308,0
pmgid_3311,0
pmgid_3315,0
pmgid_3317,0
pmgid_3319,0
pmgid_3320,0
pmgid_3324,0
pmgid_3326,0
pmgid_3328,0
pmgid_3336,0
pmgid_3339,0
pmgid_3340,0
pmgid_3341,0
pmgid_3343,0
pmgid_3344,0
pmgid_3346,0
pmgid_3347,0
pmgid_3349,0
pmgid_3350,0
pmgid_3351,0
pmgid_3352,0
pmgid_3366,0
pmgid_3384,0
pmgid_3397,0
pmgid_3398,0
pmgid_3400,0
pmgid_3406,0
pmgid_3407,0
pmgid_3415,0
pmgid_3436,0
pmgid_3441,0
pmgid_3450,0
pmgid_3451,0
pmgid_3458,0
pmgid_3514,0
pmgid_371,0
pmgid_3802,0
pmgid_3803,0
pmgid_385,0
pmgid_386,0
pmgid_3892,0
pmgid_3895,0
pmgid_4049,0
pmgid_4074,0
pmgid_4076,0
pmgid_4077,0
pmgid_4121,0
pmgid_4122,0
pmgid_4123,0
pmgid_4177,0
pmgid_4195,0
pmgid_423,0
pmgid_4247,0
pmgid_4262,0
pmgid_4272,0
pmgid_4292,0
pmgid_4299,0
pmgid_4351,0
pmgid_4353,0
pmgid_4356,0
pmgid_4363,0
pmgid_4376,0
pmgid_4449,0
pmgid_4458,0
pmgid_4509,0
pmgid_4514,0
pmgid_4585,0
pmgid_4599,0
pmgid_4665,0
pmgid_4689,0
pmgid_4736,0
pmgid_4797,0
pmgid_4799,0
pmgid_4865,0
pmgid_4869,0
pmgid_4877,0
pmgid_4893,0
pmgid_4934,0
pmgid_501,0
pmgid_5039,0
pmgid_5062,0
pmgid_5163,0
pmgid_5205,0
pmgid_5237,0
pmgid_5256,0
pmgid_5341,0
pmgid_5366,0
pmgid_5430,0
pmgid_5435,0
pmgid_5448,0
pmgid_5449,0
pmgid_5465,0
pmgid_5478,0
pmgid_5489,0
pmgid_5490,0
pmgid_5491,0
pmgid_5493,0
pmgid_5494,0
pmgid_5495,0
pmgid_5500,0
pmgid_5504,0
pmgid_5506,0
pmgid_551,0
pmgid_5529,0
pmgid_5537,0
pmgid_5560,0
pmgid_5583,0
pmgid_5614,0
pmgid_5623,0
pmgid_5627,0
pmgid_5628,0
pmgid_5635,0
pmgid_5639,0
pmgid_5650,0
pmgid_5653,0
pmgid_5654,0
pmgid_5655,0
pmgid_5656,0
pmgid_5657,0
pmgid_5830,0
pmgid_612,0
pmgid_6128,0
pmgid_6129,0
pmgid_6133,0
pmgid_6134,0
pmgid_6135,0
pmgid_6244,0
pmgid_6251,0
pmgid_6252,0
pmgid_6253,0
pmgid_6254,0
pmgid_6256,0
pmgid_6257,0
pmgid_6258,0
pmgid_6259,0
pmgid_6260,0
pmgid_6261,0
pmgid_6262,0
pmgid_6263,0
pmgid_648,0
pmgid_650,0
pmgid_653,0
pmgid_6880,0
pmgid_6881,0
pmgid_7013,0
pmgid_7015,0
pmgid_7021,0
pmgid_7025,0
pmgid_7026,0
pmgid_7027,0
pmgid_7052,0
pmgid_7053,0
pmgid_7054,0
pmgid_7072,0
pmgid_7077,0
pmgid_7078,0
pmgid_7083,0
pmgid_7084,0
pmgid_7086,0
pmgid_7097,0
pmgid_7098,0
pmgid_7099,0
pmgid_7289,0
pmgid_7339,0
pmgid_7361,0
pmgid_7362,0
pmgid_7363,0
pmgid_7364,0
pmgid_7365,0
pmgid_7366,0
pmgid_7367,0
pmgid_7368,0
pmgid_739,0
pmgid_7414,0
pmgid_7488,0
pmgid_7489,0
pmgid_7490,0
pmgid_7491,0
pmgid_7514,0
pmgid_7527,0
pmgid_7529,0
pmgid_7530,0
pmgid_7531,0
pmgid_7532,0
pmgid_7543,0
pmgid_7544,0
pmgid_7545,0
pmgid_7567,0
pmgid_7569,0
pmgid_7570,0
pmgid_7573,0
pmgid_7584,0
pmgid_7585,0
pmgid_7607,0
pmgid_7619,0
pmgid_7620,0
pmgid_7621,0
pmgid_7627,0
pmgid_7629,0
pmgid_764,0
pmgid_7643,0
pmgid_7648,0
pmgid_771,0
pmgid_7735,0
pmgid_776,0
pmgid_778,0
pmgid_803,0
pmgid_870,0
pmgid_885,0
pmgid_943,0
pmgid_961,0
pmgid_9611,0
pmgid_966,0
pmgid_9687,0
pmgid_9702,0
pmgid_9706,0
pmgid_9722,0
pmgid_9725,0
pmgid_9743,0
pmgid_9756,0
pmgid_9761,0
pmgid_9922,0
pmgid_9923,0
pmgid_9925,0
pmgid_9926,0
pmgid_9928,0
pmgid_9929,0
pmgid_9931,0
pmgid_9932,0
pmgid_9943,0
pmgid_995,0
pmgid_9955,0
pmgid_9966,0
pmgid_9970,0
pmgid_9998,0
pmgid_9999,0
pmgid_9764,0
pmgid_9765,0
pmgid_9892,0
pmgid_9893,0
pmgid_9897,0
pmgid_9900,0
pmgid_9901,0
pmgid_9902,0
pmgid_9908,0
pmgid_9911,0
pmgid_9915,0
pmgid_9917,0
pmgid_9918,0
pmgid_9920,0
pmgid_9921,0
has_physical_progress,0
has_expenditure,0
