report_month,project_code,project_name,state,sector,ministry_final,agency_final,original_cost,expenditure,physical_progress,expenditure_ratio,previous_progress,progress_change,previous_expenditure,expenditure_change,progress_velocity,expenditure_velocity,previous_observations,months_observed,days_since_first_report,has_physical_progress,has_expenditure,has_original_cost,overrun_probability,overrun_probability_percent,risk_level
2026-07-01,602582,Dhaulasidh Hydro Electric Project [66 MW],Himachal Pradesh,Electricity Generation,Ministry of Power,(Satluj Jal Vidyut Nigam [SJVN] Thermal Limited),687.97,1159.67,79.59,168.5640362225097,77.51,2.0799999999999983,1107.31,52.36000000000013,0.0340983606557376,0.858360655737707,7,8,515,1,1,1,0.9970421,99.7,HIGH
2026-07-01,701408,Madhya Ganga canal Phase-II,Uttar Pradesh,Water Resources,"Department of Water Resources, River Development & GR",(Irrigation & Water Resources-UP),1060.67,4575.74,82.39,431.40090697389377,82.39,0.0,4575.74,0.0,0.0,0.0,7,8,515,1,1,1,0.9926104,99.26,HIGH
2026-07-01,701404,Kanupur Irrigation Project,Odisha,Water Resources,"Department of Water Resources, River Development & GR",(Irrigation and CAD-TG),989.43,2804.16,79.5,283.41166125951304,79.5,0.0,2804.16,0.0,0.0,0.0,7,8,515,1,1,1,0.99254733,99.25,HIGH
2026-07-01,701376,"Subernarekha Multipurpose Project, Jharkhand",Jharkhand,Water Resources,"Department of Water Resources, River Development & GR",(Department of Water Resources-JH),3807.77,6040.27,70.0,158.63011684004024,70.0,0.0,5999.8,40.470000000000255,0.0,0.6634426229508239,7,8,515,1,1,1,0.9918813,99.19,HIGH
2026-07-01,400103,Indiramma Flood Flow Canal Project,Telangana,Water Resources,"Department of Water Resources, River Development & GR",(Irrigation and CAD-TG),1331.3,4491.08,92.0,337.3454518140164,92.0,0.0,4491.08,0.0,0.0,0.0,7,8,515,1,1,1,0.991384,99.14,HIGH
2026-07-01,707050,Establishment of new GMC Porbandar,Gujarat,Healthcare,Ministry of Health & Family Welfare,"(Medical Education, Ministry of Health and Family Welfare)",325.0,936.64,81.0,288.19692307692304,78.0,3.0,934.64,2.0,0.0491803278688524,0.0327868852459016,2,3,515,1,1,1,0.99119395,99.12,HIGH
2026-07-01,602593,Luhri Stage-I Hydro Electric Project [210 MW],Himachal Pradesh,Electricity Generation,Ministry of Power,(Satluj Jal Vidyut Nigam [SJVN] Thermal Limited),1810.56,1958.25,52.13,108.15714475079534,51.32,0.8100000000000023,1924.48,33.76999999999998,0.0132786885245902,0.5536065573770489,7,8,515,1,1,1,0.9894874,98.95,HIGH
2026-07-01,705437,Manoharabad-Kothapalli New Rail Line [151 km],Telangana,Railways,Ministry of Railways,(South Central Railway [SCR] - II),1160.0,3073.41,72.02,264.9491379310345,72.01,0.0099999999999909,3040.86,32.54999999999973,0.0001639344262293,0.5336065573770447,7,8,515,1,1,1,0.9894084,98.94,HIGH
2026-07-01,603945,Integrated Anandpur Barrage Project,Odisha,Water Resources,"Department of Water Resources, River Development & GR",(Water Resources-OR),567.03,2776.23,62.85,489.6090153960108,62.85,0.0,2776.23,0.0,0.0,0.0,7,8,515,1,1,1,0.9894029,98.94,HIGH
2026-07-01,400301,Multi Product Pipeline from Irugur to Devangonthi,"Multi-States (Karnataka, Tamil Nadu)",Energy Storage,Ministry of Petroleum & Natural Gas,"(Department of Water Resources, River Development & GR)",678.0,1155.32,84.3,170.40117994100294,82.6,1.7000000000000028,1118.26,37.059999999999945,0.0278688524590164,0.6075409836065565,7,8,515,1,1,1,0.98875916,98.88,HIGH
2026-07-01,701228,Kochi - Koottanad - Bangalore - Mangalore Pipeline Phase-II,"Multi-States (Karnataka, Kerala, Tamil Nadu)",Oil & Gas,Ministry of Petroleum & Natural Gas,(Ministry of Petroleum & Natural Gas),2915.0,4856.3,97.0,166.59691252144083,96.6,0.4000000000000057,4790.3,66.0,0.0065573770491804,1.0819672131147542,7,8,515,1,1,1,0.98853344,98.85,HIGH
2026-07-01,707039,Establishment of new GMC Gangtok,Sikkim,Healthcare,Ministry of Health & Family Welfare,"(Medical Education, Ministry of Health and Family Welfare)",250.0,667.21,92.0,266.884,92.0,0.0,666.21,1.0,0.0,0.0163934426229508,2,3,515,1,1,1,0.9884356,98.84,HIGH
2026-07-01,705613,Third Line [new] between Kazipet - Balharshah with electrification [201.04 Km],"Multi-States (Maharashtra, Telangana)",Railways,Ministry of Railways,(South Central Railway [SCR] - II),2595.0,4154.83,94.8,160.10905587668594,94.7,0.0999999999999943,4141.26,13.569999999999707,0.0016393442622949,0.2224590163934378,7,8,515,1,1,1,0.9882373,98.82,HIGH
2026-07-01,701377,Upper Tunga Irrigation Project,Karnataka,Water Resources,"Department of Water Resources, River Development & GR",(Water Resources-KA),770.16,1515.6,99.32,196.79027734496728,99.32,0.0,1515.6,0.0,0.0,0.0,7,8,515,1,1,1,0.988086,98.81,HIGH
2026-07-01,705588,Janghai-Pratapgarh- Amethi,Uttar Pradesh,Railways,Ministry of Railways,(CAO/C/II/NR),722.0,1729.27,70.0,239.51108033241,70.0,0.0,1691.52,37.75,0.0,0.6188524590163934,7,8,515,1,1,1,0.987971,98.8,HIGH
2026-07-01,705357,Baramati Lonand New Line Project,Maharashtra,Railways,Ministry of Railways,(Central Railway),138.48,1039.72,60.0,750.8087810514154,60.0,0.0,1007.49,32.23000000000002,0.0,0.5283606557377052,7,8,515,1,1,1,0.9878021,98.78,HIGH
2026-07-01,701410,Relining of Rajasthan feeder and Sirhind Feeder canal,Punjab,Water Resources,"Department of Water Resources, River Development & GR",(Department of Water Resources-PB),1441.26,2342.05,95.0,162.5001734593342,90.0,5.0,2222.34,119.71000000000004,0.081967213114754,1.9624590163934432,7,8,515,1,1,1,0.9876352,98.76,HIGH
2026-07-01,602185,Tapovan-Vishnugad HEP [4x130 MW],Uttarakhand,Electricity Generation,Ministry of Power,(National Thermal Power Corporation [NTPC]),2978.0,7766.24,75.81,260.7871054398925,77.0,-1.1899999999999975,7715.24,51.0,-0.0195081967213114,0.8360655737704918,7,8,515,1,1,1,0.9876244,98.76,HIGH
2026-07-01,701372,Sardar Sarovar Project,Gujarat,Water Resources,"Department of Water Resources, River Development & GR","(Narmada and Water Resources, Water Supply and Kalpsar Department-GJ)",20718.17,31943.15,93.7,154.17939904924037,93.7,0.0,31860.86,82.29000000000087,0.0,1.3490163934426374,7,8,515,1,1,1,0.9868471,98.68,HIGH
2026-07-01,400298,Nadikudi - Srikalahasti New Line,Andhra Pradesh,Railways,Ministry of Railways,(South Central Railway [SCR] - II),2312.0,3119.31,55.02,134.9182525951557,55.01,0.0100000000000051,3069.35,49.96000000000004,0.0001639344262295,0.8190163934426236,7,8,515,1,1,1,0.98674077,98.67,HIGH
2026-07-01,705635,Trivandrum- Kanyakumari,"Multi-States (Kerala, Tamil Nadu)",Railways,Ministry of Railways,(Southern Railway [SR] - I),1432.0,3213.64,58.0,224.41620111731845,56.0,2.0,2909.77,303.8699999999999,0.0327868852459016,4.981475409836063,7,8,515,1,1,1,0.986702,98.67,HIGH
2026-07-01,705401,Murkongselek-Pasighat,"Multi-States (Arunachal Pradesh, Assam)",Railways,Ministry of Railways,(Northeast Frontier Railway [NFR] - II),435.0,887.87,72.0,204.1080459770115,68.0,4.0,853.0,34.870000000000005,0.0655737704918032,0.5716393442622951,7,8,515,1,1,1,0.9860939,98.61,HIGH
2026-07-01,702635,Construction of Bangalore Metro Rail Project Phase 2.,Karnataka,Urban Public Transport,Ministry of Housing & Urban Affairs,(Bengaluru Metro Rail),26405.14,29812.97,95.6,112.90593422341256,95.5,0.0999999999999943,29802.97,10.0,0.0016393442622949,0.1639344262295081,7,8,515,1,1,1,0.985171,98.52,HIGH
2026-07-01,705515,3rd & 4th Railway Line Project from Salegaon to Budhapank via Rajathgarh.,Odisha,Railways,Ministry of Railways,(East Coast Railway [ECoR] - II),1173.0,2138.09,90.0,182.2753623188406,89.0,1.0,2120.58,17.51000000000022,0.0163934426229508,0.2870491803278724,7,8,515,1,1,1,0.9845158,98.45,HIGH
2026-07-01,701406,Rajiv Bhima Lift Irrigation Scheme,Telangana,Water Resources,"Department of Water Resources, River Development & GR",(Irrigation and CAD-TG),1402.0,1839.76,100.0,131.22396576319545,100.0,0.0,1839.76,0.0,0.0,0.0,7,8,515,1,1,1,0.98435634,98.44,HIGH
2026-07-01,701398,Nardave Medium Irrigation Project,Maharashtra,Water Resources,"Department of Water Resources, River Development & GR",(Department of water resources-MH - II),211.46,879.16,74.0,415.7571171852832,72.59,1.4099999999999966,626.06,253.1,0.0231147540983606,4.149180327868853,7,8,515,1,1,1,0.98429257,98.43,HIGH
2026-07-01,705457,Ratlam-Mhow-Khandwa-Akola Gauge Conversion,"Multi-States (Madhya Pradesh, Maharashtra)",Railways,Ministry of Railways,(Western Railway [WR] - II),1656.25,4606.71,83.0,278.14098113207547,83.0,0.0,4606.71,0.0,0.0,0.0,7,8,515,1,1,1,0.9841739,98.42,HIGH
2026-07-01,705504,Doubling of Daund Manmad Line [247.6 km],Maharashtra,Railways,Ministry of Railways,(Central Railway),2081.27,3111.8,92.0,149.5144791401404,92.0,0.0,3077.28,34.51999999999998,0.0,0.565901639344262,7,8,515,1,1,1,0.98414177,98.41,HIGH
2026-07-01,605156,Rangit-IV HE Project [120 MW] executed by Jal Power Corporation Ltd. [JPCL] - A wholly owned subsidiary of NHPC Ltd. acquired through NCLT,Sikkim,Electricity Generation,Ministry of Power,(National Hydroelectric Power Corporation Limited [NHPC]),938.29,1691.2,97.34,180.24278208229867,96.53,0.8100000000000023,1625.93,65.26999999999998,0.0132786885245902,1.0699999999999996,7,8,515,1,1,1,0.9840057,98.4,HIGH
2026-07-01,619003,Solan - Kaithlighat Section of NH-22 Now NH-5 from Km. 106.139 to Km.129.05,Himachal Pradesh,Roads & Highways,Ministry of Road Transport & Highways,(NHAI),881.74,1345.12,90.11,152.55290675255745,90.11,0.0,652.04,693.0799999999999,0.0,11.361967213114752,2,3,515,1,1,1,0.983685,98.37,HIGH
2026-07-01,617374,"Dallirajhara - Rowghat New Rail Line Project, Phase-I",Chhattisgarh,Railways,Ministry of Railways,(Rail Vikas Nigam Limited),1516.45,2154.73,98.0,142.09040851989846,98.0,0.0,2124.32,30.40999999999985,0.0,0.498524590163932,5,6,515,1,1,1,0.9836226,98.36,HIGH
2026-07-01,706724,Guwahati Airport New Integrated Terminal Building Construction Project,Assam,Aviation & Aviation Infrastructure,Ministry of Civil Aviation,(Adani Airport Holdings Limited),1712.0,2660.15,99.3,155.38259345794393,98.0,1.2999999999999972,2627.39,32.76000000000022,0.021311475409836,0.5370491803278724,7,8,515,1,1,1,0.9834561,98.35,HIGH
2026-07-01,400102,Sri Ram Sagar Project Stage - II,Telangana,Water Resources,"Department of Water Resources, River Development & GR",(Irrigation and CAD-TG),736.13,971.47,97.0,131.96989662152066,97.0,0.0,971.47,0.0,0.0,0.0,7,8,515,1,1,1,0.98317486,98.32,HIGH
2026-07-01,705458,Miyagam-Karjan-Dabhoi-Samlaya [GC],Gujarat,Railways,Ministry of Railways,(Western Railway [WR] - II),483.88,723.52,45.0,149.52467553938993,45.0,0.0,716.47,7.0499999999999545,0.0,0.1155737704918025,7,8,515,1,1,1,0.98313004,98.31,HIGH
2026-07-01,400141,Expansion of Alumina Refinery Plant with addition of 5th Stream having capacity enhancement of 1.0 Million Tonee Per Annum,Odisha,Metals & Mining,Ministry of Mines,(National Aluminium Company Limited [NALCO]),4103.0,4985.07,95.2,121.49817206921765,94.2,1.0,4887.6,97.46999999999936,0.0163934426229508,1.5978688524590057,7,8,515,1,1,1,0.98308045,98.31,HIGH
2026-07-01,619202,Dwarka Expressway from Km -0.600 to Km 5.300 - Pkg-I Shivmurti Chowk-RuB near Dwarka Sector 21,Delhi,Roads & Highways,Ministry of Road Transport & Highways,(NHAI),2144.67,3329.23,98.8,155.23273976882223,98.8,0.0,3097.34,231.88999999999987,0.0,3.801475409836064,1,2,61,1,1,1,0.98294675,98.29,HIGH
2026-07-01,705633,Guntur-Guntakal Doubling Project,Andhra Pradesh,Railways,Ministry of Railways,(South Central Railway [SCR] - II),3733.0,5552.65,94.05,148.7449772301098,94.01,0.039999999999992,5523.6,29.049999999999272,0.0006557377049179,0.4762295081967094,7,8,515,1,1,1,0.9827087,98.27,HIGH
2026-07-01,705498,3rd Line Kalyan - Kasara [67.35 Kilometres],Maharashtra,Railways,Ministry of Railways,(Central Railway),792.89,1088.38,73.0,137.26746459155748,73.0,0.0,1077.37,11.010000000000218,0.0,0.1804918032786921,7,8,515,1,1,1,0.98233515,98.23,HIGH
2026-07-01,705506,3rd Line Manmad - Jalgaon [160 Kilometres],Maharashtra,Railways,Ministry of Railways,(Central Railway [CR] - II),1035.16,1843.54,100.0,178.09227559024689,100.0,0.0,1865.44,-21.90000000000009,0.0,-0.3590163934426244,7,8,515,1,1,1,0.9821983,98.22,HIGH
2026-07-01,701383,Waghur Project,Maharashtra,Water Resources,"Department of Water Resources, River Development & GR",(Department of water resources-MH - II),1058.99,1634.36,89.57,154.3319578088556,89.57,0.0,1557.82,76.53999999999996,0.0,1.254754098360655,7,8,515,1,1,1,0.98156977,98.16,HIGH
2026-07-01,706950,Hospet-Hubli-Vasco da Gama Line Electrification Project,"Multi-States (Goa, Karnataka)",Railways,Ministry of Railways,(RVNL),744.49,1163.32,99.7,156.25730365753736,99.65,0.0499999999999971,1163.14,0.1799999999998363,0.0008196721311474,0.0029508196721284,7,8,515,1,1,1,0.9811678,98.12,HIGH
2026-07-01,705453,"New line Dahod-Indore via Sardarpur, Jabuwa and Dhar","Multi-States (Gujarat, Madhya Pradesh)",Railways,Ministry of Railways,(Western Railway [WR] - II),456.07,4166.4,55.0,913.543973512838,55.0,0.0,4157.76,8.639999999999418,0.0,0.1416393442622855,7,8,515,1,1,1,0.9808662,98.09,HIGH
2026-07-01,705527,Sagauli-Valmiknagar,Bihar,Railways,Ministry of Railways,(East Central Railway [ECR] - I),1216.0,2102.51,93.0,172.90378289473688,92.8,0.2000000000000028,2097.52,4.9900000000002365,0.0032786885245902,0.0818032786885284,7,8,515,1,1,1,0.98062575,98.06,HIGH
2026-07-01,400111,Kelo Irrigation Project,Chhattisgarh,Water Resources,"Department of Water Resources, River Development & GR",(Water Resources-CT),459.97,620.15,73.0,134.82401026153877,72.0,1.0,618.85,1.2999999999999543,0.0163934426229508,0.0213114754098353,7,8,515,1,1,1,0.9803571,98.04,HIGH
2026-07-01,709839,Daman Upside Development Project,Offshore,Oil & Gas,Ministry of Petroleum & Natural Gas,(Oil and Natural Gas Corporation Limited [ONGC]),4144.41,6284.81,99.9,151.64546943955835,99.9,0.0,6136.43,148.3800000000001,0.0,2.4324590163934445,7,8,515,1,1,1,0.9802633,98.03,HIGH
2026-07-01,701386,Gosikhurd Project,Maharashtra,Water Resources,"Department of Water Resources, River Development & GR",(Department of water resources-MH - II),7196.47,14385.73,72.65,199.89981199115675,72.65,0.0,14339.36,46.36999999999898,0.0,0.7601639344262128,7,8,515,1,1,1,0.97988325,97.99,HIGH
2026-07-01,705505,4th Line Wardha - Nagpur [78.7 Kilometres],Maharashtra,Railways,Ministry of Railways,(Central Railway [CR] - II),637.95,1061.23,88.0,166.3500274316169,88.0,0.0,1047.02,14.210000000000036,0.0,0.2329508196721317,7,8,515,1,1,1,0.97973925,97.97,HIGH
2026-07-01,703586,Baiyyappanahalli - Hosur Doubling Project [48 km],"Multi-States (Karnataka, Tamil Nadu)",Railways,Ministry of Railways,(Karnataka Rail Infrastructure Development Company Limited [K-RIDE]),498.7,713.85,88.3,143.14216964106677,88.0,0.2999999999999971,698.51,15.340000000000032,0.0049180327868851,0.2514754098360661,7,8,515,1,1,1,0.97954035,97.95,HIGH
2026-07-01,611917,Poly Butadiene Rubber plant at Panipat,Haryana,Oil & Gas,Ministry of Petroleum & Natural Gas,(Indian Oil Corporation Limited [IOCL]),1459.0,1643.7,88.7,112.65935572309802,85.9,2.799999999999997,1473.41,170.28999999999996,0.0459016393442622,2.7916393442622947,7,8,515,1,1,1,0.9794957,97.95,HIGH
2026-07-01,705500,3rd Line Wardha - Sewagram - Nagpur,Maharashtra,Railways,Ministry of Railways,(Central Railway [CR] - II),540.02,842.78,88.0,156.06459020036294,88.0,0.0,835.39,7.389999999999986,0.0,0.1211475409836063,7,8,515,1,1,1,0.9793204,97.93,HIGH
2026-07-01,705375,Koderma-Tilaiya New Line,"Multi-States (Bihar, Jharkhand)",Railways,Ministry of Railways,(East Central Railway [ECR] - I),1626.0,2221.76,95.6,136.63960639606398,95.5,0.0999999999999943,2215.44,6.320000000000164,0.0016393442622949,0.1036065573770518,7,8,515,1,1,1,0.97895515,97.9,HIGH
2026-07-01,400100,Sardar Gouthu Latchanna Thotapalli Barrage Project,Andhra Pradesh,Water Resources,"Department of Water Resources, River Development & GR",(Water Resources-AP),353.05,879.15,95.88,249.0157201529528,95.88,0.0,872.65,6.5,0.0,0.1065573770491803,7,8,515,1,1,1,0.97875947,97.88,HIGH
2026-07-01,602195,Vishnugad Pipalkoti Hydro Electric Project [444 MW],Uttarakhand,Electricity Generation,Ministry of Power,(THDC India Limited),3860.35,5700.11,81.0,147.65785485772014,80.0,1.0,5429.35,270.7599999999993,0.0163934426229508,4.438688524590153,7,8,515,1,1,1,0.9786774,97.87,HIGH
2026-07-01,705253,Kurnool Coach Midlife Rehabilitation Project,Andhra Pradesh,Railways,Ministry of Railways,(South Central Railway [SCR] - II),563.0,959.27,75.01,170.3854351687389,75.0,0.0100000000000051,949.34,9.92999999999995,0.0001639344262295,0.1627868852459008,6,7,515,1,1,1,0.9780417,97.8,HIGH
2026-07-01,617302,Durgapur - Haldia Pipeline [Section-3B of JHBDPL Project],West Bengal,Oil & Gas,Ministry of Petroleum & Natural Gas,(Ministry of Petroleum & Natural Gas),1740.0,2375.1,95.2,136.5,94.7,0.5,2363.6,11.5,0.0081967213114754,0.1885245901639344,7,8,515,1,1,1,0.9773521,97.74,HIGH
2026-07-01,602184,Rammam-III HEPP [3x40 MW],West Bengal,Electricity Generation,Ministry of Power,(National Thermal Power Corporation [NTPC]),1381.84,1617.53,57.1,117.05624384878136,55.06,2.039999999999999,1568.56,48.97000000000003,0.0334426229508196,0.8027868852459021,7,8,515,1,1,1,0.97731394,97.73,HIGH
2026-07-01,604791,Numaligarh Refinery Expansion Project,Assam,Oil & Gas,Ministry of Petroleum & Natural Gas,(Ministry of Petroleum & Natural Gas),12366.0,20127.1,86.2,162.76160439915895,84.6,1.6000000000000083,19522.33,604.7699999999968,0.0262295081967214,9.914262295081915,7,8,515,1,1,1,0.97719234,97.72,HIGH
2026-07-01,400116,Bargi Diversion Project Phase - III [km. 104 to km 154],Madhya Pradesh,Water Resources,"Department of Water Resources, River Development & GR",(Water Resources-MP),1229.15,2240.05,81.52,182.24382703494285,81.42,0.0999999999999943,2190.05,50.0,0.0016393442622949,0.819672131147541,7,8,515,1,1,1,0.9763832,97.64,HIGH
2026-07-01,705481,Ramganj Mandi-Bhopal 262 km,"Multi-States (Madhya Pradesh, Rajasthan)",Railways,Ministry of Railways,(CPM/Kota WCR mor),3032.0,4498.51,86.0,148.36774406332452,81.0,5.0,4139.87,358.6400000000003,0.081967213114754,5.879344262295088,7,8,515,1,1,1,0.9752958,97.53,HIGH
2026-07-01,701402,"Subernarekha Project, Odisha",Odisha,Water Resources,"Department of Water Resources, River Development & GR","(Department of Water Resources, River Development & GR)",3055.88,8289.65,95.5,271.2688325457806,95.5,0.0,8060.82,228.82999999999996,0.0,3.751311475409835,1,2,61,1,1,1,0.9752489,97.52,HIGH
2026-07-01,705735,Solapur-tuljapur-Osmanabad,Maharashtra,Railways,Ministry of Railways,(Central Railway),904.92,1277.63,22.0,141.1870662600009,12.0,10.0,1216.56,61.07000000000016,0.1639344262295081,1.0011475409836093,7,8,515,1,1,1,0.97506964,97.51,HIGH
2026-07-01,705612,Kazipet-Vijayawada 3rd line with electrification [220 km],"Multi-States (Andhra Pradesh, Telangana)",Railways,Ministry of Railways,(South Central Railway [SCR] - II),1953.0,5192.51,95.02,265.873527905786,95.01,0.0099999999999909,5178.65,13.860000000000582,0.0001639344262293,0.2272131147541079,7,8,515,1,1,1,0.9748769,97.49,HIGH
2026-07-01,705373,"Fatuha-Islampur incl. MM for extn.of NL from Neora to Daniawan , Daniawan to Biharsharif, Biharsharif to Barbigha , Barbigha to Shekhpura",Bihar,Railways,Ministry of Railways,(East Central Railway [ECR] - I),1473.0,2712.19,98.2,184.1269517990496,98.0,0.2000000000000028,2641.14,71.05000000000018,0.0032786885245902,1.1647540983606588,7,8,515,1,1,1,0.97389966,97.39,HIGH
2026-07-01,709849,PRP-VIII Group B [NH & BS Asset],Offshore,Oil & Gas,Ministry of Petroleum & Natural Gas,(Ministry of Petroleum & Natural Gas),2379.84,2923.49,98.7,122.84397270404732,97.6,1.1000000000000083,2654.5,268.9899999999998,0.018032786885246,4.409672131147538,7,8,515,1,1,1,0.9735024,97.35,HIGH
2026-07-01,618549,Construction of twin tube tunnels on Jammu Kashmir Ring Road NH-244A Between Design Ch. 50600 to 51700 and design Ch. 53535 to 55700 on EPC mode under residual NHDP component of Bharatmala Pariyojna,Jammu and Kashmir,Roads & Highways,Ministry of Road Transport & Highways,(NHAI),242.65,677.46,83.87,279.19225221512465,83.87,0.0,655.27,22.19000000000005,0.0,0.3637704918032796,3,4,515,1,1,1,0.9731996,97.32,HIGH
2026-07-01,701391,Aruna Medium Irrigation Project,Maharashtra,Water Resources,"Department of Water Resources, River Development & GR",(Department of water resources-MH - II),210.45,1734.71,100.0,824.2860536944644,98.1,1.9000000000000057,1734.71,0.0,0.0311475409836066,0.0,7,8,515,1,1,1,0.9722126,97.22,HIGH
2026-07-01,400101,Gundlakamma project,Andhra Pradesh,Water Resources,"Department of Water Resources, River Development & GR",(Water Resources-AP),397.41,624.78,98.3,157.21295387634936,98.3,0.0,619.46,5.319999999999936,0.0,0.0872131147540973,7,8,515,1,1,1,0.97174275,97.17,HIGH
2026-07-01,618902,Maheshkunt-Saharsa-Purnea Pkg I km 0.00 to km. 90.00 of NH-107,Bihar,Roads & Highways,Ministry of Road Transport & Highways,(NHAI),662.44,1125.2,90.07,169.8568926997162,85.25,4.819999999999993,933.08,192.12,0.0790163934426228,3.149508196721312,3,4,515,1,1,1,0.97095966,97.1,HIGH
2026-07-01,705237,Western Dedicated Freight Corridor,"Multi-States (Gujarat, Haryana, Maharashtra, Rajasthan, Uttar Pradesh)",Railways,Ministry of Railways,(DFCCIL),51101.0,124623.0,96.0,243.87585370149316,96.0,0.0,124623.0,0.0,0.0,0.0,7,8,515,1,1,1,0.9703226,97.03,HIGH
2026-07-01,705632,Vijayawada - Kazipet Byepass line,"Multi-States (Andhra Pradesh, Telangana)",Railways,Ministry of Railways,(South Central Railway [SCR] - II),647.0,1249.39,93.6,193.10510046367853,95.01,-1.4100000000000108,1242.64,6.75,-0.0231147540983608,0.110655737704918,7,8,515,1,1,1,0.9685194,96.85,HIGH
2026-07-01,705502,3rd Line Wardha - Ballarshah [132 Kilometres],Maharashtra,Railways,Ministry of Railways,(Central Railway [CR] - II),1384.72,1841.71,86.0,133.00233982321336,98.0,-12.0,1813.52,28.19000000000005,-0.1967213114754098,0.4621311475409845,7,8,515,1,1,1,0.96847767,96.85,HIGH
2026-07-01,705358,Khurda-Bolangir New Broad Gauge Rail Link [301km],Odisha,Railways,Ministry of Railways,(East Coast Railway [ECoR] - II),3792.0,5789.53,92.5,152.67747890295357,92.0,0.5,5671.96,117.56999999999972,0.0081967213114754,1.927377049180323,7,8,515,1,1,1,0.9684326,96.84,HIGH
2026-07-01,705610,"Renigunta, Wadi & Gooty Bypass Railway Project","Multi-States (Andhra Pradesh, Karnataka)",Railways,Ministry of Railways,(South Central Railway [SCR] - II),302.0,636.74,89.04,210.841059602649,89.03,0.0100000000000051,635.72,1.0199999999999818,0.0001639344262295,0.0167213114754095,7,8,515,1,1,1,0.96836066,96.84,HIGH
2026-07-01,702637,Mumbai Metro Line 3,Maharashtra,Urban Public Transport,Ministry of Housing & Urban Affairs,(Mumbai Metro Rail Corporation Limited [MMRC]),23136.0,33648.26,97.86,145.43680843706778,97.79,0.0699999999999931,33526.69,121.56999999999972,0.0011475409836064,1.9929508196721264,7,8,515,1,1,1,0.96826273,96.83,HIGH
2026-07-01,602579,Buxar Thermal Power Project [1320 MW],Bihar,Electricity Generation,Ministry of Power,(Satluj Jal Vidyut Nigam [SJVN] Thermal Limited),10439.09,13606.72,94.94,130.3439284458703,94.33,0.6099999999999994,13370.07,236.64999999999964,0.0099999999999999,3.8795081967213054,7,8,515,1,1,1,0.96819264,96.82,HIGH
2026-07-01,707049,Establishment of new GMC Panchmahal,Gujarat,Healthcare,Ministry of Health & Family Welfare,"(Medical Education, Ministry of Health and Family Welfare)",325.0,457.34,87.5,140.72,87.5,0.0,455.34,2.0,0.0,0.0327868852459016,2,3,515,1,1,1,0.96796227,96.8,HIGH
2026-07-01,602223,Comprehensive Scheme for Strengthening of Transmission and Distribution [T&D] Systems [CSST&DS] in Arunachal Pradesh and Sikkim,"Multi-States (Arunachal Pradesh, Sikkim)",Transmission & Distribution,Ministry of Power,(Power Grid Corporation of India Limited [POWERGRID]),4754.42,8128.74,83.8,170.97227422061997,83.4,0.3999999999999915,8069.4,59.34000000000015,0.0065573770491801,0.972786885245904,7,8,515,1,1,1,0.96795255,96.8,HIGH
2026-07-01,705356,Ahmednagar - Beed - Parli - Vaijnath New Broad Gauge Line Railway Project [261.3 km],Maharashtra,Railways,Ministry of Railways,(Central Railway [CR] - II),2538.67,5233.2,93.0,206.1394352160777,98.0,-5.0,5180.78,52.42000000000007,-0.081967213114754,0.8593442622950832,7,8,515,1,1,1,0.9671646,96.72,HIGH
2026-07-01,706811,NMDC Slurry Pipeline Project Phase-1,Chhattisgarh,Steel,Ministry of Steel,(National Mineral Development Corporation Limited [NMDC]),2907.0,3639.5,95.2,125.19779841761265,94.1,1.1000000000000083,3607.64,31.860000000000127,0.018032786885246,0.5222950819672152,7,8,515,1,1,1,0.9667418,96.67,HIGH
2026-07-01,619153,4L of HP/Punjab Border - Mo from km. 11.00 to km. 42.00 of Old NH-20 New NH-154 Package-IA,Himachal Pradesh,Roads & Highways,Ministry of Road Transport & Highways,(NHAI),1002.11,819.71,67.66,81.79840536468052,60.06,7.599999999999994,537.04,282.6700000000001,0.1245901639344261,4.6339344262295095,2,3,515,1,1,1,0.9642344,96.42,HIGH
2026-07-01,705359,Talcher-Bimlagarh New Railway Line,Odisha,Railways,Ministry of Railways,(East Coast Railway [ECoR] - II),1928.0,2127.3,57.0,110.33713692946058,56.0,1.0,2120.08,7.220000000000255,0.0163934426229508,0.1183606557377091,7,8,515,1,1,1,0.96349126,96.35,HIGH
2026-07-01,707215,National Maritime Heritage Complex [NMHC] Phase-I,Gujarat,"Tourism, Hospitality & Wellness","Ministry of Ports, Shipping and Waterways",(Indian Port Rail & Ropeway Corporation Ltd. [IPRCL]),573.0,636.91,78.92,111.15357766143106,76.12,2.799999999999997,614.91,22.0,0.0459016393442622,0.360655737704918,7,8,515,1,1,1,0.9633127,96.33,HIGH
2026-07-01,705793,Raising of speed to 160 kmph/200 kmph on existing New Delhi-Mumbai route incl. Vadodara-Ahmedabad,"Multi-States (Delhi, Gujarat, Madhya Pradesh, Maharashtra, Rajasthan)",Railways,Ministry of Railways,(PCE/WR),6806.44,9480.86,66.32,139.29249357960992,66.32,0.0,9480.86,0.0,0.0,0.0,7,8,515,1,1,1,0.9597047,95.97,HIGH
2026-07-01,701415,Polavaram Irrigation Project,Andhra Pradesh,Water Resources,"Department of Water Resources, River Development & GR",(Water Resources-AP),10151.04,27726.15,86.14,273.13605305466234,86.14,0.0,26674.77,1051.380000000001,0.0,17.235737704918048,7,8,515,1,1,1,0.9591769,95.92,HIGH
2026-07-01,400115,Bargi Diversion Project Phase - IV [km. 154 to km 197],Madhya Pradesh,Water Resources,"Department of Water Resources, River Development & GR",(Water Resources-MP),751.03,814.02,75.0,108.38714831631226,75.0,0.0,814.02,0.0,0.0,0.0,7,8,515,1,1,1,0.9586069,95.86,HIGH
2026-07-01,612259,CONSTRUCTION OF 300 BEDDED HOSPITAL AT HARIDWAR,Uttarakhand,Healthcare,Ministry of Labour and Employment,(Employee's State Insurance Company [ESIC]),102.4,340.3,89.0,332.32421875,84.0,5.0,334.86,5.439999999999998,0.081967213114754,0.0891803278688524,5,6,515,1,1,1,0.95838886,95.84,HIGH
2026-07-01,705660,Doubling of Katni - Singrauli Railway Line [261 km],Madhya Pradesh,Railways,Ministry of Railways,(Indian Railway Construction International Limited [IRCON]),2445.0,3368.46,81.25,137.76932515337424,81.1,0.1500000000000056,3306.78,61.67999999999984,0.0024590163934427,1.011147540983604,7,8,515,1,1,1,0.9572266,95.72,HIGH
2026-07-01,400087,Redevelopment of Sobhasan Complex,Gujarat,Oil & Gas,Ministry of Petroleum & Natural Gas,(Oil and Natural Gas Corporation Limited [ONGC]),885.63,1037.37,94.3,117.13356593611326,87.5,6.799999999999997,990.06,47.309999999999945,0.1114754098360655,0.7755737704918024,7,8,515,1,1,1,0.95653015,95.65,HIGH
2026-07-01,701396,Lower Pedhi Project,Maharashtra,Water Resources,"Department of Water Resources, River Development & GR",(Department of water resources-MH - II),255.97,3066.05,65.0,1197.816150330117,65.0,0.0,1516.11,1549.9400000000005,0.0,25.4088524590164,7,8,515,1,1,1,0.95646113,95.65,HIGH
2026-07-01,607709,NORTH EASTERN REGION POWER SYSTEM IMPROVEMENT PROJECT [NERPSIP],"Multi-States (Assam, Manipur, Meghalaya, Mizoram, Nagaland, Tripura)",Transmission & Distribution,Ministry of Power,(Power Grid Corporation of India Limited [POWERGRID]),5111.33,5577.75,99.1,109.12521789827696,98.5,0.5999999999999943,5577.75,0.0,0.0098360655737703,0.0,7,8,515,1,1,1,0.95340854,95.34,HIGH
2026-07-01,602538,Installation of FGD for 4x210 & 2x250 MW MTPS U 1-6,West Bengal,Electricity Generation,Ministry of Power,(Damodar Valley Corporation),1037.0,1138.42,97.0,109.7801350048216,96.0,1.0,1133.78,4.6400000000001,0.0163934426229508,0.0760655737704934,7,8,515,1,1,1,0.95271665,95.27,HIGH
2026-07-01,400253,Vizianagaram - Titlagarh 3rd line [272 Km including By - pass line of 7.68 KM],"Multi-States (Andhra Pradesh, Odisha)",Railways,Ministry of Railways,(RVNL - II),4803.0,6260.17,99.0,130.3387466166979,97.0,2.0,6211.43,48.73999999999978,0.0327868852459016,0.7990163934426193,7,8,515,1,1,1,0.95231074,95.23,HIGH
2026-07-01,618503,Ahmedabad - Dholera Pkg III from km. 48.52 to km. 71.06 [Vejallka Village - Start of DSIR zone],Gujarat,Roads & Highways,Ministry of Road Transport & Highways,(NHAI),1034.04,1125.55,100.0,108.8497543615334,100.0,0.0,955.74,169.80999999999997,0.0,2.7837704918032777,3,4,515,1,1,1,0.95143694,95.14,HIGH
2026-07-01,705410,Nangal Dam-Talwara New Broad Gauge Line [84 KM] and Taking Over Siding Mukerian-Talwara [29 KM],"Multi-States (Himachal Pradesh, Punjab)",Railways,Ministry of Railways,(Northen Railway [NR]),2018.0,2398.08,85.5,118.83448959365708,84.0,1.5,2384.29,13.789999999999964,0.0245901639344262,0.2260655737704912,7,8,515,1,1,1,0.9505429,95.05,HIGH
2026-07-01,602525,"Pakal Dul [Drangdhuran] Hydroelectric Project, 1000 MW",Jammu and Kashmir,Electricity Generation,Ministry of Power,(National Hydroelectric Power Corporation Limited [NHPC]),8112.12,9313.54,82.05,114.81018525366984,80.5,1.5499999999999972,9114.12,199.42000000000007,0.0254098360655737,3.269180327868854,7,8,515,1,1,1,0.9502369,95.02,HIGH
2026-07-01,602096,Subansiri Lower HE Project [2000 MW],"Multi-States (Arunachal Pradesh, Assam)",Electricity Generation,Ministry of Power,(National Hydroelectric Power Corporation Limited [NHPC]),6285.33,26379.99,97.84,419.707318470152,97.64,0.2000000000000028,26150.32,229.6700000000019,0.0032786885245902,3.765081967213146,7,8,515,1,1,1,0.950025,95.0,HIGH
2026-07-01,701329,Petrochemical and Lube Integration Project at Gujarat Refinery,Gujarat,Oil & Gas,Ministry of Petroleum & Natural Gas,(Ministry of Petroleum & Natural Gas),18936.0,75182.67,89.2,397.0356463878327,88.3,0.9000000000000057,13579.35,61603.32,0.0147540983606558,1009.8904918032788,7,8,515,1,1,1,0.94992703,94.99,HIGH
2026-07-01,618463,Vadodara Mumbai Expressway Kim to Ankleshwar Phase IA - Pkg V,Gujarat,Roads & Highways,Ministry of Road Transport & Highways,(NHAI),1324.84,1471.27,91.34,111.05265541499352,91.34,0.0,1248.75,222.52,0.0,3.647868852459016,3,4,515,1,1,1,0.9472296,94.72,HIGH
2026-07-01,705629,Narayangarh-Bhadrak 3rd line,"Multi-States (Odisha, West Bengal)",Railways,Ministry of Railways,(South Eastern Railway [SER] - I),2400.0,2713.19,82.0,113.04958333333332,77.0,5.0,2655.21,57.98000000000002,0.081967213114754,0.9504918032786888,7,8,515,1,1,1,0.94530106,94.53,HIGH
2026-07-01,705432,Sivok-Rangpo New Rail Line,"Multi-States (Sikkim, West Bengal)",Railways,Ministry of Railways,(Indian Railway Construction International Limited [IRCON]),7877.0,11090.47,80.0,140.79560746477085,93.0,-13.0,10770.42,320.0499999999993,-0.2131147540983606,5.246721311475398,7,8,515,1,1,1,0.94412506,94.41,HIGH
2026-07-01,701400,Thoubal Multipurpose Project,Manipur,Water Resources,"Department of Water Resources, River Development & GR",(Water Resources Department-MN),1449.44,1848.17,99.0,127.50924494977372,98.9,0.0999999999999943,1837.91,10.259999999999993,0.0016393442622949,0.1681967213114752,7,8,515,1,1,1,0.9440224,94.4,HIGH
2026-07-01,619120,Nidagatta-Mysore Pkg II,Karnataka,Roads & Highways,Ministry of Road Transport & Highways,(NHAI),2919.8,3713.89,99.19,127.19672580313718,99.19,0.0,2279.05,1434.8399999999997,0.0,23.52196721311475,2,3,515,1,1,1,0.94287926,94.29,HIGH
2026-07-01,611751,AURANGABAD-ANKAI - DOUBLING PROJECT 98.25 Km,Maharashtra,Railways,Ministry of Railways,(South Central Railway [SCR] - II),960.64,1375.55,2.03,143.1909976682212,2.02,0.0099999999999997,1304.54,71.00999999999999,0.0001639344262295,1.1640983606557376,7,8,515,1,1,1,0.94270724,94.27,HIGH
2026-07-01,705650,Hospet - Tinaighat - Vasco Rail Doubling Project,"Multi-States (Goa, Karnataka)",Railways,Ministry of Railways,(RVNL - II),5060.0,5511.03,86.14,108.91363636363636,86.13,0.0100000000000051,5304.19,206.84000000000012,0.0001639344262295,3.39081967213115,7,8,515,1,1,1,0.9408475,94.08,HIGH
2026-07-01,701324,Barauni Refinery Capacity Expansion from 6.0 to 9.0 MMTPA,Bihar,Oil & Gas,Ministry of Petroleum & Natural Gas,(Ministry of Petroleum & Natural Gas),14810.0,74990.3,91.6,506.3490884537475,90.9,0.6999999999999886,12872.04,62118.26,0.0114754098360653,1018.332131147541,7,8,515,1,1,1,0.94036555,94.04,HIGH
2026-07-01,618850,Nerchowk km 190.000 to Pandoh including Pandoh bypass km221.305,Himachal Pradesh,Roads & Highways,Ministry of Road Transport & Highways,(NHAI),1464.12,1567.12,100.0,107.03494249105265,100.0,0.0,848.66,718.4599999999999,0.0,11.778032786885245,3,4,515,1,1,1,0.9400063,94.0,HIGH
2026-07-01,604853,"Indian Oil Technology Development and Deployment Centre at R&D Campus-II, Faridabad",Haryana,Oil & Gas,Ministry of Petroleum & Natural Gas,(Ministry of Petroleum & Natural Gas),2281.94,1921.56,65.3,84.20729729966607,65.0,0.2999999999999971,1879.93,41.62999999999988,0.0049180327868851,0.6824590163934406,7,8,515,1,1,1,0.9378465,93.78,HIGH
2026-07-01,705661,Katni Grade Separator/Bye Pass,Madhya Pradesh,Railways,Ministry of Railways,(Indian Railway Construction International Limited [IRCON]),1248.0,1850.38,95.0,148.26762820512823,95.0,0.0,1817.51,32.87000000000012,0.0,0.5388524590163953,7,8,515,1,1,1,0.9374306,93.74,HIGH
2026-07-01,701349,Paradip-Numaligarh Crude Oil Pipeline [PNCPL] & Crude Oil Import Terminal [COIT] at Paradip,"Multi-States (Assam, Bihar, Jharkhand, Odisha, West Bengal)",Energy Storage,Ministry of Petroleum & Natural Gas,(Ministry of Petroleum & Natural Gas),10228.0,11036.0,92.9,107.89988267500978,92.4,0.5,10912.42,123.57999999999991,0.0081967213114754,2.0259016393442613,7,8,515,1,1,1,0.9327345,93.27,HIGH
2026-07-01,619152,Bakhtiyarpur Km 153.300 to Mokama Km 197.900,Bihar,Roads & Highways,Ministry of Road Transport & Highways,(NHAI),1182.94,1797.43,99.95,151.94599895176424,99.95,0.0,843.24,954.19,0.0,15.642459016393444,2,3,515,1,1,1,0.9317141,93.17,HIGH
2026-07-01,618955,2L PS of Majhauli to Charout section from km. 0.00 to km. 63.655,Bihar,Roads & Highways,Ministry of Road Transport & Highways,(NHAI),638.29,1096.09,99.8,171.72288458224318,99.66,0.1400000000000005,622.86,473.2299999999999,0.0022950819672131,7.757868852459015,3,4,515,1,1,1,0.9309304,93.09,HIGH
2026-07-01,618953,Umagaon-Saharsa Package-IV Koshi Bridge & approach Road - Bheja-Bakaur,Bihar,Roads & Highways,Ministry of Road Transport & Highways,(NHAI),1199.58,1308.0,91.99,109.03816335717502,89.23,2.759999999999991,1120.87,187.1300000000001,0.0452459016393441,3.067704918032789,3,4,515,1,1,1,0.93028516,93.03,HIGH
2026-07-01,705391,Jiribam-Imphal new line project,Manipur,Railways,Ministry of Railways,(Northeast Frontier Railway [NFR]),14323.0,16327.07,73.05,113.99197095580536,72.1,0.9500000000000028,16020.78,306.28999999999905,0.0155737704918033,5.021147540983591,6,7,515,1,1,1,0.926362,92.64,HIGH
2026-07-01,701719,Rehablitation in Junavadaj Area Smart City Project,Gujarat,Real Estate,Ministry of Housing & Urban Affairs,(ministry of housing and urban affairs),539.0,623.44,98.5,115.66604823747682,98.5,0.0,599.76,23.680000000000064,0.0,0.3881967213114765,7,8,515,1,1,1,0.92489284,92.49,HIGH
2026-07-01,617379,Development of New Bijwasan Railway Terminal,Delhi,Railways,Ministry of Railways,(Northern Railways),446.21,565.7,80.0,126.7788709352099,80.0,0.0,553.14,12.56000000000006,0.0,0.2059016393442632,5,6,515,1,1,1,0.9247166,92.47,HIGH
2026-07-01,619090,8L of Dwarka Expressway Pkg-II RuB near Dwarka Sector 21-DL/HR Border from 5.300 Km.to 9.500 Km. of NH-248BB,Delhi,Roads & Highways,Ministry of Road Transport & Highways,(NHAI),2067.67,2341.79,100.0,113.25743469702611,100.0,0.0,1909.28,432.51,0.0,7.090327868852459,2,3,515,1,1,1,0.92425513,92.43,HIGH
2026-07-01,618507,"Balance work of Six Laning of Shamlaji-Motachiloda from Km. 401.200 to Km.494.410 section Design Chainage Km.447.385 to Km 540.595, Length- 93.210 Km of old NH-8 NH-48 in the state of Gujarat on single Percentage Item Rate Contract",Gujarat,Roads & Highways,Ministry of Road Transport & Highways,(NHAI),466.8,577.31,91.8,123.67395029991432,84.15,7.649999999999991,553.93,23.379999999999995,0.1254098360655736,0.38327868852459,1,2,61,1,1,1,0.92375064,92.38,HIGH
2026-07-01,617913,6-laning of km 9.900 to km 19/948 Aramgarh to Shamshabad Section of Hyderabad- Bangalore section of NH-44 Under NHO EPC basis in the state of Telangana,Telangana,Roads & Highways,Ministry of Road Transport & Highways,(MoRTH),283.15,480.41,92.62,169.6662546353523,92.62,0.0,480.38,0.0300000000000295,0.0,0.000491803278689,3,4,515,1,1,1,0.9230344,92.3,HIGH
2026-07-01,619222,"Balance works of four lane from km 43.950 Thiruvallur Bypass to km 61.470 Veppampattu Bypass passing through Thannerkulam, Thozur and Sevapet Bypass 17.520 kms of Tirupathi- Tiruttani- Chennai section of NH 205",Tamil Nadu,Roads & Highways,Ministry of Road Transport & Highways,(NHAI),467.99,594.43,97.92,127.0176713177632,97.92,0.0,450.86,143.56999999999994,0.0,2.353606557377048,1,2,61,1,1,1,0.9227593,92.28,HIGH
2026-07-01,709747,Bagodara Solar Power Project,Gujarat,Electricity Generation,Ministry of Power,(Satluj Jal Vidyut Nigam [SJVN] Thermal Limited),339.35,370.0,51.86,109.03197288934729,51.86,0.0,370.0,0.0,0.0,0.0,7,8,515,1,1,1,0.92264926,92.26,HIGH
2026-07-01,604859,Integrated Para Xylene [PX] and Purified Terephthalic Acid [PTA] Project at Paradip Refinery,Odisha,Oil & Gas,Ministry of Petroleum & Natural Gas,(Ministry of Petroleum & Natural Gas),13805.0,70820.19,94.6,513.0039116262224,93.9,0.6999999999999886,8450.45,62369.740000000005,0.0114754098360653,1022.4547540983608,7,8,515,1,1,1,0.9222517,92.23,HIGH
2026-07-01,400261,Patratu Thermal Power Station Expansion Project Phase-I [3x800 MW],Jharkhand,Electricity Generation,Ministry of Power,(National Thermal Power Corporation [NTPC]),18668.0,19207.59,90.5,102.89045425326762,88.74,1.7600000000000051,18690.0,517.5900000000001,0.0288524590163935,8.485081967213118,7,8,515,1,1,1,0.91866755,91.87,HIGH
2026-07-01,400273,Tarakeshwar-Bishnupur New Line [82.47 km],West Bengal,Railways,Ministry of Railways,(Eastern Railway [ER] - I),1189.0,1390.59,96.9,116.95458368376784,96.9,0.0,1390.59,0.0,0.0,0.0,7,8,515,1,1,1,0.91654676,91.65,HIGH
2026-07-01,707021,Establishment of new GMC Koderma,Jharkhand,Healthcare,Ministry of Health & Family Welfare,"(Medical Education, Ministry of Health and Family Welfare)",250.0,271.0,40.0,108.4,40.0,0.0,270.0,1.0,0.0,0.0163934426229508,2,3,515,1,1,1,0.9165126,91.65,HIGH
2026-07-01,706757,Modasa-Shamlaji Road Railway Line Project,Gujarat,Railways,Ministry of Railways,(Western Railway WR - II),262.0,387.82,64.0,148.0229007633588,64.0,0.0,383.67,4.149999999999977,0.0,0.0680327868852455,7,8,515,1,1,1,0.91611826,91.61,HIGH
2026-07-01,701173,AIIMS Majra Rewari Haryana,Haryana,Healthcare,Ministry of Health & Family Welfare,(PMSSY AND Institute of NATIONAL Importance),1299.0,717.42,64.85,55.22863741339492,57.2,7.649999999999991,651.42,66.0,0.1254098360655736,1.0819672131147542,7,8,515,1,1,1,0.91396505,91.4,HIGH
2026-07-01,619146,Kagvadar - Una Package-IV,Gujarat,Roads & Highways,Ministry of Road Transport & Highways,(NHAI),750.53,833.12,97.93,111.00422368193144,97.93,0.0,363.41,469.71,0.0,7.70016393442623,2,3,515,1,1,1,0.9124699,91.25,HIGH
2026-07-01,619097,Thalassery Mahe Bypass Km 170.600 to Km 189.200 of NH-17New NH-66 in Kerala,"Multi-States (Kerala, Puducherry)",Roads & Highways,Ministry of Road Transport & Highways,(NHAI),1181.12,1534.73,100.0,129.93853291790845,100.0,0.0,710.24,824.49,0.0,13.51622950819672,2,3,515,1,1,1,0.91182745,91.18,HIGH
2026-07-01,618921,4L of Kathlighat to Shakral Village from Km 128.835 to Km 146.300 of NH- 5 Shimla Bypass - Pkg I,Himachal Pradesh,Roads & Highways,Ministry of Road Transport & Highways,(NHAI),1703.48,1139.72,63.14,66.90539366473337,54.0,9.14,980.87,158.85000000000002,0.1498360655737705,2.604098360655738,3,4,515,1,1,1,0.9099961,91.0,HIGH
2026-07-01,701167,AIIMS Kashmir at Awantipora Jammu & Kashmir,Jammu and Kashmir,Healthcare,Ministry of Health & Family Welfare,(PMSSY AND Institute of NATIONAL Importance),1828.0,1594.22,78.0,87.21115973741794,76.0,2.0,1545.05,49.17000000000007,0.0327868852459016,0.806065573770493,7,8,515,1,1,1,0.90966916,90.97,HIGH
2026-07-01,400019,DHULE [BORVIHIR] - NARDANA NEW LINE [50.60 KMS],Maharashtra,Railways,Ministry of Railways,(Central Railway),492.76,560.32,38.0,113.71052845198474,25.0,13.0,519.29,41.030000000000086,0.2131147540983606,0.6726229508196735,7,8,515,1,1,1,0.9079907,90.8,HIGH
2026-07-01,619145,Four Laning of Una to Kodinar from km. 180.478 to km. 221.610 Package-V,Gujarat,Roads & Highways,Ministry of Road Transport & Highways,(NHAI),877.71,1008.77,100.0,114.93203905618029,100.0,0.0,630.51,378.26,0.0,6.200983606557377,2,3,515,1,1,1,0.9056944,90.57,HIGH
2026-07-01,705659,Satna-Rewa Railway Line Doubling Project,Madhya Pradesh,Railways,Ministry of Railways,(West Central Railway [WCR] - II),500.0,573.8,88.0,114.76,86.0,2.0,566.56,7.240000000000009,0.0327868852459016,0.118688524590164,7,8,515,1,1,1,0.9056911,90.57,HIGH
2026-07-01,618893,Varanasi Gorakhpur Section Packege IV from km. 149.540 to km. 215.160 Mau- Gorakhpur,Uttar Pradesh,Roads & Highways,Ministry of Road Transport & Highways,(NHAI),2966.63,3453.91,97.35,116.425371549536,97.35,0.0,865.21,2588.7,0.0,42.43770491803279,1,2,61,1,1,1,0.9054132,90.54,HIGH
2026-07-01,618337,Widening to 2 -Lane with Paved shoulder of Imphal to Jiribam section of NH-37 from Design Chainage 33.000 km to 66.390 Km Existing Chainage from km 33.395 to km 67.496 on EPC Mode in Manipur PKG-3,Manipur,Roads & Highways,Ministry of Road Transport & Highways,(NHIDCL),467.0,593.44,86.33,127.07494646680944,86.33,0.0,568.72,24.720000000000027,0.0,0.4052459016393447,3,4,515,1,1,1,0.90330315,90.33,HIGH
2026-07-01,618489,Delhi-Amritsar-Katra Expressway Phase-I Pkg-IX from Junction with Ludhiana-Moga road NH-5 near Mullanpur Dakha to Junction with Jalandhar - Moga road NH-703 near Kang Sahibu village Km 260860 to km 303900,Punjab,Roads & Highways,Ministry of Road Transport & Highways,(NHAI),1851.47,1934.7,73.35,104.49534694053916,73.26,0.0899999999999892,1348.9,585.8,0.0014754098360653,9.60327868852459,3,4,515,1,1,1,0.90283865,90.28,HIGH
2026-07-01,707087,Establishment of new GMC Pithoragarh,Uttarakhand,Healthcare,Ministry of Health & Family Welfare,"(Medical Education, Ministry of Health and Family Welfare)",325.0,327.08,84.0,100.64,84.0,0.0,325.08,2.0,0.0,0.0327868852459016,2,3,515,1,1,1,0.9015471,90.15,HIGH
2026-07-01,618952,4L of Sahibganj - Manihari Ganga Bridge including Manihari Bypass,"Multi-States (Bihar, Jharkhand)",Roads & Highways,Ministry of Road Transport & Highways,(NHAI),1954.77,2008.25,86.54,102.73587173938624,85.17,1.3700000000000043,1820.63,187.6199999999999,0.0224590163934426,3.075737704918031,3,4,515,1,1,1,0.9007824,90.08,HIGH
2026-07-01,705368,Araria Supaul New BG Line,Bihar,Railways,Ministry of Railways,(East Central Railway [ECR] - I),1605.0,1725.95,46.9,107.53582554517132,46.7,0.1999999999999957,1711.89,14.059999999999944,0.00327868852459,0.2304918032786876,7,8,515,1,1,1,0.89931643,89.93,HIGH
2026-07-01,705366,Hajipur-Sagauli New line,Bihar,Railways,Ministry of Railways,(East Central Railway [ECR] - I),2067.0,2182.46,75.6,105.5858732462506,75.3,0.2999999999999971,2084.14,98.32000000000016,0.0049180327868851,1.6118032786885272,7,8,515,1,1,1,0.896909,89.69,HIGH
2026-07-01,618706,Bangalore-Nidagatta Pkg. I,Karnataka,Roads & Highways,Ministry of Road Transport & Highways,(NHAI),3496.01,4315.22,99.19,123.4327132931542,99.19,0.0,604.66,3710.56,0.0,60.8288524590164,1,2,61,1,1,1,0.89637864,89.64,HIGH
2026-07-01,618438,"4-Laning of NH-37 Section between Demow to End of Moran Bypass From Km. 534.800 to Km. 561.700 including Emergency Landing Facility ELF under SARDP-NE, Phase 'A' in the State of Assam on EPC mode",Assam,Roads & Highways,Ministry of Road Transport & Highways,(NHIDCL),385.57,685.73,100.0,177.84838032004566,100.0,0.0,145.89,539.84,0.0,8.84983606557377,3,4,515,1,1,1,0.8952602,89.53,HIGH
2026-07-01,618692,Aligarh-Kanpur Pkg I [Aligarh-Bhadwas],Uttar Pradesh,Roads & Highways,Ministry of Road Transport & Highways,(NHAI),1226.64,1359.14,100.0,110.80186525794038,100.0,0.0,659.17,699.9700000000001,0.0,11.474918032786888,1,2,61,1,1,1,0.8948024,89.48,HIGH
2026-07-01,701411,Shahpur Kandi Dam Project,Punjab,Water Resources,"Department of Water Resources, River Development & GR",(Department of Water Resources-PB),2285.81,2201.94,88.0,96.330841146027,88.0,0.0,2201.94,0.0,0.0,0.0,7,8,515,1,1,1,0.8942201,89.42,HIGH
2026-07-01,619092,4L of Jind-Gohana road Package-1 from km. 0.00 to km. 40.601 of NH-352 A under NHO,Haryana,Roads & Highways,Ministry of Road Transport & Highways,(NHAI),994.22,1064.47,99.97,107.06584055842772,99.97,0.0,623.68,440.7900000000001,0.0,7.226065573770493,2,3,515,1,1,1,0.8940392,89.4,HIGH
2026-07-01,400299,Pottangi Bauxite Mines Project,Odisha,Metals & Mining,Ministry of Mines,(National Aluminium Company Limited [NALCO]),1381.0,770.23,52.2,55.77335264301231,52.1,0.1000000000000014,770.08,0.1499999999999772,0.0016393442622951,0.0024590163934422,7,8,515,1,1,1,0.89206016,89.21,HIGH
2026-07-01,618799,Belakeri Port to Kumta - Sirsi road from km 0.00 - km 4.265 of Belekeri Port Road Link Rd. and km 4.965 - km 60.00 of SH-69,Karnataka,Roads & Highways,Ministry of Road Transport & Highways,(NHAI),456.79,471.29,94.98,103.17432518225004,91.65,3.3299999999999983,436.72,34.56999999999999,0.0545901639344262,0.5667213114754097,3,4,515,1,1,1,0.8901944,89.02,HIGH
2026-07-01,701171,AIIMS Bibinagar,Telangana,Healthcare,Ministry of Health & Family Welfare,(PMSSY AND Institute of NATIONAL Importance),1028.0,989.98,87.32,96.30155642023348,87.21,0.1099999999999994,989.98,0.0,0.0018032786885245,0.0,7,8,515,1,1,1,0.8897527,88.98,HIGH
2026-07-01,618880,Rehabilitation and Up-gradation to 4L configuration & Strengthening of Thanpuri to Paror section from Km 85.135 to Km 100.840 of NH-154 Pkg-IIC,Himachal Pradesh,Roads & Highways,Ministry of Road Transport & Highways,(NHAI),815.68,486.73,54.91,59.67168497449981,51.56,3.3499999999999943,200.36,286.37,0.0549180327868851,4.694590163934427,1,2,61,1,1,1,0.88939697,88.94,HIGH
2026-07-01,618903,Maheshkunt -Saharsa-Purnea Pkg II,Bihar,Roads & Highways,Ministry of Road Transport & Highways,(NHAI),1028.28,1220.65,94.0,118.70793947173924,91.03,2.969999999999999,831.69,388.96,0.0486885245901639,6.376393442622952,3,4,515,1,1,1,0.88756317,88.76,HIGH
2026-07-01,618533,Barwa Adda Km. 398.240 to Panagarh Km. 521.120,"Multi-States (Jharkhand, West Bengal)",Roads & Highways,Ministry of Road Transport & Highways,(NHAI),1560.39,1690.95,100.0,108.36713898448464,100.0,0.0,91.41,1599.54,0.0,26.221967213114752,3,4,515,1,1,1,0.8862507,88.63,HIGH
2026-07-01,618889,"4L of Bhangbar Near Ranital to Kangra Bypass Section of Old NH-88 New NH- 303,503 up to Intersection with NH-154 from Km 175.270 to Km 193.400 Pkg-VB",Himachal Pradesh,Roads & Highways,Ministry of Road Transport & Highways,(NHAI),1322.95,1101.15,97.45,83.23443818738426,97.45,0.0,824.55,276.60000000000014,0.0,4.534426229508199,3,4,515,1,1,1,0.8825855,88.26,HIGH
2026-07-01,619215,Cuttack-Angul Section of NH-42 New NH-55 from Km.60.200 to Km. 112.000 Pkg-II in the State of Odisha,Odisha,Roads & Highways,Ministry of Road Transport & Highways,(NHAI),991.41,1083.76,99.66,109.31501598733118,99.66,0.0,499.5,584.26,0.0,9.578032786885244,1,2,61,1,1,1,0.8785657,87.86,HIGH
2026-07-01,400010,"Construction of Terminal Building & Associated works at Leh Airport, Ladakh",Ladakh,Aviation & Aviation Infrastructure,Ministry of Civil Aviation,(Airport Authority of India [AAI]),480.0,509.41,83.4,106.12708333333332,78.9,4.5,501.81,7.600000000000023,0.0737704918032786,0.1245901639344266,7,8,515,1,1,1,0.8760563,87.61,HIGH
2026-07-01,618825,Bridge over Ganga River at d/s of Farraka Barrage including Approaches connecting Farakka-Raiganj,West Bengal,Roads & Highways,Ministry of Road Transport & Highways,(NHAI),622.04,623.69,96.71,100.26525625361715,96.17,0.539999999999992,340.02,283.6700000000001,0.0088524590163933,4.65032786885246,3,4,515,1,1,1,0.8753301,87.53,HIGH
2026-07-01,618922,4L of Shakral Village to Dhalli Section from Km 146.300 to Km 156.560 Shimla Bypass - Pkg II and Shimla connectivity from Km 0.000 to Km 0.725 of NH-5,Himachal Pradesh,Roads & Highways,Ministry of Road Transport & Highways,(NHAI),1956.26,1452.65,63.17,74.25648942369624,63.17,0.0,1236.15,216.5,0.0,3.5491803278688523,1,2,61,1,1,1,0.87532455,87.53,HIGH
2026-07-01,618776,4L of Greenfield section from Sirhind to Mohali,Punjab,Roads & Highways,Ministry of Road Transport & Highways,(NHAI),1237.65,1383.52,96.78,111.7860461358219,88.82,7.960000000000008,979.97,403.55,0.1304918032786886,6.615573770491802,1,2,61,1,1,1,0.87405324,87.41,HIGH
2026-07-01,619096,Goa / Karnataka Km.93.700 to Kundapur Km.283.30,Karnataka,Roads & Highways,Ministry of Road Transport & Highways,(NHAI),1644.92,1848.87,97.94,112.39877927194028,97.8,0.1400000000000005,329.44,1519.4299999999998,0.0022950819672131,24.90868852459016,2,3,515,1,1,1,0.873718,87.37,HIGH
2026-07-01,618863,Barhi-Koderma Section of NH31 km 0.00 - km 27.5,Jharkhand,Roads & Highways,Ministry of Road Transport & Highways,(NHAI),662.44,824.95,98.5,124.53203308978928,98.5,0.0,478.57,346.38000000000005,0.0,5.6783606557377055,1,2,61,1,1,1,0.8733976,87.34,HIGH
2026-07-01,705434,New Railway Line between Ginigera and Raichur [165.57 km],Karnataka,Railways,Ministry of Railways,(South Western Railway [SWR] - II),2565.0,2412.11,71.0,94.03937621832358,70.0,1.0,2293.26,118.84999999999992,0.0163934426229508,1.9483606557377036,7,8,515,1,1,1,0.87222743,87.22,HIGH
2026-07-01,618840,Simaria Km. 206.050 to Khagaria Km. 266.282,Bihar,Roads & Highways,Ministry of Road Transport & Highways,(NHAI),664.02,813.98,97.72,122.5836571187615,97.67,0.0499999999999971,351.77,462.21,0.0008196721311474,7.577213114754099,3,4,515,1,1,1,0.86779076,86.78,HIGH
2026-07-01,705933,Nimach-Ratlam Doubling [133 Km],Madhya Pradesh,Railways,Ministry of Railways,(Western Railway [WR] - II),1095.88,1284.91,100.0,117.24915136693798,94.0,6.0,1284.91,0.0,0.0983606557377049,0.0,7,8,515,1,1,1,0.8674554,86.75,HIGH
2026-07-01,709783,"Installation of Multiple Effect Evaporator [MEE] for ETP-1, 2 & 4 of Panipat Refinery and Petrochemical Complex.",Haryana,Oil & Gas,Ministry of Petroleum & Natural Gas,(MinistryofPetroleumNaturalGas),165.13,186.64,91.8,113.02610064797432,87.1,4.700000000000003,174.93,11.70999999999998,0.0770491803278689,0.1919672131147537,7,8,515,1,1,1,0.8655728,86.56,HIGH
2026-07-01,619119,Cuttack-Angul Section of NH-42 New NH-55 from km 0.400 to km 60.200 Pkg-I in the State of Odisha,Odisha,Roads & Highways,Ministry of Road Transport & Highways,(NHAI),999.32,1128.44,99.0,112.9207861345715,99.0,0.0,512.79,615.6500000000001,0.0,10.092622950819674,2,3,515,1,1,1,0.86376435,86.38,HIGH
2026-07-01,705783,Ludhiana- Killa Raipur Railway Doubling Project,Punjab,Railways,Ministry of Railways,(Railway),237.64,137.05,57.0,57.67126746339001,57.0,0.0,137.05,0.0,0.0,0.0,7,8,515,1,1,1,0.8623381,86.23,HIGH
2026-07-01,618861,Bakhtiyarpur-Rajauli Pkg-II from km. 54.405 to km.101.630,Bihar,Roads & Highways,Ministry of Road Transport & Highways,(NHAI),897.45,914.25,97.85,101.8719705833194,97.85,0.0,897.09,17.159999999999968,0.0,0.2813114754098355,3,4,515,1,1,1,0.86125743,86.13,HIGH
2026-07-01,618429,Construction & upgradation of existing road to 2-lane with paved shoulder including geometric improvement of sect. from Pedong bypass to Reshi Border km 79.700 to km 96.254 of NH-717A under SARDP-NE-A on EPC as part of Alternate connectivity to Gangtok Lava More-Reshi Border Pkg-VB,West Bengal,Roads & Highways,Ministry of Road Transport & Highways,(NHIDCL),345.38,418.73,97.2,121.23747756094735,94.71,2.490000000000009,395.8,22.930000000000007,0.0408196721311476,0.3759016393442624,3,4,515,1,1,1,0.860809,86.08,HIGH
2026-07-01,618563,4L of Madurai Ring Road Phase 1 [Vadipatti-Thamrapatti] from km 0.00 - km 29.960,Tamil Nadu,Roads & Highways,Ministry of Road Transport & Highways,(NHAI),900.05,903.4,99.25,100.37220154435865,97.8,1.4500000000000028,669.19,234.20999999999992,0.0237704918032787,3.8395081967213103,3,4,515,1,1,1,0.8600156,86.0,HIGH
2026-07-01,400119,Life Extension of 48 well platforms of Mumbai High & Heera Fields,Offshore,Oil & Gas,Ministry of Petroleum & Natural Gas,(Oil and Natural Gas Corporation Limited [ONGC]),3190.69,3123.2,90.0,97.88478354211784,90.0,0.0,3123.2,0.0,0.0,0.0,7,8,515,1,1,1,0.8589117,85.89,HIGH
2026-07-01,618504,Ahmedabad - Dholera Pkg IV from km. 71.06 to km. 109.019 [Start of DSIR zone - Adhelai Village],Gujarat,Roads & Highways,Ministry of Road Transport & Highways,(NHAI),1181.76,1222.65,97.99,103.46009341998376,97.92,0.0699999999999931,1204.33,18.320000000000164,0.0011475409836064,0.3003278688524617,3,4,515,1,1,1,0.8585209,85.85,HIGH
2026-07-01,618906,4L of Amritsar-Ghoman - Tanda - Una Section from Km 8.270 to Km 54.000 of NH- 503A Package-I,Punjab,Roads & Highways,Ministry of Road Transport & Highways,(NHAI),857.91,754.44,68.4,87.93929433157325,67.1,1.3000000000000114,517.34,237.1,0.0213114754098362,3.88688524590164,3,4,515,1,1,1,0.855543,85.55,HIGH
2026-07-01,602099,Establishment of Permanent campus Phase 1 of IIM Sirmaur,Himachal Pradesh,Education,Department of Higher Education,"(Indian Institute of Management, Sirmaur)",392.51,338.83,98.3,86.32391531425951,97.5,0.7999999999999972,336.71,2.1200000000000045,0.0131147540983606,0.0347540983606558,7,8,515,1,1,1,0.8510632,85.11,HIGH
2026-07-01,618809,4L of Beas-Mehta-Batala-Dera Baba Nanak from intersection with Jalandhar-Amritsar Highway NH-3 near Beas till start of Batala Bypass near Village Acchhal from Km. 0.000 to Km. 31.300 Pkg-1,Punjab,Roads & Highways,Ministry of Road Transport & Highways,(NHAI),809.51,669.72,67.8,82.7315289496115,65.99,1.8100000000000025,499.54,170.18,0.029672131147541,2.7898360655737706,3,4,515,1,1,1,0.8507126,85.07,HIGH
2026-07-01,618852,4L Sundar Nagar Bypass from Km.173.900 to Km.179.600 of NH-21,Himachal Pradesh,Roads & Highways,Ministry of Road Transport & Highways,(NHAI),191.11,182.26,100.0,95.36915912301816,100.0,0.0,182.17,0.0900000000000034,0.0,0.0014754098360656,3,4,515,1,1,1,0.84921426,84.92,HIGH
2026-07-01,611586,Sunni Dam Hydro Electric Project [382 MW],Himachal Pradesh,Electricity Generation,Ministry of Power,(Satluj Jal Vidyut Nigam [SJVN] Thermal Limited),2614.51,1115.87,34.58,42.67989030449299,33.98,0.6000000000000014,1083.85,32.01999999999998,0.0098360655737705,0.524918032786885,7,8,515,1,1,1,0.8459421,84.59,HIGH
2026-07-01,602098,"Construction of Permanent Campus for IIM Jammu Phase-1 at Jagti, Nagrota, Jammu, J&K",Jammu and Kashmir,Education,Department of Higher Education,"(Indian Institute of Management, Jammu)",424.93,484.52,96.0,114.02348622125996,96.0,0.0,484.52,0.0,0.0,0.0,7,8,515,1,1,1,0.8457095,84.57,HIGH
2026-07-01,618888,Rehabilitation and Up-gradation of existing road to 2L PS from End of Hamirpur Bypass near Chilbahal to Bhangbar section from Km. 138.295 to Km.175.270 of NH- 88 Pkg-IV,Himachal Pradesh,Roads & Highways,Ministry of Road Transport & Highways,(NHAI),1146.19,987.23,95.72,86.13144417592197,91.35,4.3700000000000045,293.43,693.8,0.0716393442622951,11.373770491803278,3,4,515,1,1,1,0.84475857,84.48,HIGH
2026-07-01,618890,2L PS of Hamirpur Bypass from Km 121.175 to Km.138.295 of NH-103&3,Himachal Pradesh,Roads & Highways,Ministry of Road Transport & Highways,(NHAI),739.39,369.59,93.25,49.985799104667365,92.57,0.6800000000000068,233.43,136.15999999999997,0.0111475409836066,2.2321311475409837,3,4,515,1,1,1,0.8441546,84.42,HIGH
2026-07-01,602182,Dibang Multipurpose Project,Arunachal Pradesh,Electricity Generation,Ministry of Power,(National Hydroelectric Power Corporation Limited [NHPC]),31876.39,4749.66,17.78,14.90024435012873,17.43,0.3500000000000014,4593.04,156.6199999999999,0.0057377049180328,2.5675409836065555,7,8,515,1,1,1,0.84360254,84.36,HIGH
2026-07-01,618878,Rehabilitation and Upgradation to 4L configuration & Strengthening of Sihuni to Rajol from Km 51.000 to Km 72.000 of NH-154 Package-IIA,Himachal Pradesh,Roads & Highways,Ministry of Road Transport & Highways,(NHAI),696.65,493.1,98.58,70.7815976458767,96.6,1.980000000000004,318.08,175.02000000000004,0.0324590163934426,2.869180327868853,3,4,515,1,1,1,0.83960027,83.96,HIGH
2026-07-01,400231,NLC Talabira Thermal Power Project,Odisha,Electricity Generation,Ministry of Coal,(NLC India Limited),27212.96,3518.17,3.54,12.928288580147107,2.1,1.44,3454.06,64.11000000000013,0.0236065573770491,1.0509836065573792,7,8,515,1,1,1,0.8395597,83.96,HIGH
2026-07-01,619150,BRT Tiger Reserve Boundary Km.287.500 to Bangalore Section Km.458.420 of NH- 209 in Karnataka,Karnataka,Roads & Highways,Ministry of Road Transport & Highways,(NHAI),2082.69,2242.71,99.7,107.68333261311092,99.7,0.0,730.43,1512.2800000000002,0.0,24.791475409836067,2,3,515,1,1,1,0.838457,83.85,HIGH
2026-07-01,705444,Gevra Road-Pendra Road New Railway Line [135 km],Chhattisgarh,Railways,Ministry of Railways,(Indian Railway Construction International Limited [IRCON]),4970.0,5327.55,83.36,107.19416498993964,82.0,1.3599999999999994,5152.72,174.82999999999993,0.0222950819672131,2.8660655737704905,7,8,515,1,1,1,0.8364666,83.65,HIGH
2026-07-01,705507,Itarsi - Nagpur Third Railway Line [280 km],"Multi-States (Madhya Pradesh, Maharashtra)",Railways,Ministry of Railways,(Central Railway [CR] - II),2449.91,2195.77,55.0,89.62655771028324,55.0,0.0,2155.76,40.00999999999976,0.0,0.6559016393442584,7,8,515,1,1,1,0.8362351,83.62,HIGH
2026-07-01,705497,Wardha - Yavatmal Nanded Railway Line Project,Maharashtra,Railways,Ministry of Railways,(Central Railways),3445.34,4053.03,47.0,117.6380270162016,47.0,0.0,3608.59,444.44000000000005,0.0,7.285901639344263,1,2,61,1,1,1,0.8361108,83.61,HIGH
2026-07-01,617836,Coke Drum Structure Package,Assam,Oil & Gas,Ministry of Petroleum & Natural Gas,(Ministry of Petroleum & Natural Gas),635.28,543.0,70.8,85.47412164714771,60.6,10.199999999999996,453.66,89.33999999999997,0.1672131147540982,1.464590163934426,4,5,515,1,1,1,0.8336441,83.36,HIGH
2026-07-01,617422,Bodwad Parisar Sinchan Yojna,Maharashtra,Water Resources,"Department of Water Resources, River Development & GR",(Department of Water Resources-MH),1923.81,1949.56,49.52,101.33848976770057,49.5,0.0200000000000031,1949.56,0.0,0.000327868852459,0.0,5,6,515,1,1,1,0.8320955,83.21,HIGH
2026-07-01,612133,Transmission System for Evacuation of power from Rajasthan REZ Ph-IV [Part-1] [Bikaner Complex] Part D [Neemrana Bareilly Transmission Ltd],"Multi-States (Rajasthan, Uttar Pradesh)",Transmission & Distribution,Ministry of Power,(Power Grid Corporation of India Limited [POWERGRID]),3271.0,2731.29,73.17,83.50015285845306,72.16,1.0100000000000051,2731.28,0.0099999999997635,0.0165573770491804,0.0001639344262256,7,8,515,1,1,1,0.83052236,83.05,HIGH
2026-07-01,705616,Jharsuguda-Bilaspur Fourth Railway Line [206 km],"Multi-States (Chhattisgarh, Odisha)",Railways,Ministry of Railways,(SECR),2140.0,2302.69,97.0,107.60233644859814,97.0,0.0,2260.48,42.21000000000004,0.0,0.6919672131147547,7,8,515,1,1,1,0.8299791,83.0,HIGH
2026-07-01,702958,Lucknow Sewerage Management Infrastructure Project,Uttar Pradesh,Waste & Water,Ministry of Housing & Urban Affairs,(Ministry of Housing & Urban Affairs),142.46,152.65,95.0,107.15288502035658,95.0,0.0,152.65,0.0,0.0,0.0,1,2,61,1,1,1,0.8294681,82.95,HIGH
2026-07-01,400174,"New Sinter Plant at BSL, SAIL",Jharkhand,Steel,Ministry of Steel,(Steel Authority of India Limited [SAIL]),1034.01,1014.95,63.76,98.15669094109342,59.78,3.979999999999997,980.24,34.71000000000004,0.0652459016393442,0.5690163934426236,7,8,515,1,1,1,0.82773334,82.77,HIGH
2026-07-01,612894,"Construction of Permanent Campus of Central University of Himachal Pradesh at Dehra, District - Kangra, [H.P.] on Engineering. Procurement and Construction [EPC Mode 1] Basis.",Himachal Pradesh,Education,Department of Higher Education,"(Central University, Himachal Pradesh)",251.98,223.6,86.0,88.73720136518772,85.0,1.0,223.21,0.3899999999999863,0.0163934426229508,0.0063934426229505,7,8,515,1,1,1,0.82758754,82.76,HIGH
2026-07-01,618291,"Construction of 2-lane with Paved shoulder of Kohima-Bypass Road connecting NH- 39 New NH-02, NH150New NH-02, NH7-61 New NH-29 and NH-39 New NH-02 from Design km 21.000 to km 32.268 [Design length11.268 km] in the state of Nagaland Under SARDP-NE on EPC Mode Package- 3",Nagaland,Roads & Highways,Ministry of Road Transport & Highways,(NHIDCL),159.85,123.42,39.54,77.20988426649986,37.38,2.1599999999999966,84.22,39.2,0.0354098360655737,0.6426229508196721,3,4,515,1,1,1,0.8252225,82.52,HIGH
2026-07-01,705730,Joka-BBD Bag new metro project,West Bengal,Railways,Ministry of Railways,(RVNL - II),4835.0,5098.73,51.0,105.45460186142708,51.0,0.0,4932.47,166.2599999999993,0.0,2.725573770491792,7,8,515,1,1,1,0.8226153,82.26,HIGH
2026-07-01,618617,6L Amritsar-Bathinda Greenfield section from village Tiba on NE-5A to Jn. with Moga Jalandhar road NH-703 near Dharamkot from km 0.000 to km 39.000 of NH-754A Pkg-1,Punjab,Roads & Highways,Ministry of Road Transport & Highways,(NHAI),1229.38,969.03,71.6,78.8226585758675,70.28,1.3199999999999932,772.73,196.29999999999995,0.0216393442622949,3.218032786885245,3,4,515,1,1,1,0.8218531,82.19,HIGH
2026-07-01,705512,Doubling of Kottavalasa-Koraput Rail Line [189 KM],"Multi-States (Andhra Pradesh, Odisha)",Railways,Ministry of Railways,(East Coast Railway [ECoR] - II),2500.0,2217.87,73.0,88.7148,73.0,0.0,2163.97,53.90000000000009,0.0,0.8836065573770506,7,8,515,1,1,1,0.81863534,81.86,HIGH
2026-07-01,702632,DMRTS Phase - IV [3 Priority Corridors],Delhi,Urban Public Transport,Ministry of Housing & Urban Affairs,(Delhi Metro Rail Corporation Limited [DMRC]),24948.65,21041.39,82.2,84.33879187851846,80.56,1.6400000000000006,20350.75,690.6399999999994,0.0268852459016393,11.321967213114744,7,8,515,1,1,1,0.81598616,81.6,HIGH
2026-07-01,619200,Delhi-Amritsar-Katra Expressway Phase-I Spur-III from Junction with Amritsar- Jalandhar road NH-3 near Bhishambarpura to Junction with Amritsar-Anjala road NH- 354 near Amritsar Airport [Km 71000 to Km 99000 of Amritsar connectivity],Punjab,Roads & Highways,Ministry of Road Transport & Highways,(NHAI),1641.75,1345.26,33.58,81.94061215166742,32.47,1.1099999999999994,1007.55,337.71000000000004,0.0181967213114754,5.536229508196722,1,2,61,1,1,1,0.8159255,81.59,HIGH
2026-07-01,618941,4L of Bamni - Rajura - Warur - Devada upto M.S. Border of NH - 930D from km 19.000 to km 51.985,"Multi-States (Maharashtra, Telangana)",Roads & Highways,Ministry of Road Transport & Highways,(NHAI),968.05,805.71,73.73,83.23020505139198,68.15,5.579999999999998,599.67,206.04000000000008,0.0914754098360655,3.377704918032788,1,2,61,1,1,1,0.8136705,81.37,HIGH
2026-07-01,400022,Taranga Hill-Abu Road via Ambaji,"Multi-States (Gujarat, Rajasthan)",Railways,Ministry of Railways,(North Western Railway [NWR]),2798.0,2616.51,45.0,93.51358112937814,37.0,8.0,2439.32,177.19000000000003,0.1311475409836065,2.904754098360657,7,8,515,1,1,1,0.8102348,81.02,HIGH
2026-07-01,618571,Permanent rectification of 3 nos. of black spots in project Highway NH-27 of U.P border - Dewapur - Kotwa section from Km.360.915 to km.440.000 Total Length of 79.085 Km of NH-27& Permanent rectification of 5 nos. of black spots of project Highway NH-27 of Kotwa - Mehsi - Muzaffarpur Section from km.440.000 to km.520.000 Total length 80.00Km,Bihar,Roads & Highways,Ministry of Road Transport & Highways,(NHAI),227.25,233.7,83.0,102.83828382838284,80.46,2.5400000000000063,224.1,9.599999999999994,0.0416393442622951,0.1573770491803277,3,4,515,1,1,1,0.8072626,80.73,HIGH
2026-07-01,618896,4L of Sannur to Bikarnakatte section from Km 691.350 to Km 736.362 of NH-169 Karkala - Mangalore Package-III,Karnataka,Roads & Highways,Ministry of Road Transport & Highways,(NHAI),1386.41,1213.06,76.1,87.49648372415085,70.22,5.879999999999996,973.31,239.75,0.0963934426229507,3.930327868852459,3,4,515,1,1,1,0.80698997,80.7,HIGH
2026-07-01,618653,Loha-Waranga Section of NH-361 from km 187.800 to km 244.369,Maharashtra,Roads & Highways,Ministry of Road Transport & Highways,(NHAI),1236.08,1503.55,96.22,121.6385670830367,96.2,0.019999999999996,899.6,603.9499999999999,0.0003278688524589,9.900819672131146,1,2,61,1,1,1,0.80557424,80.56,HIGH
2026-07-01,705513,Koraput - Singapur Railway Doubling,Odisha,Railways,Ministry of Railways,(East Coast Railway [ECoR] - II),2362.0,2007.83,67.67,85.00550381033023,74.6,-6.929999999999993,1962.43,45.39999999999986,-0.113606557377049,0.744262295081965,7,8,515,1,1,1,0.80519027,80.52,HIGH
2026-07-01,618803,Development of 4L Road from Samarlakota to Achampeta Junction as part of Kakinada Port Connectivity to NH-16 Rajanagaram Junction in East Godavari District,Andhra Pradesh,Roads & Highways,Ministry of Road Transport & Highways,(NHAI),645.63,680.06,92.1,105.33277573842604,90.5,1.5999999999999943,595.09,84.96999999999991,0.0262295081967212,1.3929508196721296,3,4,515,1,1,1,0.80189687,80.19,HIGH
2026-07-01,602532,Kiru HE Project,Jammu and Kashmir,Electricity Generation,Ministry of Power,(National Hydroelectric Power Corporation Limited [NHPC]),4287.59,3948.67,87.0,92.09532627886529,83.46,3.5400000000000063,3733.26,215.40999999999983,0.058032786885246,3.531311475409834,7,8,515,1,1,1,0.7962307,79.62,HIGH
2026-07-01,618881,4L PS bijni to mandi section from Km 202.815 to Km 208.000 of NH-20 New NH-154 of Pathankot-Mandi Package-VB,Himachal Pradesh,Roads & Highways,Ministry of Road Transport & Highways,(NHAI),1113.02,525.23,34.57,47.18962821872024,27.8,6.77,335.79,189.44,0.110983606557377,3.1055737704918034,2,3,515,1,1,1,0.79433113,79.43,HIGH
2026-07-01,701170,AIIMS Rajkot,Gujarat,Healthcare,Ministry of Health & Family Welfare,(PMSSY AND Institute of NATIONAL Importance),1195.0,793.03,93.85,66.36234309623431,93.7,0.1499999999999914,775.6,17.42999999999995,0.0024590163934424,0.2857377049180319,3,4,515,1,1,1,0.79252386,79.25,HIGH
2026-07-01,619117,Hassan km 184.912 to Maranahally km 230.060 of NH - 75 in Karnataka,Karnataka,Roads & Highways,Ministry of Road Transport & Highways,(NHAI),1021.57,1068.77,97.8,104.62033928169386,97.8,0.0,697.83,370.94,0.0,6.080983606557376,2,3,515,1,1,1,0.78942394,78.94,HIGH
2026-07-01,701168,ALL India Institute of Medical Sciences-AIIMS Madurai,Tamil Nadu,Healthcare,Ministry of Health & Family Welfare,(PMSSY AND Institute of NATIONAL Importance),1264.0,522.72,52.0,41.35443037974684,48.0,4.0,485.02,37.700000000000045,0.0655737704918032,0.6180327868852467,3,4,515,1,1,1,0.78850245,78.85,HIGH
2026-07-01,618764,Moga - Bagha Purana - Bajakhana from km. 0.00 to km. 43.32,Punjab,Roads & Highways,Ministry of Road Transport & Highways,(NHAI),1032.59,787.04,76.0,76.21999050930187,76.0,0.0,663.72,123.31999999999994,0.0,2.021639344262294,3,4,515,1,1,1,0.7873307,78.73,HIGH
2026-07-01,400247,Kalinarayanpur-Krishnanagar Doubling Alongwith Krishnanagar - Chapra New Line And Naihati-Ranaghat 3rd Line.,West Bengal,Railways,Ministry of Railways,(Eastern Railway [ER] - I),1000.0,1066.85,76.0,106.685,74.5,1.5,1065.08,1.7699999999999818,0.0245901639344262,0.0290163934426226,7,8,515,1,1,1,0.7843006,78.43,HIGH
2026-07-01,618879,Rehabilitation and Upgradation to 2L PS configuration & Strengthening of Padhar to Bijni section from Km 180.000 to Km 202.815 of NH-154 Pkg-VA,Himachal Pradesh,Roads & Highways,Ministry of Road Transport & Highways,(NHAI),930.86,665.28,99.19,71.4693938938186,92.01,7.179999999999993,339.37,325.91,0.1177049180327867,5.342786885245901,1,2,61,1,1,1,0.7826582,78.27,HIGH
2026-07-01,619193,Rehabilitation and upgradation of NH-221 from km 121/0 to 165/0 Rudrampur to Bhadrachalam section to two lane with paved shoulder under NHDPIV in the state of Telangana through EPC mode,Telangana,Roads & Highways,Ministry of Road Transport & Highways,(MoRTH),295.47,375.14,82.76,126.96382035401224,82.76,0.0,375.14,0.0,0.0,0.0,1,2,61,1,1,1,0.7797949,77.98,HIGH
2026-07-01,701343,Srikakulam Angul Gas Pipeline Project,"Multi-States (Andhra Pradesh, Odisha)",Energy Storage,Ministry of Petroleum & Natural Gas,(Ministry of Petroleum & Natural Gas),2658.34,2315.2,98.1,87.09194459700413,97.6,0.5,2315.2,0.0,0.0081967213114754,0.0,7,8,515,1,1,1,0.76842594,76.84,HIGH
2026-07-01,705364,Khagaria-Kusheshwar Asthan [42Km] new line project,Bihar,Railways,Ministry of Railways,(East Central Railway [ECR] - I),614.0,491.56,55.7,80.0586319218241,55.7,0.0,491.2,0.3600000000000136,0.0,0.0059016393442625,7,8,515,1,1,1,0.76650864,76.65,HIGH
2026-07-01,709780,Construction of Additional Tankages and Allied Facilities at JNPT Terminal,Maharashtra,Oil & Gas,Ministry of Petroleum & Natural Gas,(MinistryofPetroleumNaturalGas),341.43,304.75,72.4,89.25694871569576,70.9,1.5,300.5,4.25,0.0245901639344262,0.0696721311475409,7,8,515,1,1,1,0.7658793,76.59,HIGH
2026-07-01,618362,Construction of 2-laning with hard shoulder of Lunglei to Chhumkhum from Design Chainage Km 0.000 to Km 37.420 of NH-302 [Lunglei-Tlabung] Package-A,Mizoram,Roads & Highways,Ministry of Road Transport & Highways,(NHIDCL),698.45,552.89,64.78,79.15956761400243,64.78,0.0,556.91,-4.019999999999982,0.0,-0.0659016393442619,3,4,515,1,1,1,0.76523983,76.52,HIGH
2026-07-01,400291,Doubling of Kirandul-Jagdalpur Line [150 km],Chhattisgarh,Railways,Ministry of Railways,(East Coast Railway [ECoR] - II),1589.0,1691.27,96.17,106.43612334801762,97.6,-1.4299999999999926,1656.54,34.73000000000002,-0.0234426229508195,0.5693442622950823,7,8,515,1,1,1,0.7637988,76.38,HIGH
2026-07-01,618851,Pandoh bypass 221.305 to Takoli 242.000 of NH-21 in the state of Himachal Pradesh,Himachal Pradesh,Roads & Highways,Ministry of Road Transport & Highways,(NHAI),3419.95,2881.19,95.65,84.24655331218294,95.62,0.0300000000000011,1923.0,958.19,0.0004918032786885,15.708032786885246,1,2,61,1,1,1,0.76153886,76.15,HIGH
2026-07-01,604863,Development of Surface Facilities for production and evacuation of Crude Oil and Natural Gas from Nadua and East Khagorija,Assam,Oil & Gas,Ministry of Petroleum & Natural Gas,(Ministry of Petroleum & Natural Gas),682.9,599.83,94.4,87.83570068824133,94.3,0.1000000000000085,598.62,1.2100000000000364,0.0016393442622952,0.019836065573771,7,8,515,1,1,1,0.7599846,76.0,HIGH
2026-07-01,400416,Shivpur-Kathautia New Rail [BG] Line [49 km] [Package II of Tori-Shivpur-Kathautia line],Jharkhand,Railways,Ministry of Coal,(Ministry of Coal),1799.64,1713.19,71.0,95.19626147451712,71.0,0.0,1713.19,0.0,0.0,0.0,7,8,515,1,1,1,0.7578431,75.78,HIGH
2026-07-01,619301,Construction of Approach Road to Rail-cum- Road Bridge across river Ganga at Munger Ghat NH-333 B,Bihar,Roads & Highways,Ministry of Road Transport & Highways,(NHAI),537.88,573.9,99.99,106.69666096527106,99.99,0.0,200.58,373.32,0.0,6.119999999999999,1,2,61,1,1,1,0.7577826,75.78,HIGH
2026-07-01,707045,Establishment of new GMC Mahasamund,Chhattisgarh,Healthcare,Ministry of Health & Family Welfare,"(Medical Education, Ministry of Health and Family Welfare)",325.0,322.5,82.0,99.23076923076924,82.0,0.0,321.5,1.0,0.0,0.0163934426229508,2,3,515,1,1,1,0.7568019,75.68,HIGH
2026-07-01,702628,Kanpur Metro Rail Project,Uttar Pradesh,Urban Public Transport,Ministry of Housing & Urban Affairs,(Uttar Pradesh metro rail corporation [UPMRC]),11076.48,9131.15,82.5,82.43729054717744,80.9,1.5999999999999943,9101.15,30.0,0.0262295081967212,0.4918032786885246,7,8,515,1,1,1,0.7559007,75.59,HIGH
2026-07-01,705772,"Mughalsarai-Allahabad, 3rd line",Uttar Pradesh,Railways,Ministry of Railways,(North Central Railway),2649.0,2024.65,74.0,76.43072857682145,71.0,3.0,1930.12,94.5300000000002,0.0491803278688524,1.5496721311475443,7,8,515,1,1,1,0.75271744,75.27,HIGH
2026-07-01,618607,Kottankulangara- Start of Kollam Bypass,Kerala,Roads & Highways,Ministry of Road Transport & Highways,(NHAI),2842.14,2373.25,73.89,83.50222015804992,73.89,0.0,895.86,1477.39,0.0,24.21950819672131,3,4,515,1,1,1,0.7521696,75.22,HIGH
2026-07-01,618936,Jagadhari - Tajewala from Km -0.175 to 32.337 km of NH-344,Haryana,Roads & Highways,Ministry of Road Transport & Highways,(NHAI),1269.5,708.89,67.8,55.84009452540371,63.0,4.799999999999997,679.31,29.58000000000004,0.0786885245901638,0.4849180327868859,3,4,515,1,1,1,0.7511173,75.11,HIGH
2026-07-01,701344,Dhamra Haldia Pipeline Project,"Multi-States (Odisha, West Bengal)",Oil & Gas,Ministry of Petroleum & Natural Gas,(Ministry of Petroleum & Natural Gas),1030.65,924.4,94.3,89.69097171687768,93.7,0.5999999999999943,916.9,7.5,0.0098360655737703,0.1229508196721311,7,8,515,1,1,1,0.75109154,75.11,HIGH
2026-07-01,617966,Rehabilitation and Upgrading to 2 lanes/2-lane with paved shoulders configuration and strengthening of of Birpur and Bihpur Section from km 0.0 to Km 106 of NH 106 under phase I of National Highways Interconnectivity Improvement Projects NHIIP ICB No. NHIIP-BR-106-7 [NHIIP-BR-106-7],Bihar,Roads & Highways,Ministry of Road Transport & Highways,(MoRTH),780.77,0.04,99.74,0.0051231476619234,99.74,0.0,0.04,0.0,0.0,0.0,3,4,515,1,1,1,0.7508672,75.09,HIGH
2026-07-01,400169,Redevelopment of Linch Field,Gujarat,Oil & Gas,Ministry of Petroleum & Natural Gas,(MinistryofPetroleumNaturalGas),631.03,617.84,92.1,97.90976657211226,90.0,2.0999999999999943,612.97,4.8700000000000045,0.0344262295081966,0.0798360655737705,7,8,515,1,1,1,0.7507244,75.07,HIGH
2026-07-01,705780,Bhatni-Aurnihar with electrification excluding Indara-Mau,Uttar Pradesh,Railways,Ministry of Railways,(RVNL - I),2529.0,2171.72,96.7,85.87267694741003,96.5,0.2000000000000028,2164.72,7.0,0.0032786885245902,0.1147540983606557,7,8,515,1,1,1,0.7496718,74.97,HIGH
2026-07-01,705765,Gomoh - Flyover for DN trains,Jharkhand,Railways,Ministry of Railways,(East Central Railway [ECR] - I),686.0,634.71,66.7,92.52332361516036,66.5,0.2000000000000028,631.52,3.1900000000000546,0.0032786885245902,0.052295081967214,7,8,515,1,1,1,0.7449807,74.5,HIGH
2026-07-01,400426,Expansion of Malanjkhand Copper Project,Madhya Pradesh,Metals & Mining,Ministry of Mines,(Hindustan Copper Limited [HCL]),1856.36,1009.9,26.0,54.40216337348359,84.87,-58.870000000000005,965.07,44.82999999999993,-0.9650819672131148,0.7349180327868841,7,8,515,1,1,1,0.74457043,74.46,HIGH
2026-07-01,707086,Establishment of new GMC Rudrapur,Uttarakhand,Healthcare,Ministry of Health & Family Welfare,"(Medical Education, Ministry of Health and Family Welfare)",325.0,274.0,60.0,84.3076923076923,60.0,0.0,272.0,2.0,0.0,0.0327868852459016,2,3,515,1,1,1,0.7436244,74.36,HIGH
2026-07-01,705567,Burhwal Gonda 3rd line,Uttar Pradesh,Railways,Ministry of Railways,(North Eastern Railway [NER]),1016.0,1058.77,88.5,104.20964566929132,88.4,0.0999999999999943,1050.11,8.660000000000082,0.0016393442622949,0.1419672131147554,7,8,515,1,1,1,0.7395192,73.95,HIGH
2026-07-01,705490,Gadag-Wadi New Railway Line [257 km],Karnataka,Railways,Ministry of Railways,(South Western Railway [SWR] - II),2842.0,1604.89,36.5,56.470443349753694,34.5,2.0,1539.51,65.38000000000011,0.0327868852459016,1.0718032786885263,7,8,515,1,1,1,0.736151,73.62,HIGH
2026-07-01,618785,4/6L Greenfield LudhianaRupnagar highway from Jn. with NE-5 village near to ManewalLudhiana to Jn. with NH-205 near Bheora Village Rupnagar from Km 66.0 to Km 91.0 i/c spur to Kharar from Km 0.0 to Km 19.5 with Ludhiana bypass of NH-205K Pkg-3,Punjab,Roads & Highways,Ministry of Road Transport & Highways,(NHAI),1501.02,1158.7,79.86,77.1941746279197,78.6,1.2600000000000051,992.99,165.71000000000004,0.0206557377049181,2.716557377049181,3,4,515,1,1,1,0.7360074,73.6,HIGH
2026-07-01,705494,Rayadurg-Tumkur via Kalyandurg New Line [207 km],"Multi-States (Andhra Pradesh, Karnataka)",Railways,Ministry of Railways,(South Western Railway [SWR] - II),2496.0,1943.23,73.0,77.85376602564102,72.0,1.0,1898.7,44.52999999999997,0.0163934426229508,0.7299999999999995,7,8,515,1,1,1,0.7344563,73.45,HIGH
2026-07-01,400006,Jharsuguda-Barpali-Sardega Ph II Works- Rail Connectivity for Coal Loading Bulb at Barpali.,Odisha,Railways,Ministry of Railways,(South Eastern Railway [SER] - I),808.99,743.46,40.0,91.89977626423072,38.0,2.0,701.15,42.31000000000006,0.0327868852459016,0.6936065573770501,3,4,515,1,1,1,0.7319047,73.19,HIGH
2026-07-01,705628,Doubling of Hatia [Ranchi]-Bondamunda Rail Line - 159 km,"Multi-States (Jharkhand, Odisha)",Railways,Ministry of Railways,(South Eastern Railway - JH),3029.0,2649.22,94.0,87.4618686034995,92.0,2.0,2629.17,20.049999999999727,0.0327868852459016,0.3286885245901594,7,8,515,1,1,1,0.72822994,72.82,HIGH
2026-07-01,618483,Delhi-Amritsar-Katra Expressway Phase-I Pkg-II from Junction with Rohtak-Panipat road NH-709 near Rukhi Paani village to Junction with Jind-Panipat road NH-352A near Gangana village Km 34000 to Km 60800,Haryana,Roads & Highways,Ministry of Road Transport & Highways,(NHAI),1533.87,1176.23,99.89,76.68381283941925,99.89,0.0,971.07,205.16,0.0,3.3632786885245896,1,2,61,1,1,1,0.7255446,72.55,HIGH
2026-07-01,618810,4L of existing Beas Baba Bakala - Dera Baba Nanak Section from start of Batala Bypass till intersection with Ajnala Gurdaspur Highway NH 354 near Dera Baba Nanak from Km. 31.300 to Km. 69.100 with Additional batala Bypass Pkg-II,Punjab,Roads & Highways,Ministry of Road Transport & Highways,(NHAI),1003.38,792.5,80.7,78.98303733381171,78.99,1.710000000000008,590.84,201.66,0.028032786885246,3.305901639344262,3,4,515,1,1,1,0.72183275,72.18,HIGH
2026-07-01,618644,4L of Ormanjhi-Gola section from Km 81.450 to Km 53.600 of NH- 320BPKG-II,Jharkhand,Roads & Highways,Ministry of Road Transport & Highways,(NHAI),1214.93,993.58,86.57,81.7808433407686,86.57,0.0,837.8,155.7800000000001,0.0,2.55377049180328,3,4,515,1,1,1,0.71929854,71.93,HIGH
2026-07-01,701991,Kalyan Station Precinct Imporvement Project,Maharashtra,Urban Public Transport,Ministry of Housing & Urban Affairs,(ministry of housing and urban affairs),600.0,523.76,84.0,87.29333333333334,82.0,2.0,492.82,30.94,0.0327868852459016,0.5072131147540984,7,8,515,1,1,1,0.7189324,71.89,HIGH
2026-07-01,618552,Development of 6L Greenfield Jalandhar Bypass starting from Kahlwan NH-03 ending at Kang Sahbu NH-703 via Sarmastpur NH-44 - Madara NH-03 - Khajurla NH-44,Punjab,Roads & Highways,Ministry of Road Transport & Highways,(NHAI),1754.84,1252.02,54.01,71.34667548038568,48.2,5.809999999999995,800.1,451.92,0.0952459016393441,7.408524590163934,3,4,515,1,1,1,0.71769637,71.77,HIGH
2026-07-01,618005,Sheohar-Sitamarhi Section km 40.000 to 79.400 km Lot-I,Bihar,Roads & Highways,Ministry of Road Transport & Highways,(MoRTH),178.85,0.0,98.65,0.0,98.65,0.0,0.0,0.0,0.0,0.0,3,4,515,1,1,1,0.7174068,71.74,HIGH
2026-07-01,618605,Thuravoor Thekku-Paravoor,Kerala,Roads & Highways,Ministry of Road Transport & Highways,(NHAI),2878.97,2495.62,80.85,86.68447396117361,78.28,2.569999999999993,2120.87,374.75,0.0421311475409834,6.14344262295082,3,4,515,1,1,1,0.7155913,71.56,HIGH
2026-07-01,618459,Delhi-Vadodara Greenfield Alignment NH-148N Pkg-26 Ch.696890 to Ch.726390,Gujarat,Roads & Highways,Ministry of Road Transport & Highways,(NHAI),1555.2,1273.31,81.6,81.87435699588477,77.2,4.399999999999992,1084.2,189.1099999999999,0.0721311475409834,3.100163934426228,3,4,515,1,1,1,0.71514857,71.51,HIGH
2026-07-01,618901,4L PS Divided Carriageway from Patan Near Rajpur to Gojariya From Km 52.000 to Km 128.940 of NH-68,Gujarat,Roads & Highways,Ministry of Road Transport & Highways,(NHAI),1181.34,923.85,87.12,78.20356544263295,84.7,2.4200000000000017,876.25,47.60000000000002,0.039672131147541,0.7803278688524594,1,2,61,1,1,1,0.71437794,71.44,HIGH
2026-07-01,707410,Integrated Multi Modal Logistics Hub at Nangal Chaudhary in Haryana - Other Trunk Infrastructure Development Phase 1,Haryana,Logistics Infrastructure,Department for Promotion of Industry & Internal Trade,(National Highways & Infrastructure Development Corporation Ltd. [NHIDCL]),763.0,430.0,60.0,56.356487549148106,60.0,0.0,430.0,0.0,0.0,0.0,2,3,515,1,1,1,0.7107414,71.07,HIGH
2026-07-01,615202,Capacity expansion of Deposit-14 and 14 NMZ at Kirandul,Chhattisgarh,Metals & Mining,Ministry of Steel,(National Mineral Development Corporation Limited [NMDC]),1700.0,263.01,18.3,15.471176470588237,20.3,-2.0,258.41,4.599999999999966,-0.0327868852459016,0.0754098360655732,7,8,515,1,1,1,0.7105053,71.05,HIGH
2026-07-01,618793,4L of Fazilka to Abohar section of NH-07 including construction of Greenfield Abohar & Fazilka Bypasses,Punjab,Roads & Highways,Ministry of Road Transport & Highways,(NHAI),1409.88,881.3,67.0,62.50886600278037,60.0,7.0,569.17,312.13,0.1147540983606557,5.116885245901639,1,2,61,1,1,1,0.7067687,70.68,HIGH
2026-07-01,705495,Bagalkot-Kudachi New Railway Line [142 km],Karnataka,Railways,Ministry of Railways,(South Western Railway [SWR] - II),1378.0,809.24,36.5,58.72568940493469,36.0,0.5,797.87,11.370000000000005,0.0081967213114754,0.1863934426229509,7,8,515,1,1,1,0.705766,70.58,HIGH
2026-07-01,705433,Dallirajhra- Rowghat New Railway Line - Phase I [95 km],Chhattisgarh,Railways,Ministry of Railways,(Rail Vikas Nigam Limited),1628.0,1440.85,82.0,88.50429975429975,82.0,0.0,1440.85,0.0,0.0,0.0,7,8,515,1,1,1,0.7025561,70.26,HIGH
2026-07-01,618569,Balance work - WB-10 Gandak Bridge Km 402.00 to Km 440.00 Devanpur - Kotwa,Bihar,Roads & Highways,Ministry of Road Transport & Highways,(NHAI),210.05,181.96,64.05,86.62699357295882,64.05,0.0,116.29,65.67,0.0,1.0765573770491803,3,4,515,1,1,1,0.7014416,70.14,HIGH
2026-07-01,400013,Saturation 4G mobile coverage of Uncovered Villages through USOF,PAN India,Telecommunication,Department of Telecommunications,(Department of Telecommunications [DoT]),26316.0,8553.1,85.0,32.5015199878401,84.0,1.0,9791.8,-1238.699999999999,0.0163934426229508,-20.306557377049163,7,8,515,1,1,1,0.701439,70.14,HIGH
2026-07-01,618442,"Construction of Balance Work of the 4-Laning of the Section from Jorhat to Jhanji of NH-37 Old from Km 477.000 to Km 490800 13.800 Km, under SARDP- NE under EPC Mode in the state of Assam Pkg-III Road Works",Assam,Roads & Highways,Ministry of Road Transport & Highways,(NHIDCL),358.72,398.28,100.0,111.02809991079393,99.05,0.9500000000000028,0.07,398.21,0.0155737704918033,6.5280327868852455,2,3,515,1,1,1,0.70061374,70.06,HIGH
2026-07-01,400167,Redevelopment of Santhal Field [Onshore-Mehsana Asset],Gujarat,Oil & Gas,Ministry of Petroleum & Natural Gas,(Oil and Natural Gas Corporation Limited [ONGC]),1162.56,1117.8,96.8,96.14987613542527,95.9,0.8999999999999915,1152.51,-34.71000000000004,0.0147540983606555,-0.5690163934426236,7,8,515,1,1,1,0.70032066,70.03,HIGH
2026-07-01,618444,"Construction of Balance Work of the 4-Laning of the Section from Jorhat to Jhanji of NH-37 Old from Km 453.000 to Km 490.800, under SARDP- NE , under EPC Mode in the state of Assam Pkg-IV Structures & Toll Plaza",Assam,Roads & Highways,Ministry of Road Transport & Highways,(NHIDCL),279.01,398.54,94.73,142.84075839575644,94.73,0.0,0.0,398.54,0.0,6.53344262295082,2,3,515,1,1,1,0.6978954,69.79,HIGH
2026-07-01,618937,4L of Nagpur-Katol Section from Km. 13.00 to Km. 62.900 of NH-353J,Maharashtra,Roads & Highways,Ministry of Road Transport & Highways,(NHAI),1166.96,1182.28,81.54,101.3128127785014,81.54,0.0,971.38,210.9,0.0,3.4573770491803275,3,4,515,1,1,1,0.6950546,69.51,HIGH
2026-07-01,709842,"Kalol Redevelopment Project, Ahmedabad Asset",Gujarat,Oil & Gas,Ministry of Petroleum & Natural Gas,(Oil and Natural Gas Corporation Limited [ONGC]),1487.41,945.45,65.0,63.56350972495815,64.0,1.0,940.5,4.9500000000000455,0.0163934426229508,0.0811475409836073,7,8,515,1,1,1,0.6914792,69.15,HIGH
2026-07-01,709753,Haldia Panagarh Pipeline Project,West Bengal,Oil & Gas,Ministry of Petroleum & Natural Gas,(Hindustan Petroleum Corporation Limited),1010.0,865.19,97.2,85.66237623762377,95.0,2.200000000000003,846.32,18.870000000000005,0.0360655737704918,0.309344262295082,7,8,515,1,1,1,0.69017243,69.02,HIGH
2026-07-01,618615,Sanchore - Santalpur from km 99.000 - km 130.073 of NH-754K AJ-RGBS-Package-4,Gujarat,Roads & Highways,Ministry of Road Transport & Highways,(NHAI),778.15,764.0,99.7,98.18158452740474,99.7,0.0,663.38,100.62,0.0,1.6495081967213117,3,4,515,1,1,1,0.6871863,68.72,HIGH
2026-07-01,706759,Rampur Dumra-Tal-Rajendrapul Additional Bridge and Railway Line Doubling,Bihar,Railways,Ministry of Railways,(Indian Railway Construction International Limited [IRCON]),2373.64,1581.96,98.5,66.64700628570466,98.5,0.0,1610.45,-28.49000000000001,0.0,-0.467049180327869,7,8,515,1,1,1,0.68704695,68.7,HIGH
2026-07-01,705492,Kadur - Chickamagalur - Sakleshpur [93km],Karnataka,Railways,Ministry of Railways,(South Western Railway [SWR] - II),825.0,789.58,84.8,95.70666666666668,84.2,0.5999999999999943,774.11,15.470000000000027,0.0098360655737703,0.2536065573770496,7,8,515,1,1,1,0.6869638,68.7,HIGH
2026-07-01,705782,Barabanki-Malhaur 3rd & 4th Railway Line Project,Uttar Pradesh,Railways,Ministry of Railways,(Ministry of Railways),407.0,417.22,78.0,102.51105651105652,77.0,1.0,409.54,7.680000000000007,0.0163934426229508,0.1259016393442624,7,8,515,1,1,1,0.6858131,68.58,HIGH
2026-07-01,618708,Widening/Development of Existing NH-85 from Km 0.000 to Km 124.636 section to 2L/LPS section in the state of Kerala on EPC Mode under Bharatmala Pariyojana,Kerala,Roads & Highways,Ministry of Road Transport & Highways,(NHAI),1187.47,778.5,66.88,65.55955097812998,52.71,14.169999999999996,631.69,146.80999999999997,0.232295081967213,2.406721311475409,3,4,515,1,1,1,0.6847959,68.48,HIGH
2026-07-01,618516,6L from Sankeshwar Bypass to MH-KNT Border from Km. 555.017 to Km. 592.853 of NH-48 Pkg-II,"Multi-States (Karnataka, Maharashtra)",Roads & Highways,Ministry of Road Transport & Highways,(NHAI),1388.7,1156.86,84.8,83.30524951393389,83.5,1.2999999999999972,1130.54,26.319999999999936,0.021311475409836,0.4314754098360645,3,4,515,1,1,1,0.68458754,68.46,HIGH
2026-07-01,619051,"Nabinagar Super Thermal Power Project, Stage-II [3x800 MW]",Bihar,Electricity Generation,Ministry of Power,(National Thermal Power Corporation [NTPC]),29948.0,3099.94,13.65,10.351075197008146,10.17,3.4800000000000004,2676.55,423.3899999999999,0.0570491803278688,6.940819672131146,2,3,515,1,1,1,0.68387175,68.39,HIGH
2026-07-01,619132,4/6L of Gurgaon - Pataudi - Rewari from km. 0.00 to km.43.87 of NH-352W,Haryana,Roads & Highways,Ministry of Road Transport & Highways,(NHAI),1810.04,1267.19,76.98,70.0089500784513,72.5,4.480000000000004,522.34,744.85,0.0734426229508197,12.21065573770492,2,3,515,1,1,1,0.68343395,68.34,HIGH
2026-07-01,617928,"Widening 2 lane to 4-lane from KM 92/320 to Km 115/320 Vav Chokdi-Satlasana to to Vrundavan Chokdi, Kheralu on NH-58 in the State of Gujarat.",Gujarat,Roads & Highways,Ministry of Road Transport & Highways,(MoRTH),151.13,0.0,98.0,0.0,98.0,0.0,0.0,0.0,0.0,0.0,3,4,515,1,1,1,0.6832511,68.33,HIGH
2026-07-01,602181,"TEESTA-VI HE PROJECT, SIKKIM [500 MW], executed by LANCO TEESTA HYDRO POWER LIMITED [A wholly owned Subsidiary of NHPC LTD. acquired through NCLT]",Sikkim,Electricity Generation,Ministry of Power,(National Hydroelectric Power Corporation Limited [NHPC]),5748.04,4519.87,73.48,78.63323846041433,72.51,0.9699999999999988,4356.15,163.72000000000023,0.0159016393442622,2.6839344262295124,7,8,515,1,1,1,0.6829734,68.3,HIGH
2026-07-01,618023,Work of Widening/upgradation of 2-Lane with paved shoulder of Sri Muktsar Sahib to Malout road from Km 279.400 to Km 307.060 section of NH-354 in the State of Punjab on EPC mode. Job No. NH-354-PB-2021-22-555,Punjab,Roads & Highways,Ministry of Road Transport & Highways,(MoRTH),152.58,0.0,100.0,0.0,100.0,0.0,0.0,0.0,0.0,0.0,3,4,515,1,1,1,0.68208426,68.21,HIGH
2026-07-01,705562,Chhapra-Ballia Patch Doubling,"Multi-States (Bihar, Uttar Pradesh)",Railways,Ministry of Railways,(North Eastern Railway [NER]),963.0,918.18,96.0,95.34579439252336,95.9,0.0999999999999943,917.1,1.0799999999999272,0.0016393442622949,0.0177049180327856,7,8,515,1,1,1,0.68031126,68.03,HIGH
2026-07-01,619214,4L of Channarayapatna Bypass and Hassan Bypass with structures in Devihalli - Hassan section,Karnataka,Roads & Highways,Ministry of Road Transport & Highways,(NHAI),688.0,600.43,82.34,87.27180232558139,82.34,0.0,586.06,14.370000000000005,0.0,0.2355737704918033,1,2,61,1,1,1,0.678237,67.82,HIGH
2026-07-01,618491,Delhi-Amritsar-Katra Expressway Phase-I Pkg-XI from Junction with Jalandhar - Kapurthala road NH-703A near khojewal village to Junction with Amritsar-Mehta- SriHargobindpur-Tanda road NH-503A near SriHargobindpur Km 319400 to km 362420,Punjab,Roads & Highways,Ministry of Road Transport & Highways,(NHAI),2175.35,1377.13,43.45,63.30613464499967,43.45,0.0,941.19,435.94000000000005,0.0,7.146557377049181,3,4,515,1,1,1,0.6747389,67.47,HIGH
2026-07-01,618488,Delhi-Amritsar-Katra Expressway Phase-I Pkg-VIII from Junction with Ludhiana- Malerkotla SH-11 near Bhogiwal village to Junction with Ludhiana-Moga road NH-5 near Mullanpur Dakha Km 225770 to km 260860,Punjab,Roads & Highways,Ministry of Road Transport & Highways,(NHAI),1895.74,1274.51,31.08,67.23021089389896,31.08,0.0,751.95,522.56,0.0,8.566557377049179,3,4,515,1,1,1,0.6747012,67.47,HIGH
2026-07-01,709752,HP-COAT [Crude to Olefins and Aromatics Technology] demo unit at Visakh Refinery,Andhra Pradesh,Oil & Gas,Ministry of Petroleum & Natural Gas,(Hindustan Petroleum Corporation Limited),160.0,152.82,93.5,95.5125,91.6,1.9000000000000057,135.52,17.299999999999983,0.0311475409836066,0.2836065573770489,7,8,515,1,1,1,0.6721905,67.22,HIGH
2026-07-01,400220,Kharsia-Dharamjaygarh with Spur line [East Corridor-Phase 1],Chhattisgarh,Railways,Ministry of Railways,(Indian Railway Construction International Limited [IRCON]),3055.0,2790.19,95.15,91.33191489361704,95.1,0.0500000000000113,2695.19,95.0,0.0008196721311477,1.5573770491803278,7,8,515,1,1,1,0.672155,67.22,HIGH
2026-07-01,618581,Hosur to Dhamrapuri Pkg-1 [Neraluru - Thorapalli Agraharam],"Multi-States (Karnataka, Tamil Nadu)",Roads & Highways,Ministry of Road Transport & Highways,(NHAI),1757.27,1459.22,78.7,83.03903213507316,78.7,0.0,927.75,531.47,0.0,8.712622950819673,3,4,515,1,1,1,0.6712948,67.13,HIGH
2026-07-01,618761,4L Spur of Meerut-Garh-Mukteshwar section connecting NH-119 and NH-58 bypassing Meerut Town of NH 709 A,Uttar Pradesh,Roads & Highways,Ministry of Road Transport & Highways,(NHAI),991.89,861.63,96.98,86.86749538759338,95.22,1.7600000000000051,815.91,45.72000000000003,0.0288524590163935,0.749508196721312,3,4,515,1,1,1,0.6710604,67.11,HIGH
2026-07-01,618704,6L Flyover including RE Wall approaches with Flexible Pavement in the Elephant Corridor of Angul Sambalpur Section of NH-42 New NH-55 Km.202.533,Odisha,Roads & Highways,Ministry of Road Transport & Highways,(NHAI),150.86,106.14,99.99,70.3566220336736,99.98,0.0099999999999909,102.13,4.010000000000005,0.0001639344262293,0.0657377049180328,1,2,61,1,1,1,0.6710243,67.1,HIGH
2026-07-01,709841,Old Pipe Line Replacement [OPRP] Group-A,Gujarat,Oil & Gas,Ministry of Petroleum & Natural Gas,(Oil and Natural Gas Corporation Limited [ONGC]),173.03,167.98,94.5,97.08143096572849,93.5,1.0,164.86,3.119999999999976,0.0163934426229508,0.0511475409836061,7,8,515,1,1,1,0.6693422,66.93,HIGH
2026-07-01,400223,Nagapattinam-Tiruturaipundi and Karaikal-Peralam New Line,"Multi-States (Puducherry, Tamil Nadu)",Railways,Ministry of Railways,(Ministry of Railways),713.0,645.24,81.0,90.49649368863956,80.0,1.0,635.3,9.940000000000056,0.0163934426229508,0.162950819672132,7,8,515,1,1,1,0.6680702,66.81,HIGH
2026-07-01,618788,4L Greenfield Jalbhera Shahbad section from km. 0.000 to km. 22.850 of NH-152G,Haryana,Roads & Highways,Ministry of Road Transport & Highways,(NHAI),927.22,544.51,87.05,58.72500593170984,87.05,0.0,367.54,176.96999999999997,0.0,2.9011475409836063,2,3,515,1,1,1,0.66529673,66.53,HIGH
2026-07-01,618509,Development of 6L UER II [Package - I] NH-1 Near Bakoli till Karala Kanjhawala Road from km. 0.70 to km.15.00,Delhi,Roads & Highways,Ministry of Road Transport & Highways,(NHAI),2089.94,1825.54,99.99,87.34891910772558,99.99,0.0,1803.73,21.809999999999945,0.0,0.3575409836065565,3,4,515,1,1,1,0.6644079,66.44,HIGH
2026-07-01,619308,6L access-controlled highway from Ganeshpur tonear Mohand of Ganeshpur Dehradun section from Km.0 to Km.8.3 of NH-72A Package-1,Uttar Pradesh,Roads & Highways,Ministry of Road Transport & Highways,(NHAI),836.24,811.84,98.92,97.08217736534966,98.92,0.0,808.7,3.1399999999999864,0.0,0.0514754098360653,1,2,61,1,1,1,0.66411626,66.41,HIGH
2026-07-01,701289,Capacity Expansion of Panipat Refinery from 15 to 25 MMTPA,Haryana,Oil & Gas,Ministry of Petroleum & Natural Gas,(Ministry of Petroleum & Natural Gas),34627.0,27518.03,94.0,79.46986455655991,93.2,0.7999999999999972,27035.45,482.5799999999981,0.0131147540983606,7.911147540983576,7,8,515,1,1,1,0.6634537,66.35,HIGH
2026-07-01,706763,Rajkot - Kanalus Doubling Project [111.2 Kms],Gujarat,Railways,Ministry of Railways,(Western Railway WR - II),1080.58,969.78,82.0,89.74624738566325,81.0,1.0,952.06,17.720000000000027,0.0163934426229508,0.2904918032786889,7,8,515,1,1,1,0.6633491,66.33,HIGH
2026-07-01,400369,BINA KAKRI AMALGAMATION EXPANS,"Multi-States (Madhya Pradesh, Uttar Pradesh)",Coal,Ministry of Coal,(NCL - CIL),836.42,914.9,92.05,109.38284593864329,89.9,2.1499999999999915,835.34,79.55999999999995,0.0352459016393441,1.3042622950819662,7,8,515,1,1,1,0.66278744,66.28,HIGH
2026-07-01,618606,Paravoor-Kottankulangara,Kerala,Roads & Highways,Ministry of Road Transport & Highways,(NHAI),3273.61,2858.39,71.2,87.31614334022683,71.2,0.0,1226.55,1631.84,0.0,26.751475409836065,3,4,515,1,1,1,0.66045785,66.05,HIGH
2026-07-01,705419,Gwalior - Seopurkala with extension to Kota [Gauge Conversion],"Multi-States (Madhya Pradesh, Rajasthan)",Railways,Ministry of Railways,(North Central Railway),2913.0,2270.23,95.0,77.9344318571919,92.0,3.0,2213.55,56.67999999999984,0.0491803278688524,0.9291803278688496,7,8,515,1,1,1,0.65671825,65.67,MEDIUM
2026-07-01,619130,Mahabalipuram - Pondicherry Pkg-II [Mugaiyur to Marakkanam],Tamil Nadu,Roads & Highways,Ministry of Road Transport & Highways,(NHAI),1116.13,771.85,53.41,69.15413079121608,53.41,0.0,531.32,240.53,0.0,3.94311475409836,2,3,515,1,1,1,0.65564674,65.56,MEDIUM
2026-07-01,705638,Kumbalam-Turavur doubling project [15.59 Km],Kerala,Railways,Ministry of Railways,(Ministry of Railways),813.0,151.83,35.0,18.675276752767527,30.5,4.5,126.48,25.35000000000001,0.0737704918032786,0.4155737704918034,7,8,515,1,1,1,0.6531423,65.31,MEDIUM
2026-07-01,705450,Jogbani-Biratnagar New Rail Line project,Bihar,Railways,Ministry of Railways,(Indian Railway Construction International Limited [IRCON]),402.0,369.48,86.5,91.91044776119404,86.26,0.2399999999999948,369.28,0.2000000000000454,0.0039344262295081,0.0032786885245909,7,8,515,1,1,1,0.6525684,65.26,MEDIUM
2026-07-01,618482,Delhi-Amritsar-Katra Expressway Phase-I Pkg-I from Jussur Kheri on NH-KMP Expressway to Junction with Rohtak-Panipat road NH-709 near Rukhi Paani village Km 0000 to Km 34000,Haryana,Roads & Highways,Ministry of Road Transport & Highways,(NHAI),1866.49,1609.72,99.91,86.24316229928904,99.91,0.0,1081.52,528.2,0.0,8.659016393442624,1,2,61,1,1,1,0.6521871,65.22,MEDIUM
2026-07-01,619220,Tumkur-Shimoga Pkg-III from Km 121.900 Banawara to Km 170.415 Bettadahalli of Old NH-206,Karnataka,Roads & Highways,Ministry of Road Transport & Highways,(NHAI),1444.5,872.92,98.0,60.43059882312218,97.3,0.7000000000000028,890.55,-17.629999999999995,0.0114754098360656,-0.2890163934426228,1,2,61,1,1,1,0.65019935,65.02,MEDIUM
2026-07-01,702627,Patna Metro Rail Project,Bihar,Urban Public Transport,Ministry of Housing & Urban Affairs,(Patna Metro Rail Corporation Ltd. [PMRCL]),13365.77,5198.09,50.05,38.891062767053455,50.0,0.0499999999999971,5197.09,1.0,0.0008196721311474,0.0163934426229508,7,8,515,1,1,1,0.6498247,64.98,MEDIUM
2026-07-01,709776,Augmentation/Revamping of Facilities at existing Guwahati Terminal at Betkuchi,Assam,Oil & Gas,Ministry of Petroleum & Natural Gas,(MinistryofPetroleumNaturalGas),277.0,234.57,84.2,84.68231046931407,81.2,3.0,226.36,8.20999999999998,0.0491803278688524,0.1345901639344258,7,8,515,1,1,1,0.648929,64.89,MEDIUM
2026-07-01,400280,Phase II extension of MRTS from Velachery to St Thomas Mount,Tamil Nadu,Railways,Ministry of Railways,(Ministry of Railways),734.0,486.53,99.9,66.28474114441416,99.9,0.0,486.53,0.0,0.0,0.0,7,8,515,1,1,1,0.6488121,64.88,MEDIUM
2026-07-01,618710,DL/UP Border - EPE Crossing Pkg-02,Uttar Pradesh,Roads & Highways,Ministry of Road Transport & Highways,(NHAI),2002.79,1739.68,100.0,86.86282635723167,100.0,0.0,1732.92,6.759999999999991,0.0,0.1108196721311473,3,4,515,1,1,1,0.6486007,64.86,MEDIUM
2026-07-01,701574,Deepening and Optimization of Inner Harbour facilities including development of Western Dock on BOT basis to handle Cape size vessels,Odisha,Shipping,"Ministry of Ports, Shipping and Waterways",(Paradip Port Trust [PPT]),3004.63,2244.12,74.0,74.6887303927605,70.0,4.0,2117.12,127.0,0.0655737704918032,2.081967213114754,7,8,515,1,1,1,0.6470261,64.7,MEDIUM
2026-07-01,611930,Lara Super Thermal Power Project Stage-II [2 x 800 MW],Chhattisgarh,Electricity Generation,Ministry of Power,(National Thermal Power Corporation [NTPC]),15530.0,5279.03,32.3,33.99246619446233,28.6,3.699999999999996,4787.3,491.7299999999996,0.0606557377049179,8.0611475409836,7,8,515,1,1,1,0.64686537,64.69,MEDIUM
2026-07-01,706989,Establishment of new GMC West Garo Hills [Tura],Meghalaya,Healthcare,Ministry of Health & Family Welfare,"(Medical Education, Ministry of Health and Family Welfare)",189.0,170.1,0.0,90.0,0.0,0.0,170.1,0.0,0.0,0.0,1,2,61,1,1,1,0.6455958,64.56,MEDIUM
2026-07-01,702664,Kochi Metro Rail Phase 2 Development Project,Kerala,Urban Public Transport,Ministry of Housing & Urban Affairs,(CSPCC Projects),1957.05,752.34,38.0,38.44255384379552,36.17,1.8299999999999983,746.33,6.009999999999991,0.0299999999999999,0.0985245901639342,7,8,515,1,1,1,0.643649,64.36,MEDIUM
2026-07-01,709848,MHN TCPP PGC BGC Project [MTPBP],Offshore,Oil & Gas,Ministry of Petroleum & Natural Gas,(Ministry of Petroleum & Natural Gas),2329.45,1929.54,95.5,82.83242825559682,92.7,2.799999999999997,1613.16,316.3799999999999,0.0459016393442622,5.186557377049178,7,8,515,1,1,1,0.64116347,64.12,MEDIUM
2026-07-01,619158,4 Laning of Duburi Chandikhole from km 388.376 to km 428.074 Pkg-III,Odisha,Roads & Highways,Ministry of Road Transport & Highways,(NHAI),789.0,724.86,86.0,91.87072243346007,86.0,0.0,572.09,152.76999999999998,0.0,2.5044262295081965,2,3,515,1,1,1,0.64100695,64.1,MEDIUM
2026-07-01,705668,KHARAGPUR-ADITYAPUR THIRD RAIL LINE- 132 KM,"Multi-States (Jharkhand, West Bengal)",Railways,Ministry of Railways,(RVNL - I),3250.0,3294.29,98.0,101.36276923076925,97.5,0.5,3287.18,7.110000000000127,0.0081967213114754,0.1165573770491824,7,8,515,1,1,1,0.6404101,64.04,MEDIUM
2026-07-01,618622,4L of Indore - Boregaon Pkg-III [Balwara to Dhangaon] from km. 42.260 to km. 82.660 of NH347BG & 753L,Madhya Pradesh,Roads & Highways,Ministry of Road Transport & Highways,(NHAI),1001.69,825.56,90.5,82.41671575038184,89.0,1.5,698.97,126.58999999999992,0.0245901639344262,2.075245901639343,3,4,515,1,1,1,0.6398338,63.98,MEDIUM
2026-07-01,705394,Tetlia-Byrnihat New Railway Line,"Multi-States (Assam, Meghalaya)",Railways,Ministry of Railways,(Northeast Frontier Railway [NFR]),1304.62,1258.8,86.16,96.48786619858656,86.16,0.0,1254.47,4.329999999999927,0.0,0.0709836065573758,1,2,61,1,1,1,0.6397408,63.97,MEDIUM
2026-07-01,709864,DCU Revamp Project,Assam,Oil & Gas,Ministry of Petroleum & Natural Gas,(NRL),370.0,310.38,78.6,83.88648648648649,76.3,2.299999999999997,281.31,29.069999999999997,0.0377049180327868,0.4765573770491802,7,8,515,1,1,1,0.63904446,63.9,MEDIUM
2026-07-01,618194,Rehabilitation and upgradation of New NH 544DD from design Chainage Km. 56/000 to 102/20 of Kalyandrg - Molakalmuru Section,Andhra Pradesh,Roads & Highways,Ministry of Road Transport & Highways,(MoRTH),294.13,312.4,98.52,106.21153911535714,98.52,0.0,312.39,0.0099999999999909,0.0,0.0001639344262293,3,4,515,1,1,1,0.63880974,63.88,MEDIUM
2026-07-01,619198,Vadodara Mumbai Expressway Phase II - Pkg XII [Km. 50.700 to Km. 77.000] Masvan - Ganjad,Maharashtra,Roads & Highways,Ministry of Road Transport & Highways,(NHAI),1711.38,979.41,99.38,57.22925358482628,99.38,0.0,979.26,0.1499999999999772,0.0,0.0024590163934422,1,2,61,1,1,1,0.6382931,63.83,MEDIUM
2026-07-01,618693,Bodhre - Dhule,Maharashtra,Roads & Highways,Ministry of Road Transport & Highways,(NHAI),1344.78,785.93,97.69,58.44301670161662,97.69,0.0,791.69,-5.760000000000105,0.0,-0.0944262295081984,3,4,515,1,1,1,0.63746977,63.75,MEDIUM
2026-07-01,619167,4 Laning with PS of Pathrapalli-Katghora km 53.3 to km 92.6 Pkg-II of Bilaspur Kathghora,Chhattisgarh,Roads & Highways,Ministry of Road Transport & Highways,(NHAI),865.1,851.38,93.1,98.41405617847649,93.1,0.0,587.68,263.70000000000005,0.0,4.322950819672132,2,3,515,1,1,1,0.6340601,63.41,MEDIUM
2026-07-01,618647,6L Access Controlled Ludhiana-Bathinda Greenfield highway from Jn. with Amritsar- Bathanda Greenfield Road NH-754A near Rampura Phul to Jn. with Moga-Barnala Road NH-703 near village Tallewal from Km 0.0 to Km 30.3 of NH-754AD Pkg-1,Punjab,Roads & Highways,Ministry of Road Transport & Highways,(NHAI),906.51,687.75,81.5,75.86788893669126,81.5,0.0,490.17,197.58,0.0,3.239016393442623,3,4,515,1,1,1,0.633925,63.39,MEDIUM
2026-07-01,709832,25.5 MW WIND POWER PROJECT AT KAYATHAR IN TAMILNADU,Tamil Nadu,Metals & Mining,Ministry of Mines,(National Aluminium Company Limited [NALCO]),166.0,135.0,66.73,81.32530120481928,66.73,0.0,135.0,0.0,0.0,0.0,7,8,515,1,1,1,0.6333977,63.34,MEDIUM
2026-07-01,701405,J. Chokka Rao Devadula Lift Irrigation Scheme,Telangana,Water Resources,"Department of Water Resources, River Development & GR",(Irrigation and CAD-TG),8200.71,4841.09,87.7,59.03257157002261,87.7,0.0,4784.54,56.55000000000018,0.0,0.927049180327872,7,8,515,1,1,1,0.6301479,63.01,MEDIUM
2026-07-01,619206,6L of Perole Nileshwar town to Taliparamba from Km 94.248 to Km 134.650 of NH-66,Kerala,Roads & Highways,Ministry of Road Transport & Highways,(NHAI),3041.65,2526.41,86.65,83.0605099206023,86.65,0.0,1007.02,1519.39,0.0,24.908032786885244,1,2,61,1,1,1,0.62928784,62.93,MEDIUM
2026-07-01,705510,Bhadrak-Nergundi Third Line,Odisha,Railways,Ministry of Railways,(East Coast Railway [ECoR] - II),1284.0,1379.6,95.8,107.4454828660436,95.0,0.7999999999999972,1352.81,26.789999999999964,0.0131147540983606,0.4391803278688518,7,8,515,1,1,1,0.62918925,62.92,MEDIUM
2026-07-01,702630,Surat Metro Rail Project,Gujarat,Urban Public Transport,Ministry of Housing & Urban Affairs,(Gujarat Metro Rail Corporation Limited [GMRCL]),12020.32,9166.71,81.1,76.26011620322919,79.5,1.5999999999999943,8929.65,237.0599999999995,0.0262295081967212,3.886229508196713,7,8,515,1,1,1,0.62882507,62.88,MEDIUM
2026-07-01,705617,Rajnandgaon - Nagpur [Kalumna] Third Railway Line [228.30 km],"Multi-States (Chhattisgarh, Maharashtra)",Railways,Ministry of Railways,(South East Central Railway [SECR] - II),3545.0,3678.97,96.0,103.77912552891397,96.0,0.0,3639.58,39.38999999999987,0.0,0.6457377049180307,7,8,515,1,1,1,0.6283999,62.84,MEDIUM
2026-07-01,618702,4L of Addahole Near Gundya to Bantwal Cross section Pkg-02 from Design Km 270.270 to Design km 318.55 including flyover at Kalladka Town including approaches from Km. 311.57 to Km. 313.67 of NH-75 Old NH-48,Karnataka,Roads & Highways,Ministry of Road Transport & Highways,(NHAI),1660.19,1451.9,94.21,87.45384564417326,94.21,0.0,1358.81,93.09000000000016,0.0,1.5260655737704942,3,4,515,1,1,1,0.62778854,62.78,MEDIUM
2026-07-01,400254,Sakri -Hasanpur [via Harnagar - Kusheshwar Asthan] New Railway line,Bihar,Railways,Ministry of Railways,(East Central Railway [ECR] - I),735.2,589.37,84.2,80.1645810663765,84.2,0.0,589.37,0.0,0.0,0.0,7,8,515,1,1,1,0.62767464,62.77,MEDIUM
2026-07-01,618328,4-Laning of Balance work of Dimapur-Kohima Road from design km 152.490 to km 166.700 Existing km 156.000 to km 172.900 Excluding Dimapur & Kohima Bypass under SARDP-NE Package-III,Nagaland,Roads & Highways,Ministry of Road Transport & Highways,(NHIDCL),562.98,535.96,84.32,95.2005399836584,82.59,1.7299999999999898,119.71,416.25000000000006,0.0283606557377047,6.82377049180328,3,4,515,1,1,1,0.6267971,62.68,MEDIUM
2026-07-01,619099,6L Amritsar-Bathinda Greenfield section from Jn. with Moga Jalandhar road NH-703 near Dharamkot to Jn. with Bhagta Bhai Ka-Bhadaur Road near Dyalpura Bhai Ka from km 39.000 to km 93.000 of NH-754A Pkg-2,Punjab,Roads & Highways,Ministry of Road Transport & Highways,(NHAI),1801.37,1268.39,64.6,70.4125193602647,64.2,0.3999999999999915,597.42,670.9700000000001,0.0065573770491801,10.999508196721314,2,3,515,1,1,1,0.62649846,62.65,MEDIUM
2026-07-01,618970,6L access control Greenfield highway of Vill-Lohadda to Vill-Karaunda Mahajan from Km. 27.000 to Km. 56.500 Pkg-2,Uttar Pradesh,Roads & Highways,Ministry of Road Transport & Highways,(NHAI),1335.45,1253.61,98.06,93.8717286307986,92.89,5.170000000000002,1016.38,237.2299999999999,0.0847540983606557,3.889016393442621,3,4,515,1,1,1,0.62584776,62.58,MEDIUM
2026-07-01,701126,"Development of Dholera International Greenfield Airport , Gujarat",Gujarat,Aviation & Aviation Infrastructure,Ministry of Civil Aviation,(Airport Authority of India [AAI]),1305.0,949.24,87.0,72.73869731800767,82.0,5.0,896.82,52.41999999999996,0.081967213114754,0.8593442622950813,7,8,515,1,1,1,0.62518954,62.52,MEDIUM
2026-07-01,618756,Melur - Pilayarpatti - Karaikudi from km 99.920 of NH 38 to km 12.9 of NH 383 Ext.,Tamil Nadu,Roads & Highways,Ministry of Road Transport & Highways,(NHAI),1103.86,956.43,97.32,86.64413965539109,92.15,5.169999999999988,774.36,182.06999999999996,0.0847540983606555,2.984754098360655,3,4,515,1,1,1,0.6248718,62.49,MEDIUM
2026-07-01,619142,Construction of 4-lane connectivity to Banbasa ICP at India Nepal border from NH-09 old NH-125 Sitarganj-Tanakpur at Km 40.00 near Jagbuda bridge under Bharatmala Priyojana of NH-109D on EPC mode in the State of Uttarakhand,Uttarakhand,Roads & Highways,Ministry of Road Transport & Highways,(NHAI),216.97,213.92,75.24,98.59427570631884,75.24,0.0,161.97,51.94999999999999,0.0,0.8516393442622949,2,3,515,1,1,1,0.62381613,62.38,MEDIUM
2026-07-01,618231,Rehabilitation and Upgradation to 2-lane configuration of Hamirpur-Karnohal Section km 141.00 to 181.00 of NH-70 in the State of Himachal Pradesh under Green National Highways Corridor Project GNHCP with the loan assistance of World Bank on EPC mode.Package-1,Himachal Pradesh,Roads & Highways,Ministry of Road Transport & Highways,(MoRTH),371.93,198.34,93.61,53.32723899658538,91.49,2.1200000000000045,198.34,0.0,0.0347540983606558,0.0,3,4,515,1,1,1,0.62349755,62.35,MEDIUM
2026-07-01,618929,4L of Moradabad western side spur connecting NH-734 & NH-24 from Km. 0.000 to Km. 33.200 Pkg-I,Uttar Pradesh,Roads & Highways,Ministry of Road Transport & Highways,(NHAI),1841.92,1120.76,81.48,60.8473766504517,76.9,4.579999999999998,982.74,138.01999999999998,0.0750819672131147,2.262622950819672,1,2,61,1,1,1,0.6223122,62.23,MEDIUM
2026-07-01,618422,"Construction of 2-lane with hard shoulders of Merangkong-Tamlu-Mon road Wakching Twon portion on EPC basis from existing Chainage Km 59000 to Km 73640 [Design Km. 59000 to Km, 72450] Design length - 13.450 Km under SARDP-NE package-V Balance work",Nagaland,Roads & Highways,Ministry of Road Transport & Highways,(NHIDCL),161.73,101.21,99.75,62.57960798862301,99.5,0.25,14.12,87.08999999999999,0.0040983606557377,1.4277049180327868,3,4,515,1,1,1,0.6220937,62.21,MEDIUM
2026-07-01,618968,6L access control Greenfield highway of Vill-Khyawari to Vill-Latifpur at Saharanpur Bypass from Km. 82.000 to Km. 119.790 Pkg-4,Uttar Pradesh,Roads & Highways,Ministry of Road Transport & Highways,(NHAI),1428.19,1394.44,99.24,97.63686904403475,97.5,1.7399999999999949,1220.87,173.57000000000016,0.0285245901639343,2.8454098360655764,3,4,515,1,1,1,0.6215317,62.15,MEDIUM
2026-07-01,618227,Development to 4/6-lanning of NH-31 New NH-10 with both side service roads from km 569.258 to km 581.030 end of AH-02 project on NH- 31 near Shivmandir to Sevoke Army Cantonment in districts of Darjeeling and Jalpaiguri in the state of West Bengal on EPC Mode Job No. 010/WB/2021-22/490,West Bengal,Roads & Highways,Ministry of Road Transport & Highways,(MoRTH),995.04,578.55,73.5,58.143391220453445,71.03,2.469999999999999,456.48,122.06999999999994,0.0404918032786885,2.001147540983605,3,4,515,1,1,1,0.621166,62.12,MEDIUM
2026-07-01,618084,Widening to 2-lane with paved shoulder from km 0.00 to 44.00 Kuru-Ghaghra section of NH-143A including re-construction of culverts and bridges.,Jharkhand,Roads & Highways,Ministry of Road Transport & Highways,(MoRTH),153.01,100.77,95.0,65.85844062479576,93.0,2.0,84.74,16.03,0.0327868852459016,0.2627868852459016,3,4,515,1,1,1,0.6209061,62.09,MEDIUM
2026-07-01,618390,"Construction, Operation & Maintenance of 2-L Bi-directional Silkyara Bend- Barkot Tunnel with escape passage including approaches Tunnel-4.531 & Approach road- 0.328 on Dharasu-Yamunotri section b/w Chainage 25.400km and 51.00km falling along NH-134 Old NH-94 on EPC mode",Uttarakhand,Roads & Highways,Ministry of Road Transport & Highways,(NHIDCL),1383.78,830.46,73.5,60.01387503793956,70.64,2.8599999999999994,688.93,141.5300000000001,0.0468852459016393,2.320163934426231,3,4,515,1,1,1,0.6200522,62.01,MEDIUM
2026-07-01,705771,Allahabad-Bamhrauli Flyover Construction & 4th Railway Line Project,Uttar Pradesh,Railways,Ministry of Railways,(North Central Railway),494.0,410.3,80.0,83.05668016194332,78.0,2.0,397.57,12.730000000000018,0.0327868852459016,0.2086885245901642,6,7,515,1,1,1,0.61868936,61.87,MEDIUM
2026-07-01,618521,Karaipettai to Walajapet from Km 71.015 to 107.091,Tamil Nadu,Roads & Highways,Ministry of Road Transport & Highways,(NHAI),766.51,613.5,93.55,80.03809474109926,93.55,0.0,439.37,174.13,0.0,2.854590163934426,3,4,515,1,1,1,0.6184072,61.84,MEDIUM
2026-07-01,619080,4L PS of Ambala Ring Road of New NH-44,Haryana,Roads & Highways,Ministry of Road Transport & Highways,(NHAI),1093.35,590.67,88.77,54.02387158732337,79.34,9.429999999999993,429.79,160.87999999999994,0.1545901639344261,2.637377049180327,2,3,515,1,1,1,0.6172974,61.73,MEDIUM
2026-07-01,618608,4L of left-over works including additional structures from Kerala/Tamil Nadu border to Kanyakumari Section from Km 43.0 to Km 96.174 of NH66,Tamil Nadu,Roads & Highways,Ministry of Road Transport & Highways,(NHAI),1564.23,961.9,80.68,61.49351438087749,76.1,4.5800000000000125,907.2,54.69999999999993,0.0750819672131149,0.8967213114754087,3,4,515,1,1,1,0.61450595,61.45,MEDIUM
2026-07-01,707044,Establishment of new GMC Korba,Chhattisgarh,Healthcare,Ministry of Health & Family Welfare,"(Medical Education, Ministry of Health and Family Welfare)",325.0,178.49,54.0,54.92,54.0,0.0,177.49,1.0,0.0,0.0163934426229508,2,3,515,1,1,1,0.614263,61.43,MEDIUM
2026-07-01,618070,Widening to 2 Lanes with paved shoulders from Km.87/000 to 133/720 Nattukal to Thanau Jn. in Palakkad of NH-966 Old NH-213 on EPC mode Basis under NHO Annual Plan 2016-17 in the state of Kerala,Kerala,Roads & Highways,Ministry of Road Transport & Highways,(MoRTH),294.28,0.0,98.0,0.0,98.0,0.0,0.0,0.0,0.0,0.0,3,4,515,1,1,1,0.6140303,61.4,MEDIUM
2026-07-01,618266,Rehabilitation and upgradation to 2-lane with paved sholuders configuration of Bewar- Allahaganj- section of NH-730C Km.0.000 to Km 52.770 pakage-I in state of Uttar Pradesh undergreen national Highway Corridor Project GNHCP with the loan assistance of world Bank on EPC mode.,Uttar Pradesh,Roads & Highways,Ministry of Road Transport & Highways,(MoRTH),325.24,0.0,99.0,0.0,98.0,1.0,0.0,0.0,0.0163934426229508,0.0,3,4,515,1,1,1,0.61233276,61.23,MEDIUM
2026-07-01,702808,Satna Sewerage Management and Treatment Infrastructure Project,Madhya Pradesh,Waste & Water,Ministry of Housing & Urban Affairs,(Ministry of Housing & Urban Affairs),191.56,200.32,96.0,104.57297974524953,96.0,0.0,200.32,0.0,0.0,0.0,6,7,515,1,1,1,0.61204225,61.2,MEDIUM
2026-07-01,619166,Umagaon-Saharsa Package-V Bakaur-Parsarma-Bangaon-Bariyahi & Spur to Mahishi,Bihar,Roads & Highways,Ministry of Road Transport & Highways,(NHAI),768.35,503.02,99.5,65.46756035660832,99.4,0.0999999999999943,410.55,92.46999999999996,0.0016393442622949,1.515901639344262,2,3,515,1,1,1,0.61106145,61.11,MEDIUM
2026-07-01,604795,CBR 9 MMTPA Project,Tamil Nadu,Oil & Gas,Ministry of Petroleum & Natural Gas,(Chennai Petroleum Corporation Limited [CPCL]),31580.0,1590.07,10.2,5.035053831538948,10.2,0.0,1570.83,19.24000000000001,0.0,0.3154098360655739,7,8,515,1,1,1,0.6110452,61.1,MEDIUM
2026-07-01,701412,North Koel Reservoir Project,"Multi-States (Bihar, Jharkhand)",Water Resources,"Department of Water Resources, River Development & GR","(Department of Water Resources, River Development & GR)",1622.27,172.97,44.0,10.662220222281125,38.0,6.0,172.97,0.0,0.0983606557377049,0.0,7,8,515,1,1,1,0.60961384,60.96,MEDIUM
2026-07-01,400203,Dharamjaigarh-Korba,Chhattisgarh,Railways,Ministry of Coal,(Railway),1686.22,792.73,43.7,47.01225225652643,43.5,0.2000000000000028,625.77,166.96000000000004,0.0032786885245902,2.7370491803278694,7,8,515,1,1,1,0.6076676,60.77,MEDIUM
2026-07-01,618631,6L of MH/KN Border Nimbal Village to KN/TS Border Singnodi Village from Km. 162.5 to Km. 203.100 in Raichur of NH-150C Pkg-IV,"Multi-States (Karnataka, Telangana)",Roads & Highways,Ministry of Road Transport & Highways,(NHAI),1499.73,840.3,99.51,56.03008541537477,99.51,0.0,829.47,10.829999999999927,0.0,0.1775409836065561,1,2,61,1,1,1,0.60714024,60.71,MEDIUM
2026-07-01,707016,Establishment of new GMC Sitamarhi,Bihar,Healthcare,Ministry of Health & Family Welfare,"(Medical Education, Ministry of Health and Family Welfare)",250.0,150.0,0.0,60.0,0.0,0.0,150.0,0.0,0.0,0.0,1,2,61,1,1,1,0.60646546,60.65,MEDIUM
2026-07-01,707018,Establishment of new GMC Siwan,Bihar,Healthcare,Ministry of Health & Family Welfare,"(Medical Education, Ministry of Health and Family Welfare)",250.0,150.0,0.0,60.0,0.0,0.0,150.0,0.0,0.0,0.0,1,2,61,1,1,1,0.60646546,60.65,MEDIUM
2026-07-01,707019,Establishment of new GMC Buxar,Bihar,Healthcare,Ministry of Health & Family Welfare,"(Medical Education, Ministry of Health and Family Welfare)",250.0,150.0,0.0,60.0,0.0,0.0,150.0,0.0,0.0,0.0,1,2,61,1,1,1,0.60646546,60.65,MEDIUM
2026-07-01,707017,Establishment of new GMC Jhanjharpur,Bihar,Healthcare,Ministry of Health & Family Welfare,"(Medical Education, Ministry of Health and Family Welfare)",250.0,150.0,0.0,60.0,0.0,0.0,150.0,0.0,0.0,0.0,1,2,61,1,1,1,0.60646546,60.65,MEDIUM
2026-07-01,618792,4L Bhiwani-Hansi road section of NH-148B,Haryana,Roads & Highways,Ministry of Road Transport & Highways,(NHAI),1330.23,455.02,99.5,34.20611473203882,99.5,0.0,440.38,14.639999999999986,0.0,0.2399999999999997,2,3,515,1,1,1,0.6056618,60.57,MEDIUM
2026-07-01,618910,4L of Purulia Bypass section from Km 84.030 to Km 94.345 of NH-32,West Bengal,Roads & Highways,Ministry of Road Transport & Highways,(NHAI),557.55,488.7,94.12,87.65133171912834,94.12,0.0,468.78,19.920000000000016,0.0,0.3265573770491806,3,4,515,1,1,1,0.6054787,60.55,MEDIUM
2026-07-01,706836,Dedicated Test Track for RDSO /Phase-II Project,Rajasthan,Railways,Ministry of Railways,(North Western Railway [NWR]),466.42,538.22,98.0,115.39385103554736,98.0,0.0,533.9,4.32000000000005,0.0,0.0708196721311483,1,2,61,1,1,1,0.6049516,60.5,MEDIUM
2026-07-01,618497,Delhi Amritsar Katra Expressway Phase-II Pkg XVIII Development and Upgradation of Four lane Access Control Expressway from Design Chainage KM 530.00 to KM 545.300 Sidhra to Domel Section of NH-44,Jammu and Kashmir,Roads & Highways,Ministry of Road Transport & Highways,(NHAI),975.38,606.46,67.5,62.17679263466547,62.41,5.090000000000003,564.21,42.25,0.0834426229508197,0.6926229508196722,3,4,515,1,1,1,0.6046372,60.46,MEDIUM
2026-07-01,617935,"Construction of Elevated corridor from Km. 135.650 to 136.300 on 63, from Km. 249 to Km. 250.050 on old NH-4 and from Km. 192.910 to Km. 193.350 on NH-218 from decongestion of traffic in Ranichennamma circle in Hubli city in the state of Karnataka on EPC basis",Karnataka,Roads & Highways,Ministry of Road Transport & Highways,(MoRTH),298.0,232.09,65.0,77.88255033557047,52.0,13.0,167.23,64.86000000000001,0.2131147540983606,1.0632786885245904,3,4,515,1,1,1,0.6042417,60.42,MEDIUM
2026-07-01,618674,Development of 6L Sargi Basanwahi Section from km 42.800 to km 99.500 of NH- 130CD Pkg-CG-2,Chhattisgarh,Roads & Highways,Ministry of Road Transport & Highways,(NHAI),1470.73,757.59,100.0,51.51115432472309,99.0,1.0,756.05,1.5400000000000773,0.0163934426229508,0.0252459016393455,3,4,515,1,1,1,0.6037979,60.38,MEDIUM
2026-07-01,618051,Rehabilitation and Upgrading of NH-707 OLD 72-B Package - 2 Hewna to Ashyari,Himachal Pradesh,Roads & Highways,Ministry of Road Transport & Highways,(MoRTH),242.8,145.49,98.38,59.92174629324547,98.0,0.3799999999999954,74.87,70.62,0.0017924528301886,0.3331132075471698,2,3,515,1,1,1,0.60377896,60.38,MEDIUM
2026-07-01,618681,6L Aluru - Jakkuva Section of NH-130CD Road from km 365.033 to km 396.800 Pkg. 1,"Multi-States (Andhra Pradesh, Odisha)",Roads & Highways,Ministry of Road Transport & Highways,(NHAI),1216.12,697.95,99.63,57.3915403085222,96.23,3.3999999999999915,683.05,14.900000000000093,0.0557377049180326,0.2442622950819687,3,4,515,1,1,1,0.6035036,60.35,MEDIUM
2026-07-01,618634,6L of Veera Kaveri Raja Puram to Pondavakkam from km 61.380 to km 96.040 of NH 716B Pkg-III,"Multi-States (Andhra Pradesh, Tamil Nadu)",Roads & Highways,Ministry of Road Transport & Highways,(NHAI),1439.77,808.45,98.89,56.15132972627573,98.89,0.0,734.85,73.60000000000002,0.0,1.2065573770491806,3,4,515,1,1,1,0.6033187,60.33,MEDIUM
2026-07-01,618833,Kodinar - Veraval Package VI from km. 221.610 to km. 263.00 of NH-8E & km. 120.900 to km. 121.150 of NH-8D,Gujarat,Roads & Highways,Ministry of Road Transport & Highways,(NHAI),894.01,730.04,98.79,81.65904184516951,98.79,0.0,457.05,272.98999999999995,0.0,4.475245901639344,3,4,515,1,1,1,0.6025498,60.25,MEDIUM
2026-07-01,618957,4 laning of Champa - Korba from km 0.00 to km 38.2,Chhattisgarh,Roads & Highways,Ministry of Road Transport & Highways,(NHAI),1002.33,944.63,98.75,94.243412848064,98.75,0.0,780.84,163.78999999999996,0.0,2.6850819672131143,1,2,61,1,1,1,0.6023126,60.23,MEDIUM
2026-07-01,619191,Kanpur LPG Bottling Plant,Uttar Pradesh,Oil & Gas,Ministry of Petroleum & Natural Gas,(MinistryofPetroleumNaturalGas),202.0,130.8,60.0,64.75247524752476,54.0,6.0,125.69,5.110000000000014,0.0983606557377049,0.0837704918032789,1,2,61,1,1,1,0.60122883,60.12,MEDIUM
2026-07-01,611570,"SITC of ATM Automation System and ASMGCS [Including SMR & MLAT] for Mumbai, Navi Mumbai, Jewar [earlier MOPA, without ASMGCS], HIAL & BIAL","Multi-States (Karnataka, Maharashtra, Telangana, Uttar Pradesh)",Aviation & Aviation Infrastructure,Ministry of Civil Aviation,(Airport Authority of India [AAI]),500.48,398.75,80.0,79.67351342710998,78.0,2.0,381.2,17.55000000000001,0.0327868852459016,0.2877049180327871,7,8,515,1,1,1,0.6005654,60.06,MEDIUM
2026-07-01,618490,Delhi-Amritsar-Katra Expressway Phase-I Pkg-X from Jn. with Jalandhar - Moga road NH-703 to Jn. with Jalandhar-Kapurthala road NH-703A and to Jn. with Kapurthala - Sultanpur Lodhi road NH-703A km 000 to km 24000 to Amritsar connectivity,Punjab,Roads & Highways,Ministry of Road Transport & Highways,(NHAI),2177.54,1524.23,62.99,69.99779567769134,62.99,0.0,1004.28,519.95,0.0,8.52377049180328,3,4,515,1,1,1,0.6003147,60.03,MEDIUM
2026-07-01,619073,4L of 42.000 to km 80.00 of Dodaballapur Bypass to Hoskote section of NH-648 Old NH-207 [Bangalore Ring Road Pkg 2],Karnataka,Roads & Highways,Ministry of Road Transport & Highways,(NHAI),1317.74,1304.65,99.2,99.00663256788138,99.2,0.0,1026.9,277.75,0.0,4.55327868852459,2,3,515,1,1,1,0.59995806,60.0,MEDIUM
2026-07-01,618862,Bakhtiyarpur-Rajauli Pkg-III from km. 101.630 to km.152.520,Bihar,Roads & Highways,Ministry of Road Transport & Highways,(NHAI),2156.22,1815.2,99.14,84.18435966645335,99.14,0.0,1668.28,146.92000000000007,0.0,2.408524590163936,1,2,61,1,1,1,0.59994674,59.99,MEDIUM
2026-07-01,617245,Katihar Kumedpur & Katihar Mukuria BG Doubling Project,"Multi-States (Bihar, West Bengal)",Railways,Ministry of Railways,(Northeast Frontier Railway [NFR]),942.64,656.16,66.0,69.60875838071799,65.0,1.0,611.19,44.96999999999992,0.0163934426229508,0.7372131147540969,3,4,515,1,1,1,0.59808904,59.81,MEDIUM
2026-07-01,707020,Establishment of new GMC Jamui,Bihar,Healthcare,Ministry of Health & Family Welfare,"(Medical Education, Ministry of Health and Family Welfare)",250.0,103.21,50.0,41.284,50.0,0.0,102.21,1.0,0.0,0.0163934426229508,2,3,515,1,1,1,0.5980153,59.8,MEDIUM
2026-07-01,619100,Dhangaon - Borgaon section km 81.000 to km 139.000 [Indore - Edlabad Pkg IV],Madhya Pradesh,Roads & Highways,Ministry of Road Transport & Highways,(NHAI),866.0,746.36,99.8,86.18475750577367,99.8,0.0,638.17,108.19000000000004,0.0,1.77360655737705,2,3,515,1,1,1,0.5974974,59.75,MEDIUM
2026-07-01,617989,Construction of Major Bridge at Km.180.865 across river Krishna on NH 167 Hagari Jadcherla section,Karnataka,Roads & Highways,Ministry of Road Transport & Highways,(MoRTH),157.32,103.33,69.0,65.68141367912536,68.0,1.0,103.33,0.0,0.0163934426229508,0.0,3,4,515,1,1,1,0.5974359,59.74,MEDIUM
2026-07-01,611861,Rewari - Kathuwas Doubling Project [27.72 Km],"Multi-States (Haryana, Rajasthan)",Railways,Ministry of Railways,(North Western Railway [NWR]),352.0,342.83,80.0,97.39488636363636,73.0,7.0,315.28,27.55000000000001,0.1147540983606557,0.4516393442622953,7,8,515,1,1,1,0.5965058,59.65,MEDIUM
2026-07-01,618830,4L from Km 147.450 Bhogu to Km 196.870 Sankha on NH-75 Sec-III,Jharkhand,Roads & Highways,Ministry of Road Transport & Highways,(NHAI),1517.87,1103.0,76.95,72.66761975663265,76.95,0.0,991.9,111.10000000000002,0.0,1.8213114754098363,3,4,515,1,1,1,0.5958041,59.58,MEDIUM
2026-07-01,617961,Gaya-Hisua-Rajgir-Nalanda-Biharsharif section km0.00 to 92.935 NH-82,Bihar,Roads & Highways,Ministry of Road Transport & Highways,(MoRTH),1408.85,0.0,97.0,0.0,97.0,0.0,0.0,0.0,0.0,0.0,3,4,515,1,1,1,0.59554857,59.55,MEDIUM
2026-07-01,612213,"Construction of 200 Bedded ESIC Hospital at Butibori, Nagpur, Maharashtra.",Maharashtra,Healthcare,Ministry of Labour and Employment,(Employee's State Insurance Company [ESIC]),194.93,114.39,67.0,58.682604011696505,65.5,1.5,114.39,0.0,0.0245901639344262,0.0,5,6,515,1,1,1,0.59390163,59.39,MEDIUM
2026-07-01,618604,Aroor-Thuravoor Thekku,Kerala,Roads & Highways,Ministry of Road Transport & Highways,(NHAI),2429.52,1791.8,91.27,73.75119365142085,83.93,7.339999999999989,1760.92,30.87999999999988,0.1203278688524588,0.5062295081967194,3,4,515,1,1,1,0.59385216,59.39,MEDIUM
2026-07-01,709845,"Revamping of SV Stations, Gas Terminal & Kribhco Terminal",Gujarat,Oil & Gas,Ministry of Petroleum & Natural Gas,(Oil and Natural Gas Corporation Limited [ONGC]),837.34,451.61,70.1,53.9338858767048,67.7,2.3999999999999915,445.89,5.720000000000027,0.0393442622950818,0.0937704918032791,7,8,515,1,1,1,0.5934509,59.35,MEDIUM
2026-07-01,618945,4L of Kodad Design Km 0.00/Existing Km 185.00 of NH-65 to Khammam Design Km 31.800/Existing Km 29.400 of NH-365A,Telangana,Roads & Highways,Ministry of Road Transport & Highways,(NHAI),1149.17,871.58,99.98,75.84430502014497,99.98,0.0,787.84,83.74000000000001,0.0,1.3727868852459018,3,4,515,1,1,1,0.5923413,59.23,MEDIUM
2026-07-01,619197,Delhi-Vadodara Greenfield Alignment NH-148N Pkg-27 Ch.729.700 to Ch.756.052,Gujarat,Roads & Highways,Ministry of Road Transport & Highways,(NHAI),1185.69,1037.33,97.21,87.48745456232236,97.0,0.2099999999999937,991.08,46.249999999999886,0.0034426229508195,0.7581967213114735,1,2,61,1,1,1,0.59090334,59.09,MEDIUM
2026-07-01,618694,Indore - Harda Pkg-I [Indore to Raghav Garh from km. 0.25 to km. 26.903],Madhya Pradesh,Roads & Highways,Ministry of Road Transport & Highways,(NHAI),1011.29,687.94,93.84,68.02598661116002,91.73,2.1099999999999994,416.8,271.14000000000004,0.0345901639344262,4.444918032786886,3,4,515,1,1,1,0.59058774,59.06,MEDIUM
2026-07-01,618746,Khammam-Devarapalle Pkg I [4L Access Controlled Greenfield from Thallampadu village to Somavaram village Design Chainage 0000 to 33604],Telangana,Roads & Highways,Ministry of Road Transport & Highways,(NHAI),797.36,684.51,96.4,85.84704524932276,95.8,0.6000000000000085,635.3,49.21000000000004,0.0098360655737706,0.8067213114754105,3,4,515,1,1,1,0.5904907,59.05,MEDIUM
2026-07-01,618557,4L of Indora Chowk to Pachpaoli and Agrasen Chowk - Ashoka Chowk,Maharashtra,Roads & Highways,Ministry of Road Transport & Highways,(NHAI),1038.84,685.21,84.0,65.95914674059529,81.77,2.230000000000004,658.44,26.769999999999985,0.0365573770491803,0.4388524590163931,3,4,515,1,1,1,0.5904387,59.04,MEDIUM
2026-07-01,618314,4-Laning of Dhanehari Lailapur / Vairengte section from Existing Chainage km 12920 to km 43000 of NH 306 Design Chainage km 20000 to km 49360 on Silchar - Vairengte Sairang road in the State of Assam under Bharatmala Pariyojna on EPC mode. Project Length 29.360 km under NHO-NE Package-2,Assam,Roads & Highways,Ministry of Road Transport & Highways,(NHIDCL),1716.21,970.37,81.65,56.54144889028731,79.34,2.3100000000000023,918.32,52.04999999999996,0.0378688524590164,0.8532786885245894,3,4,515,1,1,1,0.587405,58.74,MEDIUM
2026-07-01,618673,Development of 6L of Jhanki Sargi Section Road from km 0.000 to km 42.800 of NH- 130CD Pkg-CG-1,Chhattisgarh,Roads & Highways,Ministry of Road Transport & Highways,(NHAI),1368.19,715.25,99.35,52.277096017366006,98.39,0.9599999999999936,654.33,60.91999999999996,0.0157377049180326,0.9986885245901632,3,4,515,1,1,1,0.58704734,58.7,MEDIUM
2026-07-01,619168,6L access controlled Greenfield highway of Junction of EPE Vill.-Mavikalan to Vill.- Lohadda from Km. 0.000 to Km. 27.000 Pkg-1,Uttar Pradesh,Roads & Highways,Ministry of Road Transport & Highways,(NHAI),1602.48,1419.77,99.29,88.59829763866007,99.11,0.1800000000000068,1215.04,204.73,0.0029508196721312,3.356229508196721,2,3,515,1,1,1,0.58658475,58.66,MEDIUM
2026-07-01,705598,Jhansi - Bina Third Railway Line [153 Km],"Multi-States (Madhya Pradesh, Uttar Pradesh)",Railways,Ministry of Railways,(CAO/C/NCR),2002.0,1960.31,98.0,97.91758241758242,96.0,2.0,1939.11,21.200000000000045,0.0327868852459016,0.3475409836065581,7,8,515,1,1,1,0.58539766,58.54,MEDIUM
2026-07-01,618410,Widening & Up-gradation to 2 lane with paved shoulder of NH-301 Kargil- Zanskar Road from Design Km .30.040 Ex. Km. 30.000 to Design Km 57.000 Ex. Km. 57.905 of 26.960 Km length Pkg-II,Ladakh,Roads & Highways,Ministry of Road Transport & Highways,(NHIDCL),404.89,359.99,84.68,88.91056830250193,75.38,9.300000000000011,321.28,38.71000000000004,0.1524590163934428,0.6345901639344268,3,4,515,1,1,1,0.5850439,58.5,MEDIUM
2026-07-01,618517,4/6L of Bangalore - Pune Section of bypass connecting Dharwad - Hubli from km. 403.80 to km. 433.20,Karnataka,Roads & Highways,Ministry of Road Transport & Highways,(NHAI),1135.39,744.25,83.19,65.55016337998396,82.89,0.2999999999999971,732.44,11.809999999999944,0.0049180327868851,0.1936065573770483,3,4,515,1,1,1,0.58493274,58.49,MEDIUM
2026-07-01,707067,Establishment of new GMC Mon,Nagaland,Healthcare,Ministry of Health & Family Welfare,"(Medical Education, Ministry of Health and Family Welfare)",325.0,155.0,0.0,47.69230769230769,0.0,0.0,155.0,0.0,0.0,0.0,1,2,61,1,1,1,0.58486676,58.49,MEDIUM
2026-07-01,618284,Widening/Improvement to 4-Lane with paved shoulder from Km 99930 to Km 143680 Design Chainage 96000 to 139750 of Paikan to Dhupdhara Sahar of Bilasipura- Guwahati Road on NH-17 in the state of Assam on EPC mode under Bharatmala Pariyojana in Economic Corridors Project Length 43.750km under NHO-NE Package- 8,Assam,Roads & Highways,Ministry of Road Transport & Highways,(NHIDCL),1457.59,926.96,85.87,63.59538690578284,79.46,6.410000000000011,793.68,133.2800000000001,0.1050819672131149,2.1849180327868867,3,4,515,1,1,1,0.5848143,58.48,MEDIUM
2026-07-01,618541,4L Ring road/bypass around Srinagar city from km 0.000 to km 42.100 Phase-I,Jammu and Kashmir,Roads & Highways,Ministry of Road Transport & Highways,(NHAI),2919.96,1829.2,88.5,62.64469376292826,87.0,1.5,1770.97,58.23000000000002,0.0245901639344262,0.9545901639344264,3,4,515,1,1,1,0.58445716,58.45,MEDIUM
2026-07-01,618494,Delhi-Amritsar-Katra Expressway Phase-II Pkg-XV [Junction with Hiranagar Road near village Gurha Baildaran to Junction with Jammu Ring Road NH-244A near Jakh village from Km 468100 to Km 503250],Jammu and Kashmir,Roads & Highways,Ministry of Road Transport & Highways,(NHAI),2714.95,1833.59,89.52,67.53678704948526,88.87,0.6499999999999915,1653.54,180.04999999999995,0.0106557377049178,2.9516393442622944,3,4,515,1,1,1,0.5843409,58.43,MEDIUM
2026-07-01,618795,Amritsar Bypass Pkg III from km. 71.496 to km. 105.158,Punjab,Roads & Highways,Ministry of Road Transport & Highways,(NHAI),1474.77,1222.73,82.3,82.90987747241944,81.05,1.25,866.12,356.61,0.0204918032786885,5.846065573770492,3,4,515,1,1,1,0.58393615,58.39,MEDIUM
2026-07-01,619306,4L of Munger Mirzachauki section from Km 95580 to Km 125000 Pkg-2,Bihar,Roads & Highways,Ministry of Road Transport & Highways,(NHAI),1020.84,633.41,95.31,62.04792131969749,93.13,2.180000000000007,478.11,155.29999999999995,0.0357377049180329,2.5459016393442617,1,2,61,1,1,1,0.58352554,58.35,MEDIUM
2026-07-01,400271,Wardha-Nanded Via Yavatmal New BG Line,Maharashtra,Railways,Ministry of Railways,(Central Railway [CR] - II),3445.0,3002.93,50.0,87.16777939042089,50.0,0.0,3002.93,0.0,0.0,0.0,7,8,515,1,1,1,0.583321,58.33,MEDIUM
2026-07-01,618610,6L of Jodhpur Romana Bathinda - Mandi Dabwali Punjab Haryana Border section of NH-54 from km. 0.000 to km. 27.400 of NH-54,Punjab,Roads & Highways,Ministry of Road Transport & Highways,(NHAI),789.26,688.68,99.0,87.25641740364392,99.0,0.0,518.65,170.02999999999997,0.0,2.787377049180328,3,4,515,1,1,1,0.58266336,58.27,MEDIUM
2026-07-01,619089,Balance work of 4L of NarimbangloJatinga Junction- Harangajoroad section from Km 0.000 to Km 49.230 of NH-27,Assam,Roads & Highways,Ministry of Road Transport & Highways,(NHAI),1909.98,1386.87,94.59,72.611755096912,93.08,1.5100000000000051,1307.33,79.53999999999996,0.0247540983606558,1.3039344262295076,2,3,515,1,1,1,0.5823406,58.23,MEDIUM
2026-07-01,612128,Hostel blocks & dining hall block,Himachal Pradesh,Education,Department of Higher Education,"(Indian Institute of Technology, Mandi)",166.66,122.26,84.0,73.3589343573743,82.0,2.0,122.26,0.0,0.0327868852459016,0.0,7,8,515,1,1,1,0.58169365,58.17,MEDIUM
2026-07-01,619313,Setting up of 50 MW [plus/minus 5 percent] Wind Power Plant for Captive Consumption at MR,Maharashtra,Energy Storage,Ministry of Petroleum & Natural Gas,(MinistryofPetroleumNaturalGas),483.14,360.28,65.9,74.57051786231735,57.9,8.000000000000007,287.79,72.48999999999995,0.1311475409836066,1.1883606557377042,1,2,61,1,1,1,0.5815341,58.15,MEDIUM
2026-07-01,618520,4L of km 0.00 to km 42.00 of Dobbaspet to Doddaballapura Bypass section of NH-648 old NH-207] [Bangalore Ring Road Pkg 1],Karnataka,Roads & Highways,Ministry of Road Transport & Highways,(NHAI),1438.74,1228.99,99.2,85.42127139024424,99.2,0.0,1051.89,177.0999999999999,0.0,2.9032786885245887,1,2,61,1,1,1,0.57462615,57.46,MEDIUM
2026-07-01,618772,6L of Kumarajapet to Veera Kaveri Raja Puram from km 43.800 to km 61.380 of NH- 716B Pkg-II,"Multi-States (Andhra Pradesh, Tamil Nadu)",Roads & Highways,Ministry of Road Transport & Highways,(NHAI),702.52,405.81,98.91,57.7649034902921,97.75,1.1599999999999966,370.57,35.24000000000001,0.0190163934426228,0.577704918032787,3,4,515,1,1,1,0.5731239,57.31,MEDIUM
2026-07-01,618595,6L of Chengala - Neeleshwaram from km. 56.200 to km. 93.468,Kerala,Roads & Highways,Ministry of Road Transport & Highways,(NHAI),1746.45,1447.31,90.82,82.87153940851441,90.18,0.6399999999999864,943.25,504.06,0.0104918032786883,8.26327868852459,3,4,515,1,1,1,0.5730278,57.3,MEDIUM
2026-07-01,619109,6L of Badakumari - Karki Section from Km 179.000 to km 226.500 of NH-130-CD Package OD-3,Odisha,Roads & Highways,Ministry of Road Transport & Highways,(NHAI),1101.76,713.4,99.7,64.75094394423468,99.7,0.0,645.61,67.78999999999996,0.0,1.1113114754098354,2,3,515,1,1,1,0.572489,57.25,MEDIUM
2026-07-01,618493,Delhi-Amritsar-Katra Expressway Phase-I Spur-I from Jn. with Kapurthala - Sultanpur Lodhi Road NH-703A near Isharwal village to Jn. with Kapurthala - Tarn Taran road NH-703AA near Goinwal Sahib [Km 24000 to Km 41000 of Amritsar connectivity],Punjab,Roads & Highways,Ministry of Road Transport & Highways,(NHAI),2165.23,603.8,33.49,27.886182992107077,31.77,1.7200000000000024,396.24,207.55999999999997,0.0281967213114754,3.402622950819671,3,4,515,1,1,1,0.5717082,57.17,MEDIUM
2026-07-01,701101,"Construction of New Domestic Terminal Building [Phase-I and II] and other allied structures at JPNI Airport, Patna",Bihar,Aviation & Aviation Infrastructure,Ministry of Civil Aviation,(Airport Authority of India [AAI]),1216.9,1202.07,99.19,98.78132960802036,98.22,0.9699999999999988,1200.67,1.3999999999998636,0.0159016393442622,0.0229508196721289,7,8,515,1,1,1,0.5716138,57.16,MEDIUM
2026-07-01,618744,4L of Thirumangalam to Vadugapatti section from km 0.000 to km 36.000 of NH-744,Tamil Nadu,Roads & Highways,Ministry of Road Transport & Highways,(NHAI),1076.97,679.49,95.51,63.09275095870823,95.41,0.1000000000000085,679.48,0.0099999999999909,0.0016393442622952,0.0001639344262293,3,4,515,1,1,1,0.571229,57.12,MEDIUM
2026-07-01,619087,Widening to 6L of Existing 4L Jetpur - Gondal - Rajkot Section from Km. 117.600 to Km. 185.00 on NH-27,Gujarat,Roads & Highways,Ministry of Road Transport & Highways,(NHAI),2070.44,1048.83,73.08,50.65734819651861,69.66,3.4200000000000017,914.03,134.79999999999995,0.0560655737704918,2.2098360655737697,2,3,515,1,1,1,0.57083446,57.08,MEDIUM
2026-07-01,618420,"Construction of 2 lane with paved shoulder of Shillong Western Bypass starting from NH-06 near Ladumsaw existing km 60.900 of old NH-40 to NH-106 old NH-44E, Package-II km 12800 to km 24700 under SARDP-NE Phase A in the State of Meghalaya on EPC Mode",Meghalaya,Roads & Highways,Ministry of Road Transport & Highways,(NHIDCL),686.03,435.15,49.82,63.43017069224378,46.51,3.3100000000000023,228.79,206.36,0.0542622950819672,3.3829508196721307,3,4,515,1,1,1,0.57059556,57.06,MEDIUM
2026-07-01,618637,Bal. Works of Fagne Km. 510.000 to Maharashtra/Gujarat Border Km. 650.794,"Multi-States (Gujarat, Maharashtra)",Roads & Highways,Ministry of Road Transport & Highways,(NHAI),1654.07,1416.49,97.66,85.63664173825775,97.66,0.0,1356.95,59.53999999999997,0.0,0.9760655737704912,3,4,515,1,1,1,0.5701924,57.02,MEDIUM
2026-07-01,618787,"Upgradation to 4L PS from Bhimasar, Junction of NH-41 to Anjar- Bhuj upto Airport Junction from Km 0.000 to Km 65.478 of NH-341",Gujarat,Roads & Highways,Ministry of Road Transport & Highways,(NHAI),1373.06,837.7,96.0,61.00971552590565,96.0,0.0,834.0,3.7000000000000455,0.0,0.0606557377049187,3,4,515,1,1,1,0.57012206,57.01,MEDIUM
2026-07-01,705766,Lalitpur-Birari with flyover at Lalitpur- 16 Km,Uttar Pradesh,Railways,Ministry of Railways,(North Central Railway),304.44,283.67,86.0,93.17763762974644,86.0,0.0,255.32,28.350000000000023,0.0,0.4647540983606561,7,8,515,1,1,1,0.56872064,56.87,MEDIUM
2026-07-01,619210,Dharampuri-Lonand from km. 117.00 to 166.40 Pkg-IV on Mohol-Alandi Section,Maharashtra,Roads & Highways,Ministry of Road Transport & Highways,(NHAI),1411.71,1471.41,97.4,104.22891387041248,97.4,0.0,1047.19,424.22,0.0,6.954426229508197,1,2,61,1,1,1,0.5685816,56.86,MEDIUM
2026-07-01,618711,6L with access control provision Saharanpur bypass to Ganeshpur section from 13.89 Km to 41.820 Km of Delhi- Dehradun Economic Corridor package-2,"Multi-States (Uttar Pradesh, Uttarakhand)",Roads & Highways,Ministry of Road Transport & Highways,(NHAI),796.65,507.68,99.29,63.72685621038098,99.29,0.0,499.88,7.800000000000011,0.0,0.1278688524590165,3,4,515,1,1,1,0.568483,56.85,MEDIUM
2026-07-01,709831,SOURCING OF BAUXITE ARRANGEMENT FOR 5TH STREAM ALUMINA REFINERY FROM SOUTH BLOCK MINING LEASE OF PANCHPATMAILI MINES,Odisha,Metals & Mining,Ministry of Mines,(National Aluminium Company Limited [NALCO]),483.0,451.7,93.1,93.51966873706004,92.35,0.75,446.16,5.539999999999964,0.0122950819672131,0.0908196721311469,7,8,515,1,1,1,0.56569177,56.57,MEDIUM
2026-07-01,705572,Doubling of New Bonggigaon to Kamakhya via Goalpara - 176 km,Assam,Railways,Ministry of Railways,(Northeast Frontier Railway [NFR]),4060.0,3831.06,95.16,94.36108374384236,95.13,0.0300000000000011,3797.35,33.71000000000004,0.0004918032786885,0.5526229508196727,7,8,515,1,1,1,0.56442016,56.44,MEDIUM
2026-07-01,618951,Hariharganj to Parwa Mode section from km 23.284 to km 57.049 of NH-98,"Multi-States (Bihar, Jharkhand)",Roads & Highways,Ministry of Road Transport & Highways,(NHAI),1125.78,830.06,91.3,73.7319902645277,91.3,0.0,609.94,220.1199999999999,0.0,3.608524590163933,3,4,515,1,1,1,0.56420606,56.42,MEDIUM
2026-07-01,618645,4L of Gola-BokaroJaina More section from Km 53.600 to Km 21.110 of NH-320PKG-1,Jharkhand,Roads & Highways,Ministry of Road Transport & Highways,(NHAI),1007.97,609.9,78.1,60.50775320694069,78.1,0.0,437.79,172.10999999999996,0.0,2.821475409836065,3,4,515,1,1,1,0.56265104,56.27,MEDIUM
2026-07-01,619049,Khavda IVA Power Transmission Limited,Gujarat,Transmission & Distribution,Ministry of Power,(Adani Transmission Limited),4500.0,2332.7,60.0,51.837777777777774,58.0,2.0,2263.7,69.0,0.0327868852459016,1.1311475409836065,2,3,515,1,1,1,0.56209904,56.21,MEDIUM
2026-07-01,619292,4L Medinipur to Ballupur from Km. 458.65 to Km. 487.65 of NH-07Pkg-2,Uttarakhand,Roads & Highways,Ministry of Road Transport & Highways,(NHAI),1092.9,736.71,93.9,67.40872906944826,93.9,0.0,715.36,21.350000000000023,0.0,0.3500000000000003,1,2,61,1,1,1,0.5603304,56.03,MEDIUM
2026-07-01,400171,2G Ethanol Biorefinery at Bathinda,Punjab,Oil & Gas,Ministry of Petroleum & Natural Gas,(MinistryofPetroleumNaturalGas),1421.46,1293.34,94.0,90.98673195165532,95.8,-1.7999999999999972,1263.61,29.730000000000015,-0.0295081967213114,0.4873770491803281,7,8,515,1,1,1,0.5588171,55.88,MEDIUM
2026-07-01,618363,Construction of 2-laning with hard shoulder configuration of Chhumkhum to Tlabung from Design Chainage Km 37.420 to Km 74.950 of NH-302 in Mizoram under Bharatmala Pariyojana on EPC mode [Pkg-B],Mizoram,Roads & Highways,Ministry of Road Transport & Highways,(NHIDCL),740.58,494.49,61.34,66.77063922871262,61.34,0.0,430.45,64.04000000000002,0.0,1.0498360655737708,3,4,515,1,1,1,0.5582788,55.83,MEDIUM
2026-07-01,618891,4L PS from Kalar Bala Village to Nauni Chowk of NH 205 from Km 41.000 to Km 58.450,Himachal Pradesh,Roads & Highways,Ministry of Road Transport & Highways,(NHAI),1244.43,117.5,30.43,9.442073881214691,20.95,9.48,80.72,36.78,0.1554098360655737,0.6029508196721312,1,2,61,1,1,1,0.55812716,55.81,MEDIUM
2026-07-01,618477,Bangalore Chennai Expressway Phase-III Package I Gudipala to Walajajhpet from Km 156.000 to Km 180.000,"Multi-States (Andhra Pradesh, Tamil Nadu)",Roads & Highways,Ministry of Road Transport & Highways,(NHAI),1481.87,746.73,99.02,50.391059944529545,99.02,0.0,711.04,35.690000000000055,0.0,0.5850819672131157,3,4,515,1,1,1,0.5579672,55.8,MEDIUM
2026-07-01,705454,Chhota Udaipur - Dhar New Line Project [157 km],"Multi-States (Gujarat, Madhya Pradesh)",Railways,Ministry of Railways,(Western Railway [WR] - II),1794.0,1828.91,80.5,101.94593088071348,80.3,0.2000000000000028,1819.63,9.279999999999973,0.0032786885245902,0.1521311475409831,7,8,515,1,1,1,0.5578545,55.79,MEDIUM
2026-07-01,619213,6L of Hatibena - Badakumari Section from Km 146.50 to km 179.00 of NH-130-CD Package OD-2,Odisha,Roads & Highways,Ministry of Road Transport & Highways,(NHAI),791.17,733.58,99.95,92.7209070111354,99.95,0.0,727.37,6.210000000000036,0.0,0.1018032786885251,1,2,61,1,1,1,0.55765027,55.77,MEDIUM
2026-07-01,619098,Kozhikode Bypass Calicut Bypass Vengalam Jn. to Ramanattukara Jn.,Kerala,Roads & Highways,Ministry of Road Transport & Highways,(NHAI),1424.77,1064.53,98.75,74.71591906062031,98.75,0.0,1048.92,15.6099999999999,0.0,0.2559016393442606,2,3,515,1,1,1,0.55707824,55.71,MEDIUM
2026-07-01,618618,6L Amritsar-Bathinda Greenfield section from Jn. with Bhagta Bhai Ka-Bhadaur Road near Dyalpura Bhai Ka to Jn. with Mandi Dabwali Bathinda Road on NH-54 near Sangat Kalan from km 93.000 to km 154.866 of NH-754A Pkg-3,Punjab,Roads & Highways,Ministry of Road Transport & Highways,(NHAI),2029.17,1440.11,72.0,70.9703967632086,72.0,0.0,513.42,926.69,0.0,15.191639344262294,3,4,515,1,1,1,0.5569807,55.7,MEDIUM
2026-07-01,618165,Construction of 4-lane highway with paved shoulders from Km 49.155 to Km 74.700 of NH-731A on Hybrid Annuity Mode in the state of Uttar Pradesh,Uttar Pradesh,Roads & Highways,Ministry of Road Transport & Highways,(MoRTH),1156.72,0.0,100.0,0.0,98.0,2.0,0.0,0.0,0.0327868852459016,0.0,3,4,515,1,1,1,0.55661124,55.66,MEDIUM
2026-07-01,617409,Railway Manufacturing Unit,Telangana,Railways,Ministry of Railways,(RVNL - II),521.36,492.12,91.0,94.39159122295536,90.0,1.0,491.87,0.25,0.0163934426229508,0.0040983606557377,5,6,515,1,1,1,0.55562925,55.56,MEDIUM
2026-07-01,618639,4L of Bilaspur to Urga km 0.00 to 70.2 of NH-130A,Chhattisgarh,Roads & Highways,Ministry of Road Transport & Highways,(NHAI),1855.59,1468.47,94.81,79.13763277448143,94.81,0.0,1290.88,177.58999999999992,0.0,2.9113114754098346,2,3,515,1,1,1,0.55542934,55.54,MEDIUM
2026-07-01,705362,"Jaynagar-Bijalpura, incl. extn. Bet, Bijalpura-Bardibas [Nepal]",Offshore,Railways,Ministry of Railways,(East Central Railway [ECR] - I),819.0,580.51,75.0,70.88034188034187,75.0,0.0,580.51,0.0,0.0,0.0,7,8,515,1,1,1,0.5552027,55.52,MEDIUM
2026-07-01,618747,Khammam-Devarapalle Pkg III [4L Access Controlled Greenfield from Chintagudem village to Recherla village Design Chainage 63117 to 105236],"Multi-States (Andhra Pradesh, Telangana)",Roads & Highways,Ministry of Road Transport & Highways,(NHAI),829.5,649.48,98.82,78.29776974080772,98.82,0.0,518.85,130.63,0.0,2.1414754098360653,3,4,515,1,1,1,0.5541979,55.42,MEDIUM
2026-07-01,703585,Yeshvanthpur - Channasandra Doubling Project [21.70 Km],Karnataka,Railways,Ministry of Railways,(Karnataka Rail Infrastructure Development Company Limited [K-RIDE]),314.1,173.5,56.8,55.23718560967844,56.5,0.2999999999999971,171.0,2.5,0.0049180327868851,0.040983606557377,7,8,515,1,1,1,0.5536403,55.36,MEDIUM
2026-07-01,618554,Construction of left out portion of Agra Inner Ring Road connecting village Deori to NH-44 village Bad from Km. 0.000 to Km. 7.772,Uttar Pradesh,Roads & Highways,Ministry of Road Transport & Highways,(NHAI),879.26,629.11,93.8,71.54993972203899,91.7,2.0999999999999943,623.64,5.470000000000027,0.0344262295081966,0.0896721311475414,3,4,515,1,1,1,0.5536032,55.36,MEDIUM
2026-07-01,618580,Gohana - Sonipat PKG-2,Haryana,Roads & Highways,Ministry of Road Transport & Highways,(NHAI),1275.31,1225.85,97.86,96.12172726631172,97.86,0.0,734.08,491.7699999999999,0.0,8.061803278688522,3,4,515,1,1,1,0.55326176,55.33,MEDIUM
2026-07-01,618887,4L of Bettadahalli- Shivamogga section from Km.170.415 to km. 226.750 of NH-206 Tumkur- Shivamogga Pkg-IV,Karnataka,Roads & Highways,Ministry of Road Transport & Highways,(NHAI),2082.98,1621.81,83.78,77.86008507042794,82.88,0.9000000000000057,865.7,756.1099999999999,0.0147540983606558,12.395245901639342,3,4,515,1,1,1,0.5527154,55.27,MEDIUM
2026-07-01,618496,Delhi-Amritsar-Katra Expressway Phase-II Pkg-XVI Existing Jakh Vijaypur-Kunjwani section of NH-44 including spur Connectivity to Jammu Airport NH-144A [Km 503500 to km 514500],Jammu and Kashmir,Roads & Highways,Ministry of Road Transport & Highways,(NHAI),1821.72,1237.76,94.14,67.94457984761654,94.14,0.0,1174.58,63.180000000000064,0.0,1.035737704918034,3,4,515,1,1,1,0.552517,55.25,MEDIUM
2026-07-01,618283,4-L Bilasipara-Guwahati Package-9,Assam,Roads & Highways,Ministry of Road Transport & Highways,(NHIDCL),1000.27,490.64,59.78,49.05075629580013,50.92,8.86,416.11,74.52999999999997,0.1452459016393442,1.2218032786885242,3,4,515,1,1,1,0.55126065,55.13,MEDIUM
2026-07-01,400232,Brundamal-Jharsuguda- flyover connection for joining downline,Odisha,Railways,Ministry of Railways,(East Coast Railway [ECoR] - II),297.0,237.83,67.0,80.07744107744108,56.0,11.0,232.73,5.100000000000023,0.180327868852459,0.0836065573770495,7,8,515,1,1,1,0.55099136,55.1,MEDIUM
2026-07-01,616950,PRP-VIII [Group-A],Offshore,Oil & Gas,Ministry of Petroleum & Natural Gas,(Ministry of Petroleum & Natural Gas),1486.4,618.99,59.6,41.64356835306781,53.8,5.800000000000004,529.96,89.02999999999997,0.0950819672131148,1.459508196721311,7,8,515,1,1,1,0.55071265,55.07,MEDIUM
2026-07-01,701338,City Gas Distribution Maharashtra Natural Gas Limited,"Multi-States (Karnataka, Maharashtra)",Oil & Gas,Ministry of Petroleum & Natural Gas,(Ministry of Petroleum & Natural Gas),5535.0,4392.58,47.0,79.36007226738934,47.0,0.0,4230.6,161.97999999999956,0.0,2.6554098360655667,7,8,515,1,1,1,0.5505936,55.06,MEDIUM
2026-07-01,606431,CONSTRUCTION OF PERMANENT CAMPUS FOR IIT PALAKKAD UNDER PHASE 1A,Kerala,Education,Department of Higher Education,(INDIAN INSTITUTE OF TECHNOLOGY PALAKKAD),1006.45,686.2,86.5,68.18023746832928,86.0,0.5,680.69,5.509999999999991,0.0081967213114754,0.0903278688524588,7,8,515,1,1,1,0.5499013,54.99,MEDIUM
2026-07-01,616858,"Construction of Field Gas Gathering Station at Baghjan area for collection, processing & transportation of natural Gas to be produced from Baghjan Field",Assam,Oil & Gas,Ministry of Petroleum & Natural Gas,(Ministry of Petroleum & Natural Gas),430.76,348.57,94.5,80.91976970935092,92.4,2.0999999999999943,346.97,1.599999999999966,0.0344262295081966,0.0262295081967207,7,8,515,1,1,1,0.54966885,54.97,MEDIUM
2026-07-01,618500,Construction of 4L Connector from Delhi Meerut Expressway Km 50.000 of Pkg IV to Km 8.520 of NH-235 Pkg-5,Uttar Pradesh,Roads & Highways,Ministry of Road Transport & Highways,(NHAI),1081.39,442.98,78.0,40.963944552844026,76.0,2.0,419.14,23.840000000000032,0.0327868852459016,0.390819672131148,3,4,515,1,1,1,0.5493835,54.94,MEDIUM
2026-07-01,618435,4-Laning from Rangagara to Kaliabor Tiniali from km 297.00 to km 315.315 of NH-37 on EPC basis under SARDP-NE in state of Assam,Assam,Roads & Highways,Ministry of Road Transport & Highways,(NHIDCL),386.51,360.25,97.13,93.20586789475044,97.13,0.0,352.16,8.089999999999975,0.0,0.1326229508196717,3,4,515,1,1,1,0.5465726,54.66,MEDIUM
2026-07-01,618460,Delhi-Vadodara Greenfield Alignment NH-148N Pkg-28 Ch.756052 to Ch.781282,Gujarat,Roads & Highways,Ministry of Road Transport & Highways,(NHAI),1263.38,934.98,100.0,74.00623723661923,100.0,0.0,865.87,69.11000000000001,0.0,1.1329508196721314,3,4,515,1,1,1,0.54654074,54.65,MEDIUM
2026-07-01,618735,4L of Chandesara to Khedakhajuriya from Km. 0.000 to - 750 & Km 0.000 to km 41.400 of NH-148NG Pkg-I,Madhya Pradesh,Roads & Highways,Ministry of Road Transport & Highways,(NHAI),909.84,587.8,99.0,64.60476567308537,99.0,0.0,436.44,151.35999999999996,0.0,2.4813114754098358,3,4,515,1,1,1,0.54648435,54.65,MEDIUM
2026-07-01,618566,4L Green Field Northern East side Gorakhpur Bypass 26.616 Kms starting from NH- 29E Chainage 83.308 and end at NH-28 Chainage 285.100,Uttar Pradesh,Roads & Highways,Ministry of Road Transport & Highways,(NHAI),1973.98,1010.31,72.0,51.1813696187398,68.95,3.049999999999997,955.14,55.16999999999996,0.0499999999999999,0.904426229508196,3,4,515,1,1,1,0.5462396,54.62,MEDIUM
2026-07-01,618326,Widening/Improvement to 4-Lane with Paved Shoulder from KM 38500 to Km 51246 Design Chainage 38500 to 50959 with proposed Daboka Bypass of Daboka- Parokhaowa of NH 29 on EPC under NHO-NE Package-1,Assam,Roads & Highways,Ministry of Road Transport & Highways,(NHIDCL),516.88,0.0,99.7,0.0,97.96,1.740000000000009,0.0,0.0,0.0285245901639345,0.0,3,4,515,1,1,1,0.54477346,54.48,MEDIUM
2026-07-01,618723,6L access Controlled Greenfield Highway from Ranipur Barsi to Adhoya Musalmana section of Shamli -Ambala Package-II Design Ch. Form km 45.500 to km 84.400,"Multi-States (Haryana, Uttar Pradesh)",Roads & Highways,Ministry of Road Transport & Highways,(NHAI),1554.21,825.78,79.1,53.13181616383886,74.5,4.599999999999994,721.32,104.45999999999992,0.0754098360655736,1.7124590163934414,3,4,515,1,1,1,0.5444602,54.45,MEDIUM
2026-07-01,709797,POL & LOBS Installations with Receipt Pipelines at Rasayani,Maharashtra,Oil & Gas,Ministry of Petroleum & Natural Gas,(Bharat Petroleum Corporation Limited [BPCL]),2585.0,1416.51,85.4,54.7972920696325,80.6,4.800000000000011,1288.41,128.0999999999999,0.0786885245901641,2.0999999999999983,7,8,515,1,1,1,0.5440948,54.41,MEDIUM
2026-07-01,619129,Mahabalipuram - Pondicherry Pkg-I [Mamallapuram to Mugaiyur],Tamil Nadu,Roads & Highways,Ministry of Road Transport & Highways,(NHAI),1360.54,897.36,58.65,65.95616446410985,58.65,0.0,575.41,321.95000000000005,0.0,5.277868852459017,2,3,515,1,1,1,0.5428954,54.29,MEDIUM
2026-07-01,619094,Thorapalli - Agraharam - Jittandahalli Section from km 23.350 to km 60.100 [Hosur to Dhamrapuri Pkg-2],Tamil Nadu,Roads & Highways,Ministry of Road Transport & Highways,(NHAI),1243.57,827.88,77.57,66.57285074422832,82.56,-4.990000000000009,623.59,204.29,-0.0818032786885247,3.3490163934426223,2,3,515,1,1,1,0.5428252,54.28,MEDIUM
2026-07-01,618523,Bhadrak KM 136.500 to Baleshwar KM 199.141,Odisha,Roads & Highways,Ministry of Road Transport & Highways,(NHAI),844.67,783.79,91.32,92.79245148993098,91.32,0.0,538.51,245.28,0.0,4.020983606557377,3,4,515,1,1,1,0.5417696,54.18,MEDIUM
2026-07-01,619201,Karnal ring road Lot-4/Pkg-1,Haryana,Roads & Highways,Ministry of Road Transport & Highways,(NHAI),1741.45,831.11,96.42,47.72517155244193,91.61,4.810000000000002,461.25,369.86,0.0788524590163934,6.063278688524591,1,2,61,1,1,1,0.5411302,54.11,MEDIUM
2026-07-01,618927,4L of Moradabad-Thakurdwara-Kashipur Section from Km. 0.000 to Km. 38.77 of NH- 734 Pkg-II,Uttar Pradesh,Roads & Highways,Ministry of Road Transport & Highways,(NHAI),2006.82,969.49,52.68,48.30976370576335,47.51,5.170000000000002,878.74,90.75,0.0847540983606557,1.4877049180327868,1,2,61,1,1,1,0.5407393,54.07,MEDIUM
2026-07-01,619134,6L of Ambala-Chandigarh greenfield section from Km. 0.000 to Km. 25.000 with 4L spur to Lalru from Km. 0.000 to Km. 5.828 & spur to PR-7 road from Km. 0.000 to Km. 11.157,"Multi-States (Haryana, Punjab)",Roads & Highways,Ministry of Road Transport & Highways,(NHAI),1641.66,1258.95,85.5,76.68762106648148,80.65,4.849999999999994,552.95,706.0,0.0795081967213113,11.57377049180328,2,3,515,1,1,1,0.5406541,54.07,MEDIUM
2026-07-01,615346,Transmission System for Evacuation of Power from Rajasthan REZ Ph-IV [Part-2 5.5 GW] [Jaisalmer/Barmer Complex] Part C [SPV Name POWERGRID Mandsaur Transmission Limited],Madhya Pradesh,Transmission & Distribution,Ministry of Power,(Power Grid Corporation of India Limited [POWERGRID]),2708.0,1570.64,70.96,58.00000000000001,57.8,13.159999999999997,1489.4,81.24000000000001,0.2157377049180327,1.3318032786885248,7,8,515,1,1,1,0.54044884,54.04,MEDIUM
2026-07-01,618765,4L of Karimnagar-Warangal section from km 49.500 to km 117.820 of NH-563,Telangana,Roads & Highways,Ministry of Road Transport & Highways,(NHAI),2146.86,1268.13,92.4,59.069058997792126,92.4,0.0,961.92,306.2100000000001,0.0,5.019836065573773,2,3,515,1,1,1,0.53971756,53.97,MEDIUM
2026-07-01,618709,4L of Left-Over Works of Hospet-Bellary -Karnataka/AP border from Km.280.080 Dec.Ch. to Km.375450Des.Ch. of NH-63 New-67,Karnataka,Roads & Highways,Ministry of Road Transport & Highways,(NHAI),1340.15,922.07,91.67,68.80349214640152,91.45,0.2199999999999988,897.67,24.40000000000009,0.0036065573770491,0.4000000000000014,2,3,515,1,1,1,0.5395811,53.96,MEDIUM
2026-07-01,604833,"Andheri Residential Towers, Mumbai",Maharashtra,Energy Storage,Ministry of Petroleum & Natural Gas,(Ministry of Petroleum & Natural Gas),281.35,279.72,83.0,99.42065043540074,79.5,3.5,270.49,9.230000000000018,0.0573770491803278,0.1513114754098363,7,8,515,1,1,1,0.53899944,53.9,MEDIUM
2026-07-01,618214,Rehabilitation and upgradation to 2 lane / 2 lane with paved shoulder configuration for design chainage km 107.347 to km 129.208 & km 133.878 to km 138.570 existing chainage km 110.000 to km 133.020 & km 137.330 to km 142.028 and land slide treatment at existing km 138.500 Design chainage km 134.970 of NH -94 on EPC mode under improvement to NH connectivity to Chardham in the state of Uttarakhand.,Uttarakhand,Roads & Highways,Ministry of Road Transport & Highways,(MoRTH),346.5,0.0,100.0,0.0,100.0,0.0,0.0,0.0,0.0,0.0,1,2,61,1,1,1,0.538995,53.9,MEDIUM
2026-07-01,705528,Muzaffarpur-Sugauli,Bihar,Railways,Ministry of Railways,(East Central Railway [ECR] - I),1586.0,1509.67,99.0,95.18726355611602,99.0,0.0,1494.93,14.740000000000007,0.0,0.2416393442622952,7,8,515,1,1,1,0.5387624,53.88,MEDIUM
2026-07-01,618512,Tunnel at Khambataki Ghat Section and its approaches from existing Km. 771.730 to existing Km. 782.000,Maharashtra,Roads & Highways,Ministry of Road Transport & Highways,(NHAI),907.03,677.98,89.16,74.7472520203301,87.27,1.8900000000000008,538.76,139.22000000000003,0.030983606557377,2.282295081967213,3,4,515,1,1,1,0.5380449,53.8,MEDIUM
2026-07-01,618846,Poondiyankuppam Km.67.000 to Sattanathapuram Km.123.800,Tamil Nadu,Roads & Highways,Ministry of Road Transport & Highways,(NHAI),2565.63,1207.03,99.8,47.04614461165483,99.8,0.0,1084.43,122.59999999999992,0.0,2.009836065573769,1,2,61,1,1,1,0.5365442,53.65,MEDIUM
2026-07-01,619136,Rehabilitation and Upgradation of Chorma - Bairgania Section of National Highway No 227F to 2 lane with paved shoulders from Design Ch.0.000 to Ch. 34.566,Bihar,Roads & Highways,Ministry of Road Transport & Highways,(NHAI),610.78,336.7,100.0,55.12623203117325,99.5,0.5,328.56,8.139999999999986,0.0081967213114754,0.1334426229508194,2,3,515,1,1,1,0.53644055,53.64,MEDIUM
2026-07-01,705774,Aligarh -Daud Khan Flyover Construction & 3rd Railway Line Project,Uttar Pradesh,Railways,Ministry of Railways,(CAO/C/NCR),758.0,511.12,83.0,67.43007915567283,83.0,0.0,484.51,26.610000000000014,0.0,0.4362295081967215,7,8,515,1,1,1,0.53565556,53.57,MEDIUM
2026-07-01,618884,Construction of Four Lane Highway from Ghazipur- Ballia-UP/Bihar State Border Greenfield section of NH-31 Package II [from Shahapur km 42.500 to Pindari km 78.150] on EPC Mode in the state of Uttar Pradesh.,Uttar Pradesh,Roads & Highways,Ministry of Road Transport & Highways,(NHAI),1493.65,757.69,96.29,50.72741271382185,95.5,0.7900000000000063,705.07,52.620000000000005,0.0129508196721312,0.8626229508196722,3,4,515,1,1,1,0.534272,53.43,MEDIUM
2026-07-01,612134,Transmission System for Evacuation of power from Rajasthan REZ Ph-IV [Part-1] [Bikaner Complex] Part A [Bikaner Neemrana Transmission Ltd],Rajasthan,Transmission & Distribution,Ministry of Power,(Power Grid Corporation of India Limited [POWERGRID]),4741.0,3887.62,77.65,82.0,72.22,5.430000000000007,3650.57,237.04999999999973,0.089016393442623,3.886065573770488,7,8,515,1,1,1,0.53419006,53.42,MEDIUM
2026-07-01,615334,Transmission System for Evacuation of Power from Rajasthan REZ Ph-IV [Part-2 5.5 GW] [Jaisalmer/Barmer Complex] Part E [SPV Name POWERGRID Mewar Transmission Limited],"Multi-States (Madhya Pradesh, Rajasthan)",Transmission & Distribution,Ministry of Power,(Power Grid Corporation of India Limited [POWERGRID]),3251.0,2048.13,44.33,63.0,39.4,4.93,1592.99,455.1400000000001,0.0808196721311475,7.461311475409838,7,8,515,1,1,1,0.5335897,53.36,MEDIUM
2026-07-01,706854,Boridand - Ambikapur Doubling Line Project,Chhattisgarh,Railways,Ministry of Railways,(South East Central Railway [SECR] - II),1376.0,312.72,30.0,22.726744186046517,27.0,3.0,258.97,53.75,0.0491803278688524,0.8811475409836066,7,8,515,1,1,1,0.5321253,53.21,MEDIUM
2026-07-01,618947,4L of NH-80 from km 215.00 to km 260.00 Mirza Chauki to Farkka Pkg-I,Jharkhand,Roads & Highways,Ministry of Road Transport & Highways,(NHAI),1504.8,1029.73,91.83,68.42969165337587,91.83,0.0,804.61,225.12,0.0,3.6904918032786886,3,4,515,1,1,1,0.53012705,53.01,MEDIUM
2026-07-01,619069,Satara Km 725.000 to Pune Km 865.350 of NH - 4 New NH - 48 in Maharashtra,Maharashtra,Roads & Highways,Ministry of Road Transport & Highways,(NHAI),361.72,384.55,99.05,106.31151166648236,99.05,0.0,64.35,320.20000000000005,0.0,5.249180327868853,2,3,515,1,1,1,0.52984494,52.98,MEDIUM
2026-07-01,400277,Dum Dum Airport-New Garia via Rajarhat-Construction of Metro Railway,West Bengal,Railways,Ministry of Railways,(RVNL - II),8964.0,8984.66,87.0,100.23047746541722,86.6,0.4000000000000057,8621.5,363.1599999999999,0.0065573770491804,5.953442622950817,7,8,515,1,1,1,0.5290695,52.91,MEDIUM
2026-07-01,705511,Jagdalpur-Koraput,"Multi-States (Chhattisgarh, Odisha)",Railways,Ministry of Railways,(East Coast Railway [ECoR] - II),1547.0,1403.9,92.55,90.74983839689725,94.46,-1.9099999999999968,1379.69,24.21000000000004,-0.031311475409836,0.3968852459016399,7,8,515,1,1,1,0.5289756,52.9,MEDIUM
2026-07-01,618685,Outer Ring Road of Jabalpur Town from NH45 to Kushner Pkg-3,Madhya Pradesh,Roads & Highways,Ministry of Road Transport & Highways,(NHAI),911.24,552.0,79.8,60.57679645318467,77.0,2.799999999999997,495.48,56.51999999999998,0.0459016393442622,0.92655737704918,1,2,61,1,1,1,0.5287265,52.87,MEDIUM
2026-07-01,619064,Vadodara Mumbai Expressway Talsari to Karvad Phase IB - Pkg X [Km 103.400 to Km 128.000],"Multi-States (Dadra & Nagar Haveli and Daman & Diu, Gujarat, Maharashtra)",Roads & Highways,Ministry of Road Transport & Highways,(NHAI),1909.74,1096.51,36.23,57.41671641165813,36.23,0.0,671.46,425.05,0.0,6.968032786885245,2,3,515,1,1,1,0.5280832,52.81,MEDIUM
2026-07-01,618234,Construction of a new 4-lane major bridge across river Kosi at Phulaut including Rehabilitation and upgradation of existing Birpur and Bihpur section of NH-106 from km 106.000 to km 136.000 to 2-lane with paved shoulders in the State of Bihar on EPC mode,Bihar,Roads & Highways,Ministry of Road Transport & Highways,(MoRTH),1478.4,901.32,97.5,60.965909090909086,94.2,3.299999999999997,823.93,77.3900000000001,0.0540983606557376,1.2686885245901656,3,4,515,1,1,1,0.5277179,52.77,MEDIUM
2026-07-01,612851,"Phase 1B - Construction of Academic Block, Hostel, Residential Tower, Directors Residence and External Development works at National Institute of Technology, Delhi Campus on Engineering, Procurement and Construction basis",Delhi,Education,Department of Higher Education,(National Institute of Technology Delhi),333.49,327.26,99.9,98.13187801733186,99.72,0.1800000000000068,321.76,5.5,0.0029508196721312,0.0901639344262295,7,8,515,1,1,1,0.527356,52.74,MEDIUM
2026-07-01,618678,6L Greenfield Baunsaguar - Baraja Section of NH-130-CD Road from km 293000 to km 338500 Package OD-6,Odisha,Roads & Highways,Ministry of Road Transport & Highways,(NHAI),1265.59,969.31,99.4,76.58957482280991,98.96,0.4400000000000119,874.99,94.31999999999994,0.0072131147540985,1.5462295081967203,3,4,515,1,1,1,0.52689606,52.69,MEDIUM
2026-07-01,618969,4/6L of Spur to Haridwar Greenfield from Km. 0.000 to Km. 50.70,"Multi-States (Uttar Pradesh, Uttarakhand)",Roads & Highways,Ministry of Road Transport & Highways,(NHAI),2155.95,1540.17,91.95,71.43811312878314,91.5,0.4500000000000028,1469.55,70.62000000000012,0.0073770491803279,1.1577049180327887,3,4,515,1,1,1,0.5266583,52.67,MEDIUM
2026-07-01,707051,Establishment of new GMc Udhampur,Jammu and Kashmir,Healthcare,Ministry of Health & Family Welfare,"(Medical Education, Ministry of Health and Family Welfare)",325.0,222.0,75.0,68.3076923076923,75.0,0.0,222.0,0.0,0.0,0.0,1,2,61,1,1,1,0.5257922,52.58,MEDIUM
2026-07-01,618741,4L Greenfield Alignment from Kalyanapur to Tal Dashraha of NH-119D Pkg-III,Bihar,Roads & Highways,Ministry of Road Transport & Highways,(NHAI),1857.58,929.35,33.48,50.03014675007268,32.17,1.3099999999999952,416.74,512.61,0.0214754098360654,8.40344262295082,3,4,515,1,1,1,0.5256828,52.57,MEDIUM
2026-07-01,619163,4L of Baramati to Indapur Pkg-II from km. 41.400 to km. 84.550 of NH-965G Saint Tukaram Marg,Maharashtra,Roads & Highways,Ministry of Road Transport & Highways,(NHAI),1471.32,1071.0,86.2,72.79177881086372,86.2,0.0,927.1,143.89999999999998,0.0,2.3590163934426225,2,3,515,1,1,1,0.52488,52.49,MEDIUM
2026-07-01,618684,Outer Ring Road of Jabalpur Town from Manegaon to NH-45 Pkg-2,Madhya Pradesh,Roads & Highways,Ministry of Road Transport & Highways,(NHAI),917.26,512.57,75.61,55.88055731199443,74.56,1.0499999999999972,492.01,20.56000000000006,0.0172131147540983,0.3370491803278698,1,2,61,1,1,1,0.5247495,52.47,MEDIUM
2026-07-01,609424,"Development of Container Terminal at Tuna-Tekra, Deendayal Port on BOT Basis Under PPP Mode",Gujarat,Shipping,"Ministry of Ports, Shipping and Waterways",(Deendayal Port Trust),4243.64,2481.0,60.0,58.46396018512409,60.0,0.0,2244.0,237.0,0.0,3.885245901639344,7,8,515,1,1,1,0.5238316,52.38,MEDIUM
2026-07-01,618798,4L of Sonauli - Gorakhpur,Uttar Pradesh,Roads & Highways,Ministry of Road Transport & Highways,(NHAI),2555.5,1326.61,89.0,51.91195460770886,84.0,5.0,1247.39,79.2199999999998,0.081967213114754,1.2986885245901607,3,4,515,1,1,1,0.52360755,52.36,MEDIUM
2026-07-01,618292,Construction of 2-Lane with paved shoulder of Kohima-Bypass Road connecting New NH-02 and New NH-29 from Design Km 10.500 to design Km 21.000 [Design Length- 10.500 km] including TUNNEL of 500m at Ch. 11.000 in the state of Nagaland Under SARDP-NE on EPC Mode Package-2,Nagaland,Roads & Highways,Ministry of Road Transport & Highways,(NHIDCL),277.44,198.97,69.76,71.71640715109572,69.82,-0.059999999999988,192.45,6.52000000000001,-0.0009836065573768,0.1068852459016395,3,4,515,1,1,1,0.5228984,52.29,MEDIUM
2026-07-01,618598,6L Minor Bridge Paloli Palam at km. 203.160 & Major Bridge Morad at km. 204.895 and allied works,Kerala,Roads & Highways,Ministry of Road Transport & Highways,(NHAI),210.0,190.46,100.0,90.6952380952381,100.0,0.0,77.9,112.56,0.0,1.8452459016393443,3,4,515,1,1,1,0.52221745,52.22,MEDIUM
2026-07-01,707058,Establishment of new GMC Rajgarh,Madhya Pradesh,Healthcare,Ministry of Health & Family Welfare,"(Medical Education, Ministry of Health and Family Welfare)",325.0,179.0,84.0,55.07692307692308,84.0,0.0,178.0,1.0,0.0,0.0163934426229508,2,3,515,1,1,1,0.5218087,52.18,MEDIUM
2026-07-01,615915,Rourkela-Bondamunda A-Cabin 5th line [9.6 km],Odisha,Railways,Ministry of Railways,(CAO/C/SER),244.99,146.07,45.0,59.6228417486428,31.0,14.0,95.42,50.64999999999999,0.2295081967213114,0.8303278688524589,1,2,61,1,1,1,0.521249,52.12,MEDIUM
2026-07-01,618925,Bijnor-Kotawali,Uttar Pradesh,Roads & Highways,Ministry of Road Transport & Highways,(NHAI),300.58,296.47,99.02,98.63264355579216,96.53,2.489999999999995,264.54,31.930000000000007,0.0408196721311474,0.5234426229508198,3,4,515,1,1,1,0.5199902,52.0,MEDIUM
2026-07-01,619066,Delhi-Amritsar-Katra Expressway Phase-II Pkg-XIV from Junction with Pathankot- Gurdaspur road NH-54 near Balsua to Junction with Hiranagar Road near village Gurha Baildaran km 423500 to km 468100,"Multi-States (Jammu and Kashmir, Punjab)",Roads & Highways,Ministry of Road Transport & Highways,(NHAI),3044.02,1773.85,83.6,58.27327021504458,83.6,0.0,1551.33,222.52,0.0,3.647868852459016,2,3,515,1,1,1,0.5194692,51.95,MEDIUM
2026-07-01,619211,6L of MH/KN Border Nimbal Village to KN/TS Border Singnodi Village from Km. 97.000 to Km. 162.500 in Yadgir of NH-150C Pkg-III,Karnataka,Roads & Highways,Ministry of Road Transport & Highways,(NHAI),2104.7,983.95,73.9,46.75013065995154,73.9,0.0,779.81,204.1400000000001,0.0,3.346557377049182,1,2,61,1,1,1,0.51909554,51.91,MEDIUM
2026-07-01,618315,4-Laning of Silchar - Dhanehari section from Existing Chainage km 263800 of NH 37 to km 12920 of NH 306 Design Chainage km 0000 to km 20000 on Silchar - Vairengte - Sairang road in the State of Assam under Bharatmala Pariyojna on EPC mode Package-1,Assam,Roads & Highways,Ministry of Road Transport & Highways,(NHIDCL),1256.9,575.03,59.65,45.749860768557554,55.46,4.189999999999998,550.91,24.120000000000005,0.0686885245901638,0.3954098360655738,3,4,515,1,1,1,0.5189569,51.9,MEDIUM
2026-07-01,618499,6L Elevated Kanpur - Lucknow Exeressway Pkg-1 from Km. 10980 to Km. 28500,Uttar Pradesh,Roads & Highways,Ministry of Road Transport & Highways,(NHAI),1972.94,770.81,100.0,39.06910499052176,94.14,5.859999999999999,766.29,4.519999999999982,0.0960655737704918,0.0740983606557374,3,4,515,1,1,1,0.51872355,51.87,MEDIUM
2026-07-01,618544,"4L twin tube tunnel including approaches from Digdol to Khuni Nallah North Bound connecting with existing major bridge on NB and South Bound connecting with Tunnel T4 ,Single tube tunnel of Ramban to Banihal Pkg-II of Old NH-1A New NH-44",Jammu and Kashmir,Roads & Highways,Ministry of Road Transport & Highways,(NHAI),1401.87,1053.1,87.1,75.12108826068038,87.1,0.0,989.45,63.64999999999986,0.0,1.0434426229508174,3,4,515,1,1,1,0.5180391,51.8,MEDIUM
2026-07-01,617994,Rehabilitation and upgradation of NH-167 from design km 113.900 to 154.479 Mallepally Haliya section to two lane with paved shoulders on EPC mode in the stte of Telangana,Telangana,Roads & Highways,Ministry of Road Transport & Highways,(MoRTH),294.13,244.16,88.22,83.01091354163125,88.22,0.0,239.25,4.909999999999997,0.0,0.0804918032786884,3,4,515,1,1,1,0.5179589,51.8,MEDIUM
2026-07-01,619212,6L Access Controlled Greenfield Highway of Julekal village to Dinnedevarapadu village from Km 242.200 to Km 280.400 Pkg-2,"Multi-States (Andhra Pradesh, Telangana)",Roads & Highways,Ministry of Road Transport & Highways,(NHAI),1227.57,528.05,68.53,43.01587689500395,65.24,3.2900000000000063,524.04,4.009999999999991,0.0539344262295083,0.0657377049180326,1,2,61,1,1,1,0.5172906,51.73,MEDIUM
2026-07-01,619157,4 Laning of Talcher to end of Kamakhyanagar Bypass km 8.844 - km 15.725 of NH- 149 and km 301.875 - km 335.946 of NH-53 Pkg-I,Odisha,Roads & Highways,Ministry of Road Transport & Highways,(NHAI),795.18,713.62,99.0,89.74320279685102,99.0,0.0,402.98,310.64,0.0,5.092459016393442,2,3,515,1,1,1,0.51724744,51.72,MEDIUM
2026-07-01,609736,"Construction of Sikkim University Campus Phase-I Package-II at Yangang, South Sikkim",Sikkim,Education,Department of Higher Education,(Sikkim University),314.06,292.0,96.0,92.9758644844934,95.0,1.0,292.0,0.0,0.0163934426229508,0.0,7,8,515,1,1,1,0.51682425,51.68,MEDIUM
2026-07-01,618677,6L Greenfield Kaliagura Baunsaguar Section of NH-130-CD Road from km 249000 to km 293000 Package OD-5,Odisha,Roads & Highways,Ministry of Road Transport & Highways,(NHAI),1539.75,998.13,96.8,64.8241597661958,94.81,1.9899999999999949,981.3,16.83000000000004,0.032622950819672,0.275901639344263,3,4,515,1,1,1,0.51676494,51.68,MEDIUM
2026-07-01,618807,"4L Greenfield Road connecting North and South industrial cluster of Khandaleru Creek near Krishnapatnam port at Thamminapatnam to Mollur from Km 0.0 to Km 16.046, Part I & 6L extension of dedicated port road of NH-67 Km 18.0 to Km 19.3, Part II",Andhra Pradesh,Roads & Highways,Ministry of Road Transport & Highways,(NHAI),609.43,552.88,81.81,90.72083750389707,78.62,3.1899999999999977,505.16,47.71999999999997,0.052295081967213,0.7822950819672126,3,4,515,1,1,1,0.5164933,51.65,MEDIUM
2026-07-01,618844,Viluppuram Km.0.000 to Puducherry Km.29.000,"Multi-States (Puducherry, Tamil Nadu)",Roads & Highways,Ministry of Road Transport & Highways,(NHAI),1358.31,526.4,98.32,38.75403994669847,98.32,0.0,524.82,1.5799999999999272,0.0,0.0259016393442611,1,2,61,1,1,1,0.51616704,51.62,MEDIUM
2026-07-01,618104,Widening to two lane with paved shoulders from Km 0/000 to Km 79/300 of Kalwakurthy - Kollapur section of NH-167K in the state of Telangana under annual plan 2021-22 on EPC mode under NHO.,Telangana,Roads & Highways,Ministry of Road Transport & Highways,(MoRTH),886.69,620.25,86.74,69.95116669862071,85.66,1.0799999999999983,573.13,47.120000000000005,0.0177049180327868,0.7724590163934427,3,4,515,1,1,1,0.51583236,51.58,MEDIUM
2026-07-01,619164,Belgaum-Khanapur Pkg I Km 0.000-Km 30.800 of NH-4A,Karnataka,Roads & Highways,Ministry of Road Transport & Highways,(NHAI),1214.3,917.82,75.63,75.5842872436795,72.77,2.8599999999999994,497.43,420.39,0.0468852459016393,6.891639344262296,2,3,515,1,1,1,0.51554143,51.55,MEDIUM
2026-07-01,618666,4- Laning of Mohari to Satai Ghat section NH-934 from Km 50300 to Km 89875 Total length 39.575 km Package-2 in the State of Madhya Pradesh on EPC Mode,Madhya Pradesh,Roads & Highways,Ministry of Road Transport & Highways,(NHAI),710.92,505.77,95.66,71.14302593822089,87.65,8.009999999999991,431.99,73.77999999999997,0.1313114754098359,1.209508196721311,1,2,61,1,1,1,0.5148678,51.49,MEDIUM
2026-07-01,618675,Development of 6L of Basanwahi Marangpuri Section from km 99.500 to km 124.661 of NH-130-CD,Chhattisgarh,Roads & Highways,Ministry of Road Transport & Highways,(NHAI),1307.16,481.63,66.8,36.84552770892622,63.66,3.140000000000001,456.22,25.409999999999968,0.0514754098360655,0.4165573770491798,3,4,515,1,1,1,0.51330453,51.33,MEDIUM
2026-07-01,618589,Durg-Raipur Bypass Section Package - 1 from km. 0.00 to km. 44.50 near Tendesara to near Khatti Village,Chhattisgarh,Roads & Highways,Ministry of Road Transport & Highways,(NHAI),1828.0,1016.41,74.93,55.60229759299781,69.87,5.060000000000002,690.27,326.14,0.0829508196721311,5.34655737704918,3,4,515,1,1,1,0.5132885,51.33,MEDIUM
2026-07-01,618762,Itarsi Km. 63.000 to Betul Km. 137.000 of NH-69 in Madhya Pradesh,Madhya Pradesh,Roads & Highways,Ministry of Road Transport & Highways,(NHAI),950.27,663.67,100.0,69.84015069401327,100.0,0.0,397.17,266.49999999999994,0.0,4.368852459016392,1,2,61,1,1,1,0.51158696,51.16,MEDIUM
2026-07-01,618296,Balance work of Construction of 2-lane with hard shoulder of Kohima - Jessami road on NH-29 old NH-150 from existing km 98.380 near Chizami vill. to km120.367 Nagaland/Manipur Border [Design km 95.700 to design km 117.200] [Design Length 21.500 km] in the state of Nagaland Under Bharatmala Pariyojna on EPC Mode Package-V under NHO,Nagaland,Roads & Highways,Ministry of Road Transport & Highways,(NHIDCL),330.8,0.0,98.39,0.0,93.04,5.349999999999994,0.0,0.0,0.0877049180327868,0.0,3,4,515,1,1,1,0.5112129,51.12,MEDIUM
2026-07-01,618808,6L Elevated Kona Expressway from Km. 0.145 to Km. 7.337 of NH-117,West Bengal,Roads & Highways,Ministry of Road Transport & Highways,(NHAI),1212.56,428.26,39.98,35.31866464339909,37.35,2.6299999999999955,302.61,125.64999999999998,0.0431147540983605,2.05983606557377,1,2,61,1,1,1,0.51072055,51.07,MEDIUM
2026-07-01,618286,Construction of New 2-Lane Bridge with its approaches from km 0000 to Km 4385 across River Brahmaputra on NH-17 at Jogighopa in Assam on EPC mode,Assam,Roads & Highways,Ministry of Road Transport & Highways,(NHIDCL),746.76,426.91,81.07,57.16830039102256,76.47,4.599999999999994,410.28,16.630000000000052,0.0754098360655736,0.2726229508196729,3,4,515,1,1,1,0.51008844,51.01,MEDIUM
2026-07-01,618094,Pen to Khopoli 2LPS,Maharashtra,Roads & Highways,Ministry of Road Transport & Highways,(MoRTH),369.39,333.1,86.3,90.17569506483665,86.3,0.0,323.75,9.350000000000025,0.0,0.1532786885245905,3,4,515,1,1,1,0.50987095,50.99,MEDIUM
2026-07-01,705436,Kotapalli - Narasapur New Line,Andhra Pradesh,Railways,Ministry of Railways,(South Central Railway [SCR] - II),2501.0,1417.7,30.02,56.68532586965214,30.01,0.009999999999998,1417.65,0.0499999999999545,0.0001639344262294,0.0008196721311467,7,8,515,1,1,1,0.5087598,50.88,MEDIUM
2026-07-01,619162,4L of Najibabad Bypass from Km. 105.423 to Km. 118.373 excluding 2.45 Km. of NH- 74 Bypass of NH-119,Uttar Pradesh,Roads & Highways,Ministry of Road Transport & Highways,(NHAI),578.02,440.68,100.0,76.23957648524274,100.0,0.0,438.87,1.8100000000000025,0.0,0.029672131147541,2,3,515,1,1,1,0.507696,50.77,MEDIUM
2026-07-01,619216,6L access Controlled Greenfield Highway from Adhoya Musalmana to Sadopur section of Shamli -Ambala Package-III Design Ch. Form km 84.400 to km 121.786,"Multi-States (Haryana, Punjab)",Roads & Highways,Ministry of Road Transport & Highways,(NHAI),1491.72,724.49,79.56,48.56742552221597,71.11,8.450000000000003,644.11,80.38,0.1385245901639344,1.3177049180327869,1,2,61,1,1,1,0.50617516,50.62,MEDIUM
2026-07-01,705608,Jhansi-Khairar-Manikpur & Khirar-Bhimsen,"Multi-States (Madhya Pradesh, Uttar Pradesh)",Railways,Ministry of Railways,(North Central Railway),4330.0,3102.72,73.0,71.65635103926097,68.0,5.0,2895.52,207.19999999999985,0.081967213114754,3.3967213114754067,7,8,515,1,1,1,0.505501,50.55,MEDIUM
2026-07-01,617224,Gorakhpur-Valmikinagar Doubling project,"Multi-States (Bihar, Uttar Pradesh)",Railways,Ministry of Railways,(NER),1120.0,442.7,32.0,39.52678571428571,26.4,5.600000000000001,401.82,40.88,0.0918032786885246,0.6701639344262295,7,8,515,1,1,1,0.5049557,50.5,MEDIUM
2026-07-01,612142,"Singrauli Super Thermal Power Project, Stage-III [2x800 MW]",Uttar Pradesh,Electricity Generation,Ministry of Power,(National Thermal Power Corporation [NTPC]),17195.0,3646.01,23.8,21.20389648153533,19.8,4.0,3306.21,339.8000000000002,0.0655737704918032,5.570491803278691,7,8,515,1,1,1,0.50443995,50.44,MEDIUM
2026-07-01,602792,Gauge Conversion of Kendri-Dhamtari including Abhanpur - Rajim Branch line 67.20 Kms - 2nd Material Modification to Raipur Titlagarh doubling.,Chhattisgarh,Railways,Ministry of Railways,(SECR),1171.0,448.77,100.0,38.32365499573015,100.0,0.0,404.58,44.19,0.0,0.7244262295081967,7,8,515,1,1,1,0.5037817,50.38,MEDIUM
2026-07-01,618949,4L of Basukinath- Deoghar Section of NH-114A,Jharkhand,Roads & Highways,Ministry of Road Transport & Highways,(NHAI),1444.94,723.48,90.02,50.06989909615625,86.44,3.5799999999999983,648.92,74.56000000000006,0.0586885245901639,1.222295081967214,3,4,515,1,1,1,0.5035166,50.35,MEDIUM
2026-07-01,618630,6L of MH/KN Border Nimbal Village to KN/TS Border Singnodi Village from Km. 26.000 to Km. 97.000 in Gulbarga of NH-150C Pkg-II,Karnataka,Roads & Highways,Ministry of Road Transport & Highways,(NHAI),2355.56,964.75,79.87,40.95629064850821,76.12,3.75,868.81,95.94000000000004,0.0614754098360655,1.5727868852459026,3,4,515,1,1,1,0.50332785,50.33,MEDIUM
2026-07-01,618556,"Construction of 26 VUPs, Major Bridge, Service Road etc. on Lalitpur-Sagar- Lakhnadon section of NH-44 NS","Multi-States (Madhya Pradesh, Uttar Pradesh)",Roads & Highways,Ministry of Road Transport & Highways,(NHAI),665.91,559.45,97.4,84.01285458995962,95.19,2.210000000000008,507.56,51.89000000000004,0.0362295081967214,0.8506557377049188,1,2,61,1,1,1,0.50311804,50.31,MEDIUM
2026-07-01,619065,4L Expressway from Km 26.400 to km 53.500 of Malur to Bangarpet section of Bangalore-Chennai Expressway Phase-I Package-II,Karnataka,Roads & Highways,Ministry of Road Transport & Highways,(NHAI),1745.0,1103.13,99.8,63.21661891117479,99.0,0.7999999999999972,-54.57,1157.7,0.0015533980582524,2.247961165048544,1,2,515,1,1,1,0.5030361,50.3,MEDIUM
2026-07-01,618558,Improvement of Geometrics of Kalkallu to Gundla Pochanpalli from Km 454.00 to Km 471.00 of NH-44,Telangana,Roads & Highways,Ministry of Road Transport & Highways,(NHAI),955.49,454.5,36.5,47.56721682068886,35.96,0.5399999999999991,427.43,27.069999999999997,0.0088524590163934,0.4437704918032786,3,4,515,1,1,1,0.5019492,50.19,MEDIUM
2026-07-01,618883,Construction of Four Lane Highway form Ghazipur- Ballia-UP/Bihar State Border Greenfield section of NH-31 Package I [from Hridaipur km 0.000 to Shahapur km 42.500] on EPC Mode in the state of Uttar Pradesh.,Uttar Pradesh,Roads & Highways,Ministry of Road Transport & Highways,(NHAI),1706.47,1440.46,100.0,84.41168025221657,99.11,0.8900000000000006,844.84,595.62,0.0145901639344262,9.764262295081966,3,4,515,1,1,1,0.50109917,50.11,MEDIUM
2026-07-01,612139,Transmission system for Evacuation of Additional 7 GW RE power from Khavda RE park under Phase-III Part B [Vataman Transmission Limited],Gujarat,Transmission & Distribution,Ministry of Power,(Power Grid Corporation of India Limited [POWERGRID]),4231.0,3175.78,70.87,75.05979673835974,62.0,8.870000000000005,2538.6,637.1800000000003,0.1454098360655738,10.445573770491809,7,8,515,1,1,1,0.500861,50.09,MEDIUM
2026-07-01,618911,4L Greenfield Western Side spur of Rampur-Rudrapur Section from Km 0.000 to Km 13.700 connecting NH-24 to NH-87 bypassing rampur town,Uttar Pradesh,Roads & Highways,Ministry of Road Transport & Highways,(NHAI),646.27,369.67,63.79,57.200550853358514,63.79,0.0,166.33,203.34,0.0,3.33344262295082,3,4,515,1,1,1,0.49992537,49.99,MEDIUM
2026-07-01,618856,"Improvement and Up-Gradation of Existing Road to 4L PS from Km 123.650 to 175.080, from Start of Shahabad Bypass to End of Hardoi bypass of NH 731 Pkg-2B",Uttar Pradesh,Roads & Highways,Ministry of Road Transport & Highways,(NHAI),1101.79,486.98,68.8,44.19898528757749,63.51,5.289999999999999,346.55,140.43,0.0867213114754098,2.302131147540984,3,4,515,1,1,1,0.49841088,49.84,MEDIUM
2026-07-01,613786,"Redevelopment of Ahmedabad railway station and associated infrastructure on engineering, procurement and construction mode",Gujarat,Railways,Ministry of Railways,(Rail Land Development Authority),2379.0,984.21,32.5,41.37074401008827,31.4,1.1000000000000014,977.35,6.860000000000014,0.0180327868852459,0.1124590163934428,7,8,515,1,1,1,0.4973731,49.74,MEDIUM
2026-07-01,618621,Indore - Edlabad Pkg-II [Tejajinagar to Balwara],Madhya Pradesh,Roads & Highways,Ministry of Road Transport & Highways,(NHAI),1162.8,811.16,87.3,69.75920192638458,84.8,2.5,527.99,283.17,0.040983606557377,4.642131147540983,3,4,515,1,1,1,0.49736714,49.74,MEDIUM
2026-07-01,701570,"Replacement and revamping of pipeline projects in oil jetty area, Kandla",Gujarat,Shipping,"Ministry of Ports, Shipping and Waterways",(Deendayal Port Trust [DPT]),171.0,149.5,92.0,87.42690058479532,91.0,1.0,149.5,0.0,0.0163934426229508,0.0,5,6,515,1,1,1,0.49601895,49.6,MEDIUM
2026-07-01,705514,Jarapada- Budhapank with flyover at Talcher road 3rd and 4th Line,Odisha,Railways,Ministry of Railways,(East Coast Railway [ECoR] - II),1000.0,478.83,59.0,47.883,59.0,0.0,455.8,23.029999999999973,0.0,0.3775409836065569,7,8,515,1,1,1,0.49544436,49.54,MEDIUM
2026-07-01,619203,Vadape to Thane from km 539.202 to km 563.000 section of NH-3 new NH-848,Maharashtra,Roads & Highways,Ministry of Road Transport & Highways,(NHAI),1252.92,491.81,80.78,39.25310474731028,76.6,4.180000000000007,482.26,9.550000000000011,0.0685245901639345,0.1565573770491805,1,2,61,1,1,1,0.49518615,49.52,MEDIUM
2026-07-01,619068,Construction of Greenfield Connectivity to Jewar International Airport from DND- Faridabad-Ballabhgarh Bypass KMP Link - Spur to Delhi Mumbai Expressway,"Multi-States (Haryana, Uttar Pradesh)",Roads & Highways,Ministry of Road Transport & Highways,(NHAI),2920.69,1756.53,74.08,60.14092560319651,69.77,4.310000000000002,1024.9,731.6299999999999,0.070655737704918,11.993934426229506,2,3,515,1,1,1,0.49505255,49.51,MEDIUM
2026-07-01,619128,Khammam-Devarapalle Pkg II [4L Access Controlled Greenfield from Somavaram village to Chintagudem village Design Chainage 33604 to 63117],Telangana,Roads & Highways,Ministry of Road Transport & Highways,(NHAI),615.78,524.03,98.02,85.10019812270616,98.02,0.0,431.67,92.35999999999996,0.0,1.514098360655737,2,3,515,1,1,1,0.49311963,49.31,MEDIUM
2026-07-01,709754,"Construction of LPG Facilities at Kamardanga, Assam",Assam,Energy Storage,Ministry of Petroleum & Natural Gas,(Hindustan Petroleum Corporation Limited),156.36,109.34,79.8,69.92837042721924,75.5,4.299999999999997,102.07,7.27000000000001,0.0704918032786884,0.1191803278688526,7,8,515,1,1,1,0.4922621,49.23,MEDIUM
2026-07-01,619207,Start of Kollam Bypass - Kadambattukonam,Kerala,Roads & Highways,Ministry of Road Transport & Highways,(NHAI),2641.37,1990.7,81.8,75.36619254402072,81.8,0.0,891.4,1099.3000000000002,0.0,18.02131147540984,1,2,61,1,1,1,0.49222288,49.22,MEDIUM
2026-07-01,618478,Bangalore Chennai Expressway Phase-III Package II Walajahpet to Arakkonam from Km 180.000 to Km 204.500,Tamil Nadu,Roads & Highways,Ministry of Road Transport & Highways,(NHAI),1106.65,591.91,93.04,53.48664889531468,93.04,0.0,590.04,1.8700000000000043,0.0,0.0306557377049181,3,4,515,1,1,1,0.49156603,49.16,MEDIUM
2026-07-01,618282,4-L Bilasipara-Guwahati Package-10,Assam,Roads & Highways,Ministry of Road Transport & Highways,(NHIDCL),1264.9,603.33,64.48,47.69784172661871,56.91,7.570000000000007,469.24,134.09000000000003,0.1240983606557378,2.198196721311476,3,4,515,1,1,1,0.49123967,49.12,MEDIUM
2026-07-01,618166,Construction of 4-lane green field highway from Km. 35.000 to Km. 49.155 of NH- 731A with paved shoulders on Hybrid Annuity Mode in the state of Uttar Pradesh,Uttar Pradesh,Roads & Highways,Ministry of Road Transport & Highways,(MoRTH),697.66,0.04,100.0,0.005733451824671,99.0,1.0,0.04,0.0,0.0163934426229508,0.0,3,4,515,1,1,1,0.49048895,49.05,MEDIUM
2026-07-01,618596,6L of Taliparamba to Muzhappilangad from Km 134.650 to Km 170.6 of NH-66,Kerala,Roads & Highways,Ministry of Road Transport & Highways,(NHAI),2714.6,2020.24,83.4,74.42127753628527,82.87,0.5300000000000011,1040.02,980.22,0.0086885245901639,16.069180327868853,3,4,515,1,1,1,0.49012816,49.01,MEDIUM
2026-07-01,617225,PCMC To Nigdi- Extension Of North South Corridor Of Phase-1,Maharashtra,Urban Public Transport,Ministry of Housing & Urban Affairs,(Maharashtra Metro Rail Corporation Limited [MMRCL]),910.18,309.65,47.17,34.020743149706654,41.58,5.590000000000003,269.74,39.90999999999997,0.0916393442622951,0.6542622950819666,7,8,515,1,1,1,0.49012133,49.01,MEDIUM
2026-07-01,619155,Upgradation and 4L of Haridwar Bypass from Km 0.000 Km 188.100 of NH-58 to Km. 15.100 Km 5.100 of NH 74 PKg-1,Uttarakhand,Roads & Highways,Ministry of Road Transport & Highways,(NHAI),1602.89,770.27,79.75,48.05507551984228,76.74,3.010000000000005,588.94,181.32999999999996,0.049344262295082,2.972622950819671,2,3,515,1,1,1,0.48990315,48.99,MEDIUM
2026-07-01,617915,Upgradation of Dindori-Sagartola-kabichabutra MP-CG border section of NH -45 from km 000Design to km 77.00 Design to Two lane with paved shoulder configration along with one time improvement in 04 nos. of bypaased built-up areas in a total length of 9.1 km in the state of Madhya Pradesh on EPC mode.,Madhya Pradesh,Roads & Highways,Ministry of Road Transport & Highways,(MoRTH),329.14,0.0,100.0,0.0,93.68,6.319999999999993,0.0,0.0,0.103606557377049,0.0,3,4,515,1,1,1,0.48709524,48.71,MEDIUM
2026-07-01,617304,"Setting up of LPG Plant with Rail Unloading Facility at Hathua, Dist. Gopalganj, Bihar",Bihar,Oil & Gas,Ministry of Petroleum & Natural Gas,(MinistryofPetroleumNaturalGas),340.15,179.55,55.0,52.78553579303249,51.0,4.0,167.24,12.310000000000002,0.0655737704918032,0.2018032786885246,7,8,515,1,1,1,0.4870778,48.71,MEDIUM
2026-07-01,705479,Wadsa-Gadchiroli,Maharashtra,Railways,Ministry of Railways,(South East Central Railway),1886.0,846.22,68.0,44.86850477200424,66.0,2.0,809.55,36.67000000000007,0.0327868852459016,0.6011475409836078,7,8,515,1,1,1,0.4869775,48.7,MEDIUM
2026-07-01,618651,4 Lane with PS from Des. Ch 43.800 to Des. Ch. 89.900 of Belgaum-Hungund- Raichur Section of NH-748A Package-2,Karnataka,Roads & Highways,Ministry of Road Transport & Highways,(NHAI),1427.88,594.55,48.8,41.63865310810432,42.04,6.759999999999998,444.62,149.92999999999995,0.1108196721311475,2.457868852459016,2,3,515,1,1,1,0.4864459,48.64,MEDIUM
2026-07-01,618351,Widening & Upgradation to 2 lanes with paved shoulders road from Tamenglong to Mahur NH-137 in the State of Assam starting from km 156.489 near P. Leikul to km 176.410 near Borowapu on EPC mode under NHO-NE Assam portion Package-10,Assam,Roads & Highways,Ministry of Road Transport & Highways,(NHIDCL),890.33,604.86,90.5,67.93660777464535,81.9,8.599999999999994,569.61,35.25,0.1409836065573769,0.5778688524590164,3,4,515,1,1,1,0.48580334,48.58,MEDIUM
2026-07-01,619218,4L Tumkur-Shimoga Pkg-I from Mallasandra to Karadi village of NH-206 from Km. 12.300 to Km. 65.195,Karnataka,Roads & Highways,Ministry of Road Transport & Highways,(NHAI),1364.14,1336.5,100.0,97.97381500432506,100.0,0.0,552.09,784.41,0.0,12.859180327868852,1,2,61,1,1,1,0.48477137,48.48,MEDIUM
2026-07-01,619076,Six Laning of Vijayawada Bypass from Chinna Avutapalli to Gollapudi in Vijayawada - Gundugolanu Section from km. 0.00 to km. 30.00 Pkg-III,Andhra Pradesh,Roads & Highways,Ministry of Road Transport & Highways,(NHAI),1581.24,1024.75,98.2,64.80673395562975,98.2,0.0,934.99,89.75999999999999,0.0,1.4714754098360654,2,3,515,1,1,1,0.4837423,48.37,MEDIUM
2026-07-01,617946,Kashedi to Parshuram Ghat section of NH-66 from Km 161/600 - Km 205/400 - 4L PS,Maharashtra,Roads & Highways,Ministry of Road Transport & Highways,(MoRTH),1142.62,0.0,97.5,0.0,97.5,0.0,0.0,0.0,0.0,0.0,2,3,515,1,1,1,0.48353618,48.35,MEDIUM
2026-07-01,619305,4L of Munger Mirzachauki section from start of existing Bhagalpur bypass to Rasulpur from Km 125000 to Km 157350 Pkg-3,Bihar,Roads & Highways,Ministry of Road Transport & Highways,(NHAI),1769.5,672.67,77.3,38.01469341621927,75.04,2.259999999999991,574.08,98.58999999999992,0.0370491803278687,1.61622950819672,1,2,61,1,1,1,0.48132592,48.13,MEDIUM
2026-07-01,619078,Six Laning of Bihar - Jharkhand Border Chordaha - Gorhar section of NH-2 from km 249.525 to km 320.810,"Multi-States (Bihar, Jharkhand)",Roads & Highways,Ministry of Road Transport & Highways,(NHAI),1772.7,1273.56,78.0,71.842951430022,78.0,0.0,562.76,710.8,0.0,11.652459016393442,2,3,515,1,1,1,0.48121184,48.12,MEDIUM
2026-07-01,619071,Tumkur - Nelamangala 6L,Karnataka,Roads & Highways,Ministry of Road Transport & Highways,(NHAI),2032.15,1069.89,61.16,52.64818049848683,59.83,1.3299999999999983,580.01,489.8800000000001,0.0218032786885245,8.03081967213115,2,3,515,1,1,1,0.48081332,48.08,MEDIUM
2026-07-01,618739,4L Greenfield Alignment of Amas to Shivrampur from 0.000 Km. to 55.002 Km. of NH 119 D Pkg-I,Bihar,Roads & Highways,Ministry of Road Transport & Highways,(NHAI),1390.92,604.49,54.1,43.45972449889282,45.35,8.75,341.86,262.63,0.1434426229508196,4.305409836065573,3,4,515,1,1,1,0.48009875,48.01,MEDIUM
2026-07-01,618476,Bangalore Chennai Expressway Phase-II Pkg-III from km.127.000 to Km 156.000 Bangarupalem to Gudipala section,Andhra Pradesh,Roads & Highways,Ministry of Road Transport & Highways,(NHAI),1407.33,868.61,99.46,61.720420938941125,99.46,0.0,689.49,179.12,0.0,2.936393442622951,3,4,515,1,1,1,0.47978526,47.98,MEDIUM
2026-07-01,618418,Rehabilitation and up gradation of Nongstoin-Rambrai-Kyrshai road up to Meghalaya- Assam border from Km 0.335 to km 34.039 to 2-Lane under NHO - NE in the State of Meghalaya Package-1,Meghalaya,Roads & Highways,Ministry of Road Transport & Highways,(NHIDCL),359.86,299.18,83.02,83.13788695603846,80.49,2.530000000000001,214.12,85.06,0.0414754098360655,1.3944262295081968,3,4,515,1,1,1,0.47900766,47.9,MEDIUM
2026-07-01,618680,6L Greenfield Kandili - Aluru Section of NH-130-CD Road from km 342500 to km 365033 Package-OD-8,Odisha,Roads & Highways,Ministry of Road Transport & Highways,(NHAI),1492.74,1064.81,99.9,71.33258303522382,97.47,2.430000000000007,1032.78,32.02999999999997,0.0398360655737706,0.5250819672131143,3,4,515,1,1,1,0.47893092,47.89,MEDIUM
2026-07-01,705491,Marikuppam - Kuppam New Line Project [23.70 Km],"Multi-States (Andhra Pradesh, Karnataka)",Railways,Ministry of Railways,(South Western Railway [SWR] - II),297.0,147.99,21.5,49.82828282828283,21.0,0.5,145.78,2.210000000000008,0.0081967213114754,0.0362295081967214,7,8,515,1,1,1,0.47841275,47.84,MEDIUM
2026-07-01,618806,Improvement of 4L road to 6L road and 4L dedicated Port Roads for the Port connectivity road from Convent junction to Sheelanagar Junction,Andhra Pradesh,Roads & Highways,Ministry of Road Transport & Highways,(NHAI),685.99,478.52,79.0,69.75611889386141,79.0,0.0,460.16,18.35999999999996,0.0,0.3009836065573763,1,2,61,1,1,1,0.47777167,47.78,MEDIUM
2026-07-01,619112,6L Kantakapalle Sabbavaram Section of NH-130CD Road from Km 445.100 to Km 464.662 Pkg-4,Andhra Pradesh,Roads & Highways,Ministry of Road Transport & Highways,(NHAI),1012.57,702.32,84.0,69.3601430024591,81.06,2.9399999999999977,568.13,134.19000000000003,0.0481967213114753,2.199836065573771,2,3,515,1,1,1,0.4775858,47.76,MEDIUM
2026-07-01,618529,Varanasi Ring Road Pkg-II connecting Sandaha Village km 11.70 / NH-29 with Revasa Village km 818.80 / NH-2,Uttar Pradesh,Roads & Highways,Ministry of Road Transport & Highways,(NHAI),1991.71,1750.54,96.15,87.89130947778541,94.79,1.3599999999999994,1008.02,742.52,0.0222950819672131,12.172459016393445,3,4,515,1,1,1,0.4763247,47.63,MEDIUM
2026-07-01,618616,4L of Dhrol bypass section of NH-151A Approx. length 5.7 Km & widening upto 4 laning of missing link of Amran section of NH-151A Approx. length 6.55 Km from existing Ch. 42000 to 48500 of ongoing Dhrol-Bhadra-Pipaliya section of NH-151A,Gujarat,Roads & Highways,Ministry of Road Transport & Highways,(NHAI),625.58,140.05,32.1,22.38722465551968,26.0,6.100000000000001,113.54,26.510000000000005,0.1,0.4345901639344263,2,3,515,1,1,1,0.4758564,47.59,MEDIUM
2026-07-01,618623,4L Boregaon Buzurg to Shahpur Pkg I of Boregaon Buzurg to Muktainagar of NH 753L,Madhya Pradesh,Roads & Highways,Ministry of Road Transport & Highways,(NHAI),1504.37,527.34,90.1,35.05387637349855,86.2,3.899999999999992,501.44,25.900000000000038,0.063934426229508,0.4245901639344268,1,2,61,1,1,1,0.47541982,47.54,MEDIUM
2026-07-01,606112,Tezpur University Projects,Assam,Education,Department of Higher Education,(Tezpur University),153.71,137.84,97.97,89.67536269598595,97.7,0.269999999999996,137.84,0.0,0.0044262295081966,0.0,7,8,515,1,1,1,0.47490114,47.49,MEDIUM
2026-07-01,619072,Bangalore/TN border to Hoskote,Karnataka,Roads & Highways,Ministry of Road Transport & Highways,(NHAI),1181.68,1150.16,94.89,97.33261119761696,94.72,0.1700000000000017,799.84,350.32000000000005,0.0027868852459016,5.742950819672132,2,3,515,1,1,1,0.47439998,47.44,MEDIUM
2026-07-01,400168,"500 KTA PDHPP Project, Usar",Maharashtra,Oil & Gas,Ministry of Petroleum & Natural Gas,(Ministry of Petroleum & Natural Gas),8797.0,8741.88,91.6,99.37342275775832,90.7,0.8999999999999915,8003.66,738.2199999999993,0.0147540983606555,12.101967213114744,7,8,515,1,1,1,0.47413516,47.41,MEDIUM
2026-07-01,619149,4L of Ratnagiri - Kolhapur section of NH-166 from km 0.000 to km 19.769 and km 31.000 to km 67.140 Pkg I,Maharashtra,Roads & Highways,Ministry of Road Transport & Highways,(NHAI),1774.03,1427.82,93.75,80.48454648455775,93.75,0.0,749.83,677.9899999999999,0.0,11.114590163934423,2,3,515,1,1,1,0.47391832,47.39,MEDIUM
2026-07-01,619289,4L of Munger Mirzachauki section from Munger to Kharia village junction from Km 69520 to Km 95580 Pkg-1,Bihar,Roads & Highways,Ministry of Road Transport & Highways,(NHAI),1659.81,670.56,82.72,40.39980479693458,78.09,4.629999999999996,506.33,164.22999999999996,0.0759016393442622,2.6922950819672127,1,2,61,1,1,1,0.4736512,47.37,MEDIUM
2026-07-01,618603,6L of Kodugallur to Edapppally section from km 397.750 to km 423.780 of NH - 66 old NH-17,Kerala,Roads & Highways,Ministry of Road Transport & Highways,(NHAI),3465.82,2171.55,70.99,62.65616794871056,64.93,6.059999999999988,768.14,1403.4100000000003,0.0993442622950817,23.006721311475413,3,4,515,1,1,1,0.47361156,47.36,MEDIUM
2026-07-01,706966,Establishment of new GMC Samastipur,Bihar,Healthcare,Ministry of Health & Family Welfare,"(Medical Education, Ministry of Health and Family Welfare)",189.0,113.4,0.0,60.0,0.0,0.0,113.4,0.0,0.0,0.0,1,2,61,1,1,1,0.47273654,47.27,MEDIUM
2026-07-01,706965,Establishment of new GMC Saran [Chhapara],Bihar,Healthcare,Ministry of Health & Family Welfare,"(Medical Education, Ministry of Health and Family Welfare)",189.0,113.4,0.0,60.0,0.0,0.0,113.4,0.0,0.0,0.0,1,2,61,1,1,1,0.47273654,47.27,MEDIUM
2026-07-01,618574,Balance Works of 4L of NH-31D from Km. 113.200 to Km. 154.854 Package-II A Ghoshpukur-Salsalabari Section,West Bengal,Roads & Highways,Ministry of Road Transport & Highways,(NHAI),1818.46,457.52,58.15,25.1597505581646,55.2,2.949999999999996,426.06,31.45999999999998,0.0483606557377048,0.5157377049180325,1,2,61,1,1,1,0.47193933,47.19,MEDIUM
2026-07-01,618722,6L access Controlled Greenfield Highway from Gogwan Jalalpur Shamli to Ranipur Barsi Saharanpur of Shamli -Ambala section Package-I Design Ch. Form km 00.600 to km 45.500,Uttar Pradesh,Roads & Highways,Ministry of Road Transport & Highways,(NHAI),1843.59,759.25,67.4,41.18323488411198,58.9,8.500000000000007,685.93,73.32000000000005,0.1393442622950821,1.201967213114755,3,4,515,1,1,1,0.47181937,47.18,MEDIUM
2026-07-01,619154,Construction of Four Lane Highway from Ghazipur- Ballia-UP/Bihar State Border Greenfield section of NH-31 Package III [from Pindari km 78.150 to Rawalganj Bypass Km 117.120] on EPC Mode in the state of Uttar Pradesh.,"Multi-States (Bihar, Uttar Pradesh)",Roads & Highways,Ministry of Road Transport & Highways,(NHAI),1493.5,1042.03,83.0,69.77100770003346,78.15,4.849999999999994,540.0,502.03,0.0795081967213113,8.23,2,3,515,1,1,1,0.47088304,47.09,MEDIUM
2026-07-01,619219,4L of Tumkur-Shimoga Pkg-II from Km 65.195 Karadi to Km 121.900 Banawara of NH-206,Karnataka,Roads & Highways,Ministry of Road Transport & Highways,(NHAI),1505.85,1297.99,99.98,86.19650031543648,99.97,0.0100000000000051,656.52,641.47,0.0001639344262295,10.515901639344262,1,2,61,1,1,1,0.4703294,47.03,MEDIUM
2026-07-01,618168,Widening to four lane with paved shoulder from Design Km.49.200 to Km.89.285 of NH-731B on EPC mode in the state of Uttar Pradesh,Uttar Pradesh,Roads & Highways,Ministry of Road Transport & Highways,(MoRTH),917.91,134.41,56.0,14.643047793356647,56.0,0.0,128.0,6.409999999999997,0.0,0.1050819672131147,3,4,515,1,1,1,0.47011763,47.01,MEDIUM
2026-07-01,618875,4L of Haridwar Nagina section Design Ch. LME from km 13.829 to km 17.110 & km 26.077 to km 27.508 and Design Ch. RME from km 13.839 to km 17.120 & km 26.078 to km 27.509 of EUP mitigation measures on NH74,Uttarakhand,Roads & Highways,Ministry of Road Transport & Highways,(NHAI),183.92,115.42,70.42,62.75554588951719,70.42,0.0,102.18,13.239999999999997,0.0,0.2170491803278687,1,2,61,1,1,1,0.46977642,46.98,MEDIUM
2026-07-01,619118,Four Laning of Angul to Sambalpur from Km.112.000 to Km.265.000,Odisha,Roads & Highways,Ministry of Road Transport & Highways,(NHAI),2510.04,2459.45,99.98,97.98449427100763,99.98,0.0,1194.15,1265.2999999999995,0.0,20.74262295081967,2,3,515,1,1,1,0.46964303,46.96,MEDIUM
2026-07-01,618909,2L PS of JH / WB Border km. 70.524 - Purulia km.84.400 & Purulia km. 94.30 - Chandil Junction with NH-33 km. 153.705 of Old NH-32,"Multi-States (Jharkhand, West Bengal)",Roads & Highways,Ministry of Road Transport & Highways,(NHAI),1652.4,1649.25,97.65,99.80936819172112,97.4,0.25,749.26,899.99,0.0040983606557377,14.753934426229508,3,4,515,1,1,1,0.46943036,46.94,MEDIUM
2026-07-01,618352,Widening & Upgradation to 2 lanes with paved shoulders road from Tamenglong to Mahur NH-137 in the State of Assam starting from km 136.500 near Hejaichak to km 156.489 near P. Leikul Package-9 on EPC mode under NHO-NE Package-9,Assam,Roads & Highways,Ministry of Road Transport & Highways,(NHIDCL),860.37,559.69,87.5,65.05224496437579,87.5,0.0,528.46,31.230000000000015,0.0,0.5119672131147543,3,4,515,1,1,1,0.4687996,46.88,MEDIUM
2026-07-01,612194,Development of New Civil Enclave and associated works at Darbhanga Airport,Bihar,Aviation & Aviation Infrastructure,Ministry of Civil Aviation,(Airport Authority of India [AAI]),911.66,400.62,69.8,43.94401421582608,65.0,4.799999999999997,374.49,26.129999999999995,0.0786885245901638,0.4283606557377048,7,8,515,1,1,1,0.46868056,46.87,MEDIUM
2026-07-01,605292,"Construction of Permanent Campus of Indian Institute of Management [IIM] Amritsar, Punjab, Phase-I",Punjab,Education,Department of Higher Education,"(Indian intitue of Management, Amritsar)",348.31,293.24,91.7,84.18937153684935,91.7,0.0,293.1,0.1399999999999863,0.0,0.0022950819672128,7,8,515,1,1,1,0.46853644,46.85,MEDIUM
2026-07-01,705385,Pirpainti - Jasidih [100.52 Km] New BG line,"Multi-States (Bihar, Jharkhand)",Railways,Ministry of Railways,(Eastern Railway [ER] - I),2555.0,1117.17,61.9,43.72485322896282,61.8,0.1000000000000014,1113.67,3.5,0.0016393442622951,0.0573770491803278,7,8,515,1,1,1,0.4680982,46.81,MEDIUM
2026-07-01,611855,Devgarh Madariya - Nathdwara Gauge Conversion [82.54 Km] part of Marwar - Mavli Gauge Conversion [152 Km],Rajasthan,Railways,Ministry of Railways,(North Western Railway [NWR]),968.92,745.15,73.0,76.90521405275977,73.0,0.0,708.25,36.89999999999998,0.0,0.6049180327868848,2,3,515,1,1,1,0.4678107,46.78,MEDIUM
2026-07-01,618597,6L of Azhiyur-Vengalam from km. 189.200 to km. 230.400 of NH-66,Kerala,Roads & Highways,Ministry of Road Transport & Highways,(NHAI),3205.77,2406.73,60.07,75.074942993415,60.07,0.0,776.8,1629.93,0.0,26.720163934426232,3,4,515,1,1,1,0.46705285,46.71,MEDIUM
2026-07-01,618353,Widening & Upgradation to 2-lanes with paved shoulders road from Tamenglong to Mahur NH-137 in the State of Assam starting from km 116.480 near Hangrum to km 136.500 near Hejaichak Package-8 on EPC mode under NHO-NE Package 8,Assam,Roads & Highways,Ministry of Road Transport & Highways,(NHIDCL),904.04,557.37,85.2,61.65324543161808,85.2,0.0,520.05,37.32000000000005,0.0,0.6118032786885255,3,4,515,1,1,1,0.46693298,46.69,MEDIUM
2026-07-01,618895,Kamalapuram to Oddanchatram from km. 0.00 to km. 35.822,Tamil Nadu,Roads & Highways,Ministry of Road Transport & Highways,(NHAI),1319.42,649.69,92.49,49.240575404344334,91.93,0.5599999999999881,417.69,232.00000000000009,0.0091803278688522,3.8032786885245913,3,4,515,1,1,1,0.46611354,46.61,MEDIUM
2026-07-01,618782,4L of Bareilly-Pilibhit-Sitarganj from Km. 0.000 to Km. 32.500 of NH-30 Pkg-1,Uttar Pradesh,Roads & Highways,Ministry of Road Transport & Highways,(NHAI),1394.14,606.2,63.4,43.482003242142106,58.86,4.539999999999999,561.53,44.67000000000007,0.0744262295081967,0.7322950819672143,1,2,61,1,1,1,0.46517456,46.52,MEDIUM
2026-07-01,400188,Redevelopment of Seven General Pool Residential Accommodation [GPRA] Colonies in Delhi,Delhi,Real Estate,Ministry of Housing & Urban Affairs,(National Buildings Construction Corporation [NBCC]),32850.0,14370.45,46.7,43.74566210045662,46.8,-0.0999999999999943,13885.72,484.7300000000014,-0.0016393442622949,7.946393442622973,7,8,515,1,1,1,0.46449214,46.45,MEDIUM
2026-07-01,611884,Bhiwani - Dobh Bahali Doubling Project [42.30 Km],Haryana,Railways,Ministry of Railways,(North Western Railway [NWR]),471.0,273.41,73.0,58.048832271762215,72.0,1.0,263.12,10.29000000000002,0.0163934426229508,0.1686885245901642,7,8,515,1,1,1,0.46404123,46.4,MEDIUM
2026-07-01,612132,Transmission Scheme for Evacuation of power from REZ in Rajasthan [20 GW] under Phase-III Part D Phase I [Sikar Khetri Transmission Ltd],"Multi-States (Delhi, Rajasthan)",Transmission & Distribution,Ministry of Power,(Power Grid Corporation of India Limited [POWERGRID]),2423.0,2223.59,90.51,91.77011968633926,85.45,5.060000000000002,2035.32,188.2700000000002,0.0829508196721311,3.0863934426229545,7,8,515,1,1,1,0.46368065,46.37,MEDIUM
2026-07-01,618473,Vadodara Mumbai Expressway Phase II - Pkg XVII [Km. 69.800 to Km. 79.783 of Spur] Bhoj - Morbe,Maharashtra,Roads & Highways,Ministry of Road Transport & Highways,(NHAI),2208.68,889.44,85.79,40.270206639259655,84.25,1.5400000000000065,827.11,62.33000000000004,0.0252459016393443,1.0218032786885252,3,4,515,1,1,1,0.462702,46.27,MEDIUM
2026-07-01,709840,"Restoration of Gas Terminal, Phase-I [Part-A], Hazira",Gujarat,Oil & Gas,Ministry of Petroleum & Natural Gas,(Oil and Natural Gas Corporation Limited [ONGC]),249.43,218.03,97.5,87.41129775889027,97.1,0.4000000000000057,210.5,7.530000000000001,0.0065573770491804,0.1234426229508196,7,8,515,1,1,1,0.4623571,46.24,MEDIUM
2026-07-01,701107,Construction of New Integrated Terminal Building and associated works including apron to park 3 code E type of aircraft or 6 code C type of aircraft at Vijayawada Airport.,Andhra Pradesh,Aviation & Aviation Infrastructure,Ministry of Civil Aviation,(Airport Authority of India [AAI]),611.8,527.74,88.25,86.26021575678327,87.2,1.0499999999999972,523.14,4.600000000000023,0.0172131147540983,0.0754098360655741,7,8,515,1,1,1,0.46163735,46.16,MEDIUM
2026-07-01,618290,"Construction of 2-lane with Paved shoulder of Kohima- Bypass Road Connecting NH- 39New NH-02, NH-150New NH-02, NH-61New NH-29, NH-39New NH-02 from Design Km 32.00 to Design Km 43.454Design Length-11.454 Km in the State of Nagaland under SARDP-NE on EPC Mode Package-IV",Nagaland,Roads & Highways,Ministry of Road Transport & Highways,(NHIDCL),202.36,102.12,46.77,50.46451867958094,45.52,1.25,94.2,7.920000000000002,0.0204918032786885,0.1298360655737705,3,4,515,1,1,1,0.4607915,46.08,MEDIUM
2026-07-01,617730,600 MW Khavda Solar Power Project,Gujarat,Electricity Generation,Ministry of Coal,(NLC India Limited [NLCIL]),3335.85,2000.62,60.0,59.97332014329181,40.0,20.0,2171.16,-170.53999999999996,0.3278688524590163,-2.7957377049180323,5,6,515,1,1,1,0.4594882,45.95,MEDIUM
2026-07-01,618074,Pre construction activity of NH 122B from km 0 to 72.348 and Improvement to two lane with paved shoulders of NH 122B from km 29.730 to km 72.348 in state of Bihar under EPC mode,Bihar,Roads & Highways,Ministry of Road Transport & Highways,(MoRTH),624.43,154.25,95.0,24.70252870618004,91.0,4.0,153.21,1.039999999999992,0.0655737704918032,0.0170491803278687,3,4,515,1,1,1,0.45912868,45.91,MEDIUM
2026-07-01,618486,Delhi-Amritsar-Katra Expressway Phase-I Pkg-V from Junction with Ambala-Kaithal- Hissar road NH-152 near Kharak Pandwa village to Junction with Patiala-Samana- Patran road SH-10 near Ghagga village Km 120250 to Km 157920,"Multi-States (Haryana, Punjab)",Roads & Highways,Ministry of Road Transport & Highways,(NHAI),1741.86,1431.89,98.7,82.20465479430035,98.7,0.0,924.51,507.3800000000001,0.0,8.317704918032788,2,3,515,1,1,1,0.45807907,45.81,MEDIUM
2026-07-01,619113,4L of Padalur - Trichy section from km. 285.00 to km. 325.00 of NH - 45 Pkg VI-C,Tamil Nadu,Roads & Highways,Ministry of Road Transport & Highways,(NHAI),555.8,235.51,100.0,42.37315581144297,100.0,0.0,-0.08,235.59,0.0,0.4574563106796117,1,2,515,1,1,1,0.45783558,45.78,MEDIUM
2026-07-01,618406,Up-gradation to 4-lane with Paved Shoulder of Jammu-Akhnoor road section of NH- 144A from Ganesh Vihar Km 6.000 to Khati Chowk Km 26.350 in UT of Jammu and Kashmir on EPC basis Pkg-3A,Jammu and Kashmir,Roads & Highways,Ministry of Road Transport & Highways,(NHIDCL),322.49,388.64,92.21,120.51226394616889,0.0,92.21,0.0,388.64,1.511639344262295,6.371147540983606,3,4,515,1,1,1,0.4576943,45.77,MEDIUM
2026-07-01,618223,Rehabilitation and up-gradation to 2 lane with paved shoulder from existing chainage km 64535 to km 85385 Design chainage km 55800 to km 74350 under 13 TF on Akhnoor-Poonch road NH-144A under Project Sampark BRO in the UT of Jammu & Kashmir on EPC mode Package-III Job no NH-144A-J&K-2019-20-79,Jammu and Kashmir,Roads & Highways,Ministry of Road Transport & Highways,(MoRTH),152.93,77.62,90.06,50.75524749885568,88.94,1.1200000000000043,75.64,1.980000000000004,0.0183606557377049,0.0324590163934426,2,3,515,1,1,1,0.4576702,45.77,MEDIUM
2026-07-01,618640,4L of Urga - Pathalgaon from Km. 70.200 to km. 157.745 of NH-130A,Chhattisgarh,Roads & Highways,Ministry of Road Transport & Highways,(NHAI),2261.3,1050.51,80.05,46.45602087294918,72.77,7.280000000000001,939.34,111.16999999999996,0.1193442622950819,1.822459016393442,1,2,61,1,1,1,0.45752168,45.75,MEDIUM
2026-07-01,618577,Dwarka Expressway Pkg-III Delhi/HR Border to Start of RoB Gurugram,"Multi-States (Delhi, Haryana)",Roads & Highways,Ministry of Road Transport & Highways,(NHAI),2228.26,1759.52,100.0,78.9638552054069,100.0,0.0,991.43,768.09,0.0,12.591639344262296,1,2,61,1,1,1,0.45735162,45.74,MEDIUM
2026-07-01,611974,Western Railway Samakhiali Gandhidham Quadrupiling 53 Kms,Gujarat,Railways,Ministry of Railways,(Western Railway [WR] - II),1430.0,582.1,45.0,40.70629370629371,35.0,10.0,519.4,62.700000000000045,0.1639344262295081,1.0278688524590172,7,8,515,1,1,1,0.45688063,45.69,MEDIUM
2026-07-01,619208,Kadambattukonam-Kazhakuttom,Kerala,Roads & Highways,Ministry of Road Transport & Highways,(NHAI),3635.64,2124.09,44.34,58.42410139617784,44.34,0.0,573.31,1550.7800000000002,0.0,25.42262295081968,1,2,61,1,1,1,0.45616406,45.62,MEDIUM
2026-07-01,616691,"Upgradation & Extension of ESIC Hospital and Construction of PG Hostel / Staff Housing for ESIC Hospital at Andheri, Mumbai",Maharashtra,Healthcare,Ministry of Labour and Employment,(Employee's State Insurance Company [ESIC]),260.13,216.46,89.0,83.21224003382925,89.0,0.0,216.46,0.0,0.0,0.0,5,6,515,1,1,1,0.45605817,45.61,MEDIUM
2026-07-01,612898,Construction of Permanent Campus of National Institute of Technology Arunachal Pradesh,Arunachal Pradesh,Education,Department of Higher Education,"(National Institute of Technology, Arunachal Pradesh)",592.61,551.3,80.0,93.02914226894583,80.0,0.0,551.3,0.0,0.0,0.0,7,8,515,1,1,1,0.4560168,45.6,MEDIUM
2026-07-01,618383,Widening and up-gradation to 2-lane with paved shoulder configuration and geometric improvements from km 339.00 to km 380.00 Siaha on Aizawl-Tuipang section under JICA ODA Loan assistance Phase-I Package-8,Mizoram,Roads & Highways,Ministry of Road Transport & Highways,(NHIDCL),637.06,101.89,99.82,15.993783944997334,99.82,0.0,101.89,0.0,0.0,0.0,3,4,515,1,1,1,0.45579925,45.58,MEDIUM
2026-07-01,706988,Establishment of new GMC Gondia,Maharashtra,Healthcare,Ministry of Health & Family Welfare,"(Medical Education, Ministry of Health and Family Welfare)",189.0,113.4,0.0,60.0,0.0,0.0,113.4,0.0,0.0,0.0,1,2,61,1,1,1,0.45557866,45.56,MEDIUM
2026-07-01,618190,Widening to two lane with paved shoulders of 'Bodhan Basar Bhainsa ' section from Km 38/900 to 95/300 of NH-161BB in the state of Telangana under Annual Plan 2021- 22 on EPC Mode under NH O.,Telangana,Roads & Highways,Ministry of Road Transport & Highways,(MoRTH),644.45,403.3,98.6,62.58049499573279,98.6,0.0,349.38,53.920000000000016,0.0,0.8839344262295085,3,4,515,1,1,1,0.45287192,45.29,MEDIUM
2026-07-01,617960,Construction of new road at the missing link portion of NH-81 along approved alignment between Harishchandrapur and Eastern approach of Kalindri Bridge from Km 46.550 to Km 59.697 in the district of Malda. Job No-081-WB-2015-16/400,West Bengal,Roads & Highways,Ministry of Road Transport & Highways,(MoRTH),271.17,216.61,85.08,79.87978021167534,84.6,0.480000000000004,209.23,7.380000000000024,0.0078688524590164,0.1209836065573774,3,4,515,1,1,1,0.45280406,45.28,MEDIUM
2026-07-01,702810,Singrauli Sewerage Management and Treatment Infrastructure Project,Madhya Pradesh,Waste & Water,Ministry of Housing & Urban Affairs,(Ministry of Housing & Urban Affairs),402.01,371.17,90.0,92.32854904106864,90.0,0.0,357.68,13.490000000000007,0.0,0.2211475409836067,6,7,515,1,1,1,0.45257035,45.26,MEDIUM
2026-07-01,618728,6L Greenfield Varanasi-Ranchi-Kolkata Highway from junction with NH-19 & Varanasi Ring Road near Rewasa village to junction with Chandauli-Chainpur road near Khainti village from Km. 0.000 to Km. 27.000 - Pkg-1,"Multi-States (Bihar, Uttar Pradesh)",Roads & Highways,Ministry of Road Transport & Highways,(NHAI),1433.39,561.54,45.02,39.175660497143134,38.92,6.100000000000001,373.57,187.97,0.1,3.0814754098360653,1,2,61,1,1,1,0.45244807,45.24,MEDIUM
2026-07-01,618547,2L NH-1 from km 8.660 to km 33.775 Sumbal to Wayul to 4L dual carriageway NH standard as part of Srinagar Ring Road PhaseII [Design Ch. 41.907 to Ch. 66.609],Jammu and Kashmir,Roads & Highways,Ministry of Road Transport & Highways,(NHAI),961.0,459.97,53.28,47.8636836628512,48.8,4.480000000000004,412.37,47.60000000000002,0.0734426229508197,0.7803278688524594,3,4,515,1,1,1,0.4521061,45.21,MEDIUM
2026-07-01,705639,Ernakulam-Kumbalam doubling project [7.71 Km],Kerala,Railways,Ministry of Railways,(SR-ERS),601.0,313.97,28.0,52.24126455906822,25.0,3.0,308.42,5.550000000000011,0.0491803278688524,0.0909836065573772,7,8,515,1,1,1,0.4502306,45.02,MEDIUM
2026-07-01,619131,Four Laning of Chettikulam to Natham section of NH-785,Tamil Nadu,Roads & Highways,Ministry of Road Transport & Highways,(NHAI),837.61,641.93,99.75,76.63829228399851,99.75,0.0,169.31,472.62,0.0,7.747868852459016,2,3,515,1,1,1,0.45000258,45.0,MEDIUM
2026-07-01,618072,Widening to Existing single lane /intermediate lane to 2 lane from Km185.00 to Km 220.00 of NH-61 New NH-02 in the state of Nagaland.,Nagaland,Roads & Highways,Ministry of Road Transport & Highways,(MoRTH),297.25,155.15,100.0,52.19512195121951,100.0,0.0,149.19,5.960000000000008,0.0,0.097704918032787,3,4,515,1,1,1,0.449889,44.99,MEDIUM
2026-07-01,618663,i 4L Vidisha to Hinotiya from km 0.000 to Km 27.000 Vidisha Mehulwa-Talbehat Pkg- I Section of NH- 346 and ii 4L Vidisha to Morikori from Km 39.000 to 59.476 section of NH-146,Madhya Pradesh,Roads & Highways,Ministry of Road Transport & Highways,(NHAI),1003.87,398.13,90.04,39.65951766663014,83.34,6.700000000000003,384.59,13.54000000000002,0.1098360655737705,0.2219672131147544,3,4,515,1,1,1,0.44903356,44.9,MEDIUM
2026-07-01,400012,Kandla Gorakhpur LPG Pipeline,"Multi-States (Gujarat, Madhya Pradesh, Uttar Pradesh)",Energy Storage,Ministry of Petroleum & Natural Gas,(Ministry of Petroleum & Natural Gas),10088.0,8672.35,95.7,85.96699048374306,95.2,0.5,8529.58,142.77000000000044,0.0081967213114754,2.340491803278696,7,8,515,1,1,1,0.44886526,44.89,MEDIUM
2026-07-01,619095,Balance works of 4L Panvel Indapur section of NH66 old NH17 from km 42.300 kasu to km 84.600 Indapur,Maharashtra,Roads & Highways,Ministry of Road Transport & Highways,(NHAI),546.44,420.7,81.63,76.98923944074372,81.63,0.0,420.38,0.3199999999999932,0.0,0.0052459016393441,2,3,515,1,1,1,0.44879895,44.88,MEDIUM
2026-07-01,618778,4L of Madanapalle to Pileru Section from Km 0.000 to Km 55.900 of NH-71Package-I,Andhra Pradesh,Roads & Highways,Ministry of Road Transport & Highways,(NHAI),1877.47,1182.65,94.9,62.99168561947728,94.9,0.0,1145.97,36.680000000000064,0.0,0.6013114754098371,3,4,515,1,1,1,0.44864088,44.86,MEDIUM
2026-07-01,705764,Nimach-Badi Sadri New Rail Line Project,"Multi-States (Madhya Pradesh, Rajasthan)",Railways,Ministry of Railways,(Western Railway [WR] - II),495.0,294.57,60.0,59.50909090909092,60.0,0.0,261.69,32.879999999999995,0.0,0.5390163934426229,7,8,515,1,1,1,0.44801846,44.8,MEDIUM
2026-07-01,400120,KG-DWN-98/2 Cluster - II Development Project - NELP Block,Andhra Pradesh,Oil & Gas,Ministry of Petroleum & Natural Gas,(MinistryofPetroleumNaturalGas),34012.0,33113.74,96.8,97.35899094437256,96.5,0.2999999999999971,33006.7,107.04000000000087,0.0049180327868851,1.75475409836067,7,8,515,1,1,1,0.4477184,44.77,MEDIUM
2026-07-01,618635,6L of Pondavakkam to Kannigaipair from km 96.040 to km 116.100 of NH 716B Pkg- IV,Tamil Nadu,Roads & Highways,Ministry of Road Transport & Highways,(NHAI),1359.81,409.22,40.88,30.093910178627898,37.44,3.440000000000005,335.27,73.95000000000005,0.0563934426229509,1.2122950819672138,3,4,515,1,1,1,0.44722837,44.72,MEDIUM
2026-07-01,619103,4/6 Laning of Raipur-Simga Pkg-I from km. 0.00 to km. 48.58,Chhattisgarh,Roads & Highways,Ministry of Road Transport & Highways,(NHAI),1096.52,905.25,100.0,82.55663371393135,100.0,0.0,107.31,797.94,0.0,13.080983606557378,2,3,515,1,1,1,0.4466687,44.67,MEDIUM
2026-07-01,618923,4L Behsuma at Km 39.250 Ex. Km 39240 To Bijnor at Km 78.810 Ex. Km 86590 Design Length 39.560 Km of NH-119 Pkg-II,Uttar Pradesh,Roads & Highways,Ministry of Road Transport & Highways,(NHAI),2158.2,1195.23,70.12,55.380872949680295,65.21,4.910000000000011,694.43,500.80000000000007,0.0804918032786887,8.209836065573771,1,2,61,1,1,1,0.4466119,44.66,MEDIUM
2026-07-01,618894,4L of Madathukulam - Pollachi from km. 74.38 to km. 116.95 of old NH-209 New NH- 83,Tamil Nadu,Roads & Highways,Ministry of Road Transport & Highways,(NHAI),1772.13,1061.26,95.52,59.88612573569658,91.84,3.6799999999999926,499.6,561.66,0.0603278688524588,9.207540983606556,3,4,515,1,1,1,0.44587034,44.59,MEDIUM
2026-07-01,618518,Davanagere - Haveri of NH-48 Old NH-4 from km. 260.00 to km. 338.923,Karnataka,Roads & Highways,Ministry of Road Transport & Highways,(NHAI),1454.67,1273.49,98.87,87.54494146438711,98.87,0.0,690.56,582.9300000000001,0.0,9.556229508196722,1,2,61,1,1,1,0.44435313,44.44,MEDIUM
2026-07-01,618526,6L of Gundugolanu Design km 1023.280 to Kalaparru Design km 1050.680 of NH-5 New NH-16,Andhra Pradesh,Roads & Highways,Ministry of Road Transport & Highways,(NHAI),665.59,643.95,95.73,96.74874923000644,95.73,0.0,512.09,131.86,0.0,2.161639344262295,1,2,61,1,1,1,0.4443258,44.43,MEDIUM
2026-07-01,618837,4L of Ratnagiri - Kolhapur section from km 112.340 to km 145.300 of NH-166 PkgIII,Maharashtra,Roads & Highways,Ministry of Road Transport & Highways,(NHAI),1939.23,1078.85,67.57,55.63290584407212,66.45,1.1199999999999903,458.94,619.9099999999999,0.0183606557377047,10.16245901639344,3,4,515,1,1,1,0.44378322,44.38,MEDIUM
2026-07-01,618588,4L Mitigation Measure structures on CH/MH Border to Wainganga Bridge Section of NH-6 New NH-53,Maharashtra,Roads & Highways,Ministry of Road Transport & Highways,(NHAI),540.24,464.28,99.79,85.93958240781873,99.79,0.0,464.26,0.0199999999999818,0.0,0.0003278688524587,3,4,515,1,1,1,0.44298854,44.3,MEDIUM
2026-07-01,615333,Transmission System for Evacuation of Power from Rajasthan REZ Ph-IV [Part-2 5.5 GW] [Jaisalmer/Barmer Complex] Part D [SPV Name POWERGRID Beawar Mandsaur Transmission Limited],"Multi-States (Madhya Pradesh, Rajasthan)",Transmission & Distribution,Ministry of Power,(Power Grid Corporation of India Limited [POWERGRID]),2227.0,1024.42,46.71,46.0,38.74,7.969999999999999,979.88,44.54000000000008,0.130655737704918,0.7301639344262307,7,8,515,1,1,1,0.4423133,44.23,MEDIUM
2026-07-01,618462,Delhi-Vadodara Greenfield Alignment NH-148N Pkg-31 Ch.824920 to Ch.844382 [Junction near Pratap nagar Village - Junction near Dodka Village],Gujarat,Roads & Highways,Ministry of Road Transport & Highways,(NHAI),1644.85,1297.47,100.0,78.8807490044685,100.0,0.0,963.66,333.81000000000006,0.0,5.472295081967214,3,4,515,1,1,1,0.44098717,44.1,MEDIUM
2026-07-01,618430,Construction of alternative highway to Gangtok in Sikkim via Bagrakot -Chuikhim- Nimbong -Kafer-Bakhim-Algarah-Rhenock in the State of West Bengal and from Rhenok-Rorathang-Pakyong along with spur from Aritar-Rolep-Menla in the State of Sikkim from Km 0.00 to Km 13.00 of Bagrakot -Kafer section of NH 717A on EPC Mode under Phase-A of SARDP-NE in the State of West Bengal PKG- IVA,West Bengal,Roads & Highways,Ministry of Road Transport & Highways,(NHIDCL),402.94,0.39,99.23,0.0967886037623467,98.54,0.6899999999999977,0.0,0.39,0.011311475409836,0.0063934426229508,3,4,515,1,1,1,0.4405576,44.06,MEDIUM
2026-07-01,618344,Widening to 2-lane with Hard shoulder of Churachandpur to Tuivai Section of NH- 102B from Design Chainage 69.875 Km to 121.769 Km in the State of Manipur on EPC mode Package-3,Manipur,Roads & Highways,Ministry of Road Transport & Highways,(NHIDCL),673.27,563.27,84.72,83.66182957802961,82.93,1.789999999999992,500.96,62.31,0.0293442622950818,1.0214754098360657,3,4,515,1,1,1,0.44023964,44.02,MEDIUM
2026-07-01,618519,Bangalore Ring Road STRR-NH-948A- Package-I of Phase-III from Belagondapalli TN to TN/KNT border from km 144.480 to 179.969,"Multi-States (Karnataka, Tamil Nadu)",Roads & Highways,Ministry of Road Transport & Highways,(NHAI),1260.74,764.03,90.68,60.601710106762695,75.76,14.920000000000002,611.1,152.92999999999995,0.2445901639344262,2.507049180327868,3,4,515,1,1,1,0.4393332,43.93,MEDIUM
2026-07-01,618000,Widening to 2-Lane with Paved Shoulders from Km 116.800 to 149.070Design Changes on Hosadurga - Holalkere Section of NH-173 in the State of Karnataka on EPC mode under Annual Plan 2021-22 Job no. NH-173-KNT-2021-22-946,Karnataka,Roads & Highways,Ministry of Road Transport & Highways,(MoRTH),170.34,106.96,100.0,62.792062932957606,92.65,7.349999999999994,106.88,0.0799999999999983,0.1204918032786884,0.001311475409836,3,4,515,1,1,1,0.4389201,43.89,MEDIUM
2026-07-01,618727,6L Greenfield Varanasi-Ranchi-Kolkata Highway from junction with Bhabhua-Adhaura road in Bhairopur village to Konki village From KM. 54.000 to KM. 90.000Pkg-3,Bihar,Roads & Highways,Ministry of Road Transport & Highways,(NHAI),1576.94,313.1,22.0,19.85490887414867,16.0,6.0,123.3,189.8,0.0983606557377049,3.111475409836066,2,3,515,1,1,1,0.438781,43.88,MEDIUM
2026-07-01,618373,"Construction of 4-Lane Bridge including approaches over River Brahmaputra between Dhubri on North Bank,Assam and Phulbari on south Bank,Meghalaya on NH-127B under JICA ODA Loan assistance Phase-III",Assam,Roads & Highways,Ministry of Road Transport & Highways,(NHIDCL),4997.04,3033.59,77.14,60.70773898147704,74.36,2.780000000000001,2808.4,225.19000000000003,0.0455737704918033,3.691639344262296,3,4,515,1,1,1,0.43773216,43.77,MEDIUM
2026-07-01,619161,Access Controlled Highway of 4 Lane with Paved Shoulders from Tiruvallur Design Chainage Km 1756 to TN/AP Broder Design Chainage Km 6151 of NH-716 Chennai- Tirupati Package-1,Tamil Nadu,Roads & Highways,Ministry of Road Transport & Highways,(NHAI),1376.1,180.68,40.8,13.129859748564789,34.5,6.299999999999997,133.77,46.91,0.1032786885245901,0.7690163934426228,2,3,515,1,1,1,0.43746603,43.75,MEDIUM
2026-07-01,706780,Mumbai Urban Transport Project [MUTP] Phase-IIIA,Maharashtra,Railways,Ministry of Railways,(Mumbai Rail Vikas Corporation Ltd.[MRVC]),33690.0,3854.46,25.0,11.440961709706144,22.0,3.0,3577.36,277.0999999999999,0.0491803278688524,4.542622950819671,7,8,515,1,1,1,0.43746105,43.75,MEDIUM
2026-07-01,705424,Chandigarh-Baddi New Rail Line- 36 km,"Multi-States (Haryana, Himachal Pradesh)",Railways,Ministry of Railways,(Northen Railway [NR]),1540.0,606.07,44.0,39.35519480519481,43.0,1.0,590.11,15.960000000000036,0.0163934426229508,0.2616393442622957,7,8,515,1,1,1,0.4370743,43.71,MEDIUM
2026-07-01,618492,Delhi-Amritsar-Katra Expressway Phase-I Pkg-XII from Junction with Amritsar-Mehta- SriHargobindpur-Tanda road NH-503A near SriHargobindpur to Junction with Pathankot-Gurdaspur road NH-54 near Gurdaspur Km 362420 to km 397700,Punjab,Roads & Highways,Ministry of Road Transport & Highways,(NHAI),1734.18,773.53,27.52,44.604942970164565,27.05,0.4699999999999988,470.92,302.61,0.0077049180327868,4.960819672131147,3,4,515,1,1,1,0.43674216,43.67,MEDIUM
2026-07-01,618783,4-laning of Pilibhit - Sitarganj from Km. 32.500 to Km. 70.800 Pkg-2 of NH-30,"Multi-States (Uttar Pradesh, Uttarakhand)",Roads & Highways,Ministry of Road Transport & Highways,(NHAI),1471.19,456.76,42.88,31.04697557759365,35.2,7.68,416.11,40.64999999999998,0.1259016393442623,0.6663934426229504,1,2,61,1,1,1,0.43551728,43.55,MEDIUM
2026-07-01,547243,BharatNet Phase-II,PAN India,Telecommunication,Department of Telecommunications,(Department of Telecommunications),22174.56,20691.72,93.33,93.31287745957528,,,,,,,0,1,0,1,1,1,0.43495396,43.5,MEDIUM
2026-07-01,611495,Development of New Civil Enclave at Bagdogra Airport,West Bengal,Aviation & Aviation Infrastructure,Ministry of Civil Aviation,(Airport Authority of India [AAI]),1549.0,507.8,39.68,32.78244028405423,34.6,5.079999999999998,441.41,66.38999999999999,0.0832786885245901,1.0883606557377048,7,8,515,1,1,1,0.43351397,43.35,MEDIUM
2026-07-01,618632,6L Access Controlled Greenfield Highway of Nandinne village to Julekal village from Km 202.900 to Km 242.200 Pkg-1,"Multi-States (Karnataka, Telangana)",Roads & Highways,Ministry of Road Transport & Highways,(NHAI),972.06,459.45,91.47,47.26560088883402,90.13,1.3400000000000034,408.4,51.05000000000001,0.0219672131147541,0.8368852459016395,3,4,515,1,1,1,0.43322295,43.32,MEDIUM
2026-07-01,618687,Outer Ring Road of Jabalpur Town from Barela to Manegaon Pkg-1,Madhya Pradesh,Roads & Highways,Ministry of Road Transport & Highways,(NHAI),652.33,483.18,89.72,74.06987261048855,88.0,1.7199999999999989,468.6,14.579999999999984,0.0281967213114753,0.2390163934426226,2,3,515,1,1,1,0.43273738,43.27,MEDIUM
2026-07-01,618960,4 Lane Inner Ring Road around Allahabad City Pkg-2 Prayagraj Southern Bypass 43.200 - 50.860,Uttar Pradesh,Roads & Highways,Ministry of Road Transport & Highways,(NHAI),1377.51,447.26,44.64,32.468729809583955,42.26,2.3800000000000026,394.66,52.599999999999966,0.0390163934426229,0.8622950819672126,3,4,515,1,1,1,0.43254566,43.25,MEDIUM
2026-07-01,619307,4L of Munger Mirzachauki section from Km 157350 to Km 193931 Pkg-4,"Multi-States (Bihar, Jharkhand)",Roads & Highways,Ministry of Road Transport & Highways,(NHAI),1376.56,893.28,92.0,64.89219503690359,91.16,0.8400000000000034,493.65,399.63,0.0137704918032787,6.551311475409836,1,2,61,1,1,1,0.43094215,43.09,MEDIUM
2026-07-01,618374,Improvement/Widening to 2-L with Paved Shoulder/ 4-Laning of NH-40 section from Km 151330 to Km 163400 design Km 63.530 to Km 71.520 including Dawki Bridge of length 368 m between Shillong-Dawki under JICA ODA Loan assistance Phase-II Pkg- 5 -Balance work,Meghalaya,Roads & Highways,Ministry of Road Transport & Highways,(NHIDCL),284.21,170.81,41.92,60.09992611097429,38.77,3.1499999999999986,0.0,170.81,0.051639344262295,2.8001639344262297,3,4,515,1,1,1,0.4308208,43.08,MEDIUM
2026-07-01,618331,lmprovement to 4-Lane with Paved Shoulder from existing km 260000 Design Ch.4560 km to existing km Ch.233000 D. Ch.24560 of Silchar near Nutan Dayapur village - Budha Nagar Section Length-20.00 Km of NH-37 under Package Silchar- Jiribam Pkg-1 in the state of Assam on HAM Mode,Assam,Roads & Highways,Ministry of Road Transport & Highways,(NHIDCL),957.95,165.23,47.27,17.248290620596062,36.56,10.71,149.51,15.72,0.1755737704918032,0.2577049180327869,2,3,515,1,1,1,0.43010676,43.01,MEDIUM
2026-07-01,602797,"Sainthia, Sitarampur, Mughalsarai, Allahabad & Etawah - Bypass Line Project","Multi-States (Uttar Pradesh, West Bengal)",Railways,Ministry of Railways,(Eastern Railway [ER] - I),461.64,296.61,33.0,64.25136469976606,31.85,1.1499999999999986,291.24,5.3700000000000045,0.0188524590163934,0.0880327868852459,7,8,515,1,1,1,0.4297751,42.98,MEDIUM
2026-07-01,618531,6L of Aurangabad to Bihar-Jharkhand border Chordaha section from km. 180.000 to km. 209.827 of NH-2 PKG-01,"Multi-States (Bihar, Jharkhand)",Roads & Highways,Ministry of Road Transport & Highways,(NHAI),1054.46,201.3,33.24,19.090340079282285,20.88,12.360000000000005,110.8,90.5,0.2026229508196722,1.4836065573770494,3,4,515,1,1,1,0.4295918,42.96,MEDIUM
2026-07-01,618239,"Rehabilitation & Upgradation of NH214 New NH-216 from Km 34/230 to Km 84/550 Losari to Machavaram Section to two lane with paved shoulder in the state of Andhrapradesh under NHDP-IV through Engineering, Procurement& Construction EPC mode.",Andhra Pradesh,Roads & Highways,Ministry of Road Transport & Highways,(MoRTH),445.22,0.0,98.6,0.0,98.6,0.0,0.0,0.0,0.0,0.0,1,2,61,1,1,1,0.4290767,42.91,MEDIUM
2026-07-01,705941,Bangalore Suburban Railway Project,Karnataka,Railways,Ministry of Railways,(Karnataka Rail Infrastructure Development Company Limited [K-RIDE]),15767.0,3277.99,20.02,20.79019471047124,19.95,0.0700000000000002,3224.09,53.89999999999964,0.0011475409836065,0.8836065573770432,3,4,515,1,1,1,0.42894483,42.89,MEDIUM
2026-07-01,618845,Puducherry Km.29.000 to Poondiyankuppam Km.67.000,"Multi-States (Puducherry, Tamil Nadu)",Roads & Highways,Ministry of Road Transport & Highways,(NHAI),1588.4,460.39,98.75,28.984512717199696,98.75,0.0,405.48,54.90999999999997,0.0,0.900163934426229,3,4,515,1,1,1,0.428649,42.86,MEDIUM
2026-07-01,617998,Widening to existing 2 lane with paved Shoulder to 4 Lane with paved shoulder from design Km 153.00 to 168.27 Mala Gate to Karkala of NH -169 on Shimoga - Mangalore section in the state of Karnataka on EPC mode under Annula Plan 2021-22 Job No. NH-169-KNT-2021-22-949,Karnataka,Roads & Highways,Ministry of Road Transport & Highways,(MoRTH),177.94,115.6,83.0,64.96571878161178,75.0,8.0,108.93,6.669999999999988,0.1311475409836065,0.1093442622950817,3,4,515,1,1,1,0.42823526,42.82,MEDIUM
2026-07-01,612855,Transmission System for Evacuation of Power from Potential Energy Renewable Zone in Khavda Area of Gujarat under Ph-IV [7GW] Part E2,Gujarat,Transmission & Distribution,Ministry of Power,(Power Grid Corporation of India Limited [POWERGRID]),697.0,573.07,82.0,82.21951219512195,56.0,26.0,369.41,203.66000000000005,0.4262295081967213,3.3386885245901645,7,8,515,1,1,1,0.42739734,42.74,MEDIUM
2026-07-01,618790,Construction of four laning of Bakarpur- Manikpur road section starting from village Chitarsenpur km 0000 and terminating at SH-74 near Manikpur 38814 at NH-139W under Bharatmalapariyona,Bihar,Roads & Highways,Ministry of Road Transport & Highways,(NHAI),1422.37,623.75,46.1,43.85286528821615,41.0,5.100000000000001,273.52,350.23,0.0836065573770492,5.741475409836066,1,2,61,1,1,1,0.42736068,42.74,MEDIUM
2026-07-01,618206,Widening and Strengthening of Rafiabad-Kupwara-Chowkibal-Tangdhar-Chamkot NH- 701 road from design Ch. From 0000 to 51000 to two lanes with paved shoulders under Project Beacon in the UT of Jammu & Kashmir on EPC mode Package-I.,Jammu and Kashmir,Roads & Highways,Ministry of Road Transport & Highways,(MoRTH),1404.94,143.99,41.7,10.248836249234843,36.5,5.200000000000003,118.37,25.620000000000005,0.0852459016393443,0.4200000000000001,1,2,61,1,1,1,0.42731547,42.73,MEDIUM
2026-07-01,617888,Landslide treatment work on NH 58 from Kodiyala Km. 266.130 to Devprayag Km. 296.925 10 location under EPC mode in the State of Uttarakhand on EPC Mode,Uttarakhand,Roads & Highways,Ministry of Road Transport & Highways,(MoRTH),192.54,0.0,99.0,0.0,99.0,0.0,0.0,0.0,0.0,0.0,1,2,61,1,1,1,0.42668775,42.67,MEDIUM
2026-07-01,709795,"City Gas Distribution Projects at Lakhimpur Kheri , Sitapur, Bahraich, Shravasti,Balrampur, Siddharth Nagar & Maharajganj districts",Uttar Pradesh,Oil & Gas,Ministry of Petroleum & Natural Gas,(Bharat Petroleum Corporation Limited [BPCL]),16654.0,738.62,19.0,4.43509066890837,17.9,1.1000000000000014,713.77,24.850000000000023,0.0180327868852459,0.4073770491803282,7,8,515,1,1,1,0.42640477,42.64,MEDIUM
2026-07-01,618682,6L Korlam-Kantakapalle Section of NH-130CD Road from Km 421.100 to Km 445.100 Pkg-3,Andhra Pradesh,Roads & Highways,Ministry of Road Transport & Highways,(NHAI),1112.7,849.97,99.5,76.38806506695425,99.26,0.2399999999999948,822.68,27.29000000000008,0.0039344262295081,0.4473770491803291,1,2,61,1,1,1,0.42627424,42.63,MEDIUM
2026-07-01,618905,Widening with additional 3L abetting Chhapra Bypass Section of NH-19 from Km. 143.200 to Km. 159.255 Pkg-1,Bihar,Roads & Highways,Ministry of Road Transport & Highways,(NHAI),470.5,287.52,73.26,61.10945802337938,68.87,4.390000000000001,243.02,44.49999999999997,0.0719672131147541,0.7295081967213111,1,2,61,1,1,1,0.42624274,42.62,MEDIUM
2026-07-01,707059,Establishment of new GMC Mandla,Madhya Pradesh,Healthcare,Ministry of Health & Family Welfare,"(Medical Education, Ministry of Health and Family Welfare)",325.0,83.41,43.0,25.664615384615384,43.0,0.0,82.41,1.0,0.0,0.0163934426229508,2,3,515,1,1,1,0.4250052,42.5,MEDIUM
2026-07-01,619205,Six Laning of KT/KL Border Thalapaddy -Chengala from Km. 17.200 to Km. 57.20,"Multi-States (Karnataka, Kerala)",Roads & Highways,Ministry of Road Transport & Highways,(NHAI),1981.07,1699.07,100.0,85.7652682641199,99.2,0.7999999999999972,1060.49,638.5799999999999,0.0131147540983606,10.468524590163934,1,2,61,1,1,1,0.42403185,42.4,MEDIUM
2026-07-01,400121,"Construction of Screening Plant-II for Donimalai and Kumaraswamy Iron Ore Mining Complex of NMDC Limited at Ballari Dt, Karnataka.",Karnataka,Steel,Ministry of Steel,(National Mineral Development Corporation Limited [NMDC]),1043.63,628.29,65.0,60.202370571945984,63.1,1.8999999999999984,609.8,18.49000000000001,0.0311475409836065,0.3031147540983608,7,8,515,1,1,1,0.42330056,42.33,MEDIUM
2026-07-01,618537,Construction of Ring Road around Kanpur from Km.000 to Km. 23.325 Chachendi Sachendi I to Maharajpur Package-I,Uttar Pradesh,Roads & Highways,Ministry of Road Transport & Highways,(NHAI),1753.75,453.73,61.21,25.871988595866004,55.72,5.490000000000002,392.07,61.660000000000025,0.09,1.010819672131148,3,4,515,1,1,1,0.4228245,42.28,MEDIUM
2026-07-01,618612,Deogarh near Dhandhaniya-Rajasthan/Gujarat Border Phase-I AJ/DRGB-Package-6,Rajasthan,Roads & Highways,Ministry of Road Transport & Highways,(NHAI),846.59,704.71,100.0,83.24100213798887,100.0,0.0,676.17,28.54000000000008,0.0,0.4678688524590176,3,4,515,1,1,1,0.42121348,42.12,MEDIUM
2026-07-01,618433,Construction of Balance work of 2-Lane with PS of Joram Koloriang Road from existing Km122.600 to km138.00 [Design Km108.724 to Km123.714] in Arunachal Pradesh on EPC Mode under SARDP-NE Pkg-7,Arunachal Pradesh,Roads & Highways,Ministry of Road Transport & Highways,(NHIDCL),184.89,0.0,99.69,0.0,99.69,0.0,0.0,0.0,0.0,0.0,3,4,515,1,1,1,0.4200748,42.01,MEDIUM
2026-07-01,618967,Upgradation and Strengthening of Chenani to Nashri Section via Patnitop of NH244 from Km 0.000 to Km 39.100,Jammu and Kashmir,Roads & Highways,Ministry of Road Transport & Highways,(NHAI),295.06,176.11,64.18,59.6861655256558,63.8,0.3800000000000096,175.81,0.3000000000000113,0.0062295081967214,0.0049180327868854,2,3,515,1,1,1,0.4199045,41.99,MEDIUM
2026-07-01,618228,construction of a new 4 lane Parallel to existing MG Setu with its approaces from km 0.00 to km 14.500 across river Ganga on NH-19 at Patna in the state of Bihar.,Bihar,Roads & Highways,Ministry of Road Transport & Highways,(MoRTH),2926.42,0.0,74.93,0.0,72.51,2.4200000000000017,0.0,0.0,0.039672131147541,0.0,3,4,515,1,1,1,0.41942412,41.94,MEDIUM
2026-07-01,619025,RAJASTHAN PART I POWER TRANSMISSION LIMITED,"Multi-States (Madhya Pradesh, Rajasthan, Uttar Pradesh)",Transmission & Distribution,Ministry of Power,(Adani Transmission Limited),25000.0,426.05,4.0,1.7042000000000002,2.0,2.0,230.05,196.0,0.0327868852459016,3.2131147540983607,2,3,515,1,1,1,0.4188804,41.89,MEDIUM
2026-07-01,619077,6 laning of Balance Work of Chennai - Tada from km. 21.40 to km. 54.40,"Multi-States (Andhra Pradesh, Tamil Nadu)",Roads & Highways,Ministry of Road Transport & Highways,(NHAI),464.62,389.75,100.0,83.88575610176058,100.0,0.0,182.82,206.93,0.0,3.3922950819672133,2,3,515,1,1,1,0.41871038,41.87,MEDIUM
2026-07-01,619108,4 Lane with PS from Des. Ch 0.000 to Des. Ch. 43.800 of Belgaum-Hungund-Raichur Section of NH-748A Package-1,Karnataka,Roads & Highways,Ministry of Road Transport & Highways,(NHAI),1452.43,490.31,38.45,33.75790915913331,32.57,5.880000000000003,206.99,283.32,0.0963934426229508,4.644590163934426,2,3,515,1,1,1,0.41798908,41.8,MEDIUM
2026-07-01,618585,6L of Gonde Km. 439.038 to Pimpri Sado Km. 459.905 section of NH-848 Old NH-3,Maharashtra,Roads & Highways,Ministry of Road Transport & Highways,(NHAI),856.93,142.38,38.0,16.615126089645596,31.5,6.5,123.7,18.679999999999996,0.1065573770491803,0.3062295081967212,1,2,61,1,1,1,0.41738716,41.74,MEDIUM
2026-07-01,618224,Rehabilitation and up-gradation to 2 lane with paved shoulder from existing chainage km 49150 to km 64535 Design chainage km 46.450 to km 55.800 including construction of Sungal Tunnel Total length of Tunnel 2.79 km under 13 TF on Akhnoor-Poonch road NH-144A under Project Sampark BRO in the UT of Jammu & Kashmir on EPC mode Package-II Job no NH-144A-J&K-2019-20-78,Jammu and Kashmir,Roads & Highways,Ministry of Road Transport & Highways,(MoRTH),796.97,440.97,92.1,55.33081546356826,92.01,0.0899999999999892,432.45,8.520000000000039,0.0014754098360653,0.1396721311475416,2,3,515,1,1,1,0.4173083,41.73,MEDIUM
2026-07-01,618408,Kargil Zanskar Road,Ladakh,Roads & Highways,Ministry of Road Transport & Highways,(NHIDCL),398.37,325.95,95.02,81.82092025001883,90.59,4.429999999999993,282.19,43.75999999999999,0.072622950819672,0.7173770491803277,3,4,515,1,1,1,0.41689965,41.69,MEDIUM
2026-07-01,701565,Jal Marg Vikas Project,"Multi-States (Bihar, Jharkhand, Uttar Pradesh, West Bengal)",Inland Waterways,"Ministry of Ports, Shipping and Waterways",(Inland Waterways Authority of India [IWAI]),5369.18,4117.61,83.72,76.68973660782464,81.2,2.519999999999996,3990.06,127.54999999999971,0.041311475409836,2.0909836065573724,7,8,515,1,1,1,0.4161036,41.61,MEDIUM
2026-07-01,618063,Widening & Strenghteningof section from Bharthana chowk to Kodarkoot km.0.00 to km.40.00 of NH-91-A on EPC mode,Uttar Pradesh,Roads & Highways,Ministry of Road Transport & Highways,(MoRTH),262.37,115.38,94.0,43.97606433662385,92.0,2.0,112.46,2.9200000000000017,0.0327868852459016,0.0478688524590164,3,4,515,1,1,1,0.41604996,41.6,MEDIUM
2026-07-01,706922,Guwahati-Dibrugarh via Tinsukia & Simaluguri-Dibrugarh,Assam,Railways,Ministry of Railways,(Central Organisation for Railway Electrification [CORE]),890.36,391.73,89.0,43.99681027898828,89.0,0.0,391.73,0.0,0.0,0.0,7,8,515,1,1,1,0.4159481,41.59,MEDIUM
2026-07-01,618475,Bangalore Chennai Expressway Phase-II Pkg-II from km.96.000 to Km 127.000 Baireddypalle to Bangarupalem section,Andhra Pradesh,Roads & Highways,Ministry of Road Transport & Highways,(NHAI),2548.04,1327.64,93.32,52.10436256887648,92.14,1.1799999999999926,1226.85,100.7900000000002,0.0193442622950818,1.6522950819672162,3,4,515,1,1,1,0.41519016,41.52,MEDIUM
2026-07-01,618479,Bangalore Chennai Expressway Phase-III Package III Arakkonam to Kancheepuram from Km 204.500 to Km 230.000,Tamil Nadu,Roads & Highways,Ministry of Road Transport & Highways,(NHAI),1525.1,360.65,53.56,23.647629663628614,53.56,0.0,360.29,0.3599999999999568,0.0,0.0059016393442615,3,4,515,1,1,1,0.41500667,41.5,MEDIUM
2026-07-01,617911,Rehabilitation and upgradation Umaria to Shahdol section of NH-78 from Existing Km. 68/4 to Km. 142/2 to 2LPS including construction of Birshinghpur and Shahdol Bypass on EPC mode under NHDP-IVA,Madhya Pradesh,Roads & Highways,Ministry of Road Transport & Highways,(MoRTH),511.83,0.0,94.5,0.0,94.5,0.0,0.0,0.0,0.0,0.0,3,4,515,1,1,1,0.41449887,41.45,MEDIUM
2026-07-01,400043,Laying of POL Pipelines in Common Corridor for proposed grass root terminal at Vallur [Chennai],Tamil Nadu,Energy Storage,Ministry of Petroleum & Natural Gas,(Ministry of Petroleum & Natural Gas),829.0,382.96,79.6,46.19541616405307,76.2,3.3999999999999915,350.21,32.75,0.0557377049180326,0.5368852459016393,7,8,515,1,1,1,0.41438395,41.44,MEDIUM
2026-07-01,618455,Development of External Trunk Connectivity and Internal Infrastructure Works at Multi Model Logistics ParkMMLP at Jogighopa in the State of Assam on EPC Mode Package-I Road and Utility Works,Assam,Roads & Highways,Ministry of Road Transport & Highways,(NHIDCL),693.97,310.1,100.0,44.68492874331744,100.0,0.0,296.96,13.140000000000043,0.0,0.2154098360655744,3,4,515,1,1,1,0.41390902,41.39,MEDIUM
2026-07-01,619317,4L of Hajipur-Muzaffarpur Section of the existing NH-77 from Km. 0000 Ramashish Chowk to Km. 46300 and new bypass starting at Km. 46300 and connecting NH-28 of E-W Corridor at Km. 515045,Bihar,Roads & Highways,Ministry of Road Transport & Highways,(NHAI),2723.39,2160.8,99.45,79.34229030730083,99.45,0.0,26.74,2134.0600000000004,0.0,34.984590163934435,1,2,61,1,1,1,0.41385126,41.39,MEDIUM
2026-07-01,615822,SIRKA OC,Jharkhand,Coal,Ministry of Coal,(CCL - CIL),222.82,280.03,56.47,125.67543308500132,63.52,-7.050000000000004,140.72,139.30999999999997,-0.1155737704918033,2.283770491803278,7,8,515,1,1,1,0.41276276,41.28,MEDIUM
2026-07-01,617889,Treatment of landslide zone from location no. 01 to 28 km 62.860 to 152.750 on NH- 12509 in the State of Uttarakhand under EPC mode in NHO Annual Plan 2022-23,Uttarakhand,Roads & Highways,Ministry of Road Transport & Highways,(MoRTH),192.22,0.0,98.5,0.0,97.0,1.5,0.0,0.0,0.0245901639344262,0.0,1,2,61,1,1,1,0.4114048,41.14,MEDIUM
2026-07-01,619318,4/6L Greenfield Ludhiana Rupnagar highway from Jn. with NE-5 village near to ManewalLudhiana to Jn. with NH-205 near Bheora Village Rupnagar from Km. 0.00 to Km. 37.7 including spur to Kharar with Ludhiana bypass of NH-205K Pkg-1,Punjab,Roads & Highways,Ministry of Road Transport & Highways,(NHAI),1368.91,530.32,15.31,38.740311634804335,15.31,0.0,487.99,42.33000000000004,0.0,0.6939344262295088,1,2,61,1,1,1,0.41136518,41.14,MEDIUM
2026-07-01,618289,Construction and up gradation to 4-Lane of existing two lane with paved shoulder from Hapachara to Tulungia road of NH-117 of existing Km 0.00 to km 14.050 and Design Km 0.000 to km 14.660 under BMP on EPC mode,Assam,Roads & Highways,Ministry of Road Transport & Highways,(NHIDCL),224.85,209.94,97.76,93.3689126084056,97.76,0.0,204.31,5.629999999999996,0.0,0.092295081967213,3,4,515,1,1,1,0.41115206,41.12,MEDIUM
2026-07-01,618398,Up-gradation to 2-lane with Paved Shoulder from Km 20.300 to Km 29.030 of 8.730 Km length on Goha-Khellani section on NH-244 in UT of Jammu and Kashmir on EPC Mode Package II,Jammu and Kashmir,Roads & Highways,Ministry of Road Transport & Highways,(NHIDCL),210.79,190.26,96.95,90.26044878789315,96.95,0.0,174.92,15.340000000000003,0.0,0.2514754098360656,3,4,515,1,1,1,0.4098882,40.99,MEDIUM
2026-07-01,618796,Tanot -Ramgarh-Bhadasar-Jaisalmer NH-68 and BhadasarMokal-Sarkaritala up to Pakisthan Border NH-968 Pkg-BM/5,Rajasthan,Roads & Highways,Ministry of Road Transport & Highways,(NHAI),828.58,694.47,100.0,83.81447778126433,100.0,0.0,405.43,289.04,0.0,4.738360655737705,3,4,515,1,1,1,0.40943626,40.94,MEDIUM
2026-07-01,617919,Construction of 4 Nos Grade separtor between km. 281.000 to km. 307.600 km. 286.400 kumhari km. 299.000 Transport Nagar km. 302.000 Power House km. 304.000 Chandra Moura Chowk to km. 305.000 supeia of NH-53 old NH-06 Raipur - Durg 4 Lane on EPC mode in the state of chhattisgarh job NO. NH-53old NH-06 CG- 2017-18-56,Chhattisgarh,Roads & Highways,Ministry of Road Transport & Highways,(MoRTH),349.03,0.0,97.9,0.0,97.9,0.0,0.0,0.0,0.0,0.0,3,4,515,1,1,1,0.40865412,40.87,MEDIUM
2026-07-01,701330,Mehsana-Bhatinda & Bhatinda-Jammu Natural Gas Pipeline,"Multi-States (Gujarat, Haryana, Punjab, Rajasthan)",Oil & Gas,Ministry of Petroleum & Natural Gas,(Ministry of Petroleum & Natural Gas),7392.0,6362.31,90.2,86.07021103896105,90.2,0.0,6354.05,8.260000000000218,0.0,0.1354098360655773,7,8,515,1,1,1,0.40799224,40.8,MEDIUM
2026-07-01,618620,"Additional works 2VUPs, MR-10 junction flyover and underpass in Six lane Indore- Dewas section of NH-52 in the state of Madhya Pradesh on EPC Mode",Madhya Pradesh,Roads & Highways,Ministry of Road Transport & Highways,(NHAI),207.77,142.54,79.72,68.60470712807431,76.77,2.950000000000003,122.83,19.709999999999997,0.0483606557377049,0.3231147540983605,1,2,61,1,1,1,0.40777695,40.78,MEDIUM
2026-07-01,618822,Rehabilitation and Up gradation from 4 to 8 laning of Chandikhole Paradip Section of NH-53 Old NH 5A from Km.0.00 to Km.18.00Package-1,Odisha,Roads & Highways,Ministry of Road Transport & Highways,(NHAI),929.91,398.91,92.3,42.89769977739782,92.3,0.0,365.01,33.900000000000034,0.0,0.5557377049180333,1,2,61,1,1,1,0.40766242,40.77,MEDIUM
2026-07-01,618153,Satara to Mhaswad,Maharashtra,Roads & Highways,Ministry of Road Transport & Highways,(MoRTH),653.46,7.34,98.08,1.1232516144829063,98.08,0.0,7.33,0.0099999999999997,0.0,0.0001639344262295,3,4,515,1,1,1,0.40752742,40.75,MEDIUM
2026-07-01,616699,Multi tracking of Son Nagar-Andal 374.53 rkm & 814.38 tkm,"Multi-States (Bihar, Jharkhand)",Railways,Ministry of Railways,(East Central Railway [ECR] - I),12333.57,882.77,18.0,7.157457248793333,17.5,0.5,816.82,65.94999999999993,0.0081967213114754,1.0811475409836055,7,8,515,1,1,1,0.4065117,40.65,MEDIUM
2026-07-01,619217,4L of Haridwar-Nagina section from km. 0.00 to km. 71.614 of NH-74,"Multi-States (Uttar Pradesh, Uttarakhand)",Roads & Highways,Ministry of Road Transport & Highways,(NHAI),1659.12,1540.99,99.85,92.87996046096728,97.64,2.2099999999999937,822.5,718.49,0.0362295081967212,11.778524590163936,1,2,61,1,1,1,0.4063704,40.64,MEDIUM
2026-07-01,618899,Kallagam km.38.700 to Meensurutti Km.98.433 of NH-227 in Tamil Nadu,Tamil Nadu,Roads & Highways,Ministry of Road Transport & Highways,(NHAI),1499.12,1111.8,100.0,74.16350925876515,100.0,0.0,682.68,429.12,0.0,7.034754098360656,1,2,61,1,1,1,0.40615183,40.62,MEDIUM
2026-07-01,619199,Bangalore Chennai Expressway Phase-II Pkg-I from km.71.000 to Km 96.000 Bethamangala in the state of Karnataka to Byreddypalli,"Multi-States (Andhra Pradesh, Karnataka)",Roads & Highways,Ministry of Road Transport & Highways,(NHAI),1410.01,736.08,99.05,52.20388507882922,98.47,0.5799999999999983,241.41,494.6700000000001,0.0095081967213114,8.109344262295084,1,2,61,1,1,1,0.40532273,40.53,MEDIUM
2026-07-01,618590,Durg-Raipur-Arang Package - 2 from km. 44.50 to km. 92.23 near Khatti Village to near Aurang,Chhattisgarh,Roads & Highways,Ministry of Road Transport & Highways,(NHAI),1958.9,1000.81,73.96,51.09040788197458,68.7,5.259999999999991,583.62,417.19,0.0862295081967211,6.839180327868852,3,4,515,1,1,1,0.40520197,40.52,MEDIUM
2026-07-01,618859,"Improvement and Up-Gradation of Existing Road to 4L PS from Km 229.070 to 260.800, End of Hardoi District to Lucknow Ring road of NH 731 Pkg-4",Uttar Pradesh,Roads & Highways,Ministry of Road Transport & Highways,(NHAI),575.66,390.09,99.33,67.76395789181113,99.33,0.0,371.82,18.269999999999985,0.0,0.2995081967213112,3,4,515,1,1,1,0.40511578,40.51,MEDIUM
2026-07-01,618436,4-Laning of Jamugurihat to end of Biswanath Chariali By-Pass from Km 182.000 to Km 208.000 of NH-52 on EPC mode in state of Assam under SARDP-NE,Assam,Roads & Highways,Ministry of Road Transport & Highways,(NHIDCL),599.0,434.89,100.0,72.60267111853088,100.0,0.0,405.02,29.870000000000005,0.0,0.489672131147541,3,4,515,1,1,1,0.40508702,40.51,MEDIUM
2026-07-01,617284,Chunar-Chopan doubling project,Uttar Pradesh,Railways,Ministry of Railways,(North Central Railway),1423.96,151.57,18.5,10.644259670215456,17.0,1.5,123.09,28.47999999999999,0.0245901639344262,0.4668852459016391,7,8,515,1,1,1,0.40476447,40.48,MEDIUM
2026-07-01,617372,Pradhankhunta Jn-Patherdih Bazar-Bhojudih 17.1 km Umbrella work PB57/2019- 20/NR,Jharkhand,Railways,Ministry of Railways,(CAO/Con/South/MHX ECR mor),349.22,162.92,60.0,46.65253994616573,71.5,-11.5,125.71,37.21,-0.1885245901639344,0.6099999999999999,5,6,515,1,1,1,0.4041123,40.41,MEDIUM
2026-07-01,709750,Laying of new 28 inch Desal Water Pipeline and 10 inch Reject Water Pipeline between CPCL Manali Refinery and CPCL Desalination plant at Ennore,Tamil Nadu,Oil & Gas,Ministry of Petroleum & Natural Gas,(Chennai Petroleum Corporation Limited [CPCL]),205.0,114.87,74.8,56.03414634146342,70.6,4.200000000000003,92.93,21.94,0.0688524590163934,0.3596721311475409,7,8,515,1,1,1,0.4035645,40.36,MEDIUM
2026-07-01,618804,Dedicated Port road to Krishnapatnam Port Package-I from Km. 0.000 to Km. 18.000,Andhra Pradesh,Roads & Highways,Ministry of Road Transport & Highways,(NHAI),348.72,303.73,78.95,87.09853177334251,77.93,1.019999999999996,184.68,119.05,0.0167213114754097,1.9516393442622952,3,4,515,1,1,1,0.4021661,40.22,MEDIUM
2026-07-01,618178,Widening and strengthening of Gangakhed to Kingaon section of NH-752K in Km 38/750 to 72/304 Flexible Pavement Length33.554 km to 2-lane configuration on EPC mode in the State of Maharashtra.,Maharashtra,Roads & Highways,Ministry of Road Transport & Highways,(MoRTH),162.67,0.0,72.0,0.0,72.0,0.0,0.0,0.0,0.0,0.0,1,2,61,1,1,1,0.40195134,40.2,MEDIUM
2026-07-01,612789,"Development of additional RESA on either end on Runway 10-28 at Calicut Airport. Construction of embankment with slope protection, drainage system and associated works for additional RESA on either end on Runway 10-28",Kerala,Aviation & Aviation Infrastructure,Ministry of Civil Aviation,(Airport Authority of India [AAI]),484.57,227.5,64.5,46.94884124068762,59.0,5.5,204.6,22.90000000000001,0.0901639344262295,0.3754098360655739,7,8,515,1,1,1,0.40101185,40.1,MEDIUM
2026-07-01,617995,Widening to Two Lane with Paved Shoulders from Km 67.000 to Km 114.425 of Kalwakurthy- Mallapally Section of NH 167 Erstwhile section of SH 18 in the State of Telangana on EPC mode under NH O Annual Plan 2016-17,Telangana,Roads & Highways,Ministry of Road Transport & Highways,(MoRTH),300.0,175.12,99.2,58.373333333333335,99.2,0.0,175.1,0.0200000000000102,0.0,0.0003278688524591,3,4,515,1,1,1,0.39925364,39.93,MEDIUM
2026-07-01,618686,Outer Ring Road of Jabalpur Town from Kushner to Amjhar Road including Airport Connectivity Pkg-IV,Madhya Pradesh,Roads & Highways,Ministry of Road Transport & Highways,(NHAI),612.94,363.91,79.63,59.3712272000522,76.1,3.530000000000001,327.15,36.76000000000005,0.0578688524590164,0.6026229508196729,1,2,61,1,1,1,0.39843395,39.84,MEDIUM
2026-07-01,618377,Improvement/Widening to 2-L with Paved Shoulder/4-L from Km 81740 to Km 93490 design Km 0000 to Km 10670 of NH-40 New NH-106 & 206 section & 4-L from design Km 0.00 to Km 0.930 of NH-44 section between Shillong-Dawki under JICA ODA Loan assistance Phase-II -Balance Work Pkg-1,Meghalaya,Roads & Highways,Ministry of Road Transport & Highways,(NHIDCL),351.12,0.0,100.0,0.0,93.06,6.939999999999998,0.0,0.0,0.1137704918032786,0.0,3,4,515,1,1,1,0.39772266,39.77,MEDIUM
2026-07-01,706776,Noapara-Barasat via Bimanbandar - Construction of Metro railway [18 km],West Bengal,Railways,Ministry of Railways,"(Metro Railway, Kolkata)",4830.0,3350.62,32.2,69.37101449275363,32.0,0.2000000000000028,3258.95,91.67000000000009,0.0032786885245902,1.5027868852459028,7,8,515,1,1,1,0.39732394,39.73,MEDIUM
2026-07-01,611452,MUMBAI CENTRAL VIRAR VADODARA AHMEDABAAD TRAIN PROTECTION SYSTEM 500 RKM,"Multi-States (Gujarat, Maharashtra)",Railways,Ministry of Railways,(Western Railway),311.0,263.42,93.0,84.70096463022509,93.0,0.0,263.42,0.0,0.0,0.0,7,8,515,1,1,1,0.397146,39.71,MEDIUM
2026-07-01,618821,Rehabilitation and Up gradation from 4 to 8 laning of Chandikhole Paradip Section of NH-53 Old NH 5A from Km 18.00 to Km 39.00 in the State of Odisha on HAM mode Package-2,Odisha,Roads & Highways,Ministry of Road Transport & Highways,(NHAI),920.47,421.6,91.0,45.80268775734136,91.0,0.0,412.89,8.710000000000036,0.0,0.1427868852459022,3,4,515,1,1,1,0.39651418,39.65,MEDIUM
2026-07-01,611735,Transmission system for evacuation of power from REZ in Rajasthan 20GW under Phase-III Part J,"Multi-States (Delhi, Rajasthan)",Transmission & Distribution,Ministry of Power,(Power Grid Corporation of India Limited [POWERGRID]),331.0,227.16,67.5,68.62839879154077,56.75,10.75,197.71,29.44999999999999,0.1762295081967213,0.4827868852459014,7,8,515,1,1,1,0.3963736,39.64,MEDIUM
2026-07-01,613787,Jamrani Dam Multipurpose Project,Uttarakhand,Water Resources,"Department of Water Resources, River Development & GR",(Irrigation-UK),2584.1,1307.15,26.22,50.5843427111954,25.08,1.1400000000000006,1267.4,39.75,0.0186885245901639,0.6516393442622951,7,8,515,1,1,1,0.39570025,39.57,MEDIUM
2026-07-01,618642,4L of Palma to Gumla from km. 26.00 to km. 89.170 of NH-23,Jharkhand,Roads & Highways,Ministry of Road Transport & Highways,(NHAI),1882.93,1369.19,99.89,72.71592677369844,98.96,0.9300000000000068,891.94,477.25,0.0152459016393443,7.823770491803279,3,4,515,1,1,1,0.3954673,39.55,MEDIUM
2026-07-01,618836,4L of Ratnagiri - Kolhapur section from km 67.140 to km 112.340 of NH-166 Pkg II,Maharashtra,Roads & Highways,Ministry of Road Transport & Highways,(NHAI),1985.38,1235.29,79.98,62.21932325297927,79.18,0.7999999999999972,389.68,845.6099999999999,0.0131147540983606,13.86245901639344,3,4,515,1,1,1,0.39497355,39.5,MEDIUM
2026-07-01,709778,Installation of new Biturox Unit along with allied facilities at Gujarat Refinery,Gujarat,Oil & Gas,Ministry of Petroleum & Natural Gas,(MinistryofPetroleumNaturalGas),328.29,227.48,87.0,69.29239392000974,84.1,2.9000000000000057,214.63,12.849999999999994,0.0475409836065574,0.2106557377049179,7,8,515,1,1,1,0.39486182,39.49,MEDIUM
2026-07-01,619187,"Slope protection and landslide mitigation at 4 vulnerable locations km 1.950 to Km 2.100, km 11.100 to 11.450, km 22.435 to km 22.485 and km 22.610 to km 22.680 within Sevoke-Rangpo section of NH-10 old NH-31A in Darjeeling & Kalimpong district in the State of West Bengal on EPC mode",West Bengal,Roads & Highways,Ministry of Road Transport & Highways,(NHIDCL),152.27,0.0,32.21,0.0,27.3,4.91,0.0,0.0,0.0804918032786885,0.0,1,2,61,1,1,1,0.39470297,39.47,MEDIUM
2026-07-01,618700,Renigunta - Poyya - Naidupeta km 124.60 to km 183.4 of NH 71,Andhra Pradesh,Roads & Highways,Ministry of Road Transport & Highways,(NHAI),1863.09,1677.08,98.6,90.01604860742101,98.6,0.0,1488.04,189.04,0.0,3.0990163934426223,3,4,515,1,1,1,0.39425665,39.43,MEDIUM
2026-07-01,618794,Amritsarairport Junction - Ramdas from km. 100.835 to km. 139.813 Pkg - IV,Punjab,Roads & Highways,Ministry of Road Transport & Highways,(NHAI),524.88,394.14,96.0,75.09144947416551,96.0,0.0,387.07,7.069999999999993,0.0,0.1159016393442621,3,4,515,1,1,1,0.39424267,39.42,MEDIUM
2026-07-01,618009,Balance work of Construction of Ring Road for Raebareli City on eastern side of NH- 24B Phase-1 on EPC mode.,Uttar Pradesh,Roads & Highways,Ministry of Road Transport & Highways,(MoRTH),319.96,0.0,95.0,0.0,95.0,0.0,0.0,0.0,0.0,0.0,3,4,515,1,1,1,0.3941784,39.42,MEDIUM
2026-07-01,618749,Khammam-Devarapalle Pkg V [4L Access Controlled Greenfield from Gurvaygudem village to Devarapalle village Design Chainage 132664 to 162126,Andhra Pradesh,Roads & Highways,Ministry of Road Transport & Highways,(NHAI),711.94,566.96,100.0,79.63592437564964,99.66,0.3400000000000034,422.97,143.99,0.0055737704918033,2.360491803278689,3,4,515,1,1,1,0.39389881,39.39,MEDIUM
2026-07-01,610984,Development of Jharia CBM Block [Phase-1],Jharkhand,Oil & Gas,Ministry of Petroleum & Natural Gas,(Oil and Natural Gas Corporation Limited [ONGC]),431.0,267.59,66.1,62.08584686774942,65.3,0.7999999999999972,261.97,5.619999999999948,0.0131147540983606,0.0921311475409827,7,8,515,1,1,1,0.3933057,39.33,MEDIUM
2026-07-01,705392,Dimapur [Dhansiri]-Sukhobi Kohima [Zubza] NL [82.5 Km],"Multi-States (Assam, Nagaland)",Railways,Ministry of Railways,(Northeast Frontier Railway [NFR] - II),6663.0,6748.9,46.5,101.28920906498573,43.0,3.5,6282.3,466.59999999999945,0.0573770491803278,7.6491803278688435,7,8,515,1,1,1,0.39173585,39.17,MEDIUM
2026-07-01,618371,"Widening/Improvement to 4-Lane with Paved Shoulder configuration of existing single lane road from Srirampur near Bhairiguri Village to Kachukhana Harichara Paglagaunj Package-I of Srirampur - Dhubri Section of NH-127B from existing Km 0.000 to Km 28.050 Design Km 0.000 to Km 27.650, Design Length27.650 Km under JICA ODA Loan assistance Phase-V -Balance work",Assam,Roads & Highways,Ministry of Road Transport & Highways,(NHIDCL),613.89,384.24,89.5,62.591017934809166,78.09,11.409999999999997,260.02,124.22000000000004,0.1870491803278688,2.036393442622951,3,4,515,1,1,1,0.38765275,38.77,MEDIUM
2026-07-01,619312,Bulk Loading Hub- Kanpur,Uttar Pradesh,Oil & Gas,Ministry of Petroleum & Natural Gas,(MinistryofPetroleumNaturalGas),186.0,95.21,60.0,51.18817204301075,54.0,6.0,92.47,2.739999999999995,0.0983606557377049,0.0449180327868851,1,2,61,1,1,1,0.38623604,38.62,MEDIUM
2026-07-01,702665,Construction Bangalore Metro Rail Project Phase-2A & 2B,Karnataka,Urban Public Transport,Ministry of Housing & Urban Affairs,(Bengaluru Metro Rail),14788.1,10376.43,66.0,70.16743192161265,65.0,1.0,10276.44,99.98999999999978,0.0163934426229508,1.6391803278688488,7,8,515,1,1,1,0.38588658,38.59,MEDIUM
2026-07-01,707069,Establishment of new GMC Kapurthala,Punjab,Healthcare,Ministry of Health & Family Welfare,"(Medical Education, Ministry of Health and Family Welfare)",325.0,0.0,0.0,0.0,0.0,0.0,0.0,0.0,0.0,0.0,2,3,515,1,1,1,0.38555732,38.56,MEDIUM
2026-07-01,701395,Morna [Gureghar] Irrigation Project,Uttar Pradesh,Water Resources,"Department of Water Resources, River Development & GR","(Department of Water Resources, River Development & GR)",219.9,115.2,31.5,52.38744884038199,31.5,0.0,115.2,0.0,0.0,0.0,7,8,515,1,1,1,0.38494277,38.49,MEDIUM
2026-07-01,618470,Vadodara Mumbai Expressway Phase II - Pkg XIV [Km. 3.000 to Km. 20.200 of Spur] Shirsad - Akloli,Maharashtra,Roads & Highways,Ministry of Road Transport & Highways,(NHAI),2058.79,634.54,98.0,30.82101622797857,86.0,12.0,629.88,4.659999999999968,0.1967213114754098,0.0763934426229503,3,4,515,1,1,1,0.3847054,38.47,MEDIUM
2026-07-01,616254,Visakh Raipur Pipeline Project,"Multi-States (Andhra Pradesh, Chhattisgarh, Odisha)",Oil & Gas,Ministry of Petroleum & Natural Gas,(Ministry of Petroleum and Natural Gas),2212.0,549.21,37.1,24.828661844484632,34.0,3.1000000000000014,498.11,51.10000000000002,0.0508196721311475,0.8377049180327872,7,8,515,1,1,1,0.3833471,38.33,MEDIUM
2026-07-01,618197,Widening to 2 lane with Paved Shoulders of Medak - Siddipet section from Km 0/0 to km 69/978 of NH-765DG in the State of Telangana under Annual plan 2021-22 on EPC mode,Telangana,Roads & Highways,Ministry of Road Transport & Highways,(MoRTH),882.18,383.75,74.06,43.50019270443674,74.06,0.0,347.73,36.01999999999998,0.0,0.5904918032786882,3,4,515,1,1,1,0.38249543,38.25,MEDIUM
2026-07-01,609996,Construction of Precast housing and hostels at IIT Hyderabad,Telangana,Education,Department of Higher Education,"(Indian Institute of Technology, Hyderabad)",262.0,216.1,89.11,82.48091603053435,87.44,1.6700000000000017,213.89,2.210000000000008,0.0273770491803278,0.0362295081967214,7,8,515,1,1,1,0.3818525,38.19,MEDIUM
2026-07-01,618786,4L of Phagwara - Hoshiarpur,Punjab,Roads & Highways,Ministry of Road Transport & Highways,(NHAI),1196.38,535.6,20.03,44.76838462695799,13.97,6.0600000000000005,160.92,374.68000000000006,0.0993442622950819,6.142295081967214,1,2,61,1,1,1,0.3815923,38.16,MEDIUM
2026-07-01,619114,Indore - Harda Pkg-II [Raghavgarh to Nanasa from km. 29.30 to km. 92.30],Madhya Pradesh,Roads & Highways,Ministry of Road Transport & Highways,(NHAI),1081.51,369.26,40.25,34.14300376325693,40.25,0.0,356.17,13.089999999999977,0.0,0.2145901639344258,2,3,515,1,1,1,0.38124102,38.12,MEDIUM
2026-07-01,618601,6L of Kappirikkad to Thalikulam section from km 335.85 to km 369.015 of NH - 66 old NH-17,Kerala,Roads & Highways,Ministry of Road Transport & Highways,(NHAI),4225.59,3329.11,95.27,78.78450109925478,88.2,7.069999999999993,708.02,2621.09,0.1159016393442621,42.96868852459016,3,4,515,1,1,1,0.3810537,38.11,MEDIUM
2026-07-01,618930,4L PS from Ch. 94.030 in Jabugam Village to Ch. 132.320 in Dhamasiya Village of NH-56 Pkg-III,Gujarat,Roads & Highways,Ministry of Road Transport & Highways,(NHAI),1188.46,147.42,23.82,12.40428790199081,13.98,9.84,79.04,68.37999999999998,0.161311475409836,1.1209836065573768,2,3,515,1,1,1,0.38090858,38.09,MEDIUM
2026-07-01,618648,"Development of 6-lane Greenfield Southern Ludhiana Bypass from intersection with NH-44 near Village Rajgarh to intersection with Delhi Katra Expressway NE-5 near Village Ballowal, km 0000 to km 25240",Punjab,Roads & Highways,Ministry of Road Transport & Highways,(NHAI),1424.55,145.14,3.54,10.188480572812466,,,,,,,0,1,0,1,1,1,0.38078198,38.08,MEDIUM
2026-07-01,616842,LUNI- SAMDARI- BHILDI DOUBLING,"Multi-States (Gujarat, Rajasthan)",Railways,Ministry of Railways,(North Western Railway [NWR]),3085.59,962.77,36.0,31.202136382345024,30.0,6.0,778.73,184.04,0.0983606557377049,3.0170491803278683,7,8,515,1,1,1,0.38009188,38.01,MEDIUM
2026-07-01,618820,Rehabilitation and Up gradation from 4 to 8 laning of Chandikhole Paradip Section of NH-53 Old NH 5A from Km.39.000 to Km.60.00 Package-3,Odisha,Roads & Highways,Ministry of Road Transport & Highways,(NHAI),861.84,390.03,91.8,45.25549986076302,91.0,0.7999999999999972,383.65,6.379999999999996,0.0131147540983606,0.1045901639344261,3,4,515,1,1,1,0.37880003,37.88,MEDIUM
2026-07-01,612140,Transmission Scheme for Integration of Renewable Energy Zone [Phase II] in Koppal II [Phase A&B] and gadag II[Phase A] in Karnataka [POWERGRID KOPPAL GADAG TRANSMISSION LIMITED],Karnataka,Transmission & Distribution,Ministry of Power,(Power Grid Corporation of India Limited [POWERGRID]),4445.0,3958.72,92.35,89.06006749156356,86.0,6.349999999999994,3733.8,224.9199999999996,0.1040983606557376,3.687213114754092,7,8,515,1,1,1,0.37837532,37.84,MEDIUM
2026-07-01,705918,Allahabad division - Aligarh - Harduaganj Flyover,Uttar Pradesh,Railways,Ministry of Railways,(North Central Railway),1457.0,400.19,36.0,27.46671242278655,36.0,0.0,400.19,0.0,0.0,0.0,4,5,515,1,1,1,0.37777224,37.78,MEDIUM
2026-07-01,618469,Vadodara Mumbai Expressway Phase II - Pkg XIII [Km. 26.582 to Km. 50.700] Shirsad - Masvan,Maharashtra,Roads & Highways,Ministry of Road Transport & Highways,(NHAI),3536.9,1844.7,90.86,52.15584268709888,90.86,0.0,1792.74,51.96000000000004,0.0,0.8518032786885252,3,4,515,1,1,1,0.37742049,37.74,MEDIUM
2026-07-01,619074,6-laning of Krishnagiri Km.0.000 to Walajahpet Km.148.300 section on NH-46 under NHDP-V,Tamil Nadu,Roads & Highways,Ministry of Road Transport & Highways,(NHAI),1673.17,701.37,99.99,41.91863349211377,99.99,0.0,269.61,431.76,0.0,7.078032786885246,2,3,515,1,1,1,0.37701365,37.7,MEDIUM
2026-07-01,618359,Widening/Improvement to 4-Lane with Paved Shoulder from km 55000 Nagabang Gamsuk to km 82514 Oyan in the State of Assam and Arunachal Pradesh on EPC mode under Bharatmala Pariyojna of Length 27.514 Km Package-3,"Multi-States (Arunachal Pradesh, Assam)",Roads & Highways,Ministry of Road Transport & Highways,(NHIDCL),665.47,373.06,96.7,56.05962703051978,96.7,0.0,295.3,77.75999999999999,0.0,1.2747540983606556,3,4,515,1,1,1,0.37693244,37.69,MEDIUM
2026-07-01,400382,Rewas Port Project,Maharashtra,Shipping,"Ministry of Ports, Shipping and Waterways",(Reliance Industries Ltd),6000.0,5999.89,88.0,99.99816666666668,88.0,0.0,5999.89,0.0,0.0,0.0,5,6,515,1,1,1,0.37626418,37.63,MEDIUM
2026-07-01,618298,Widening/Improvement of existing 2-Lane road to 4-Lane Divided Highway from Sekmai to Nilakuthi section of Imphal-Kohima Road Design Chainage from Km 297700 to Km 308729 of NH-39 New NH-02 in state of Manipur on EPC mode Pkg-5B,Manipur,Roads & Highways,Ministry of Road Transport & Highways,(NHIDCL),211.7,254.22,93.54,120.08502598016062,90.96,2.5800000000000125,227.95,26.27000000000001,0.0422950819672133,0.4306557377049182,3,4,515,1,1,1,0.37565514,37.57,MEDIUM
2026-07-01,618726,6L Greenfield Varanasi-Ranchi-Kolkata Highway from junction with Chandauli- Chainpur Road near Khainti village to junction with Bhabhua-Adhaura road near Palka village from Km. 27.000 to Km. 54.000 Pkg-2,Bihar,Roads & Highways,Ministry of Road Transport & Highways,(NHAI),1240.93,244.38,25.37,19.69329454522012,14.08,11.29,103.25,141.13,0.1850819672131147,2.313606557377049,2,3,515,1,1,1,0.37477028,37.48,MEDIUM
2026-07-01,618025,Rehabiitation and upgradation from km 121/000 to 154/000 Nakrekal to Mallampally section of NH-365 to 2 lane with paved shoulders in the state of Telangana in the EPC mode,Telangana,Roads & Highways,Ministry of Road Transport & Highways,(MoRTH),192.67,141.82,96.0,73.60772304977424,96.0,0.0,141.81,0.0099999999999909,0.0,0.0001639344262293,3,4,515,1,1,1,0.37381795,37.38,MEDIUM
2026-07-01,619086,Chengapalli km 102.035 to Neelambur Km144.680 and Madukkarai Km 170.880 to Walayar K183.010 Package No. NS-2/BOT/TN-08,Tamil Nadu,Roads & Highways,Ministry of Road Transport & Highways,(NHAI),852.0,6.93,100.0,0.8133802816901409,100.0,0.0,5.09,1.84,0.0,0.0301639344262295,2,3,515,1,1,1,0.37280476,37.28,MEDIUM
2026-07-01,618740,4L Greenfield Alignment of Shivrampur to Ramnagar from Km. 55.002 to Km. 109.300 of NH 119 D Pkg-II,Bihar,Roads & Highways,Ministry of Road Transport & Highways,(NHAI),1494.31,664.55,50.15,44.47203056929285,43.6,6.549999999999997,264.72,399.8299999999999,0.1073770491803278,6.554590163934425,3,4,515,1,1,1,0.3723967,37.24,MEDIUM
2026-07-01,618471,Vadodara Mumbai Expressway Phase II - Pkg XV [Km. 20.200 to Km. 43.000 of Spur] Akloli - Amne,Maharashtra,Roads & Highways,Ministry of Road Transport & Highways,(NHAI),2610.88,622.23,91.5,23.83219450913102,91.5,0.0,621.7,0.5299999999999727,0.0,0.0086885245901634,3,4,515,1,1,1,0.37212062,37.21,MEDIUM
2026-07-01,618759,4L PS Mydukur - Badvel from Km 585.820 to Km 630.960 of NH-67,Andhra Pradesh,Roads & Highways,Ministry of Road Transport & Highways,(NHAI),1063.57,585.5,90.4,55.05044331825832,90.4,0.0,502.6,82.89999999999998,0.0,1.3590163934426225,2,3,515,1,1,1,0.36841634,36.84,MEDIUM
2026-07-01,618815,4L Access Controlled Greenfield Highway section on NH-163G Warangal-Khammam from Venkatpur village in Warangal District at Design Ch. 150.240 Km to Thallasenkesa village in Mahabubabed District at Design Ch. 189.650 kmPackage-II,Telangana,Roads & Highways,Ministry of Road Transport & Highways,(NHAI),1092.88,377.96,74.43,34.58385184100724,65.68,8.75,304.89,73.07,0.1434426229508196,1.1978688524590162,1,2,61,1,1,1,0.36725372,36.73,MEDIUM
2026-07-01,618669,4 -Laning of MP/UP Border to Kabarai section of NH-34&35 from km 197.000 to km 242.991 Length 45.991 Km Sagar-Kabrai Package-5 under Bharat Mala Pariyojana EC in MP & UP on HAM,Uttar Pradesh,Roads & Highways,Ministry of Road Transport & Highways,(NHAI),1632.93,529.81,60.02,32.44535895598709,50.25,9.770000000000003,322.5,207.30999999999997,0.1601639344262295,3.3985245901639334,1,2,61,1,1,1,0.36684236,36.68,MEDIUM
2026-07-01,709774,Revamping/ Augmentation of facilities at existing port terminal at Mangalore,Karnataka,Oil & Gas,Ministry of Petroleum & Natural Gas,(Ministry of Petroleum & Natural Gas),463.0,321.59,85.0,69.45788336933046,83.0,2.0,302.1,19.489999999999952,0.0327868852459016,0.3195081967213107,7,8,515,1,1,1,0.36638734,36.64,MEDIUM
2026-07-01,618928,"Improvement & Up-gradation of NH-734 Section of Moradabad-Thakurdwara Kashipur including Moradabad & Kashipur Bypasse Package-III Kashipur Bypass Length 14.490 Km., Starts from Ch. 38770 and ends at Ch. 53260 existing Ch. 05560","Multi-States (Uttar Pradesh, Uttarakhand)",Roads & Highways,Ministry of Road Transport & Highways,(NHAI),936.12,369.85,53.84,39.50882365508696,44.14,9.700000000000005,332.92,36.93000000000001,0.159016393442623,0.6054098360655739,3,4,515,1,1,1,0.36513713,36.51,MEDIUM
2026-07-01,618579,6L of Anandapuram Pendurthi Anakapalli Section from km. 681.000 to km. 731.780 of NH-16,Andhra Pradesh,Roads & Highways,Ministry of Road Transport & Highways,(NHAI),2527.0,2376.08,100.0,94.02770083102492,100.0,0.0,994.53,1381.55,0.0,22.648360655737704,2,3,515,1,1,1,0.36473736,36.47,MEDIUM
2026-07-01,615332,Transmission System for Evacuation of Power from Rajasthan REZ Ph-IV [Part-2 5.5 GW][Jaisalmer/Barmer Complex] Part B [SPV Name POWERGRID Sirohi Transmission Limited],Rajasthan,Transmission & Distribution,Ministry of Power,(Power Grid Corporation of India Limited [POWERGRID]),3279.0,1790.99,52.83,54.62000609942056,47.13,5.699999999999996,1508.34,282.6500000000001,0.0934426229508196,4.633606557377051,7,8,515,1,1,1,0.3644301,36.44,MEDIUM
2026-07-01,618431,Construction of alternative highway to Gangtok in Sikkim via Bagrakot -Chuikhim- Nimbong -Kafer-Bakhim-Algarah-Rhenock in the State of West Bengal and from Rhenok-Rorathang-Pakyong along with spur from Aritar-Rolep-Menla in the State of Sikkim from Km 13.00 to Km 25.60 of Bagrakot -Kafer section of NH 717A on EPC Mode under Phase-A of SARDP-NE in the State of West Bengal PKG- IVB,West Bengal,Roads & Highways,Ministry of Road Transport & Highways,(NHIDCL),295.97,0.0,97.73,0.0,96.91,0.8200000000000074,0.39,-0.39,0.0134426229508197,-0.0063934426229508,3,4,515,1,1,1,0.36371312,36.37,MEDIUM
2026-07-01,618379,Widening and Up-gradation to 2- Lane with Paved Shoulder Configuration and geometric improvement from Km. 208. 000 to Km 250.000 Package-5 on Aizawl Tuipang Section of NH-54 in the State of Mizoram Package-5,Mizoram,Roads & Highways,Ministry of Road Transport & Highways,(NHIDCL),752.89,125.64,95.35,16.687696741887926,95.35,0.0,125.62,0.019999999999996,0.0,0.0003278688524589,3,4,515,1,1,1,0.36298203,36.3,MEDIUM
2026-07-01,618838,4L of Karwar Km. 281.980 of NH-62 Nagaur road to Dangiyavas of Jodhpur Ring Road Pkg-II,Rajasthan,Roads & Highways,Ministry of Road Transport & Highways,(NHAI),736.75,470.4,100.0,63.847980997624695,99.0,1.0,400.17,70.22999999999996,0.0163934426229508,1.1513114754098357,3,4,515,1,1,1,0.36283243,36.28,MEDIUM
2026-07-01,618232,Rehabilitation and Upgradation to 2-lane configuration of Karnohal- Kalwahn Section km 181.00 to 208.950 of NH-70 in the State of Himachal Pradesh under Green National Highways Corridor Project GNHCP with the loan assistance of World Bank on EPC mode.Package-2,Himachal Pradesh,Roads & Highways,Ministry of Road Transport & Highways,(MoRTH),251.62,75.89,58.0,30.16055957396073,55.85,2.1499999999999986,74.12,1.769999999999996,0.0352459016393442,0.0290163934426228,1,2,61,1,1,1,0.36255044,36.26,MEDIUM
2026-07-01,618419,"Construction of 2-Lane with paved shoulders of Shillong Western Bypass starting from NH-06 near Ladumsaw existing Km 60.900 of old NH40 to NH106 old NH 44E Package-III, from km 24700 to km 38256 under SARDP-NE PHASE A in the state of Meghalaya on EPC Mode Greenfield alignment",Meghalaya,Roads & Highways,Ministry of Road Transport & Highways,(NHIDCL),562.48,254.54,52.0,45.25316455696202,50.91,1.0900000000000034,85.88,168.66,0.0178688524590164,2.764918032786885,3,4,515,1,1,1,0.35927522,35.93,MEDIUM
2026-07-01,618010,Development to 4-lane with paved shoulder for the road section Talwandi Sabo- Raman road to refinery Road junction with Bathinda Dabwali Road of NH-254 from existing Km 131.600 to Km 155.650 Design Km 131600 to km 155600 in the State of Punjab. Job No NH-254-PB-2022-23-565,Punjab,Roads & Highways,Ministry of Road Transport & Highways,(MoRTH),546.67,0.0,45.0,0.0,45.0,0.0,0.0,0.0,0.0,0.0,1,2,61,1,1,1,0.35897776,35.9,MEDIUM
2026-07-01,618649,4 Lane with PS from Des. Ch 228.500 to Des. Ch. 273.400 of Belgaum-Hungund- Raichur Section of NH 748 A Package-6,Karnataka,Roads & Highways,Ministry of Road Transport & Highways,(NHAI),1246.15,381.27,53.8,30.595835172330776,45.8,8.0,241.66,139.61,0.1311475409836065,2.288688524590164,1,2,61,1,1,1,0.35832223,35.83,MEDIUM
2026-07-01,701128,Construction of New Integrated Passenger Terminal Building at Udaipur Airport,Rajasthan,Aviation & Aviation Infrastructure,Ministry of Civil Aviation,(Airport Authority of India [AAI]),887.0,565.41,74.71,63.74408117249154,68.71,6.0,523.61,41.79999999999996,0.0983606557377049,0.6852459016393435,7,8,515,1,1,1,0.35813555,35.81,MEDIUM
2026-07-01,618508,Construction of Additional Structures including Approaches in Vadodara Surat Section of NH48 between existing Km. 108.000 to Km. 250.000,Gujarat,Roads & Highways,Ministry of Road Transport & Highways,(NHAI),907.39,346.17,48.73,38.15007879742999,46.39,2.3399999999999963,345.87,0.3000000000000113,0.0383606557377048,0.0049180327868854,1,2,61,1,1,1,0.35731444,35.73,MEDIUM
2026-07-01,618626,Four laning from Dive Ghat Km. 220.900 to Hadapsar Km. 234.150 of Mohol Alandi section Pkg VI of NH-965,Maharashtra,Roads & Highways,Ministry of Road Transport & Highways,(NHAI),819.52,122.8,64.95,14.98438110113237,62.03,2.9200000000000017,121.02,1.7800000000000011,0.0478688524590164,0.0291803278688524,1,2,61,1,1,1,0.3570566,35.71,MEDIUM
2026-07-01,618029,Widening to 4 lane from Km. 133.00 to 158.04 design Chainage Km. 130.88 to 155.145 Shirur Cross to Gaddankeri of NH-367 in the State of Karnataka on EPC mode. Job No. NH-367-KNT-2021-22-930,Karnataka,Roads & Highways,Ministry of Road Transport & Highways,(MoRTH),350.69,199.09,81.62,56.770937295046906,78.08,3.5400000000000063,191.38,7.710000000000008,0.058032786885246,0.1263934426229509,3,4,515,1,1,1,0.3566152,35.66,MEDIUM
2026-07-01,617252,Anandnagar - Ghugli via Maharajganj New line 52.7 km,Uttar Pradesh,Railways,Ministry of Railways,(Construction NER),958.27,640.17,24.0,66.80476274953823,23.8,0.1999999999999993,635.41,4.759999999999991,0.0032786885245901,0.0780327868852457,7,8,515,1,1,1,0.3561708,35.62,MEDIUM
2026-07-01,709847,Pipeline Network Project Rudrasagar,Assam,Oil & Gas,Ministry of Petroleum & Natural Gas,(Ministry of Petroleum & Natural Gas),481.03,238.7,54.8,49.62268465584267,54.1,0.6999999999999957,235.37,3.329999999999984,0.0114754098360655,0.0545901639344259,7,8,515,1,1,1,0.35574368,35.57,MEDIUM
2026-07-01,707022,Establishment of new GMC Chaibasa [Singhbhum],Jharkhand,Healthcare,Ministry of Health & Family Welfare,"(Medical Education, Ministry of Health and Family Welfare)",250.0,65.0,57.0,26.0,57.0,0.0,64.0,1.0,0.0,0.0163934426229508,2,3,515,1,1,1,0.3546298,35.46,MEDIUM
2026-07-01,618380,Widening and Up-gradation to 2- Lane with Paved Shoulder Configuration and geometric improvement from Km. 125. 000 to Km 166 Package-3 on Aizawl Tuipang Section of NH-54 in the State of Mizoram Package-3,Mizoram,Roads & Highways,Ministry of Road Transport & Highways,(NHIDCL),867.09,159.55,97.51,18.400627385853834,97.51,0.0,159.47,0.0800000000000125,0.0,0.0013114754098362,3,4,515,1,1,1,0.35357487,35.36,MEDIUM
2026-07-01,618152,Mhaswad to Tembhurni section of NH-548C - 2L PS,Maharashtra,Roads & Highways,Ministry of Road Transport & Highways,(MoRTH),488.6,0.0,96.19,0.0,96.19,0.0,0.0,0.0,0.0,0.0,3,4,515,1,1,1,0.3524925,35.25,MEDIUM
2026-07-01,619160,Balance works in AP Portion and punch list items in TN & AP portion of NH-205,Andhra Pradesh,Roads & Highways,Ministry of Road Transport & Highways,(NHAI),166.52,98.52,100.0,59.164064376651446,100.0,0.0,98.26,0.2599999999999909,0.0,0.004262295081967,2,3,515,1,1,1,0.35208264,35.21,MEDIUM
2026-07-01,701766,Green Building Development Project,Uttarakhand,Real Estate,Ministry of Housing & Urban Affairs,(ministry of housing and urban affairs),150.97,56.76,40.05,37.59687355103663,40.0,0.0499999999999971,54.01,2.75,0.0008196721311474,0.0450819672131147,7,8,515,1,1,1,0.3515343,35.15,MEDIUM
2026-07-01,618413,Construction of 2 laning with Hard shoulder of Peren-Dimapur section on NH 129A from Design Km 146.208 to Km 163.592 Length- 17.384 km in the state of Nagaland on EPC mode under NHO-TSP Package-III,Nagaland,Roads & Highways,Ministry of Road Transport & Highways,(NHIDCL),177.77,0.0,95.62,0.0,93.37,2.25,0.0,0.0,0.0368852459016393,0.0,3,4,515,1,1,1,0.35112953,35.11,MEDIUM
2026-07-01,618439,"Construction of Balance Work of 4-Laning of the Section from Jorhat to Jhanji of NH- 37 Old from Km 453000 to Km 463000 10.000 Km, under SARDP- NE under EPC Mode in the state of Assam Pkg-I Road Works",Assam,Roads & Highways,Ministry of Road Transport & Highways,(NHIDCL),478.3,0.0,96.79,0.0,96.79,0.0,0.0,0.0,0.0,0.0,2,3,515,1,1,1,0.35108346,35.11,MEDIUM
2026-07-01,619341,"Telangana Super Thermal Power Project , Stage-II [3 x 800 MW]",Telangana,Electricity Generation,Ministry of Power,(National Thermal Power Corporation [NTPC]),29344.85,729.63,0.78,2.4863988059233564,0.13,0.65,729.63,0.0,0.010655737704918,0.0,1,2,61,1,1,1,0.35065216,35.07,MEDIUM
2026-07-01,617326,Implementation of Transmission Systems in the State of Jharkhand consisting of 400/220/132/33 kV transmission lines and substations under Jharkhand Consultancy Project,Jharkhand,Transmission & Distribution,Ministry of Power,(Power Grid Corporation of India Limited [POWERGRID]),1842.25,1648.05,96.3,89.4585425430859,96.0,0.2999999999999971,1648.05,0.0,0.0049180327868851,0.0,5,6,515,1,1,1,0.35008615,35.01,MEDIUM
2026-07-01,618001,"Construction of 4-lane flyover at Amberpet-X road, Hyderabad on NH-202 in the State of Telangana",Telangana,Roads & Highways,Ministry of Road Transport & Highways,(MoRTH),216.53,172.02,92.1,79.44395695746547,92.1,0.0,154.05,17.97,0.0,0.2945901639344262,3,4,515,1,1,1,0.34969604,34.97,MEDIUM
2026-07-01,612138,"Transmission Scheme for Solar Energy Zone in Bidar [2500 MW], Karnataka [Bidar Transmission Ltd]","Multi-States (Karnataka, Telangana)",Transmission & Distribution,Ministry of Power,(Power Grid Corporation of India Limited [POWERGRID]),1368.0,1231.2,93.76,90.0,89.46,4.300000000000011,1190.16,41.03999999999997,0.0704918032786887,0.672786885245901,7,8,515,1,1,1,0.34934744,34.93,MEDIUM
2026-07-01,705752,Gudha-Thatha Mithri Construction of Railway Track Project,Rajasthan,Railways,Ministry of Railways,(North Western Railway [NWR]),819.48,405.39,95.0,49.46917557475472,94.0,1.0,400.92,4.46999999999997,0.0163934426229508,0.0732786885245896,7,8,515,1,1,1,0.34898138,34.9,MEDIUM
2026-07-01,613013,Establishment of NIT Nagaland,Nagaland,Education,Department of Higher Education,(NIT Nagaland),275.63,263.25,98.0,95.50847150165076,98.0,0.0,263.25,0.0,0.0,0.0,7,8,515,1,1,1,0.3486086,34.86,MEDIUM
2026-07-01,617948,Kante - Wakad section of NH-66 4L PS from Km.281/300 to 332/200,Maharashtra,Roads & Highways,Ministry of Road Transport & Highways,(MoRTH),1117.75,375.93,90.14,33.63274435249385,90.14,0.0,287.96,87.97000000000003,0.0,1.442131147540984,3,4,515,1,1,1,0.3482801,34.83,MEDIUM
2026-07-01,618847,Sattanathapuram to Nagapattinam from Km 123.800 to Km 179.555,"Multi-States (Puducherry, Tamil Nadu)",Roads & Highways,Ministry of Road Transport & Highways,(NHAI),2899.77,1593.32,85.0,54.94642678557264,82.3,2.700000000000003,1201.6,391.72,0.0442622950819672,6.421639344262296,3,4,515,1,1,1,0.34800443,34.8,MEDIUM
2026-07-01,619328,ONGC-BP Redevelopment Phase-1 Scheme of Mumbai High Field,Maharashtra,Oil & Gas,Ministry of Petroleum & Natural Gas,(Ministry of Petroleum & Natural Gas),3713.4,1557.5,53.2,41.94269402703721,53.2,0.0,1557.5,0.0,0.0,0.0,1,2,61,1,1,1,0.34730777,34.73,MEDIUM
2026-07-01,619111,6L Jakkuva Korlam Section of NH-130CD Road from km 396.800 to km 421.100 Pkg 2,Andhra Pradesh,Roads & Highways,Ministry of Road Transport & Highways,(NHAI),840.51,573.89,99.5,68.27878311977253,99.32,0.1800000000000068,549.56,24.33000000000004,0.0029508196721312,0.3988524590163941,2,3,515,1,1,1,0.3469376,34.69,MEDIUM
2026-07-01,705728,Mumbai-Ahmedabad High Speed Rail Project- 508 km,"Multi-States (Dadra & Nagar Haveli and Daman & Diu, Gujarat, Maharashtra)",Railways,Ministry of Railways,(National High Speed Rail Corporation [NHSRC]),108000.0,90966.89,60.87,84.22860185185185,59.86,1.009999999999998,90501.89,465.0,0.0165573770491802,7.622950819672131,7,8,515,1,1,1,0.3461812,34.62,MEDIUM
2026-07-01,618942,Balance work of 2L PS from Km 30.800 to Km 70.800 and 2L with Rigid Carriageway from Km 70.800 to km 84.120 of Khanapur- KA/GOA Border section of NH-4A,"Multi-States (Goa, Karnataka)",Roads & Highways,Ministry of Road Transport & Highways,(NHAI),226.76,110.31,84.7,48.646145704709824,82.45,2.25,109.78,0.5300000000000011,0.0368852459016393,0.0086885245901639,3,4,515,1,1,1,0.34578893,34.58,MEDIUM
2026-07-01,617830,C2/C3 Vijaipur Pata Pipeline,Madhya Pradesh,Oil & Gas,Ministry of Petroleum & Natural Gas,(Ministry of Petroleum & Natural Gas),1792.0,510.5,70.8,28.487723214285715,65.2,5.599999999999994,488.0,22.5,0.0918032786885245,0.3688524590163934,4,5,515,1,1,1,0.34545988,34.55,MEDIUM
2026-07-01,705526,Samastipur-Darbhanga Doubling Railway Project,Bihar,Railways,Ministry of Railways,(East Central Railway [ECR] - I),519.0,412.58,100.0,79.495183044316,97.0,3.0,401.84,10.740000000000007,0.0491803278688524,0.1760655737704919,7,8,515,1,1,1,0.34468526,34.47,MEDIUM
2026-07-01,618246,Construction of New 4-Lane Bridge Parallel to existing Vikramashila Setufrom km 8920 to Km 13375including approach road 35m Naugachhia side &53 m Bhagalpur sideacross River Ganga on newly declared NH-131B at Bhagalpur in the State of Bihar,Bihar,Roads & Highways,Ministry of Road Transport & Highways,(MoRTH),1110.23,0.0,51.91,0.0,49.78,2.1299999999999955,0.0,0.0,0.0349180327868851,0.0,3,4,515,1,1,1,0.3440187,34.4,MEDIUM
2026-07-01,618966,Six laning with both sides Service Road of Ayodhya Bypass from Design Km 0000 near Ashram Tiraha on NH-46 to Km 16439 end at Ratnagiri Tiraha on Nh-146,Madhya Pradesh,Roads & Highways,Ministry of Road Transport & Highways,(NHAI),1123.17,141.71,20.09,12.616968045798943,15.72,4.369999999999999,94.69,47.02000000000001,0.071639344262295,0.7708196721311477,2,3,515,1,1,1,0.3436842,34.37,MEDIUM
2026-07-01,618434,Roing-Hunli Road Greenfield Alignment Project,Arunachal Pradesh,Roads & Highways,Ministry of Road Transport & Highways,(NHIDCL),1718.59,189.24,82.32,11.01135232952595,82.04,0.2799999999999869,178.83,10.409999999999997,0.004590163934426,0.170655737704918,3,4,515,1,1,1,0.343527,34.35,MEDIUM
2026-07-01,617271,Eastern Region Expansion Scheme-43 [ERES-43],"Multi-States (Bihar, Odisha, West Bengal)",Transmission & Distribution,Ministry of Power,(Power Grid Corporation of India Limited [POWERGRID]),342.69,137.07,29.73,39.998249146458896,29.73,0.0,102.8,34.27,0.0,0.5618032786885245,7,8,515,1,1,1,0.34304202,34.3,MEDIUM
2026-07-01,618530,Six Laning of Varanasi to Aurangabad from km. 786.00 to km. 978.40 of Old NH-2,"Multi-States (Bihar, Uttar Pradesh)",Roads & Highways,Ministry of Road Transport & Highways,(NHAI),3241.56,2858.26,99.75,88.17544639000975,95.58,4.170000000000002,1248.48,1609.7800000000002,0.0683606557377049,26.38983606557377,3,4,515,1,1,1,0.34171435,34.17,MEDIUM
2026-07-01,705799,Nagpur- Nagbhir Railway Line Gauge Conversion Project,Maharashtra,Railways,Ministry of Railways,(MRIDC),1400.0,1472.0,80.0,105.14285714285714,80.0,0.0,1472.0,0.0,0.0,0.0,7,8,515,1,1,1,0.34141406,34.14,MEDIUM
2026-07-01,618898,Balance Works for Four laning of Vikravandi to Sethiyathope section from Km 0.0 to Km 65.96 of NH-45C in Tamil Nadu under NHDP Phase-IV on EPC mode,Tamil Nadu,Roads & Highways,Ministry of Road Transport & Highways,(NHAI),1163.17,235.05,33.64,20.20770824557029,26.7,6.940000000000001,166.37,68.68,0.1137704918032787,1.1259016393442625,1,2,61,1,1,1,0.34110826,34.11,MEDIUM
2026-07-01,701346,North East Gas Grid,"Multi-States (Arunachal Pradesh, Assam, Manipur, Meghalaya, Mizoram, Nagaland, Sikkim, Tripura, West Bengal)",Oil & Gas,Ministry of Petroleum & Natural Gas,(Ministry of Petroleum & Natural Gas),9265.0,6900.0,88.0,74.4738262277388,87.6,0.4000000000000057,6877.97,22.029999999999745,0.0065573770491804,0.3611475409836023,7,8,515,1,1,1,0.3407431,34.07,MEDIUM
2026-07-01,701658,Krishnapatnam Node - Phase 1 - Roads and Services Development,Andhra Pradesh,Real Estate,Department for Promotion of Industry & Internal Trade,(National Industrial Corridor Development Corporation),2139.44,981.35,45.43,45.869479863889616,39.14,6.289999999999999,814.26,167.09000000000003,0.1031147540983606,2.739180327868853,7,8,515,1,1,1,0.34063062,34.06,MEDIUM
2026-07-01,617299,50 MW Wind Power Project,Gujarat,Electricity Generation,Ministry of Coal,(NLC India Limited),383.84,328.54,52.0,85.59295539808255,51.0,1.0,328.56,-0.0199999999999818,0.0163934426229508,-0.0003278688524587,7,8,515,1,1,1,0.3406194,34.06,MEDIUM
2026-07-01,619165,Thanamcherla-Jamandlapally 2LPS,Telangana,Roads & Highways,Ministry of Road Transport & Highways,(NHAI),177.18,8.3,100.0,4.684501636753584,100.0,0.0,8.31,-0.0099999999999997,0.0,-0.0001639344262295,2,3,515,1,1,1,0.34046537,34.05,MEDIUM
2026-07-01,618914,"4L Elevated Corridor and at-grade improvements from Design Ch0000 to Design Ch 19870 of Danapur Bihta Section, Design Ch0000 to Design Ch0231 connecting the existing RoB near Danapur station ,1.35 Km ramps and at-grade improvements to 4- lane section on Danapur side and Upgradation of existing Two lane carriageway to Four Lane carriageway from Design Ch19870 to Design Ch23500 of Bihta - Koilwar section",Bihar,Roads & Highways,Ministry of Road Transport & Highways,(NHAI),4432.97,1517.29,61.12,34.22739156818115,54.99,6.129999999999996,1371.21,146.07999999999993,0.1004918032786884,2.3947540983606546,1,2,61,1,1,1,0.34029505,34.03,MEDIUM
2026-07-01,618423,Construction of 2-Lane with hard shoulders of Merangkong-Tamlu-Mon MTM Road from existing Km 20.456 to Km 41.065 Design Km. 20 to Km. 40.0 Design Length- 20.000 Km in the State of Nagaland under SARDP-NE Phase-A Pkg-2 Balance work,Nagaland,Roads & Highways,Ministry of Road Transport & Highways,(NHIDCL),215.79,173.12,100.0,80.22614578988832,100.0,0.0,28.64,144.48000000000002,0.0,2.368524590163935,3,4,515,1,1,1,0.3398837,33.99,MEDIUM
2026-07-01,619010,Up-gradation to 2 lane with paved shoutders of Pawlrang - Rulchawm section- of NH- 102B of Aizawl - Imphal Economic Corridor from Existing Chainage km 72.030 to km 104.129 including 2.459 km re-alignment section from Tuivai River to Rulchawm connecting km 48.150 of NH-6 [Design Chainage km 68.170 to km 98.579] in the State of Mizoram under Bharatmala Pariyojna on EPC mode under NHO-NE Package-3 Keifang- Tuivai Pkg-3,Mizoram,Roads & Highways,Ministry of Road Transport & Highways,(NHIDCL),500.88,442.08,99.52,88.26066123622425,75.35,24.17,305.45,136.63,0.3962295081967213,2.2398360655737704,2,3,515,1,1,1,0.3395463,33.95,MEDIUM
2026-07-01,709826,SCREENING PLANT-III AT KIRANDUL,Chhattisgarh,Steel,Ministry of Steel,(National Mineral Development Corporation Limited [NMDC]),2718.84,1748.76,83.15,64.32007768018714,82.17,0.980000000000004,1524.61,224.1500000000001,0.0160655737704918,3.674590163934428,7,8,515,1,1,1,0.33823624,33.82,MEDIUM
2026-07-01,618858,"Improvement and Up-Gradation of Existing Road to 4L PS from Km 88.750 to 123.650, from Start of Shahjahanpur Bypass to start of Shahabad bypass of NH 731Pkg.-2A",Uttar Pradesh,Roads & Highways,Ministry of Road Transport & Highways,(NHAI),955.34,348.38,70.56,36.46659827914669,64.2,6.359999999999999,269.0,79.38,0.1042622950819672,1.301311475409836,1,2,61,1,1,1,0.33807266,33.81,MEDIUM
2026-07-01,618543,4L of twin tube tunnel configuration including approaches from Marog to Digdol from Km.154.210 to Km.158.650 North Bound and from Km.155.940 to Km.160.260 South Bound of Ramban to Banihal Pkg-I of Old NH-1A New NH-44,Jammu and Kashmir,Roads & Highways,Ministry of Road Transport & Highways,(NHAI),1912.17,404.01,30.5,21.128351558700324,27.0,3.5,357.42,46.589999999999975,0.0573770491803278,0.7637704918032783,3,4,515,1,1,1,0.33695462,33.7,MEDIUM
2026-07-01,617958,Widening & Strenthening from km132.895 to km 190.15 NH-80,Bihar,Roads & Highways,Ministry of Road Transport & Highways,(MoRTH),566.1,292.35,95.1,51.64281928987812,95.0,0.0999999999999943,251.12,41.23000000000002,0.0016393442622949,0.6759016393442626,3,4,515,1,1,1,0.3367225,33.67,MEDIUM
2026-07-01,618409,Widening & Up-gradation to 2 lane with Paved shoulder of NH-301 Kargil- Zanskar Road from Design km 57.000 Ex. Km. 57.905 to Km 87.000 Ex. Km. 88.2491 of 30.000 Km length Pkg-lll,Ladakh,Roads & Highways,Ministry of Road Transport & Highways,(NHIDCL),381.01,299.33,89.3,78.5622424608278,82.74,6.560000000000002,221.62,77.70999999999998,0.1075409836065574,1.2739344262295078,3,4,515,1,1,1,0.3366796,33.67,MEDIUM
2026-07-01,610315,IISER BERHAMPUR,Odisha,Education,Department of Higher Education,"(Indian Institutes of Science Education and Research, Behrampur)",1229.32,874.09,98.5,71.10353691471708,98.5,0.0,874.09,0.0,0.0,0.0,7,8,515,1,1,1,0.33657822,33.66,MEDIUM
2026-07-01,618421,"Construction of 2-Lane with paved shoulder of Shillong Western Bypass starting from NH-06 near Ladumsaw Existing km 60.900 of old NH-40 to NH106 old NH-44E, km 0000 to km 12800 Package-I under SARDP-NE PHASE A in the State of Meghalaya on EPC Mode Greenfield alignment",Meghalaya,Roads & Highways,Ministry of Road Transport & Highways,(NHIDCL),620.3,304.5,73.13,49.08915041109141,68.85,4.280000000000001,215.93,88.57,0.0701639344262295,1.451967213114754,3,4,515,1,1,1,0.33608323,33.61,MEDIUM
2026-07-01,612787,Construction of New Domestic Terminal Building and Miscellaneous works at Hubli Airport,Karnataka,Aviation & Aviation Infrastructure,Ministry of Civil Aviation,(Airport Authority of India [AAI]),320.47,160.21,85.0,49.99219895778076,77.0,8.0,148.68,11.53,0.1311475409836065,0.1890163934426229,7,8,515,1,1,1,0.33405173,33.41,MEDIUM
2026-07-01,606479,Banaras Hindu University [ Kayakalp of Institute of Medical Sciences],Uttar Pradesh,Education,Department of Higher Education,(Banaras Hindu University),246.0,209.68,99.0,85.23577235772358,99.0,0.0,207.02,2.6599999999999966,0.0,0.0436065573770491,7,8,515,1,1,1,0.33372152,33.37,MEDIUM
2026-07-01,617962,"Construction of Bypass to Madurai Achambathu Viratipathu in between km 6/850 10/382 of NH 49 Extn New NH 85 including Land Acquisition on Engineering, Procurement & Construction EPC basis Contract under NH O Annual Plan 2021-22 in the state of Tamil Nadu job No.NH-49 Extn New NH 85 - TN-2021-22-997",Tamil Nadu,Roads & Highways,Ministry of Road Transport & Highways,(MoRTH),238.97,126.43,94.0,52.90622253839394,93.0,1.0,119.33,7.1000000000000085,0.0163934426229508,0.1163934426229509,3,4,515,1,1,1,0.3337042,33.37,MEDIUM
2026-07-01,619139,Construction of New Double Tier 4L Elevated Corridor from Chennai Port to Maduravoyal in Chennai District from km -0.342 to Km 20.593 and Package III from Km 9.700 to Km 14.185,Tamil Nadu,Roads & Highways,Ministry of Road Transport & Highways,(NHAI),1299.36,189.12,17.24,14.554857776135949,16.88,0.3599999999999994,146.74,42.38,0.0059016393442622,0.6947540983606557,2,3,515,1,1,1,0.33325192,33.33,MEDIUM
2026-07-01,617967,Construction of Rudraprayag tunnel of length 900.30 MTR including approaches and one major bridge on river Alaknanda connecting NH-107/old-109 to NH-07old-58 on EPC mode in the state of Uttarakhand.,Uttarakhand,Roads & Highways,Ministry of Road Transport & Highways,(MoRTH),251.88,0.0,99.0,0.0,99.0,0.0,0.0,0.0,0.0,0.0,1,2,61,1,1,1,0.33313534,33.31,MEDIUM
2026-07-01,618602,6L of Thalikulam to Kodugallur section from km 369.015 to km 397.850 of NH - 66 old NH-17,Kerala,Roads & Highways,Ministry of Road Transport & Highways,(NHAI),4302.06,3312.67,94.55,77.00194790402736,84.18,10.36999999999999,772.89,2539.78,0.1699999999999998,41.63573770491804,3,4,515,1,1,1,0.33276984,33.28,MEDIUM
2026-07-01,619181,Rehabilitation and Up gradation from 4 to 8 laning of Chandikhole Paradip Section of NH-53 Old NH 5A from Km.60.000 to Km.76.646 Package-4,Odisha,Roads & Highways,Ministry of Road Transport & Highways,(NHAI),882.45,196.63,33.02,22.28228228228228,32.0,1.0200000000000031,163.87,32.75999999999999,0.0167213114754098,0.5370491803278687,1,2,61,1,1,1,0.3325882,33.26,MEDIUM
2026-07-01,618082,Widening & Upgradation to four lane configuration from Km.34.900 Bhadohi to km.73.134 Jaunpur of NH-135A on EPC mode,Uttar Pradesh,Roads & Highways,Ministry of Road Transport & Highways,(MoRTH),395.62,0.0,94.0,0.0,94.0,0.0,0.0,0.0,0.0,0.0,3,4,515,1,1,1,0.33229426,33.23,MEDIUM
2026-07-01,617929,Construction of 2 lane with paved shoulder of Kund Bypass from Design Km 35.130 to Km 47.700 existing Km 33.130 to Km 41.260 of NH-109 in the State of Uttarakhand,Uttarakhand,Roads & Highways,Ministry of Road Transport & Highways,(MoRTH),247.41,114.6,73.5,46.31987389353704,73.5,0.0,110.98,3.6199999999999903,0.0,0.0593442622950818,3,4,515,1,1,1,0.33206624,33.21,MEDIUM
2026-07-01,618600,6L of Valanchery bypass to Kappirikkad of NH 66 from km. 298500 to km 335850,Kerala,Roads & Highways,Ministry of Road Transport & Highways,(NHAI),4023.94,2476.49,100.0,61.543909700442846,98.84,1.1599999999999966,1497.69,978.7999999999996,0.0190163934426228,16.045901639344258,3,4,515,1,1,1,0.3320565,33.21,MEDIUM
2026-07-01,298178,"Meja Thermal Power Project, Stage-II , (3x800 MW)",Uttar Pradesh,Electricity Generation,Ministry of Power,(National Thermal Power Corporation [NTPC]),38358.0,1002.73,0.02,2.6141352520986496,,,,,,,0,1,0,1,1,1,0.3319079,33.19,MEDIUM
2026-07-01,618586,Improvement and strengthening of existing 2 lane stretch to 2-Lane with PS 1.5m on both sides on Ghoti-Sinnar section of NH-160A using Thin White Topping 200mm thick in the State Of Maharashtra on EPC Mode,Maharashtra,Roads & Highways,Ministry of Road Transport & Highways,(NHAI),254.78,115.05,77.0,45.15660569903446,76.0,1.0,99.89,15.159999999999997,0.0163934426229508,0.2485245901639343,1,2,61,1,1,1,0.3317641,33.18,MEDIUM
2026-07-01,618394,Up-gradation to 2-lane with Paved Shoulder from Km 12.850 to Km20.300 of 7.450Km length on Goha-Khellani section and a link road to Goha village of 2.016 km on NH- 244 in UT of Jammu and Kashmir on EPC Mode Pkg-1,Jammu and Kashmir,Roads & Highways,Ministry of Road Transport & Highways,(NHIDCL),228.39,176.58,94.26,77.31511887560752,94.26,0.0,163.81,12.77000000000001,0.0,0.2093442622950821,3,4,515,1,1,1,0.33156413,33.16,MEDIUM
2026-07-01,618411,Melaghar-Srimantapur section on NH-08 Spur from Km 23 to Km 34.500 11.5 Km and overlay from Km 20.30 to Km 22.00 1.7 Km Total Length 13.2 Km,Tripura,Roads & Highways,Ministry of Road Transport & Highways,(NHIDCL),195.95,92.61,72.48,47.262056647103854,69.78,2.700000000000003,86.26,6.349999999999994,0.0442622950819672,0.1040983606557376,3,4,515,1,1,1,0.33144253,33.14,MEDIUM
2026-07-01,707057,Establishment of new GMC Leh,Ladakh,Healthcare,Ministry of Health & Family Welfare,"(Medical Education, Ministry of Health and Family Welfare)",325.0,127.0,0.0,39.07692307692307,0.0,0.0,127.0,0.0,0.0,0.0,1,2,61,1,1,1,0.33090752,33.09,MEDIUM
2026-07-01,612877,Establishment of NIT Puducherry Permanent Campus [Phase-I and Phase-II],Puducherry,Education,Department of Higher Education,"(National Institute of Technology, Puducherry)",618.34,543.74,99.5,87.93544004916389,98.5,1.0,543.74,0.0,0.0163934426229508,0.0,7,8,515,1,1,1,0.32987624,32.99,LOW
2026-07-01,618841,4L Elevated Section and at-grade improvements at Begusarai town Simaria - Khagaria section from Km. 221.047 to Km. 225.302 of NH-31,Bihar,Roads & Highways,Ministry of Road Transport & Highways,(NHAI),491.04,348.04,95.72,70.87813620071685,93.88,1.8400000000000036,342.96,5.080000000000041,0.0301639344262295,0.0832786885245908,3,4,515,1,1,1,0.32972604,32.97,LOW
2026-07-01,709850,Borholla GGS Life Extension Project [BLEP],Assam,Oil & Gas,Ministry of Petroleum & Natural Gas,(Ministry of Petroleum & Natural Gas),198.7,103.59,62.5,52.1338701560141,55.7,6.799999999999997,96.22,7.370000000000003,0.1114754098360655,0.1208196721311476,7,8,515,1,1,1,0.3286098,32.86,LOW
2026-07-01,618513,6L of Kagal-Satara section from Km 592.500 to Km 658.000 of NH-48 Pkg-I,Maharashtra,Roads & Highways,Ministry of Road Transport & Highways,(NHAI),2111.95,634.07,45.47,30.022964558820053,49.88,-4.410000000000004,631.63,2.4400000000000546,-0.0722950819672131,0.0400000000000008,3,4,515,1,1,1,0.328361,32.84,LOW
2026-07-01,618954,Umagaon - Saharsa Package - I Combined Umagaon-Kaluahi0.000KM to 21.609Km of NH227LSaharghat-Rahika0.000 Km to 26.130KM of NH227JRahika-Rampatti 0.00 KM to 15.00KM of NH527ABideshwarsthan-Bheja0.000KM to 25.915KM of NH527A.,Bihar,Roads & Highways,Ministry of Road Transport & Highways,(NHAI),1473.2,641.88,21.5,43.57045886505566,16.41,5.09,586.95,54.92999999999995,0.0834426229508196,0.9004918032786877,1,2,61,1,1,1,0.32828873,32.83,LOW
2026-07-01,619057,Construction of 4-Lane Badarpur Bypass from Design Chainage km 27300 at crossing with NH-6 Old NH-44 Near Siddeswar Pt.-I Village to Design Chainage km 38600 on NH-37 Old NH-44 at Kandigram Chaita Village on Silchar - Churaibari stretch in the State of Assam on EPC Mode under Bharatmala Pariyojana in Economic Corridors Silchar- Churaibari Pkg-3,Assam,Roads & Highways,Ministry of Road Transport & Highways,(NHIDCL),574.26,318.82,71.09,55.51840629679936,71.09,0.0,316.32,2.5,0.0,0.040983606557377,2,3,515,1,1,1,0.328131,32.81,LOW
2026-07-01,618495,4/6L Access Control Expressway from Design Chainage Km 515.000 to 528.300 Kunjwani to Sidhra Section of NH-44 and from Design Chainage Km 550.900 to Km 566.520 Domel to Katra Section Phase II-Package XVII,Jammu and Kashmir,Roads & Highways,Ministry of Road Transport & Highways,(NHAI),2894.74,996.74,66.17,34.43279880058313,62.0,4.170000000000002,810.99,185.75,0.0683606557377049,3.045081967213114,3,4,515,1,1,1,0.3277562,32.78,LOW
2026-07-01,616701,Lumding Furkating Doubling Project 140 km,"Multi-States (Assam, Nagaland)",Railways,Ministry of Railways,(Northeast Frontier Railway [NFR]),2123.7,141.06,12.5,6.642181099025287,10.0,2.5,121.34,19.72,0.040983606557377,0.3232786885245901,7,8,515,1,1,1,0.3276425,32.76,LOW
2026-07-01,617838,Augmentation of CCKPL and IDPL Pipelines capacity along with setting up of Palakkad TOP,Kerala,Oil & Gas,Ministry of Petroleum & Natural Gas,(Ministry of Petroleum & Natural Gas),1130.0,306.1,43.2,27.08849557522124,36.2,7.0,268.98,37.120000000000005,0.1147540983606557,0.6085245901639345,4,5,515,1,1,1,0.32638302,32.64,LOW
2026-07-01,618655,2L PS of Roshni to Ashapur Section of NH-347B from Design KM Ch. 89.900 to 114.000 KM Package III of Betul Khandwa,Madhya Pradesh,Roads & Highways,Ministry of Road Transport & Highways,(NHAI),200.99,126.72,98.26,63.04791283148416,85.42,12.840000000000003,109.85,16.870000000000005,0.2104918032786885,0.2765573770491804,1,2,61,1,1,1,0.3255102,32.55,LOW
2026-07-01,618868,4L from Devinagar Bypass End Existing Km. 208.000 of NH 530B/Design Km. 66.000 to Kasganj Bypass End Existing Km.150.100 of NH 530B/ Design Km. 123.100 of NH 530B,Uttar Pradesh,Roads & Highways,Ministry of Road Transport & Highways,(NHAI),2289.52,1027.0,70.02,44.85656382123764,62.48,7.539999999999999,486.52,540.48,0.1236065573770491,8.86032786885246,1,2,61,1,1,1,0.32529873,32.53,LOW
2026-07-01,709799,Setting up Polypropylene Unit at Kochi Refinery,Kerala,Oil & Gas,Ministry of Petroleum & Natural Gas,(MinistryofPetroleumNaturalGas),4460.0,893.86,40.5,20.04170403587444,32.2,8.299999999999997,818.9,74.96000000000004,0.1360655737704917,1.228852459016394,7,8,515,1,1,1,0.3252863,32.53,LOW
2026-07-01,618169,Construction of Two Lane with paved shoulder highway from Design Ch.0.000 to Ch.49.2OO of NH-731B on EPC Mode,Uttar Pradesh,Roads & Highways,Ministry of Road Transport & Highways,(MoRTH),640.18,265.25,97.68,41.43365928332657,95.98,1.7000000000000028,239.2,26.05000000000001,0.0278688524590164,0.427049180327869,3,4,515,1,1,1,0.3240063,32.4,LOW
2026-07-01,612790,Power System Upgradation Project,Karnataka,Oil & Gas,Ministry of Petroleum & Natural Gas,(MinistryofPetroleumNaturalGas),385.0,268.2,88.7,69.66233766233766,82.5,6.200000000000003,260.92,7.279999999999973,0.1016393442622951,0.1193442622950815,7,8,515,1,1,1,0.32382035,32.38,LOW
2026-07-01,618908,3L Major Bridge over River Brahmani at Km. 401.250 Duburi - Chandikhole Section of NH-200 New NH -53,Odisha,Roads & Highways,Ministry of Road Transport & Highways,(NHAI),153.61,73.59,38.0,47.90703730225896,38.0,0.0,73.59,0.0,0.0,0.0,3,4,515,1,1,1,0.32376298,32.38,LOW
2026-07-01,617983,Widening & Strengthening of Existing 2LPS to 4 lane PS from Km 150000 to Km 159000 and Km 165400 to Km 186000 of NH-163 old NH-202 under NH O for the year 2020-21 on EPC Mode in the state of Telangana.,Telangana,Roads & Highways,Ministry of Road Transport & Highways,(MoRTH),317.19,190.76,90.0,60.140609729184405,87.0,3.0,175.26,15.5,0.0491803278688524,0.2540983606557377,3,4,515,1,1,1,0.32115164,32.12,LOW
2026-07-01,707052,Establishment of new GMC Handwara [Distt. Kupwara],Jammu and Kashmir,Healthcare,Ministry of Health & Family Welfare,"(Medical Education, Ministry of Health and Family Welfare)",325.0,173.0,0.0,53.230769230769226,0.0,0.0,173.0,0.0,0.0,0.0,1,2,61,1,1,1,0.3211212,32.11,LOW
2026-07-01,617839,Capacity Augmentation of Kandla LPG Import Terminal [KLIT] from 0.6 MMTPA to 2.5 MMTPA,Gujarat,Energy Storage,Ministry of Petroleum & Natural Gas,(Ministry of Petroleum & Natural Gas),356.86,163.79,67.5,45.89755086028134,66.0,1.5,72.32,91.47,0.0245901639344262,1.4995081967213115,4,5,515,1,1,1,0.32109046,32.11,LOW
2026-07-01,706837,Pradhan Kuntha Jn Line Doubling Project,Jharkhand,Railways,Ministry of Railways,(East Central Railway [ECR] - I),349.22,145.57,72.0,41.68432506729282,71.5,0.5,125.71,19.86,0.0081967213114754,0.3255737704918032,6,7,515,1,1,1,0.3206738,32.07,LOW
2026-07-01,618904,Chhapra - Hajipur from km. 143.200 to km. 209.200,Bihar,Roads & Highways,Ministry of Road Transport & Highways,(NHAI),2127.86,526.04,89.81,24.72155122987414,89.81,0.0,98.07,427.97,0.0,7.0159016393442615,3,4,515,1,1,1,0.32038793,32.04,LOW
2026-07-01,702699,Muzaffarpur Storm Water Drainage Phase-I Project,Bihar,Waste & Water,Ministry of Housing & Urban Affairs,(Ministry of Housing & Urban Affairs),158.78,135.72,85.0,85.47676029726665,84.0,1.0,135.72,0.0,0.0163934426229508,0.0,6,7,515,1,1,1,0.32024196,32.02,LOW
2026-07-01,617885,Rehabilitation and Up-gradation of Nongstoin Wahkaji section of Project Road Km 0000 to Km 43060 to Intermediate Lane with earthern shoulder under SARDP-NE Phase-A in the State of Meghalaya on EPC mode. Job No- SARDP-NE ong-Don- Maw/MG/2020-21/294,Meghalaya,Roads & Highways,Ministry of Road Transport & Highways,(MoRTH),302.88,187.77,99.1,61.99484944532488,99.1,0.0,182.58,5.189999999999998,0.0,0.0850819672131147,3,4,515,1,1,1,0.31999645,32.0,LOW
2026-07-01,619038,Construction/upgradation to 2-lane with paved shoulder from Design Km 95.55 Bandarkoot to Km. 111.06 Chattroo of 15.52 Km length on Khellani-Kishtwar-Chattroo section on NH-244 in UT of Jammu and Kashmir on EPC Mode Pkg-5,Jammu and Kashmir,Roads & Highways,Ministry of Road Transport & Highways,(NHIDCL),497.09,270.8,99.97,54.47705646864753,99.97,0.0,240.1,30.700000000000017,0.0,0.5032786885245905,2,3,515,1,1,1,0.3196856,31.97,LOW
2026-07-01,618393,"Construction for Mitigation Measures of 10 Nos. Landslides, 01 No. Sinking Zones and 1 No. of Minor Bridge in between at Ch. Km 368.00 to Km 433.00 on NH-07 on EPC Mode in Uttarakhand Package-1",Uttarakhand,Roads & Highways,Ministry of Road Transport & Highways,(NHIDCL),216.68,113.17,98.61,52.229093594240354,96.0,2.6099999999999994,107.69,5.480000000000004,0.0427868852459016,0.0898360655737705,3,4,515,1,1,1,0.31962034,31.96,LOW
2026-07-01,619293,Construction of 4 Lane Access Controlled Bypass for Dehradun on NH307 from Design Chainage km 0050 Jhajra on NH-07 to Design Chainage km 12220 Asharori on EPC Mode in the State of Uttarakhand under NHO,Uttarakhand,Roads & Highways,Ministry of Road Transport & Highways,(NHAI),715.97,179.03,58.09,25.00523764962219,47.84,10.25,140.53,38.5,0.1680327868852459,0.6311475409836066,1,2,61,1,1,1,0.31741756,31.74,LOW
2026-07-01,617892,Construction of 2-lane road of Potin to Pangin section of NH-13 from Km 163.59 to Km 206.66 Package-5 on EPC Mode in the State of Arunachal Pradesh under Arunachal Pradesh Package of Roads and Highways of SARDP-NE [Job No SARDP-NE/P- P/Pkg-A/NH-13/Ar.Pr./PWD/2018-19/116],Arunachal Pradesh,Roads & Highways,Ministry of Road Transport & Highways,(MoRTH),450.65,345.01,96.61,76.55830467103073,96.61,0.0,308.61,36.39999999999998,0.0,0.5967213114754094,3,4,515,1,1,1,0.31511974,31.51,LOW
2026-07-01,618458,Delhi-Vadodara Greenfield Alignment NH-148N Pkg-15 Ch. 419.000 to Ch.427.300 [Junction with NH-12 near village Ummedpura to Major bridge over Takli river near Nayagaon Jageer village],Rajasthan,Roads & Highways,Ministry of Road Transport & Highways,(NHAI),1854.68,1495.49,95.52,80.6333167985852,93.44,2.0799999999999983,1386.51,108.98000000000002,0.0340983606557376,1.7865573770491807,3,4,515,1,1,1,0.3150379,31.5,LOW
2026-07-01,611963,"Construction & Development of Infrastructural Facilities in the main campus of NIT Uttarakhand at Sumari, Pauri Garhwal",Uttarakhand,Education,Department of Higher Education,(National Institute of Technology Uttarakhand),650.85,391.87,62.0,60.20895751709303,56.0,6.0,345.85,46.01999999999998,0.0983606557377049,0.7544262295081964,7,8,515,1,1,1,0.31455645,31.46,LOW
2026-07-01,611047,"Construction of NTB complex including apron, taxi track and other associated civil works and electrical & mechanical installations towards Tawi River side at CA Jammu.",Jammu and Kashmir,Aviation & Aviation Infrastructure,Ministry of Civil Aviation,(Airport Authority of India [AAI]),861.37,353.54,55.35,41.04391840904606,51.35,4.0,319.5,34.04000000000002,0.0655737704918032,0.5580327868852463,7,8,515,1,1,1,0.31342795,31.34,LOW
2026-07-01,618186,"Rehabilitation and Up-gradation of Valigonda to Thorrur Section to Two Lane with Paved Shoulders from Km 39.180 to Km 108.300 of NH-930P in the State of Telangana on Engineering, Procurement and Construction EPC Basis",Telangana,Roads & Highways,Ministry of Road Transport & Highways,(MoRTH),549.28,325.77,94.68,59.3085493737256,94.01,0.6700000000000017,296.89,28.879999999999995,0.010983606557377,0.4734426229508196,3,4,515,1,1,1,0.31166032,31.17,LOW
2026-07-01,618230,Rehabilitation and Upgradation to 2-lane configuration of Kalwahn-Mandi Section km 208.950 to 250.592 of NH-70 in the State of Himachal Pradesh under Green National Highways Corridor Project GNHCP with the loan assistance of World Bank on EPC mode.Package-3,Himachal Pradesh,Roads & Highways,Ministry of Road Transport & Highways,(MoRTH),314.32,0.0,70.39,0.0,67.92,2.469999999999999,0.0,0.0,0.0404918032786885,0.0,3,4,515,1,1,1,0.31128916,31.13,LOW
2026-07-01,617968,Construction & Widening Including Augustmuni Bypass Ch-16.545 to Ch - 19.890 to 2L/PS from Km 16.545-Km 33.130 & 45.980 -57.975 Augustmuni to Kund & Guptkashi to Sitapur on NH 109 in UK,Uttarakhand,Roads & Highways,Ministry of Road Transport & Highways,(MoRTH),418.89,0.0,95.0,0.0,95.0,0.0,422.72,-422.72,0.0,-6.929836065573771,3,4,515,1,1,1,0.31102479,31.1,LOW
2026-07-01,619101,4L Shahpur to Muktainagar from Km. 186.000 to km 216.278 of NH 753L Pkg II of Boregaon Buzurg to Muktainagar,"Multi-States (Madhya Pradesh, Maharashtra)",Roads & Highways,Ministry of Road Transport & Highways,(NHAI),784.35,330.42,64.0,42.12660164467393,64.0,0.0,299.09,31.33000000000004,0.0,0.5136065573770499,2,3,515,1,1,1,0.3104636,31.05,LOW
2026-07-01,612883,Establishment of Permanent Campus of NIT SIkkim at Khamdong-Gangtok District,Sikkim,Education,Department of Higher Education,(NIT Sikkim),685.76,283.56,37.6,41.349743350443305,34.5,3.1000000000000014,283.56,0.0,0.0508196721311475,0.0,7,8,515,1,1,1,0.3100715,31.01,LOW
2026-07-01,709800,"CUF POL Depot at Sadashibpur [Meramundali], Odisha",Odisha,Oil & Gas,Ministry of Petroleum & Natural Gas,(MinistryofPetroleumNaturalGas),393.54,232.3,83.5,59.02830716064441,80.9,2.5999999999999943,218.63,13.670000000000016,0.042622950819672,0.2240983606557379,7,8,515,1,1,1,0.3099464,30.99,LOW
2026-07-01,400078,New Mundra Panipat Crude Oil Pipeline,"Multi-States (Gujarat, Haryana, Rajasthan)",Energy Storage,Ministry of Petroleum & Natural Gas,(Ministry of Petroleum & Natural Gas),9028.0,7482.71,94.1,82.88336287106779,91.4,2.6999999999999886,7160.82,321.8900000000003,0.044262295081967,5.276885245901645,7,8,515,1,1,1,0.30982512,30.98,LOW
2026-07-01,618091,Widening to two lane with paved shoulders from Km 0/000 to Km 45/946 of Nizampet- Narayankhed-bidar section of NH-161B in the state of Telangana under Annual Plan 2021-22 on EPC mode under NHO,Telangana,Roads & Highways,Ministry of Road Transport & Highways,(MoRTH),512.98,151.45,46.0,29.52356817029904,41.8,4.200000000000003,117.6,33.849999999999994,0.0688524590163934,0.5549180327868851,1,2,61,1,1,1,0.30959544,30.96,LOW
2026-07-01,617955,Widening to two lane with paved Shoulders from Km 40.00 to Km 75.00 Existing chainages of Mangalore - Tumkur section of NH-73 in the State of Karnataka on EPC Mode under Annual Plan 2021-22 Job No NH-73-KNT-2021-22-945,Karnataka,Roads & Highways,Ministry of Road Transport & Highways,(MoRTH),718.52,308.99,84.0,43.003674219228415,82.0,2.0,308.84,0.1500000000000341,0.0327868852459016,0.0024590163934431,3,4,515,1,1,1,0.3094823,30.95,LOW
2026-07-01,706777,Baranagar-Barrackpore and Dakshineshwar- Construction of Metro Railway,West Bengal,Railways,Ministry of Railways,(RVNL - II),2298.0,429.56,17.0,18.69277632724108,17.0,0.0,393.02,36.54000000000002,0.0,0.5990163934426233,7,8,515,1,1,1,0.30901036,30.9,LOW
2026-07-01,618736,4L Elevated corridor of Kalimandir-Dimna Chowk-Baliguma Jamshedpur Section of NH-33 New NH-18 from km 241940 to km 251961 Length 10.021 km,Jharkhand,Roads & Highways,Ministry of Road Transport & Highways,(NHAI),936.26,310.35,46.79,33.14784354773247,43.21,3.5799999999999983,281.39,28.96000000000004,0.0586885245901639,0.4747540983606563,1,2,61,1,1,1,0.3086303,30.86,LOW
2026-07-01,617837,Siliguri Marketing Terminal [SMT] Capacity Augmentation Project,West Bengal,Oil & Gas,Ministry of Petroleum & Natural Gas,(Ministry of Petroleum & Natural Gas),484.0,315.4,88.3,65.16528925619835,87.9,0.3999999999999915,310.0,5.399999999999977,0.0065573770491801,0.088524590163934,4,5,515,1,1,1,0.3081932,30.82,LOW
2026-07-01,618399,Construction of Kishtwar bypass with 2 lane with paved shoulder from Design Km. 80.675 Dulhasti to km 95.550 Bandarkoot of 14.88 km & a link road to Kishtwar town from 0000 to 1.871 of length1.871 Km on Khellani - Kishtwar - Chattroo section in UT of Jammu and Kashmir on EPC Mode Pkg-4,Jammu and Kashmir,Roads & Highways,Ministry of Road Transport & Highways,(NHIDCL),859.67,360.47,50.64,41.93120616050345,50.05,0.5900000000000034,308.95,51.52000000000004,0.009672131147541,0.8445901639344269,3,4,515,1,1,1,0.30672908,30.67,LOW
2026-07-01,615347,TRANSMISSION SYSTEM FOR EVACUATION OF POWER FROM POTENTIAL RENEWABLE ENERGY ZONE IN KHAVDA AREA OF GUJARAT UNDER PHASE-V [8 GW] PART A [SPV Name POWERGRID West Central Transmission Limited],"Multi-States (Gujarat, Maharashtra)",Transmission & Distribution,Ministry of Power,(Power Grid Corporation of India Limited [POWERGRID]),24819.0,2978.28,18.11,12.000000000000002,9.67,8.44,2481.9,496.3800000000001,0.1383606557377049,8.13737704918033,7,8,515,1,1,1,0.3056431,30.56,LOW
2026-07-01,618568,4/6L Southern Ayodhya Bypass from Km 5.000 to Km 37.172 starting near Km. 112.540 and ending at Km. 153.281 of NH-27,Uttar Pradesh,Roads & Highways,Ministry of Road Transport & Highways,(NHAI),2541.13,312.39,39.03,12.293349808943264,35.14,3.890000000000001,265.58,46.81,0.0637704918032786,0.7673770491803279,1,2,61,1,1,1,0.30524445,30.52,LOW
2026-07-01,618217,Improvement/construction of existing Class-5 Road to NH Intermediate lane specification with hard shoulder from existing Km 76/340 to 134/940 Design chainage from Km 76/300 to 133/000 net Length 56.700 kms of NH-505 Sumdo-Kaza- Gramphoo road in the state of Himachal Pradesh Package I,Himachal Pradesh,Roads & Highways,Ministry of Road Transport & Highways,(MoRTH),314.67,93.27,60.02,29.64057584135761,60.02,0.0,76.97,16.299999999999997,0.0,0.2672131147540983,3,4,515,1,1,1,0.30361396,30.36,LOW
2026-07-01,701662,IMC Rajpura - Patiala Development Project,Punjab,Real Estate,Department for Promotion of Industry & Internal Trade,(National Industrial Corridor Development Corporation),1367.72,0.0,3.4,0.0,,,,,,,0,1,0,1,1,1,0.30296883,30.3,LOW
2026-07-01,618944,Hyderabad - Maneguda,Telangana,Roads & Highways,Ministry of Road Transport & Highways,(NHAI),958.86,408.06,21.84,42.55678618359301,15.78,6.0600000000000005,193.26,214.8,0.0993442622950819,3.521311475409836,1,2,61,1,1,1,0.30291456,30.29,LOW
2026-07-01,618664,Berkhedi to Godpehra on NH-44 Sagar link road,Madhya Pradesh,Roads & Highways,Ministry of Road Transport & Highways,(NHAI),524.84,385.96,92.05,73.53860224068288,88.0,4.049999999999997,368.56,17.399999999999977,0.0663934426229507,0.2852459016393439,3,4,515,1,1,1,0.30282536,30.28,LOW
2026-07-01,701530,Ken-Betwa Linking Development Project,"Multi-States (Madhya Pradesh, Uttar Pradesh)",Water Resources,"Department of Water Resources, River Development & GR","(Department of Water Resources, River Development,)",21030.0,8530.86,0.0,40.56519258202568,0.0,0.0,8530.86,0.0,0.0,0.0,1,2,61,1,1,1,0.3023965,30.24,LOW
2026-07-01,617936,Widening to two/four lane with paved shoulder from Km.180.600 to Km.223.000 of NH-63 on Nizamabad-Jagadalpur road on EPC mode under NHO in the state of Telangana.,Telangana,Roads & Highways,Ministry of Road Transport & Highways,(MoRTH),253.99,0.0,100.0,0.0,100.0,0.0,0.0,0.0,0.0,0.0,3,4,515,1,1,1,0.30224395,30.22,LOW
2026-07-01,702734,Sewerage Management Scheme Part-3 Implementation,Haryana,Waste & Water,Ministry of Housing & Urban Affairs,(Ministry of Housing & Urban Affairs),278.01,228.49,88.0,82.18769109024856,88.0,0.0,228.49,0.0,0.0,0.0,6,7,515,1,1,1,0.30119097,30.12,LOW
2026-07-01,605155,Kwar HE Project,Jammu and Kashmir,Electricity Generation,Ministry of Power,(National Hydroelectric Power Corporation Limited [NHPC]),4526.12,1701.47,36.52,37.59224236211148,34.21,2.3100000000000023,1569.55,131.92000000000007,0.0378688524590164,2.162622950819673,7,8,515,1,1,1,0.29988712,29.99,LOW
2026-07-01,612096,Construction of Balurghat-Hilli new BG Line,West Bengal,Railways,Ministry of Railways,(Northeast Frontier Railway [NFR]),1209.0,518.15,18.0,42.85773366418528,16.0,2.0,491.05,27.09999999999997,0.0327868852459016,0.4442622950819666,7,8,515,1,1,1,0.29683942,29.68,LOW
2026-07-01,619106,4 Lane with PS from Des. Ch 182.300 to Des. Ch. 228.500 of Belgaum-Hungund- Raichur Section of NH 748 A Package-5,Karnataka,Roads & Highways,Ministry of Road Transport & Highways,(NHAI),1141.88,254.24,37.9,22.265036606298384,33.04,4.859999999999999,214.81,39.43000000000001,0.0796721311475409,0.646393442622951,2,3,515,1,1,1,0.2965003,29.65,LOW
2026-07-01,618226,Rehabilitation and upgradation to 2 lane with paved shoulder from existing chainage Km 30.053 to Km 49.150 design chainage Km 30.000 to Km 46.450 including Kandi Tunnel under 31 BRTF on Akhnoor-Poonch Road NH-144A Under Project Sampark in the UT of Jammu & Kashmir EPC modePackage-I Job no NH-144A-J&K-2020-21-83.,Jammu and Kashmir,Roads & Highways,Ministry of Road Transport & Highways,(MoRTH),272.49,160.08,95.27,58.74710998568755,94.0,1.269999999999996,157.74,2.3400000000000034,0.0208196721311474,0.0383606557377049,2,3,515,1,1,1,0.29637182,29.64,LOW
2026-07-01,709838,Commercial Polymer Flooding Project in Bechraji field,Gujarat,Oil & Gas,Ministry of Petroleum & Natural Gas,(Oil and Natural Gas Corporation Limited [ONGC]),621.4,251.74,48.2,40.51174766655939,42.0,6.200000000000003,222.8,28.94,0.1016393442622951,0.4744262295081967,7,8,515,1,1,1,0.29636058,29.64,LOW
2026-07-01,705429,Rishikesh-Karnaprayag New Rail Line- 125 km,Uttarakhand,Railways,Ministry of Railways,(RVNL - II),38953.0,28828.18,77.5,74.00759890123996,74.0,3.5,28286.15,542.0299999999988,0.0573770491803278,8.885737704918014,7,8,515,1,1,1,0.2951674,29.52,LOW
2026-07-01,612786,"Construction of New Domestic Terminal Building Building and miscellaneous works including maintenance, operations and AICMC at Kadapa Airport",Andhra Pradesh,Aviation & Aviation Infrastructure,Ministry of Civil Aviation,(Airport Authority of India [AAI]),265.91,153.62,75.0,57.77142642247377,65.0,10.0,129.07,24.55000000000001,0.1639344262295081,0.4024590163934428,7,8,515,1,1,1,0.29330143,29.33,LOW
2026-07-01,705663,Bangalore-Whitefield-Bangalore City-Krishnarajapuram [23.08 km] - Quadrupling,Karnataka,Railways,Ministry of Railways,(South Western Railway [SWR] - II),493.0,337.37,85.9,68.43204868154157,85.5,0.4000000000000057,318.39,18.980000000000015,0.0065573770491804,0.3111475409836068,7,8,515,1,1,1,0.2931358,29.31,LOW
2026-07-01,706779,Mumbai Urban Transport Project [MUTP] - PHASE II,Maharashtra,Railways,Ministry of Railways,(Mumbai Rail Vikas Corporation Ltd.[MRVC]),8087.0,7559.14,90.0,93.47273401755903,90.0,0.0,7504.75,54.39000000000033,0.0,0.8916393442623004,7,8,515,1,1,1,0.29277453,29.28,LOW
2026-07-01,705482,Dholpur - Sirmuttra Gauge Conversion,Rajasthan,Railways,Ministry of Railways,(North Central Railway),747.0,509.8,49.7,68.2463186077644,49.5,0.2000000000000028,491.95,17.850000000000023,0.0032786885245902,0.2926229508196725,7,8,515,1,1,1,0.29227638,29.23,LOW
2026-07-01,618111,Improvement and upgradation to two lane with paved shoulder configuration from existing km 90.00 to 130.00 Design length 39.15 of NH-227A near Sikriganj to Barhalganj in the State of UP on EPC Mode.,Uttar Pradesh,Roads & Highways,Ministry of Road Transport & Highways,(MoRTH),403.36,0.0,96.0,0.0,94.0,2.0,0.0,0.0,0.0327868852459016,0.0,3,4,515,1,1,1,0.2921823,29.22,LOW
2026-07-01,613015,Redevelopment of Chhatrapati Shivaji Maharaj Terminus [CSMT] and construction of associated infrastructure,Maharashtra,Railways,Ministry of Railways,(Rail Land Development Authority),1813.0,873.99,25.0,48.206839492553776,23.0,2.0,833.84,40.14999999999998,0.0327868852459016,0.658196721311475,7,8,515,1,1,1,0.29187563,29.19,LOW
2026-07-01,611977,Dahod Creation of Infrastructure facilities for 9000 HP Electric locomotives Manufacturing at,Gujarat,Railways,Ministry of Railways,(PCE/WR),487.0,222.88,53.0,45.76591375770021,53.0,0.0,222.88,0.0,0.0,0.0,7,8,515,1,1,1,0.29104745,29.1,LOW
2026-07-01,618437,"Construction of Balance Work of 4-Laning of NH-37 Section between End of Moran Bypass to Bogibeel junction near Lapetketa Km. 561.700-Km. 580.875 under SARDP- NE, Phase 'A' in the State of Assam on EPC mode Pkg-I Road works & Toll Plaza",Assam,Roads & Highways,Ministry of Road Transport & Highways,(NHIDCL),274.34,96.67,100.0,35.2372967850113,100.0,0.0,90.6,6.070000000000007,0.0,0.0995081967213116,3,4,515,1,1,1,0.29101327,29.1,LOW
2026-07-01,617921,Widening and strengthening to 2LPS including LA of Kandarpur-Balikuda from km 277/500 to 318/970 of NH-55 in the State of Odisha under Annual Plan 2021-22.,Odisha,Roads & Highways,Ministry of Road Transport & Highways,(MoRTH),499.79,131.36,60.65,26.283038876328057,60.65,0.0,129.74,1.6200000000000043,0.0,0.0265573770491804,3,4,515,1,1,1,0.29099736,29.1,LOW
2026-07-01,618545,"4L of Km.165.092 to Km.171.855 North Bound and from Km.166.895 to Km.173.638 South Bound, excl. certain reaches of North Bound and South Bound of Ramban to Banihal Pkg-III of Old NH-1A New NH-44",Jammu and Kashmir,Roads & Highways,Ministry of Road Transport & Highways,(NHAI),614.48,306.05,42.8,49.8063403202708,42.8,0.0,257.32,48.73000000000002,0.0,0.7988524590163938,3,4,515,1,1,1,0.29081613,29.08,LOW
2026-07-01,618109,Widening to 4 lane from Km 51.60 to 76.20 Hebri to Parkala and from Km 85.20 to 88.90 Karavali junction to Malpe of Thirthahalli-Udupi-Malpe Section of NH-169A in the State of Karnataka on EPC Mode under Annual plan 2021-22 Job No. NH-169A- KNT-2021-22-927,Karnataka,Roads & Highways,Ministry of Road Transport & Highways,(MoRTH),355.72,215.43,88.33,60.56167772405262,76.86,11.47,184.79,30.64000000000001,0.1880327868852458,0.5022950819672134,3,4,515,1,1,1,0.29048604,29.05,LOW
2026-07-01,709793,"City Gas Distribution Projects at Gopalganj, Siwan, West Champaran, East Champaran and Deoria districts",Bihar,Oil & Gas,Ministry of Petroleum & Natural Gas,(Bharat Petroleum Corporation Limited [BPCL]),3919.0,518.13,30.2,13.220974738453686,30.1,0.0999999999999978,510.08,8.050000000000011,0.001639344262295,0.1319672131147543,7,8,515,1,1,1,0.29043624,29.04,LOW
2026-07-01,618817,4L Access Controlled Greenfield Highway section on NH-163G Khammam Vijayawada from V. Venkatayapalem village at Design Ch. 220.480 Km to BrahmanapalliK village at Design Ch. 250.400 Km Package-I.,Telangana,Roads & Highways,Ministry of Road Transport & Highways,(NHAI),973.45,270.95,44.0,27.833992500898862,42.15,1.8500000000000012,227.62,43.329999999999984,0.030327868852459,0.7103278688524588,2,3,515,1,1,1,0.28996098,29.0,LOW
2026-07-01,617899,Widening and Strengthening to 4LPS/2LPS from km 0.000 to 35.800 Kuakhia - Mangalpur section of NH 20 in the state of Odisha on Annual Plan 2021-22,Odisha,Roads & Highways,Ministry of Road Transport & Highways,(MoRTH),636.1,296.22,56.11,46.56814966200283,56.11,0.0,292.74,3.480000000000018,0.0,0.0570491803278691,3,4,515,1,1,1,0.2890364,28.9,LOW
2026-07-01,619105,6L Access Controlled Ludhiana-Bathinda Greenfield highway from Jn. with Moga- Barnala Road NH-703 near village Tallewal to Jn. with Delhi-Katra Expressway NE-5 near Ludhiana village Ballowal from Km 30.300 to Km 75.543 of NH-754AD Pkg-2,Punjab,Roads & Highways,Ministry of Road Transport & Highways,(NHAI),1555.13,698.87,23.56,44.939651347475774,20.09,3.469999999999999,195.79,503.08,0.0568852459016393,8.2472131147541,2,3,515,1,1,1,0.28833798,28.83,LOW
2026-07-01,618540,Construction of Ring Road around Kanpur from Ch.23.325 to Ch.32.090 Chaudhariya to Transganga Package-IIA,Uttar Pradesh,Roads & Highways,Ministry of Road Transport & Highways,(NHAI),1089.41,249.69,49.1,22.91974555034376,42.85,6.25,190.16,59.53,0.1024590163934426,0.9759016393442624,2,3,515,1,1,1,0.28776166,28.78,LOW
2026-07-01,709755,"Setting up of new rail fed POL facility at Kamardanga, Assam",Assam,Energy Storage,Ministry of Petroleum & Natural Gas,(Hindustan Petroleum Corporation Limited [HPCL]),384.04,235.27,85.5,61.2618477241954,82.4,3.0999999999999943,216.85,18.420000000000016,0.0508196721311474,0.3019672131147544,7,8,515,1,1,1,0.2877459,28.77,LOW
2026-07-01,612788,Construction of New Domestic Terminal Building and Miscellaneous Works at Belagavi Airport.,Karnataka,Aviation & Aviation Infrastructure,Ministry of Civil Aviation,(Airport Authority of India [AAI]),322.45,220.72,95.0,68.45092262366258,87.0,8.0,204.5,16.22,0.1311475409836065,0.2659016393442622,7,8,515,1,1,1,0.28771242,28.77,LOW
2026-07-01,618754,Upgradation of 2L/4L with Paved Shoulder of Shirwal-Lonand Section from KM 159900 To KM 188025 of NH-965DD Section I and 2L With Paved Shoulder of Lonand-Satara Section from KM 51500 To KM 96246 Of NH-965D Section II in Satara District in the State of Maharashtra on EPC Mode under NHO-,Maharashtra,Roads & Highways,Ministry of Road Transport & Highways,(NHAI),538.11,160.27,41.08,29.783873185779857,33.37,7.710000000000001,96.11,64.16000000000001,0.1263934426229508,1.0518032786885247,1,2,61,1,1,1,0.28707716,28.71,LOW
2026-07-01,705489,Madurai-Tuticorin via Aruppukkottai 143.5 km,Tamil Nadu,Railways,Ministry of Railways,(CAOC/SR SR mor),601.43,351.21,14.0,58.39582328783067,0.0,14.0,641.26,-290.05,0.2295081967213114,-4.754918032786885,1,2,61,1,1,1,0.28574362,28.57,LOW
2026-07-01,611509,"Koderma Thermal Power Station Phase II [2X800 MW] At Koderma, Jharkhand",Jharkhand,Electricity Generation,Ministry of Power,(Damodar Valley Corporation),14358.0,2114.29,13.5,14.725518874495055,11.0,2.5,1890.03,224.26,0.040983606557377,3.676393442622951,7,8,515,1,1,1,0.2850941,28.51,LOW
2026-07-01,618457,Delhi-Vadodara Greenfield Alignment NH-148N Pkg-10 Ch. 292.950 to Ch. 319.400 [End of Interchange on NH-166 near village Mui to Hardeoganj village near Indergarh],Rajasthan,Roads & Highways,Ministry of Road Transport & Highways,(NHAI),1272.97,1150.12,95.25,90.34934051862965,95.25,0.0,1091.66,58.45999999999981,0.0,0.9583606557377018,3,4,515,1,1,1,0.28457043,28.46,LOW
2026-07-01,611979,Sabarmati Setting up of Maintenance Facilities for Train Sets Phase ii,Gujarat,Railways,Ministry of Railways,(Western Railway [WR] - II),250.0,185.02,88.0,74.00800000000001,88.0,0.0,181.53,3.490000000000009,0.0,0.0572131147540985,7,8,515,1,1,1,0.28441855,28.44,LOW
2026-07-01,618087,Widening to intermediate/two lane to 2 lane with paved shoulder from Existing chanages Km 112.750 to 142.00 Liingasur to Mudabal cross & from Km. 147.070 to Km. 149.070 Maski city limit of Jewargi Chamrajnagar setion of NH-150A in the state of Karnataka on EPC mode. Job No. NH-150A-KNT-2021-22-951,Karnataka,Roads & Highways,Ministry of Road Transport & Highways,(MoRTH),255.88,182.8,96.0,71.43973737689542,93.0,3.0,179.66,3.140000000000015,0.0491803278688524,0.0514754098360658,3,4,515,1,1,1,0.2843381,28.43,LOW
2026-07-01,619291,4L Poanta SahebMednipur from Km. 435.65 to km. 458.65 of NH-07Pkg-1,"Multi-States (Himachal Pradesh, Uttarakhand)",Roads & Highways,Ministry of Road Transport & Highways,(NHAI),524.54,319.77,94.25,60.96198573988638,94.25,0.0,253.88,65.88999999999999,0.0,1.0801639344262293,1,2,61,1,1,1,0.28424585,28.42,LOW
2026-07-01,618831,4L from Km 95.400 Udaipura to Km 147.450 Bhogu on NH-75 Sec-II,Jharkhand,Roads & Highways,Ministry of Road Transport & Highways,(NHAI),1436.8,419.61,27.9,29.204482182628063,26.6,1.2999999999999972,200.87,218.74,0.021311475409836,3.585901639344262,1,2,61,1,1,1,0.2840133,28.4,LOW
2026-07-01,612791,"Re-Construction of Rigid portions of Secondary Runway, K and A Taxiway and Strengthening of C Taxiway at NSCBI Airport Kolkata.",West Bengal,Aviation & Aviation Infrastructure,Ministry of Civil Aviation,(Airport Authority of India [AAI]),328.3,148.75,71.4,45.3091684434968,64.5,6.900000000000006,139.77,8.97999999999999,0.1131147540983607,0.1472131147540982,7,8,515,1,1,1,0.28321,28.32,LOW
2026-07-01,702668,Chennai Metro Rail Phase-II Development Project,Tamil Nadu,Urban Public Transport,Ministry of Housing & Urban Affairs,(Chennai Metro Rail Limited [CMRL]),63246.0,33774.0,53.36,53.40100559719192,52.55,0.8100000000000023,33129.33,644.6699999999983,0.0132786885245902,10.568360655737676,7,8,515,1,1,1,0.28287578,28.29,LOW
2026-07-01,618559,6L of existing 4L from Gundlapochampally to Bowenpally from km 471.300 to km 481.331 of NH-44,Telangana,Roads & Highways,Ministry of Road Transport & Highways,(NHAI),521.53,257.31,50.5,49.337526125055135,50.5,0.0,256.53,0.7800000000000296,0.0,0.0127868852459021,3,4,515,1,1,1,0.28260997,28.26,LOW
2026-07-01,617908,Bemetara Bypass NH 30,Chhattisgarh,Roads & Highways,Ministry of Road Transport & Highways,(MoRTH),161.96,0.0,42.0,0.0,32.0,10.0,0.0,0.0,0.1639344262295081,0.0,1,2,61,1,1,1,0.2824552,28.25,LOW
2026-07-01,618106,Widening and Strengthening to 2/4 lane with paved shoulders of Mahabubnagar Chincholi section from Km 0/0 to Km 60/255 of NH-167N in the state of Telangana under Annual plan 2021-22 on EPC modepackage-I under NHO Job No.167N-TS- 2021-22-75,Telangana,Roads & Highways,Ministry of Road Transport & Highways,(MoRTH),703.68,304.65,90.69,43.29382673942701,90.69,0.0,279.58,25.069999999999997,0.0,0.4109836065573769,3,4,515,1,1,1,0.28235203,28.24,LOW
2026-07-01,709792,"City Gas Distribution Projects at Darbhanga, Madhubani, Supaul, Sitamarhi and Sheohar districts",Bihar,Oil & Gas,Ministry of Petroleum & Natural Gas,(Bharat Petroleum Corporation Limited [BPCL]),3638.0,489.42,33.5,13.45299615173172,33.3,0.2000000000000028,472.43,16.99000000000001,0.0032786885245902,0.2785245901639345,7,8,515,1,1,1,0.28204924,28.2,LOW
2026-07-01,618869,"Construction of 4/6 lane Highway of Southern Bareilly Bypass, starting at Ch. 237000 of NH 530 near Jhumka chauraha, Dhantiya village and ending at Ch. 267000 of NH 30 near Invertis University including Trumpet Interchange",Uttar Pradesh,Roads & Highways,Ministry of Road Transport & Highways,(NHAI),1122.02,603.36,15.48,53.774442523306185,10.21,5.27,129.68,473.68,0.0863934426229508,7.765245901639345,2,3,515,1,1,1,0.28199866,28.2,LOW
2026-07-01,618060,Widening and Strengthening of existing paveemnt to two lane with paved shoulders from km 116.00 to km 176.355 of NH-75E in the State of Jharkhand on EPC mode.,Jharkhand,Roads & Highways,Ministry of Road Transport & Highways,(MoRTH),315.21,143.35,87.0,45.47761809587259,87.0,0.0,129.54,13.810000000000002,0.0,0.2263934426229508,3,4,515,1,1,1,0.28179282,28.18,LOW
2026-07-01,618827,4 Laning of NH-544D from Km 37.000 to km 69.000 of Muchukota- Bugga section Pkg-2,Andhra Pradesh,Roads & Highways,Ministry of Road Transport & Highways,(NHAI),1097.57,466.89,82.05,42.53851690552767,70.68,11.36999999999999,356.89,110.0,0.1863934426229506,1.8032786885245904,3,4,515,1,1,1,0.28125983,28.13,LOW
2026-07-01,618472,Vadodara Mumbai Expressway Phase II - Pkg XVI [Km. 43.000 to Km. 69.800 of Spur] Amne - Bhoj,Maharashtra,Roads & Highways,Ministry of Road Transport & Highways,(NHAI),4051.8,982.89,90.7,24.25810750777432,90.7,0.0,905.74,77.14999999999998,0.0,1.264754098360655,3,4,515,1,1,1,0.2809443,28.09,LOW
2026-07-01,602961,Talcher Thermal Power Station Stage III [2 x 660 MW] Expansion,Odisha,Electricity Generation,Ministry of Power,(National Thermal Power Corporation [NTPC]),11843.75,6779.45,53.5,57.24073878627968,50.2,3.299999999999997,6454.35,325.09999999999945,0.0540983606557376,5.329508196721303,7,8,515,1,1,1,0.28035942,28.04,LOW
2026-07-01,618240,Rehabilitation and upgradation to 2-lane with paved sholuders configuration of Bewar- naer Karri village section Km0.00 to Km30.00 Pakage-I of NH-92 in state of Uttar Pradesh undergreen national Highway Corridor Project GNHCP with the loan assistance of world Bank on EPC mode.,Uttar Pradesh,Roads & Highways,Ministry of Road Transport & Highways,(MoRTH),236.47,0.0,100.0,0.0,90.0,10.0,0.0,0.0,0.1639344262295081,0.0,3,4,515,1,1,1,0.27962428,27.96,LOW
2026-07-01,701113,"Development of Lal Bahadur Shastri International airport, Varanasi including C/o New Terminal Building, Apron Extension, Runway Extension, PTT and allied works.",Uttar Pradesh,Aviation & Aviation Infrastructure,Ministry of Civil Aviation,(Airport Authority of India [AAI]),2869.65,677.21,31.0,23.59904517972575,27.0,4.0,572.04,105.17000000000009,0.0655737704918032,1.724098360655739,7,8,515,1,1,1,0.27952403,27.95,LOW
2026-07-01,701399,Kudali Irrigation Project,Chhattisgarh,Water Resources,"Department of Water Resources, River Development & GR","(Department of Water Resources, River Development & GR)",382.29,249.06,86.31,65.14949383975515,86.31,0.0,249.06,0.0,0.0,0.0,7,8,515,1,1,1,0.27929392,27.93,LOW
2026-07-01,618826,4 Laning of NH-544D from Km 0.000 to km 37.000 of Anantapur- Muchukota section Pkg-1,Andhra Pradesh,Roads & Highways,Ministry of Road Transport & Highways,(NHAI),907.76,468.12,91.97,51.56869657178109,91.4,0.5699999999999932,448.53,19.590000000000032,0.0093442622950818,0.3211475409836071,3,4,515,1,1,1,0.27921072,27.92,LOW
2026-07-01,618672,4-lanning of Gyaraspur to Rahatgarh section of NH-146 from Design Ch. 88361 to Ch 124470 in the state of MP on HAM mode,Madhya Pradesh,Roads & Highways,Ministry of Road Transport & Highways,(NHAI),903.44,169.75,33.14,18.789294253077127,25.02,8.120000000000001,104.59,65.16,0.1331147540983606,1.0681967213114754,2,3,515,1,1,1,0.27879113,27.88,LOW
2026-07-01,618174,Rehabilitation and Upgradation to two lane with paved shoulder configuration of NH- 752G from Sakri to Pimpalner Section Design Ch km 0000 to Ch km 21411 in the state of Maharashtra on EPC Mode. Length 21.411 km.,Maharashtra,Roads & Highways,Ministry of Road Transport & Highways,(MoRTH),226.58,0.0,100.0,0.0,100.0,0.0,0.0,0.0,0.0,0.0,1,2,61,1,1,1,0.27848822,27.85,LOW
2026-07-01,618636,Akkalkot MH/KN border New Greenfield corridor from Km 512.000 to Km 548.400 of NH-150C part of Akkalkot KN/TS Border section Package XIV,"Multi-States (Karnataka, Maharashtra)",Roads & Highways,Ministry of Road Transport & Highways,(NHAI),1370.75,300.25,53.31,21.90406711654204,47.0,6.310000000000002,275.76,24.49000000000001,0.1034426229508197,0.4014754098360657,1,2,61,1,1,1,0.27844247,27.84,LOW
2026-07-01,618443,"Construction of Balance Work of the 4-Laning of the Section from Jorhat to Jhanji of NH-37 Old from Km 463.00 to Km 477.000 14.000 Km, under SARDP- NE under EPC Mode in the state of Assam Pkg-II Road Works",Assam,Roads & Highways,Ministry of Road Transport & Highways,(NHIDCL),438.44,0.0,95.86,0.0,95.86,0.0,0.0,0.0,0.0,0.0,2,3,515,1,1,1,0.27654016,27.65,LOW
2026-07-01,702629,Agra Metro Rail Project,Uttar Pradesh,Urban Public Transport,Ministry of Housing & Urban Affairs,(Uttar Pradesh metro rail corporation [UPMRC]),8379.62,6081.28,72.5,72.57226461343114,69.5,3.0,6071.78,9.5,0.0491803278688524,0.1557377049180328,7,8,515,1,1,1,0.2761032,27.61,LOW
2026-07-01,618650,4 Lane with PS from Des. Ch 89.900 to Des. Ch. 136.100 of Belgaum-Hungund- Raichur Section of NH-748A Package-3,Karnataka,Roads & Highways,Ministry of Road Transport & Highways,(NHAI),1363.9,302.3,22.5,22.164381552899773,19.25,3.25,115.76,186.54,0.0532786885245901,3.058032786885246,1,2,61,1,1,1,0.27604845,27.6,LOW
2026-07-01,618917,4L Greenfield starting from NH-30 near Saristabad Patna to Nathupur Project end point of Patna-Gaya-Dobhi Section of NH-83,Bihar,Roads & Highways,Ministry of Road Transport & Highways,(NHAI),488.24,101.06,87.03,20.698836637719157,80.83,6.200000000000003,82.7,18.36,0.1016393442622951,0.300983606557377,1,2,61,1,1,1,0.27526453,27.53,LOW
2026-07-01,618293,"Construction of 2-Lane with paved shoulder of Kohima-Bypass Road connecting NH- 39New NH-02, NH-150New NH-02, NH-61New NH-29 and NH-39New NH-02 from design Km 0.00 to Km 10.500 in the State of Nagaland under SARDP-NE on EPC Mode Package-1 -Balance work",Nagaland,Roads & Highways,Ministry of Road Transport & Highways,(NHIDCL),232.29,116.76,27.24,50.26475526281803,25.61,1.629999999999999,12.48,104.28,0.0267213114754098,1.7095081967213115,3,4,515,1,1,1,0.27479577,27.48,LOW
2026-07-01,612072,4th LINE BETWEEN BAREJADI NANDEJ-SANAND-AHMEDABAD BYPASS,Gujarat,Railways,Ministry of Railways,(Western Railway WR - II),961.67,524.6,22.0,54.55093743175934,21.0,1.0,507.6,17.0,0.0163934426229508,0.2786885245901639,7,8,515,1,1,1,0.27454188,27.45,LOW
2026-07-01,611669,NER Provision of Automatic Block Signalling on Gorakhpur Cantt[Excl] Chhapra Gramin & Burhwal Jn [Excl] Sitapur Jn section of high density routes,"Multi-States (Bihar, Uttar Pradesh)",Railways,Ministry of Railways,(North Eastern Railway [NER]),380.47,258.65,25.0,67.98170683628143,20.0,5.0,256.53,2.1200000000000045,0.081967213114754,0.0347540983606558,7,8,515,1,1,1,0.27389866,27.39,LOW
2026-07-01,618567,4/6L of Northern Ayodhya Bypass starting Km. 112.540 and ending Km. 139.928 north of existing NH-27 part-1 and part-2 south of NH-27 from km 0.000 to km 5.000.,Uttar Pradesh,Roads & Highways,Ministry of Road Transport & Highways,(NHAI),2289.34,268.81,33.12,11.74181205063468,26.13,6.989999999999998,198.35,70.46000000000001,0.1145901639344262,1.155081967213115,2,3,515,1,1,1,0.2731537,27.32,LOW
2026-07-01,400048,Doubling of lines connecting the loading spurs in Talcher Yard.,Odisha,Railways,Ministry of Railways,(East Coast Railway [ECoR] - II),186.21,105.07,88.0,56.42554105579721,88.0,0.0,100.97,4.099999999999994,0.0,0.0672131147540982,3,4,515,1,1,1,0.272952,27.3,LOW
2026-07-01,618751,2L PS of Hinotiya-Mehulwa section of NH-346 from Km. 27.000 to Km 75.700 Vidisha Mehulwa-Talbehat Pkg-II Section of NH- 346,Madhya Pradesh,Roads & Highways,Ministry of Road Transport & Highways,(NHAI),581.65,273.54,69.04,47.02828161265366,69.04,0.0,243.28,30.26000000000002,0.0,0.4960655737704921,3,4,515,1,1,1,0.27253672,27.25,LOW
2026-07-01,618594,Balance work of 4L Panvel to Indapur section of NH-66 Old NH- 17 from km 0.000 Panvel to km 42.300 Kasu,Maharashtra,Roads & Highways,Ministry of Road Transport & Highways,(NHAI),329.82,185.79,96.89,56.33072585046389,96.89,0.0,185.0,0.789999999999992,0.0,0.012950819672131,3,4,515,1,1,1,0.27225947,27.23,LOW
2026-07-01,618629,Nandigama Bypass and Kanchikacherla bypass,Andhra Pradesh,Roads & Highways,Ministry of Road Transport & Highways,(NHAI),416.07,387.77,98.47,93.19825990818852,98.47,0.0,110.65,277.12,0.0,4.542950819672131,1,2,61,1,1,1,0.27222377,27.22,LOW
2026-07-01,618628,Strengthening of Existing Alignment of Pandharpur Town Part Bypassed Section of NH 965 from KM 36.230 to KM 44.230 from Chh. Shivaji Maharaj Chowk to Wakhari,Maharashtra,Roads & Highways,Ministry of Road Transport & Highways,(NHAI),150.21,65.36,48.0,43.51241595100193,48.0,0.0,58.75,6.609999999999999,0.0,0.1083606557377049,1,2,61,1,1,1,0.2722148,27.22,LOW
2026-07-01,618963,Construction work of 4-laning of Shahganj bypass end to Badi Package-IV of NH-146B from design km 102.000 to design km 142.357 Design length 40.357 km,Madhya Pradesh,Roads & Highways,Ministry of Road Transport & Highways,(NHAI),784.14,318.15,50.13,40.57311194429566,42.83,7.300000000000004,317.58,0.5699999999999932,0.119672131147541,0.0093442622950818,1,2,61,1,1,1,0.2707377,27.07,LOW
2026-07-01,618715,6L Access Controlled Greenfield Highway from Odulapalle Ch. 72000 to Nallacheruvu- palli Ch. 96300 of [NH-544G]Package-4,Andhra Pradesh,Roads & Highways,Ministry of Road Transport & Highways,(NHAI),1058.9,403.17,75.92,38.07441684767211,73.93,1.9899999999999949,377.77,25.400000000000038,0.032622950819672,0.4163934426229513,3,4,515,1,1,1,0.27069566,27.07,LOW
2026-07-01,609019,"HEFA projects on development of student hostels, playgrounds, departmental buildings, class room complex and other campus facilities in IIT Kharagpur",West Bengal,Education,Department of Higher Education,"(Indian Institute of Technology, Kharagpur)",500.0,418.86,97.0,83.772,96.0,1.0,415.35,3.509999999999991,0.0163934426229508,0.0575409836065572,7,8,515,1,1,1,0.27013713,27.01,LOW
2026-07-01,618697,4LPS Access Controlled Highway of Bellary Bypass Balance work from Ch. 254750 to Ch. 266837 and construction of 4LPS from Ch. 277.690 to Ch. 278.690 at D. Hirehal Village Balance work of NH 150A of Bellary Byrapura Section,Karnataka,Roads & Highways,Ministry of Road Transport & Highways,(NHAI),626.01,112.21,38.08,17.924633791792463,35.5,2.5799999999999983,97.26,14.949999999999989,0.042295081967213,0.2450819672131145,2,3,515,1,1,1,0.27008882,27.01,LOW
2026-07-01,705777,Bhandai - Flyover for Etawah bound down train- 10 Km,Uttar Pradesh,Railways,Ministry of Railways,(North Central Railway [NCR] - II),250.18,163.27,9.0,65.26101207130866,9.0,0.0,139.49,23.78,0.0,0.3898360655737705,7,8,515,1,1,1,0.26960325,26.96,LOW
2026-07-01,616611,Sewage Treatment Plant 100MLD and Sewerage Network 288 km in Digha-Patna under Hybrid annuity based PPP mode-Namami Gange Programme,Bihar,Waste & Water,"Department of Water Resources, River Development & GR",(National Mission for Clean Ganga),824.0,403.34,59.0,48.94902912621359,57.0,2.0,396.71,6.629999999999996,0.0327868852459016,0.1086885245901638,7,8,515,1,1,1,0.269468,26.95,LOW
2026-07-01,705583,Anand Vihar-Tilak Bridge 3rd & 4th line,Delhi,Railways,Ministry of Railways,(CAO/C/NR),667.0,333.72,23.0,50.03298350824588,23.0,0.0,312.74,20.980000000000015,0.0,0.3439344262295085,6,7,515,1,1,1,0.2693263,26.93,LOW
2026-07-01,738679,Stamp Charge Battery No.7 Battery Proper at RSP,Odisha,Steel,Ministry of Steel,(Steel Authority of India Limited (SAIL)),2584.41,1182.92,54.16,45.77137528488127,,,,,,,0,1,0,1,1,1,0.269193,26.92,LOW
2026-07-01,612167,"Construction of 350 beds + 50 Super Specialty beds ESIC Hospital Sheelanagar, Visakhapatnam, Andhra Pradesh",Andhra Pradesh,Healthcare,Ministry of Labour and Employment,(Employee's State Insurance Company [ESIC]),384.27,253.37,94.0,65.93540999817837,88.0,6.0,253.37,0.0,0.0983606557377049,0.0,5,6,515,1,1,1,0.26860273,26.86,LOW
2026-07-01,618033,4-Laning of Itanagar to Bandardewa section of NH-415from km 40430 to km 51735 Package-Bon EPC Mode in the state of Arunachal Pradesh Job NO. 415/Ar. P/2020- 21/031,Arunachal Pradesh,Roads & Highways,Ministry of Road Transport & Highways,(MoRTH),496.47,171.91,51.37,34.62646282756259,51.37,0.0,165.43,6.47999999999999,0.0,0.1062295081967211,3,4,515,1,1,1,0.26816258,26.82,LOW
2026-07-01,618188,Rehabilitation and Up-gradation to 2 lane with paved shoulder configuration of Mahud Sangola road NH 965 G 159400 to 161900and 162400 to 183960 Design Chainage from km. 32/300 to km. 34/800 and km. 35/800 to km. 56/860 Rigid Pavement on EPC mode in the State of Maharashtra.,Maharashtra,Roads & Highways,Ministry of Road Transport & Highways,(MoRTH),253.78,0.0,99.75,0.0,99.75,0.0,0.0,0.0,0.0,0.0,3,4,515,1,1,1,0.2680224,26.8,LOW
2026-07-01,706775,BharatNet,PAN India,Telecommunication,Department of Telecommunications,(Department of Telecommunications [DoT]),61109.0,48809.69,99.98,79.87316107283706,82.4,17.58,46431.54,2378.150000000001,0.2881967213114754,38.98606557377052,7,8,515,1,1,1,0.26765427,26.77,LOW
2026-07-01,705919,Agra Fort-Bandikui Doubling Line Project,Rajasthan,Railways,Ministry of Railways,(CAO/C/NCR),1390.0,529.92,56.0,38.12374100719424,54.0,2.0,477.04,52.87999999999994,0.0327868852459016,0.8668852459016383,7,8,515,1,1,1,0.2660592,26.61,LOW
2026-07-01,606013,Additional Campus of NITPatna,Bihar,Education,Department of Higher Education,(NIT Patna),499.21,449.96,98.6,90.13441237154704,98.5,0.0999999999999943,449.96,0.0,0.0016393442622949,0.0,7,8,515,1,1,1,0.2660065,26.6,LOW
2026-07-01,618609,Construction of 4L Flyover from MES College Junction to Bogmalo Junction on NH- 566 from Km. 7.106 to Km. 10.460 and 4L VUP at Queeny Nagar Junction from Km. 3.330 to Km. 4.550,Goa,Roads & Highways,Ministry of Road Transport & Highways,(NHAI),463.08,168.21,57.3,36.32417724799171,43.75,13.549999999999995,127.09,41.120000000000005,0.2221311475409835,0.6740983606557378,1,2,61,1,1,1,0.26558954,26.56,LOW
2026-07-01,618536,Construction of Ring Road around Kanpur from Ch.68.650 to Ch.93.209 Jarkala to Pakari Package-IV in State of Uttar Pradesh.,Uttar Pradesh,Roads & Highways,Ministry of Road Transport & Highways,(NHAI),1603.53,249.74,37.65,15.574389004259354,32.83,4.82,196.64,53.10000000000002,0.0790163934426229,0.8704918032786889,2,3,515,1,1,1,0.2655837,26.56,LOW
2026-07-01,611602,"Modernization of Chennai Airport, Phase II, Part 2",Tamil Nadu,Aviation & Aviation Infrastructure,Ministry of Civil Aviation,(Airport Authority of India [AAI]),1207.0,314.15,43.5,26.027340513670254,38.0,5.5,289.5,24.649999999999977,0.0901639344262295,0.4040983606557373,7,8,515,1,1,1,0.2651857,26.52,LOW
2026-07-01,618049,Up-gradation to 2/4 lane with paved shoulder configuration of NH-652 from Tuljapur Naldurg-Akkalkot road Chainage from Km. 00.000 to km 30.982 in the State of Maharashtra on EPC mode.,Maharashtra,Roads & Highways,Ministry of Road Transport & Highways,(MoRTH),183.41,64.87,98.0,35.36884575541138,95.0,3.0,64.87,0.0,0.0491803278688524,0.0,1,2,61,1,1,1,0.2646479,26.46,LOW
2026-07-01,709794,"City Gas Distribution Projects at Fazilka [except area already authorized], Ganganagar and Hanumangarh districts","Multi-States (Punjab, Rajasthan)",Oil & Gas,Ministry of Petroleum & Natural Gas,(Bharat Petroleum Corporation Limited [BPCL]),3207.0,422.99,31.0,13.189585282195198,30.8,0.1999999999999993,414.52,8.470000000000027,0.0032786885245901,0.1388524590163939,7,8,515,1,1,1,0.2645177,26.45,LOW
2026-07-01,618105,Widening and strengthening to 4 lane / 2-lane with paved shoulders of Mahabubnagar - Chincholi section from km 60/255 to Km 102/834 of NH-167N in the State of Telangana on EPC mode.,Telangana,Roads & Highways,Ministry of Road Transport & Highways,(MoRTH),631.49,125.34,30.8,19.848295301588305,30.8,0.0,92.56,32.78,0.0,0.5373770491803279,3,4,515,1,1,1,0.26441455,26.44,LOW
2026-07-01,618238,Rehabilitation and Up-gradation of Thimmapuram to Gurajanapalli section from Km 26/150 to Km 41/161 of NH - 214 New NH - 216 to two lane with paved shoulder in the state of Andhra Pradesh under NHDP-IV,Andhra Pradesh,Roads & Highways,Ministry of Road Transport & Highways,(MoRTH),350.61,233.93,98.2,66.72085793331622,98.2,0.0,233.92,0.0100000000000193,0.0,0.0001639344262298,3,4,515,1,1,1,0.2638662,26.39,LOW
2026-07-01,618416,"Improvement of existing road to 2 laning with Hard Shoulders of Maram -Peren section Package-1A, length- 22.340Km from Design Chainage 0.000 km to 22.340 km on NH-129A in the State of Manipur on EPC mode",Manipur,Roads & Highways,Ministry of Road Transport & Highways,(NHIDCL),226.32,189.26,75.08,83.62495581477553,74.58,0.5,179.09,10.169999999999987,0.0081967213114754,0.1667213114754096,3,4,515,1,1,1,0.26353815,26.35,LOW
2026-07-01,618813,4L Access Controlled Greenfield Section Mancherial Warangal from Narva village at Design Ch. 3.834 Km to Puttapaka village at Design Ch. 35.300 Km Package-I,Telangana,Roads & Highways,Ministry of Road Transport & Highways,(NHAI),1127.9,160.54,10.23,14.233531341430975,9.0,1.2300000000000004,110.86,49.67999999999999,0.0201639344262295,0.8144262295081967,1,2,61,1,1,1,0.2634523,26.35,LOW
2026-07-01,618514,6L of Kagal-Satara section from Km 658.000 to Km 725.000 of NH-48 Pkg-II,Maharashtra,Roads & Highways,Ministry of Road Transport & Highways,(NHAI),2330.71,205.24,73.96,8.805900347962638,73.96,0.0,196.85,8.390000000000015,0.0,0.1375409836065576,3,4,515,1,1,1,0.26134256,26.13,LOW
2026-07-01,617256,Rebuilding of Coke Oven Battery No.7 & 8 at Bhilai Steel Plant,Chhattisgarh,Steel,Ministry of Steel,(Steel Authority of India Limited [SAIL]),884.1,618.87,93.74,70.0,89.99,3.75,601.25,17.620000000000005,0.0614754098360655,0.2888524590163935,7,8,515,1,1,1,0.26033407,26.03,LOW
2026-07-01,705667,Mathura-Jhansi Third Railway Line [274 Km],"Multi-States (Madhya Pradesh, Rajasthan, Uttar Pradesh)",Railways,Ministry of Railways,(RVNL - II),5961.0,5195.18,96.71,87.15282670692838,95.48,1.2299999999999898,5121.42,73.76000000000022,0.0201639344262293,1.209180327868856,7,8,515,1,1,1,0.25875917,25.88,LOW
2026-07-01,702949,Jhansi Water Supply Infrastructure Phase-II Project,Uttar Pradesh,Waste & Water,Ministry of Housing & Urban Affairs,(Ministry of Housing & Urban Affairs),561.74,506.52,95.0,90.16982945846831,95.0,0.0,500.04,6.479999999999961,0.0,0.1062295081967206,6,7,515,1,1,1,0.25853702,25.85,LOW
2026-07-01,604852,"Grass-root Terminal at Mirzapur, Uttar Pradesh",Uttar Pradesh,Energy Storage,Ministry of Petroleum & Natural Gas,(Ministry of Petroleum & Natural Gas),980.45,295.55,76.5,30.144321485032386,75.0,1.5,293.88,1.670000000000016,0.0245901639344262,0.0273770491803281,7,8,515,1,1,1,0.25787237,25.79,LOW
2026-07-01,618784,Balance works of 4 lane divided carriageway of Missing Link section of NH-39 Rewa Bypass from junction with NH 30 near Bela to Junction with MPRDC ring road near Silpara on SH 9 design length 13.100 km on EPC Mode under Bharatmala Pariyojana in the State of Madhya Pradesh,Madhya Pradesh,Roads & Highways,Ministry of Road Transport & Highways,(NHAI),355.36,238.95,84.44,67.2416704187303,84.44,0.0,208.94,30.00999999999999,0.0,0.4919672131147539,1,2,61,1,1,1,0.2571648,25.72,LOW
2026-07-01,617942,Construction of Six lane Elevated Corridor from Km. 508.000 to Km. 513.150 including approaches on NH-66,Goa,Roads & Highways,Ministry of Road Transport & Highways,(MoRTH),641.46,0.0,97.1,0.0,90.59,6.509999999999991,0.0,0.0,0.1067213114754096,0.0,3,4,515,1,1,1,0.25697944,25.7,LOW
2026-07-01,709779,Capacity Expansion of Digboi Refinery from 0.65 to 1.0 MMTPA,Assam,Oil & Gas,Ministry of Petroleum & Natural Gas,(MinistryofPetroleumNaturalGas),768.0,225.2,59.4,29.322916666666664,56.0,3.3999999999999986,174.5,50.69999999999999,0.0557377049180327,0.8311475409836063,7,8,515,1,1,1,0.2565397,25.65,LOW
2026-07-01,618175,Rehabilitation and Upgradation of Satana to Mangrul Chandwad Section of NH752 G Design Ch Km 64.000 to Ch Km 101.140 two lane with paved shoulder/four lane configuration in the state of Maharashtra on EPC mode.,Maharashtra,Roads & Highways,Ministry of Road Transport & Highways,(MoRTH),428.8,0.0,93.46,0.0,93.46,0.0,0.0,0.0,0.0,0.0,3,4,515,1,1,1,0.2561387,25.61,LOW
2026-07-01,618154,"Rehabilitation & upgradation of Jamkhed to Sautada Section of NH548 D from km 195.375 to km 208.774, Length 13.399 Km to 2L PS /4L configuration with rigid pavement in the state of Maharashtra on EPC mode.",Maharashtra,Roads & Highways,Ministry of Road Transport & Highways,(MoRTH),157.62,0.0,68.93,0.0,68.93,0.0,0.0,0.0,0.0,0.0,3,4,515,1,1,1,0.25541013,25.54,LOW
2026-07-01,617207,Delhi Metro Rail Phase-IV [2 Corridors],Delhi,Urban Public Transport,Ministry of Housing & Urban Affairs,(Delhi Metro Rail Corporation Limited [DMRC]),8399.81,156.69,4.29,1.865399336413562,3.64,0.6499999999999999,94.53,62.16,0.010655737704918,1.0190163934426228,7,8,515,1,1,1,0.25537512,25.54,LOW
2026-07-01,400062,"Raghunathpur Thermal Power Station Phase II [2X660 MW] at Raghunathpur, Purulia, West Bengal",West Bengal,Electricity Generation,Ministry of Power,(Damodar Valley Corporation),17673.0,2120.39,11.5,11.997906410909296,9.4,2.1,1950.25,170.13999999999987,0.0344262295081967,2.7891803278688503,7,8,515,1,1,1,0.25479394,25.48,LOW
2026-07-01,618481,4L Bangalore-Chennai Expressway from Km. 230.000 to Km. 261.705 of Kanchepuram to Sriperumbudur Section Phase-III/Package-IV,Tamil Nadu,Roads & Highways,Ministry of Road Transport & Highways,(NHAI),3605.73,930.29,89.97,25.800323374184973,83.45,6.519999999999996,903.19,27.09999999999991,0.1068852459016392,0.4442622950819657,3,4,515,1,1,1,0.25478688,25.48,LOW
2026-07-01,618561,Improving the Alignment of Thoppur Ghat Section from Km 158.500 to Km 165.100 in Dharmapuri - Salem Section of NH-44,Tamil Nadu,Roads & Highways,Ministry of Road Transport & Highways,(NHAI),904.99,209.58,45.13,23.15826694217616,35.62,9.510000000000003,165.29,44.29000000000002,0.1559016393442623,0.7260655737704922,1,2,61,1,1,1,0.25465372,25.47,LOW
2026-07-01,618164,Construction of four lane highway with paved shoulder from Km.74.700 to Km.112.950 of NH-731A i/c Yamuna Bridge on HAM in the state of Uttar Pradesh.,Uttar Pradesh,Roads & Highways,Ministry of Road Transport & Highways,(MoRTH),1141.67,0.0,91.0,0.0,85.0,6.0,0.0,0.0,0.0983606557377049,0.0,3,4,515,1,1,1,0.25430927,25.43,LOW
2026-07-01,618668,4L of Chowka to Kaimaha near MP/UP Border section NH-34 from D. Ch. 145.000 to D. Ch. 197.266 excluding existing Chhatarpur bypass from D. Ch. 160.307 to D. Ch. 168.630 Package-4,"Multi-States (Madhya Pradesh, Uttar Pradesh)",Roads & Highways,Ministry of Road Transport & Highways,(NHAI),996.5,288.69,44.92,28.970396387355745,30.89,14.03,162.84,125.85,0.23,2.0631147540983608,2,3,515,1,1,1,0.25343907,25.34,LOW
2026-07-01,702626,Indore Metro Rail Project,Madhya Pradesh,Urban Public Transport,Ministry of Housing & Urban Affairs,(Madhya Pradesh Metro Rail Co Limited [MPMRCL]),7500.8,5044.0,65.19,67.24616040955631,64.15,1.039999999999992,4923.05,120.94999999999982,0.0170491803278687,1.9827868852458987,7,8,515,1,1,1,0.25338733,25.34,LOW
2026-07-01,618599,6L of Ramanatukkara Junction to start of Valanchery bypass section of NH-66,Kerala,Roads & Highways,Ministry of Road Transport & Highways,(NHAI),4924.11,3635.17,100.0,73.8238991411646,99.75,0.25,1815.81,1819.36,0.0040983606557377,29.825573770491804,3,4,515,1,1,1,0.25292024,25.29,LOW
2026-07-01,617969,Construction of 4 Lane ROB and its approaches at the level crossing LC No 29 B of Km 29 Ekangarsarai at NH 110 New NH 33 & Railway Km 32.63 at Fatwa FUT Islampur IPR section in the state of Bihar on EPC mode.,Bihar,Roads & Highways,Ministry of Road Transport & Highways,(MoRTH),201.08,0.01,62.0,0.0049731450169086,58.0,4.0,0.01,0.0,0.0655737704918032,0.0,3,4,515,1,1,1,0.25283572,25.28,LOW
2026-07-01,617188,"Sipat Super Thermal Power Project, Stage-III [1x800 MW]",Chhattisgarh,Electricity Generation,Ministry of Power,(National Thermal Power Corporation [NTPC]),9791.0,1795.82,21.3,18.34153814727811,18.91,2.390000000000001,1619.63,176.18999999999983,0.0391803278688524,2.888360655737702,7,8,515,1,1,1,0.252294,25.23,LOW
2026-07-01,618013,4-laning of Puttaparthi-Koduru Section of NH-342,Andhra Pradesh,Roads & Highways,Ministry of Road Transport & Highways,(MoRTH),1318.59,464.06,90.19,35.193653827194204,79.5,10.689999999999998,341.52,122.54000000000002,0.1752459016393442,2.008852459016394,1,2,61,1,1,1,0.2518157,25.18,LOW
2026-07-01,618308,Construction of 4-Lane Panchgram Bypass from Design Chainage km 15500 on NH- 37 Old NH-53 at Kalinagar Pt.-I Village to Design Chainage km 27300 at crossing with NH-6 Old NH-44 Near Siddeswar Pt.-I Village on Silchar - Churaibari stretch in the State of Assam on EPC Mode under Bharatmala Pariyojana in Economic Corridors Silchar- Churaibari Package-2,Assam,Roads & Highways,Ministry of Road Transport & Highways,(NHIDCL),676.18,0.0,57.17,0.0,57.17,0.0,0.0,0.0,0.0,0.0,3,4,515,1,1,1,0.2516748,25.17,LOW
2026-07-01,617934,Nasratpur to Barasgaon section of NH-61 2L / 4L PS from Km.514/00 to 558/200,Maharashtra,Roads & Highways,Ministry of Road Transport & Highways,(MoRTH),406.54,0.0,95.84,0.0,95.84,0.0,0.0,0.0,0.0,0.0,3,4,515,1,1,1,0.2513979,25.14,LOW
2026-07-01,618365,Widening to 2 Lane with Hard shoulder of Akegwo-Avangkhu section of NH-202K for Package-III Design Chainage 69875 Km to 106816 Km in the State of Nagaland on EPC mode under NHO-NE,Nagaland,Roads & Highways,Ministry of Road Transport & Highways,(NHIDCL),497.18,0.0,85.67,0.0,85.67,0.0,0.0,0.0,0.0,0.0,3,4,515,1,1,1,0.25135443,25.14,LOW
2026-07-01,618892,"4 Lane with Paved Shoulder from Dareota Village to Kalar Bala NH 205, Design Chainage -Km 33185 to Km 41000, Design Length-7.815 Km Package-IIB",Himachal Pradesh,Roads & Highways,Ministry of Road Transport & Highways,(NHAI),992.85,5.15,0.0,0.5187087676889762,,,,,,,0,1,0,1,1,1,0.2505861,25.06,LOW
2026-07-01,619093,4L Ismailabad to Ambala Section of NH-152 Lot-4/Package-1,"Multi-States (Haryana, Punjab)",Roads & Highways,Ministry of Road Transport & Highways,(NHAI),609.32,203.25,75.05,33.35685682400052,70.83,4.219999999999999,169.1,34.150000000000006,0.0691803278688524,0.5598360655737706,2,3,515,1,1,1,0.25051278,25.05,LOW
2026-07-01,705480,"Lalitpur-Satna, Rewa-Singrauli & Mahoba-Khajuraho",Madhya Pradesh,Railways,Ministry of Railways,(North Central Railway),8914.0,6889.55,74.0,77.2890958043527,74.0,0.0,6806.95,82.60000000000036,0.0,1.3540983606557435,7,8,515,1,1,1,0.24851759,24.85,LOW
2026-07-01,618791,4L PS under NH configuration of Manikpur-Sahebganj of NH-139W,Bihar,Roads & Highways,Ministry of Road Transport & Highways,(NHAI),1538.76,564.37,26.6,36.67693467467311,17.16,9.44,95.18,469.19,0.1547540983606557,7.691639344262295,2,3,515,1,1,1,0.24800763,24.8,LOW
2026-07-01,709791,City Gas Distribution Projects at Alipurduar and Cooch Behar,West Bengal,Oil & Gas,Ministry of Petroleum & Natural Gas,(Bharat Petroleum Corporation Limited [BPCL]),1017.0,232.5,43.7,22.86135693215339,43.6,0.1000000000000014,227.8,4.699999999999989,0.0016393442622951,0.0770491803278686,7,8,515,1,1,1,0.24749123,24.75,LOW
2026-07-01,618757,6L access controlled Highway from Km 40080 to Km 86513 Mator to Barodameo Section,Rajasthan,Roads & Highways,Ministry of Road Transport & Highways,(NHAI),2010.2,708.28,37.27,35.2343050442742,37.24,0.0300000000000011,707.67,0.6100000000000136,0.0004918032786885,0.0100000000000002,1,2,61,1,1,1,0.24730408,24.73,LOW
2026-07-01,618075,Construction of two lane with paved shoulder from existing Km.0.000 to Km.55.610 design km. 0.000 to km. 54.048 of NH-124D,Uttar Pradesh,Roads & Highways,Ministry of Road Transport & Highways,(MoRTH),840.93,204.84,75.0,24.35874567443188,64.0,11.0,167.6,37.24000000000001,0.180327868852459,0.6104918032786887,3,4,515,1,1,1,0.24726962,24.73,LOW
2026-07-01,619042,"Construction of six lane Flyover at Katraj junction at Km, 3/880 of NH 548-DD Vadgaon - Katraj - Kondhwa - Mantarwadi Chowk - Loni Kalbhor - Theur Phata - Lonikand Road in Pune Dist of the State of Maharashtra. On Engineering Procurement and construction EPC Basis mode L.1.326 Km,",Maharashtra,Roads & Highways,Ministry of Road Transport & Highways,(MoRTH),163.51,0.0,83.19,0.0,80.57,2.6200000000000045,0.0,0.0,0.0429508196721312,0.0,2,3,515,1,1,1,0.24697533,24.7,LOW
2026-07-01,618667,4L of near Satai Ghat to Chowka section of NH-34 from D. Ch. 89.875 to D. Ch. 145.000 Package-3,Madhya Pradesh,Roads & Highways,Ministry of Road Transport & Highways,(NHAI),1005.59,193.1,34.92,19.20265714655078,20.84,14.080000000000002,111.76,81.33999999999999,0.2308196721311475,1.3334426229508194,2,3,515,1,1,1,0.24611314,24.61,LOW
2026-07-01,617886,Widening of existing Single lane / Intermediate lane road to 2 lane from Km 101 to Km 125 of NH 61,Nagaland,Roads & Highways,Ministry of Road Transport & Highways,(MoRTH),252.2,0.0,44.46,0.0,44.46,0.0,0.0,0.0,0.0,0.0,3,4,515,1,1,1,0.2458573,24.59,LOW
2026-07-01,618769,Walajahpet/Ranipet to TN/AP Border Section of from Km.106.800 to Km.133.36 NH-4,"Multi-States (Andhra Pradesh, Tamil Nadu)",Roads & Highways,Ministry of Road Transport & Highways,(NHAI),1338.14,240.71,13.45,17.98840181146965,10.07,3.379999999999999,116.15,124.56,0.0554098360655737,2.041967213114754,2,3,515,1,1,1,0.24496466,24.5,LOW
2026-07-01,603293,Badam Coal Mining project of NTPC,Jharkhand,Coal,Ministry of Power,(National Thermal Power Corporation [NTPC]),502.0,436.5,67.86,86.95219123505976,67.86,0.0,471.08,-34.579999999999984,0.0,-0.5668852459016391,7,8,515,1,1,1,0.24443488,24.44,LOW
2026-07-01,618867,4L Kasganj-Badaun Section from Km. 123.100 to Km. 179.500 Pkg-III of NH530B,Uttar Pradesh,Roads & Highways,Ministry of Road Transport & Highways,(NHAI),2009.11,549.05,37.03,27.328020864960106,28.21,8.82,191.05,357.99999999999994,0.1445901639344262,5.868852459016392,2,3,515,1,1,1,0.24405529,24.41,LOW
2026-07-01,618872,4L PS from near Hunsur - KR Nagar Junction to near Yalachahalli village KR Nagara - Yelawala Road Junction fcrom Km 169.000 to Km 195.550 of NH-275 Pkg-IV,Karnataka,Roads & Highways,Ministry of Road Transport & Highways,(NHAI),1062.76,272.54,18.13,25.644548157627312,14.85,3.28,93.08,179.46000000000004,0.0537704918032786,2.9419672131147547,1,2,61,1,1,1,0.24385312,24.39,LOW
2026-07-01,618551,Greenfield connectivity from Govindsar village on Delhi Amritsar Katra Expressway to Talwara village on NH-44 Pathankot by-pass,Punjab,Roads & Highways,Ministry of Road Transport & Highways,(NHAI),666.81,215.06,28.5,32.25206580585174,24.75,3.75,48.07,166.99,0.0614754098360655,2.7375409836065576,2,3,515,1,1,1,0.2436386,24.36,LOW
2026-07-01,617947,Arawali Kante section of NH-17New NH-66 4L PS from Km.241/300 to 281/300,Maharashtra,Roads & Highways,Ministry of Road Transport & Highways,(MoRTH),1006.99,0.0,80.06,0.0,80.06,0.0,0.0,0.0,0.0,0.0,3,4,515,1,1,1,0.24314167,24.31,LOW
2026-07-01,618304,"Widening/Improvement to 2 Lane with earthen shoulder of Jessami to Laynen bridge Nagaland border section of NH-29 of Imphal -Ukhrul - Jessami Economic Corridor from km 0.000 to km 11.009 in the State of Manipur on EPC mode under Bharatmala Pariyojana, under NHO-NE Package-7",Manipur,Roads & Highways,Ministry of Road Transport & Highways,(NHIDCL),164.89,127.59,26.67,77.37885863302809,23.56,3.110000000000003,125.76,1.8299999999999983,0.0509836065573771,0.0299999999999999,2,3,515,1,1,1,0.24308456,24.31,LOW
2026-07-01,619126,6L Access Controlled Greenfield Highway from Marripudi Ch. 285500 to Somavarappadu Ch. 314600 of [NH-544G] Package-13,Andhra Pradesh,Roads & Highways,Ministry of Road Transport & Highways,(NHAI),976.41,370.82,73.0,37.977898628649854,73.0,0.0,293.33,77.49000000000001,0.0,1.270327868852459,2,3,515,1,1,1,0.24267504,24.27,LOW
2026-07-01,617949,Tadipatri Bypass Km 0000 to Km 6285 of 4-Lane on NH-67 in Anantapuramu district of AP state under NHO on EPC Mode under Annual Plan 2022-23,Andhra Pradesh,Roads & Highways,Ministry of Road Transport & Highways,(MoRTH),159.66,75.64,100.0,47.375673305774775,100.0,0.0,59.26,16.380000000000003,0.0,0.2685245901639345,3,4,515,1,1,1,0.24202327,24.2,LOW
2026-07-01,701121,Construction of New Domestic Terminal Building at Rajahmundry Airport.,Andhra Pradesh,Aviation & Aviation Infrastructure,Ministry of Civil Aviation,(Airport Authority of India [AAI]),347.15,189.48,94.5,54.58159297133805,90.0,4.5,170.79,18.69,0.0737704918032786,0.3063934426229507,7,8,515,1,1,1,0.24116947,24.12,LOW
2026-07-01,707046,Establishment of new GMC Kanker,Chhattisgarh,Healthcare,Ministry of Health & Family Welfare,"(Medical Education, Ministry of Health and Family Welfare)",325.0,36.0,59.0,11.076923076923077,59.0,0.0,35.0,1.0,0.0,0.0163934426229508,2,3,515,1,1,1,0.24102594,24.1,LOW
2026-07-01,618024,Up-gradation to two lane with paved shoulder configuration of NH-354 Section Arifkes- Ferozepur-Muktsar-Malaut from Km 201.500 to Km 212.500 & Km 229.690 to Km 269.960 and strengthening of existing pavement from Km 212.500 to Km 229.690 excluding Km 218.500 to 223.690 of NH-354 on EPC Mode in the State of Punjab. Job No. NH-354-PB-2020-21-532,Punjab,Roads & Highways,Ministry of Road Transport & Highways,(MoRTH),263.19,0.0,83.0,0.0,83.0,0.0,0.0,0.0,0.0,0.0,3,4,515,1,1,1,0.24090071,24.09,LOW
2026-07-01,618538,Construction of Ring Road around kanpur from Ch.51.200 to Ch. 68.650 Badarka to Harbanch-Uchti Pkg-III,Uttar Pradesh,Roads & Highways,Ministry of Road Transport & Highways,(NHAI),1792.68,261.94,32.78,14.61164290336256,22.81,9.970000000000002,193.85,68.09,0.1634426229508197,1.1162295081967213,1,2,61,1,1,1,0.24019532,24.02,LOW
2026-07-01,618734,6L Greenfield Varanasi- Ranchi- Kolkata Highway from junction with NH-320 in Lepo village to Kamlapur villageJH/WB border from km 358.500 to km 387.200 Pkg -13,"Multi-States (Jharkhand, West Bengal)",Roads & Highways,Ministry of Road Transport & Highways,(NHAI),1154.49,308.02,23.23,26.68017912671396,17.22,6.010000000000002,90.87,217.15,0.0985245901639344,3.55983606557377,2,3,515,1,1,1,0.23962292,23.96,LOW
2026-07-01,703021,Jalandhar Water Supply Infrastructure Project,Punjab,Waste & Water,Ministry of Housing & Urban Affairs,(Ministry of Housing & Urban Affairs),258.53,161.02,90.0,62.28290720612696,58.0,32.0,161.02,0.0,0.5245901639344263,0.0,6,7,515,1,1,1,0.2393843,23.94,LOW
2026-07-01,617412,"Construction of One Tower of Office Complex and another Tower of Residential quarters consisting of 10Nos. Type-V, 10Nos. Type-VI & 1No.Type-VII Quarters i/c internal water supply, sanitary installation and all development and bulk services, Horticulture works on EPC Mode-I basis i/c comprehensive operation and maintenance of Civil, E&M services for 7 years after completion of original construction work for Ranga Reddy, Secunderabad, Medchal, AuditI, Audit-II Commissionerates of Central Tax at Khajaguda, Serilingampally, Hyderabad.",Telangana,Construction,Ministry of Housing & Urban Affairs,(Central Public Works Department - CPWD),644.0,175.79,23.0,27.296583850931675,21.0,2.0,161.57,14.22,0.0327868852459016,0.2331147540983606,5,6,515,1,1,1,0.23907262,23.91,LOW
2026-07-01,618613,Deogarh near Dhandhaniya-Rajasthan/Gujarat Border Phase-I AJ/DRGB-Package-7,Rajasthan,Roads & Highways,Ministry of Road Transport & Highways,(NHAI),662.08,561.0,99.2,84.7329627839536,99.2,0.0,508.83,52.170000000000016,0.0,0.8552459016393446,3,4,515,1,1,1,0.2384064,23.84,LOW
2026-07-01,617221,"Construction of Girls Hostel 400 seater, Boys Hostel 600 seater, Academic Block, International Hostel 100 seater, VC Residence and Purchase of Equipment",Punjab,Education,Department of Higher Education,(Central University of Punjab),210.99,81.06,48.0,38.418882411488696,45.0,3.0,74.96,6.1000000000000085,0.0491803278688524,0.1000000000000001,7,8,515,1,1,1,0.237639,23.76,LOW
2026-07-01,612834,3rd & 4th line between Sarla - Sason [8 km] [PB 73/2023-24/NR],Odisha,Railways,Ministry of Railways,(East Coast Railway [ECoR] - II),252.0,117.97,92.0,46.81349206349206,86.0,6.0,117.3,0.6700000000000017,0.0983606557377049,0.010983606557377,7,8,515,1,1,1,0.23741443,23.74,LOW
2026-07-01,619127,4L of Greenfield Alignment from Km. 47.000 to Km. 89.210 of Balbhadarpur to Bela Nawda Section of NH-119D,Bihar,Roads & Highways,Ministry of Road Transport & Highways,(NHAI),2185.75,717.01,29.13,32.803843074459564,24.67,4.459999999999997,373.63,343.38,0.0731147540983606,5.629180327868853,2,3,515,1,1,1,0.23663034,23.66,LOW
2026-07-01,617979,"Rehabilitation, upgradation & widening of existing highway to 2L/4LPS Rigid Pavement of NH 160 section- Phaltan to Mhaisal near Karnataka Border including Tasgaon Bypass, from existing chainage Km 301/430 to Km 458/415 in the State of Maharashtra. Package-I starting from existing chainage Km 301/430 at Phaltan Village Junction of Phaltan Baramati Road Design Chainage -301/430km & ending at existing chainage Km 341/300 Dahiwadi Village Bus Stop Design chainage Km 340466km in the S",Maharashtra,Roads & Highways,Ministry of Road Transport & Highways,(MoRTH),533.76,0.0,72.05,0.0,68.95,3.0999999999999943,0.0,0.0,0.0508196721311474,0.0,1,2,61,1,1,1,0.23601374,23.6,LOW
2026-07-01,618233,Construction of 6-lane bridge on Ganga on NH-96 and its approaches in Phaphamau Allahabad on EPC mode,Uttar Pradesh,Roads & Highways,Ministry of Road Transport & Highways,(MoRTH),1948.25,0.0,90.2,0.0,87.91,2.2900000000000063,0.0,0.0,0.0375409836065574,0.0,3,4,515,1,1,1,0.23528878,23.53,LOW
2026-07-01,618414,Construction of Balance work for 2-lane with hard shoulder of Peren- Dimapur section on NH-129A from Design Km 126.775 to Km 146.208 Length 19.433 Km in the state of Nagaland on EPC mode under NHO-TSP Package-II,Nagaland,Roads & Highways,Ministry of Road Transport & Highways,(NHIDCL),258.52,135.86,96.53,52.55299396565064,96.53,0.0,60.72,75.14000000000001,0.0,1.231803278688525,3,4,515,1,1,1,0.23528437,23.53,LOW
2026-07-01,619059,Construction of 2-Lane with hard shoulders of Merangkong-Tamlu-Mon Road on EPC Basis from existing road Km. 76.640 to Km 98.065 Design chainage Km. 63.800 to Km. 86.835 Design Length-23.035 Km in the state of Nagaland under SARDP-NE PKG-IV Balance work,Nagaland,Roads & Highways,Ministry of Road Transport & Highways,(NHIDCL),323.98,143.39,79.03,44.258904870671024,75.05,3.980000000000004,70.46,72.92999999999999,0.0652459016393443,1.1955737704918032,2,3,515,1,1,1,0.23482628,23.48,LOW
2026-07-01,618126,"Pre-Construction activities from Km 134.000 to Km 190.233 of NH-333A and Construction of 4 no. of Bypasses at Katoria, Lakhpura, Banka & Panjwara total length-14.359 Km to two lane with paved shoulders standard in State of Bihar.",Bihar,Roads & Highways,Ministry of Road Transport & Highways,(MoRTH),479.37,67.37,58.1,14.0538623610155,58.0,0.1000000000000014,0.0,67.37,0.0016393442622951,1.1044262295081968,1,2,61,1,1,1,0.23457329,23.46,LOW
2026-07-01,618340,Widening/Improvement to 4-Lane with Paved Shoulder from km 626030 Nalani hulla Gaon to km 650450 Chotahapjan on existing Tinsukhia -Makum Bypass of NH-15 OLD NH-37 and Strengthening of existing NH-315 OLD NH-38 from Km 0000 Chotahapjan to Km 16900 Bogapani section 2-Lane PS in Assam on EPCMode under NHO-NE Package-3,Assam,Roads & Highways,Ministry of Road Transport & Highways,(NHIDCL),458.59,249.84,88.99,54.480036634030405,83.39,5.599999999999994,217.2,32.640000000000015,0.0918032786885245,0.535081967213115,3,4,515,1,1,1,0.23416267,23.42,LOW
2026-07-01,701599,Mobile connectivity in Left Wing Extremism [LWE] affected areas-Phase2,"Multi-States (Andhra Pradesh, Bihar, Chhattisgarh, Jharkhand, Madhya Pradesh, Maharashtra, Odisha, Telangana, Uttar Pradesh, West Bengal)",Telecommunication,Department of Telecommunications,(Department of Telecommunications [DoT]),1577.57,480.91,88.0,30.484225739586837,88.0,0.0,701.66,-220.74999999999997,0.0,-3.618852459016392,7,8,515,1,1,1,0.23372127,23.37,LOW
2026-07-01,618124,Rehabilitation and upgradation from km 51.600 to km 75.700 of NH-321G Nuhkhas to Etah section to two lane with paved shoulder configuration under EPC mode in the State of Uttar Pradesh,Uttar Pradesh,Roads & Highways,Ministry of Road Transport & Highways,(MoRTH),343.54,84.43,65.0,24.576468533504105,65.0,0.0,75.71,8.720000000000013,0.0,0.1429508196721313,3,4,515,1,1,1,0.23326841,23.33,LOW
2026-07-01,618885,Construction of Four Lane Highway from Ghazipur- Ballia-UP/Bihar State Border Greenfield section of NH-31 Package IV [from Buxur Spur of length km 17.270 on EPC Mode in the state of Uttar Pradesh.,Uttar Pradesh,Roads & Highways,Ministry of Road Transport & Highways,(NHAI),617.88,282.0,91.1,45.63993008351136,83.88,7.219999999999999,235.64,46.360000000000014,0.1183606557377049,0.7600000000000002,3,4,515,1,1,1,0.23286775,23.29,LOW
2026-07-01,618219,Upgradation to 2-lane with Hard shoulder configuration of Suraithota Ch. 29.725 km to Malari Ch. 60.550 km road on NH- 107B under in the state of Uttarakhand.,Uttarakhand,Roads & Highways,Ministry of Road Transport & Highways,(MoRTH),292.76,0.0,76.67,0.0,72.5,4.170000000000002,0.0,0.0,0.0683606557377049,0.0,1,2,61,1,1,1,0.2323415,23.23,LOW
2026-07-01,615345,Transmission System for Evacuation of Power from Potential Renewable Energy Zone in Khavda area of Gujarat under Phase-IV [7GW] Part B [SPV Name POWERGRID South Olpad Transmission Limited],Gujarat,Transmission & Distribution,Ministry of Power,(Power Grid Corporation of India Limited [POWERGRID]),4766.0,2111.34,36.57,44.30004196391104,27.59,8.98,1239.16,872.1800000000001,0.1472131147540983,14.298032786885248,7,8,515,1,1,1,0.2304155,23.04,LOW
2026-07-01,619032,JAYANT EXPN. [20 TO 38 MTPA],Madhya Pradesh,Coal,Ministry of Coal,(NCL - CIL),25560.48,256.7,2.02,1.004284739566706,1.32,0.7,126.68,130.01999999999998,0.0114754098360655,2.131475409836065,2,3,515,1,1,1,0.23017076,23.02,LOW
2026-07-01,618325,Dillai to Lahorijan Package-7,Assam,Roads & Highways,Ministry of Road Transport & Highways,(NHIDCL),204.1,142.21,0.0,69.6766291033807,0.0,0.0,0.0,142.21,0.0,2.3313114754098363,3,4,515,1,1,1,0.22990343,22.99,LOW
2026-07-01,618454,"Earthwork in Formation, Road Work, Construction of Bridges, Blanketing, P. Way Linking works including Supply of P. Way Fittings and Track Ballast in connection with Construction of Railway Siding from Jogighopa Railway Station to MMLP at Jogighopa from Ch. 00 to 3760 on Item Rate basis Package -3, Railway Siding from Jogighopa Railway Station to MMLP",Assam,Roads & Highways,Ministry of Road Transport & Highways,(NHIDCL),693.97,41.78,93.23,6.020433159934868,93.23,0.0,37.6,4.18,0.0,0.0685245901639344,2,3,515,1,1,1,0.22936279,22.94,LOW
2026-07-01,618866,"Four Lane Highway from Chandan Nagar Existing Km. 59.025 of NH 530B/Design Km. 179.5000 to Bareilly BypassStartExisting Km. 59.025 of NH 530B/Design Km. 218.000 Section of NH 530B, in the State of Uttar Pradesh on HAM Mode under NH0",Uttar Pradesh,Roads & Highways,Ministry of Road Transport & Highways,(NHAI),2077.0,438.93,30.3,21.132883967260472,16.01,14.29,223.68,215.25,0.2342622950819672,3.528688524590164,2,3,515,1,1,1,0.22853222,22.85,LOW
2026-07-01,619141,Construction of four lane access controlled highway from Chillakuru cross road to Turpu KanupurPart 1 of Package - II km 0.000 131.500 of NH - 16 to km 23.770 on New NH-516W including six lane flyover and approaches on NH-16 length km 1.050 and six lane access controlled from Turpu Kanupur to Port South Gate Part 2 of Package - II km 23.770 to km 35.015 on New NH-516W in the state of Andhra Pradesh on HAM Mode under Bharatmala Pariyojana Phase I,Andhra Pradesh,Roads & Highways,Ministry of Road Transport & Highways,(NHAI),864.2,358.97,54.11,41.53783846331868,50.17,3.9399999999999977,305.43,53.54000000000002,0.0645901639344262,0.8777049180327873,2,3,515,1,1,1,0.22846201,22.85,LOW
2026-07-01,618958,2L with ES of Yagyi - Kalewa section from Milepost 40/0 to Milepost 115/5 in Myanmar,Assam,Roads & Highways,Ministry of Road Transport & Highways,(NHAI),1200.14,0.0,52.0,0.0,52.0,0.0,0.0,0.0,0.0,0.0,1,2,61,1,1,1,0.2280024,22.8,LOW
2026-07-01,619184,"Rehabilitation and up-gradation and completion of balance works of the section from Km 107.760 km to 129.445 km After Middle strait to Humphrey, Km 130.600 to 138.300 After Humphrey to Kadamtala of NH-4 Intermediate/2-Lane with hard shoulder in the Union Territory of Andaman & Nicobar Islands on EPC basis Package- IIIA",Andaman & Nicobar,Roads & Highways,Ministry of Road Transport & Highways,(NHIDCL),207.45,0.0,81.32,0.0,78.01,3.309999999999988,0.0,0.0,0.054262295081967,0.0,1,2,61,1,1,1,0.22548257,22.55,LOW
2026-07-01,707070,Establishment of new GMC Hoshiarpur,Punjab,Healthcare,Ministry of Health & Family Welfare,"(Medical Education, Ministry of Health and Family Welfare)",325.0,2.0,1.0,0.6153846153846154,1.0,0.0,1.0,1.0,0.0,0.0163934426229508,2,3,515,1,1,1,0.22519399,22.52,LOW
2026-07-01,611949,Transmission system for evacuation of power from REZ in Rajasthan 20 GW under Phase-III part C1,Rajasthan,Transmission & Distribution,Ministry of Power,(Power Grid Corporation of India Limited [POWERGRID]),1160.0,1148.4,99.67,99.0,99.0,0.6700000000000017,1136.8,11.600000000000136,0.010983606557377,0.1901639344262317,7,8,515,1,1,1,0.22519216,22.52,LOW
2026-07-01,618222,Widening and Strengthening up gradation to 2 lane with paved shoulder from existing chainage Km 192.98 to Km 229.820 design chainage Km 162.800 to Km 198.18 under 31 BRTF on Akhnoor-Poonch Road NH-144A in the UT of Jammu and Kashmir under Project Sampark Border Roads Organisation BRO on EPC Mode Package-VIII Job No NH-144A-J&K-2022-2023-111,Jammu and Kashmir,Roads & Highways,Ministry of Road Transport & Highways,(MoRTH),562.45,158.52,71.27,28.18383856342786,70.03,1.2399999999999949,137.07,21.450000000000017,0.0203278688524589,0.3516393442622954,2,3,515,1,1,1,0.22466442,22.47,LOW
2026-07-01,615344,Transmission System for Evacuation of Power from Rajasthan REZ Ph-IV [Part-2 5.5GW] [Jaisalmer/Barmer Complex] Part H1 [POWERGRID KURAWAR TRANSMISSION LIMITED],Madhya Pradesh,Transmission & Distribution,Ministry of Power,(Power Grid Corporation of India Limited [POWERGRID]),3674.0,1637.5,45.5,44.56995100707676,39.24,6.259999999999998,1396.12,241.3800000000001,0.1026229508196721,3.9570491803278713,7,8,515,1,1,1,0.22367486,22.37,LOW
2026-07-01,618564,6L with PS of Samakhiyali to Santalpur section from km. 339.700 to Km. 430.100 of NH-27,Gujarat,Roads & Highways,Ministry of Road Transport & Highways,(NHAI),1553.76,28.59,64.52,1.840052517763361,57.59,6.929999999999993,28.18,0.4100000000000001,0.113606557377049,0.0067213114754098,1,2,61,1,1,1,0.22271839,22.27,LOW
2026-07-01,618213,Rehabilitation and Upgradation of road Rishikesh Dharasu Old NH-94 with 2-lane with paved shoulder from km 76.000 to km 110.000 Design Chainage from km 74.733 to km 107.347 32.614 km including construction of Kamand re-alignment from existing Chainage Km 105.200 to Km 108.600 design chainage Km 103.436 to Km 105.949 - total length 2513 mtrs and land slide treatment work between design chainage Km 73.800 to Km 74.00 200m on EPC mode under improvement to NH connectivity to Chardham in,Uttarakhand,Roads & Highways,Ministry of Road Transport & Highways,(MoRTH),273.76,0.0,96.46,0.0,96.46,0.0,0.0,0.0,0.0,0.0,1,2,61,1,1,1,0.22213064,22.21,LOW
2026-07-01,701598,Provision of 4G based Mobile Services in Uncovered Villages and National Highways of Meghalaya,Meghalaya,Telecommunication,Department of Telecommunications,(Department of Telecommunications),971.96,167.23,99.84,17.20544055310918,99.84,0.0,232.79,-65.56,0.0,-1.0747540983606558,7,8,515,1,1,1,0.2211705,22.12,LOW
2026-07-01,618800,Construction of New Double Tier 4L Elevated Corridor from Chennai Port to Maduravoyal in Chennai District from km -0.342 to Km 20.593 and Package II from Km 4.604 to Km 9.700,Tamil Nadu,Roads & Highways,Ministry of Road Transport & Highways,(NHAI),1616.97,239.48,18.13,14.81041701453954,17.54,0.5899999999999999,185.63,53.85,0.0096721311475409,0.8827868852459015,3,4,515,1,1,1,0.22048537,22.05,LOW
2026-07-01,617894,"Construction or 4 lane Raniganj Bypass of length 5.261 km on NH-60 new NH-14 from km 273.00 of NH to km 478.18 of NH-2 New NH 16 in paschim Bardhaman, West Bengal in EPC Mode- reg. Job No. 014-WB-2022-23/514",West Bengal,Roads & Highways,Ministry of Road Transport & Highways,(MoRTH),410.83,174.31,67.28,42.42874181534942,65.11,2.1700000000000017,157.03,17.28,0.0355737704918033,0.2832786885245902,1,2,61,1,1,1,0.22020516,22.02,LOW
2026-07-01,618047,"Widening, Reconstruction & Up-gradation to 2 lane with Paved Shoulder/Four Lane configuration for the work of Ahmednagar to Sabalkhed & Ashti to Chinchpur Section of NH-561 from Design km 2915 to km 37728 & Design km 55100 to km 70000 in the State of Maharashtra on EPC mode. Length 49.713 km",Maharashtra,Roads & Highways,Ministry of Road Transport & Highways,(MoRTH),657.16,0.0,83.46,0.0,72.2,11.259999999999993,0.0,0.0,0.1845901639344261,0.0,1,2,61,1,1,1,0.21946396,21.95,LOW
2026-07-01,701657,Tumakuru Node - Phase 1 - Roads and Services Development,Karnataka,Real Estate,Department for Promotion of Industry & Internal Trade,(National Highways & Infrastructure Development Corporation Ltd. [NHIDCL]),1701.81,324.12,25.67,19.045604385918523,23.18,2.490000000000002,278.35,45.76999999999998,0.0408196721311475,0.7503278688524587,7,8,515,1,1,1,0.21894482,21.89,LOW
2026-07-01,618400,Construction & Upgradation to 2-lane with paved shoulder from Design Km 67.805 at the end of Km 83rd Tunnel near Dhrabshalla Ex. Km 83905 to Km 80.675 start of Kishtwar Bypass - Dulhasti Ex. Km 970751 of 12.870 Km length on chenani- Sudhmahadev-Goha Khellani-Kishtwar-vailoo-Donipawa-Ashajipora seition of NH-244 in the UT of J&K on EPC Mode under NHO-Gen Pkg-3,Jammu and Kashmir,Roads & Highways,Ministry of Road Transport & Highways,(NHIDCL),398.51,120.09,98.55,30.13475195101754,98.55,0.0,99.35,20.74000000000001,0.0,0.3400000000000001,3,4,515,1,1,1,0.21833348,21.83,LOW
2026-07-01,618236,Rehabilitation and Up-gradation of Dhindi - Digamarru section from Km 126/510 to Km 135/740 of NH -214 New NH -216 and digamarru -Losari section from Km 0/000 tp Km 34/230 of NH-214 A New Nh-216 to two lane with paved shoulder in the state of AP-NH,Andhra Pradesh,Roads & Highways,Ministry of Road Transport & Highways,(MoRTH),316.06,222.43,100.0,70.37587799784852,100.0,0.0,220.75,1.6800000000000068,0.0,0.0275409836065574,1,2,61,1,1,1,0.21812354,21.81,LOW
2026-07-01,618467,Vadodara Mumbai Expressway Karvad - Jujuwa from Km. 128.000 to Km. 154.600 Phase-I Package-IX,Gujarat,Roads & Highways,Ministry of Road Transport & Highways,(NHAI),2594.17,226.62,21.75,8.735742067790468,21.75,0.0,212.76,13.860000000000014,0.0,0.2272131147540985,1,2,61,1,1,1,0.21796156,21.8,LOW
2026-07-01,618017,"Upgradation of Keonchi - Ratanpur Road of NH 45 Package-II, from design chainage km 278.75 to km 321.348 of length 42.598 km to two lane with paved shoulders under Corridor scheme on EPC mode in the state of Chhattisgarh.",Chhattisgarh,Roads & Highways,Ministry of Road Transport & Highways,(MoRTH),286.0,87.54,60.0,30.60839160839161,60.0,0.0,78.67,8.870000000000005,0.0,0.1454098360655738,1,2,61,1,1,1,0.2179351,21.79,LOW
2026-07-01,618446,Construction & Upgradation of existing road to 2-lane with paved shoulder from New Rolep Bridge at km 37.600 to Chochenpheri at km 52.00 in the section of Rongli to Chochenpheri of NH 717B Pkg-II C,Sikkim,Roads & Highways,Ministry of Road Transport & Highways,(NHIDCL),493.42,0.03,79.13,0.0060800129706943,77.07,2.0600000000000023,0.0,0.03,0.0337704918032787,0.0004918032786885,3,4,515,1,1,1,0.2173228,21.73,LOW
2026-07-01,618758,6L accesscontrolled highway from km 0000 to km 40080 Paniyala to Mator Section of Paniyala-Barodameo ICR,Rajasthan,Roads & Highways,Ministry of Road Transport & Highways,(NHAI),1764.86,558.32,41.25,31.63537051097538,36.82,4.43,310.12,248.20000000000005,0.0726229508196721,4.068852459016394,1,2,61,1,1,1,0.21709329,21.71,LOW
2026-07-01,701122,Development of New Integrated Civil Enclave at Agra Airport,Uttar Pradesh,Aviation & Aviation Infrastructure,Ministry of Civil Aviation,(Airport Authority of India [AAI]),579.0,217.42,43.22,37.55094991364421,40.03,3.1899999999999977,197.61,19.80999999999997,0.052295081967213,0.3247540983606553,7,8,515,1,1,1,0.21706475,21.71,LOW
2026-07-01,701593,4G Services by BSNL,PAN India,Telecommunication,Department of Telecommunications,(Department of Telecommunications [DoT]),28466.0,9142.63,98.4,32.11771938452891,98.23,0.1700000000000017,8471.19,671.4399999999987,0.0027868852459016,11.007213114754077,7,8,515,1,1,1,0.21698368,21.7,LOW
2026-07-01,618402,"Construction of Intermediate Lane with Hard Shoulder of Hunli to Hayuliang from Design Km 0.000 to Km 53.000 Design Length 53.000 km, Greenfield Section of Frontier Highway NH-913 in the State of Arunachal Pradesh on EPC Mode Package-I",Arunachal Pradesh,Roads & Highways,Ministry of Road Transport & Highways,(NHIDCL),1262.43,245.19,18.1,19.422066966089208,16.75,1.3500000000000014,233.81,11.379999999999995,0.0221311475409836,0.1865573770491802,2,3,515,1,1,1,0.2168777,21.69,LOW
2026-07-01,618182,Widening to Two lane with paved shoulders from 106/830 to 158/496 of Yellareddy- Rudrur Section of NH-765D in the state of Telangana on EPC mode under NHO under Annual plan 2022-23,Telangana,Roads & Highways,Ministry of Road Transport & Highways,(MoRTH),499.88,197.25,66.68,39.45947027286549,63.44,3.240000000000009,187.35,9.900000000000006,0.0531147540983608,0.1622950819672132,1,2,61,1,1,1,0.21598418,21.6,LOW
2026-07-01,618073,Improvement to Two lane with Paved Shoulder from Junction of NH22 near Hajipur to Junction of NH -122 at Bachhwara via Mahnar and Mohiuddin Nagar from Km 0.00 to Km 29.730 of NH 122 B in the State of Bihar.,Bihar,Roads & Highways,Ministry of Road Transport & Highways,(MoRTH),226.16,0.0,53.0,0.0,44.0,9.0,0.0,0.0,0.1475409836065573,0.0,3,4,515,1,1,1,0.21581005,21.58,LOW
2026-07-01,618215,"Improvement/construction of existing CL-5 Road to NH Intermediate lane specification with hard shoulder from Km 166.000 to 203.77 net Length 37.770 kms of NH-505 Sumdo-Kaza-Gramphoo road in the state of Himachal Pradesh on EPC mode under project Deepak, BRO",Himachal Pradesh,Roads & Highways,Ministry of Road Transport & Highways,(MoRTH),274.36,0.0,22.26,0.0,22.26,0.0,0.0,0.0,0.0,0.0,1,2,61,1,1,1,0.21526408,21.53,LOW
2026-07-01,618265,Rehabilitation and upgradation to 2-lane with paved sholuders configuration of Miranpur Katra to radhaita section of NH-730CKm.114.000 to Km 137.250pakage-III in state of Uttar Pradesh undergreen national Highway Corridor ProjectGNHCP with the loan assistance of world Bank on EPC mode.,Uttar Pradesh,Roads & Highways,Ministry of Road Transport & Highways,(MoRTH),172.5,0.0,91.0,0.0,89.0,2.0,0.0,0.0,0.0327868852459016,0.0,3,4,515,1,1,1,0.2140878,21.41,LOW
2026-07-01,618020,"Rehabilitation & Upgradation of KurwaiMungaoliChanderi Road section of NH-346, from Design Chainge 0.000 to 81.300 Km Total length 83.1 km to Two lane with paved shoulder configuration along with One time improvement in 07 nos of bypassed built- up areas in a total length of 22.615 km in the state of Madhya Pradesh on EPC mode.",Madhya Pradesh,Roads & Highways,Ministry of Road Transport & Highways,(MoRTH),386.49,164.41,67.57,42.5392636290719,64.71,2.8599999999999994,164.43,-0.0200000000000102,0.0468852459016393,-0.0003278688524591,3,4,515,1,1,1,0.21352574,21.35,LOW
2026-07-01,618712,6L Access Controlled Greenfield Highway from Kodur Ch. 0000 to Vanavolu Ch. 24300 of [NH-544G] Package-1,Andhra Pradesh,Roads & Highways,Ministry of Road Transport & Highways,(NHAI),912.94,357.89,86.63,39.20191907463798,85.01,1.6199999999999903,333.15,24.74000000000001,0.0265573770491801,0.4055737704918034,3,4,515,1,1,1,0.21333216,21.33,LOW
2026-07-01,618103,Rehabilitation and upgradation from Km 22300 to 58635 of MudireddyPalle to Kadapa/Nellore Border via porumamilla Section of NH 167 Two Lane with paved Shoulder in,Andhra Pradesh,Roads & Highways,Ministry of Road Transport & Highways,(MoRTH),279.29,168.7,90.33,60.40316516882093,88.25,2.0799999999999983,155.02,13.679999999999978,0.0340983606557376,0.2242622950819668,1,2,61,1,1,1,0.2132125,21.32,LOW
2026-07-01,618506,"Construction of Additional Structures, Improvement of Service Road & Maintenance of Six Lane Gurgaon-Jaipur Section of NH-48 old NH-8 between km 42700 to km 107100 in the State of Haryana",Haryana,Roads & Highways,Ministry of Road Transport & Highways,(NHAI),401.74,116.43,56.05,28.98143077612386,45.02,11.029999999999994,93.89,22.540000000000006,0.1808196721311474,0.3695081967213116,1,2,61,1,1,1,0.212535,21.25,LOW
2026-07-01,617978,"Rehabilitation, upgradation & widening of existing highway to 2L/4LPS Rigid Pavement of NH 160 section- Phaltan to Mhaishal near Karnataka Border including Tasgaon Bypass, from existing chainage Km 301/430 to Km 458/415 in the State of Maharashtra- Package-II & Package III combined- starting from existing chainage Km 341/300 to Km 394/130 and design chainage Km 340/250 at Dahiwadi Village to Km 392/950 ending at Vita Village in the State of Maharashtra on EPC Mode.",Maharashtra,Roads & Highways,Ministry of Road Transport & Highways,(MoRTH),631.76,187.59,85.0,29.69323793845765,74.54,10.459999999999994,187.58,0.0099999999999909,0.1714754098360654,0.0001639344262293,1,2,61,1,1,1,0.21233456,21.23,LOW
2026-07-01,617999,Widening to 2LPS from Km 67 to Km 115 on Kadur-Hosadurga section NH 173 in the state of Karnataka NH-173-KNT-2022-23-980 dated 13.03.2023,Karnataka,Roads & Highways,Ministry of Road Transport & Highways,(MoRTH),471.62,91.74,69.54,19.45210126796997,64.33,5.210000000000008,80.08,11.659999999999997,0.0854098360655739,0.1911475409836065,1,2,61,1,1,1,0.21193504,21.19,LOW
2026-07-01,618125,Rehabilitation and upgradation of NH 326A from km 0/0 to 41/979 excluding km 2/255 to 3/372 and km 36/820 to 38/275 Odisha border to Narasamapeta to two lane with paved Shoulders in the State of Andhra Pradesh under NHO on EPC Mode,Andhra Pradesh,Roads & Highways,Ministry of Road Transport & Highways,(MoRTH),228.32,0.0,100.0,0.0,100.0,0.0,44.45,-44.45,0.0,-0.728688524590164,2,3,515,1,1,1,0.21192512,21.19,LOW
2026-07-01,618098,"Upgradation of exhisting 2 lane flexible pavement to 2 lane paved shoulders rigid pavement from design chainage Km 66.00 to Design Km 82.440 Start of Kolhapur Municipal corporation near Phulewadi to kale, design length 16.440 Km section on Talere Gaganbawada-Kolhapur road NH 166G in the state of Maharashtra on EPC mode",Maharashtra,Roads & Highways,Ministry of Road Transport & Highways,(MoRTH),167.97,0.0,93.75,0.0,93.75,0.0,0.0,0.0,0.0,0.0,3,4,515,1,1,1,0.21147422,21.15,LOW
2026-07-01,709859,SETTING UP OF PHYSICAL INFRASTRUCTURE FOR THE NATIONAL INSTITUTE OF COMMUNICATION FINANCE [NICF] AT GHITORNI,Delhi,Telecommunication,Department of Telecommunications,(National Communication Academy - Finance [Erstwhile NICF]),248.2,237.43,98.0,95.6607574536664,98.0,0.0,237.39,0.0400000000000204,0.0,0.0006557377049183,7,8,515,1,1,1,0.21140893,21.14,LOW
2026-07-01,618055,Construction of Pratapgarh Bypass Extension connecting NH-31 to NH-330 on EPC mode in the State of Uttar Pradesh.,Uttar Pradesh,Roads & Highways,Ministry of Road Transport & Highways,(MoRTH),225.17,0.0,75.0,0.0,73.0,2.0,0.0,0.0,0.0327868852459016,0.0,3,4,515,1,1,1,0.21123901,21.12,LOW
2026-07-01,618205,"Construction of 4 lane with paved shoulder from Existing Ch. 14200 to 24320 Design Ch. 14200 to 24400, Ch. 33760 to 42780 Design Ch. 35300 to 44294 & Ch. 43440 to 47020 Design Ch. 44958 to 48500 Delina Flyover including construction of flyover length 1.704 km of total length 22.736 kms in AOR of 760 BRTF on road SRINAGAR BARAMULA URI NH-01 in the UT of Jammu & Kashmir under project BEACON, Border Roads Organization BRO Package-IJob No NH-1-J&K-2022-23-110",Jammu and Kashmir,Roads & Highways,Ministry of Road Transport & Highways,(MoRTH),823.46,292.48,85.5,35.51842226701965,83.0,2.5,262.57,29.910000000000025,0.040983606557377,0.4903278688524594,2,3,515,1,1,1,0.21107037,21.11,LOW
2026-07-01,618395,"Construction & Upgradation to 2-lane with paved shoulder from Design Ch. Km 51700 at Premnagar km 66315 to Km 66535 New Thatri at Start of Km 83rd, Tunnel Km 82665 of 14.835 Km design length on Chenani-Sudhmahadev-Goha Khellani- Kishtwar-Vailoo Donipawa-Ashajipora section of NH-244 in the UT of J&K on EPC Mode under NHO-Gen Pkg - 2",Jammu and Kashmir,Roads & Highways,Ministry of Road Transport & Highways,(NHIDCL),512.43,164.66,53.49,32.13316940850458,53.49,0.0,155.69,8.969999999999999,0.0,0.1470491803278688,3,4,515,1,1,1,0.21015334,21.02,LOW
2026-07-01,618257,Rehabilitation and Upgradation to 2-lane with paved shoulders configuration of Koyyuru to Chaprathipalem section Km 120000 to Km 165500 of NH-516E in the State of Andhra Pradesh under Green National Highways Corridor Project GNHCP with the loan assistance of World Bank on EPC mode,Andhra Pradesh,Roads & Highways,Ministry of Road Transport & Highways,(MoRTH),349.29,264.81,100.0,75.81379369578288,100.0,0.0,242.02,22.789999999999992,0.0,0.373606557377049,3,4,515,1,1,1,0.20995459,21.0,LOW
2026-07-01,617883,"Redevelopment of Residential colonies at Ayur Vigyan Nagar and West Ansari Nagar campuses of AIIMS, New Delhi",Delhi,Healthcare,Ministry of Health & Family Welfare,(PMSSY AND Institute of NATIONAL Importance),4441.0,44.44,57.0,1.0006755235307363,61.0,-4.0,24.68,19.76,-0.0655737704918032,0.3239344262295082,4,5,515,1,1,1,0.2099108,20.99,LOW
2026-07-01,617242,Installation of New Bar Mill at Durgapur Steel Plant,West Bengal,Steel,Ministry of Steel,(Steel Authority of India Limited [SAIL]),2115.44,828.94,66.02,39.1852286049238,57.55,8.469999999999999,564.14,264.80000000000007,0.1388524590163934,4.340983606557378,7,8,515,1,1,1,0.20885143,20.89,LOW
2026-07-01,617932,Construction of New Four Lane Bypass to Parbhani City Parwa to Asola Km 463/265 to Km 481/180 Design Ch. 19220 to Ch. 34434 Length-15.214 Km section of NH-61 on EPC mode in the State of Maharashtra.,Maharashtra,Roads & Highways,Ministry of Road Transport & Highways,(MoRTH),496.64,0.0,70.14,0.0,70.14,0.0,0.0,0.0,0.0,0.0,3,4,515,1,1,1,0.20862316,20.86,LOW
2026-07-01,618056,Improvement and Up-gradation to two Lane with Paved Shoulder Configuration from existing km. 420.00 Shohrathgarh to km. 454.00 Uska Bazar of NH-730 in the state of Uttar Pradesh EPC basis,Uttar Pradesh,Roads & Highways,Ministry of Road Transport & Highways,(MoRTH),509.65,115.2,60.0,22.603747669969582,56.0,4.0,98.47,16.730000000000004,0.0655737704918032,0.2742622950819672,3,4,515,1,1,1,0.20828754,20.83,LOW
2026-07-01,615335,Transmission System Strengthening for Interconnections of Bhadla-III & Bikaner III Complex [SPV Name POWERGRID BHADLA BIKANER TRANSMISSION LIMITED],Rajasthan,Transmission & Distribution,Ministry of Power,(Power Grid Corporation of India Limited [POWERGRID]),1382.0,590.11,48.83,42.69971056439943,42.0,6.829999999999998,552.8,37.31000000000006,0.111967213114754,0.611639344262296,7,8,515,1,1,1,0.20827465,20.83,LOW
2026-07-01,618873,4L PS from near Yalachahalli village KR Nagara - Yelawala Road junction to Srirangapatna Bypass Near Paschima Vahini from km 195.550 to Km 214.535 of NH- 275 Pkg-V,Karnataka,Roads & Highways,Ministry of Road Transport & Highways,(NHAI),1272.71,462.59,16.45,36.34685042154143,13.05,3.3999999999999986,97.43,365.16,0.0557377049180327,5.986229508196721,1,2,61,1,1,1,0.20821182,20.82,LOW
2026-07-01,612885,Construction and Developement of National Institute of Technology Meghalaya Permanent Campus at Sohra,Meghalaya,Education,Department of Higher Education,"(National Institute of Technology, Meghalaya)",494.52,368.98,96.0,74.61376688506026,95.0,1.0,368.98,0.0,0.0163934426229508,0.0,7,8,515,1,1,1,0.20817801,20.82,LOW
2026-07-01,618068,"Construction of Kaithi-Padaria Kala bypass, Patna-Tamoli bypass, Jaso bypass and Nagod bypass total length 15.44 Km to 2-lane with paved shoulders flexible pavement on NH-943 in the State of Madhya Pradesh on EPC Mode.",Madhya Pradesh,Roads & Highways,Ministry of Road Transport & Highways,(MoRTH),158.36,0.0,60.0,0.0,60.0,0.0,0.0,0.0,0.0,0.0,3,4,515,1,1,1,0.20781074,20.78,LOW
2026-07-01,619140,6L of Naidupeta Junction - Turpukanupur Section from km 57.046 to km 91.927,Andhra Pradesh,Roads & Highways,Ministry of Road Transport & Highways,(NHAI),1398.84,374.07,48.9,26.74144290983958,43.4,5.5,297.06,77.00999999999999,0.0901639344262295,1.2624590163934424,2,3,515,1,1,1,0.20772038,20.77,LOW
2026-07-01,618242,Widening and Reconstruction to 4-lane/4-lane with service road including structures from Pokharia More at Km 47.600 Ex. Km 50.230 to Govindpur at km 62.949 Ex. Km 65.325 of Nh-419 in the State of Jharkhand on EPC mode.,Jharkhand,Roads & Highways,Ministry of Road Transport & Highways,(MoRTH),300.46,86.07,52.14,28.64607601677428,46.22,5.920000000000002,76.93,9.139999999999986,0.0970491803278688,0.1498360655737702,1,2,61,1,1,1,0.20757218,20.76,LOW
2026-07-01,618801,Construction of New Double Tier 4-lane Elevated Corridor from Chennai Port to Maduravoyal in Chennai District from Km -0342 to Km 20223 Package 1 from Km - 0342 to Km 4604,Tamil Nadu,Roads & Highways,Ministry of Road Transport & Highways,(NHAI),1388.59,268.23,22.8,19.316716957489252,21.93,0.870000000000001,200.25,67.98000000000002,0.0142622950819672,1.114426229508197,3,4,515,1,1,1,0.2071006,20.71,LOW
2026-07-01,618146,Estimate for Improvement to two lane with paved shoulder from Ramnagar to Roseda from km 3.500 to 43.000 of NH 527 E on EPC mode in State of Bihar,Bihar,Roads & Highways,Ministry of Road Transport & Highways,(MoRTH),495.16,0.0,37.0,0.0,33.0,4.0,0.0,0.0,0.0655737704918032,0.0,3,4,515,1,1,1,0.20630097,20.63,LOW
2026-07-01,618141,Widening and Improvement of existing carriage way to 2 lane with paved shoulders from Km. 86/160 to 131/730 of Jangaon-Duddeda section of NH-365B in the State of Telangana on EPC Mode,Telangana,Roads & Highways,Ministry of Road Transport & Highways,(MoRTH),423.48,184.83,77.77,43.64550864267498,76.92,0.8499999999999943,160.07,24.76000000000002,0.0139344262295081,0.4059016393442626,3,4,515,1,1,1,0.20608748,20.61,LOW
2026-07-01,618522,Balance Works for six laning of Sriperumbudur to karaipettai section of NH-4 New NH- 48 from 37000 Existing Km 37000 to Km 71015 Existing Km 71000 in Tamilnadu on EPC mode underNHDP Phase-V,Tamil Nadu,Roads & Highways,Ministry of Road Transport & Highways,(NHAI),411.16,134.48,36.64,32.707461815351685,31.16,5.48,81.11,53.36999999999999,0.0898360655737705,0.8749180327868851,1,2,61,1,1,1,0.20571925,20.57,LOW
2026-07-01,617916,Work of 6 laning/Construction of elevated corridor from km 0/0 to 10/170 Narol Junction to Sarkhej junction including 4 lane Shastri Bridge on Sabarmati river on NH 47 in the State of Gujarat on HAM mode,Gujarat,Roads & Highways,Ministry of Road Transport & Highways,(MoRTH),1295.39,0.0,30.0,0.0,26.0,4.0,0.0,0.0,0.0655737704918032,0.0,2,3,515,1,1,1,0.20553377,20.55,LOW
2026-07-01,618210,Rehabilitation and upgradation of Askot-Lipulekh on EPC Basis for Phase-I Existing Km 72.00 to 107.620 Design Chainage Km 21330 to Km 56935 under Project Hirak of BRO in the state of Uttarakhand under Bharatmala Pariyojna Phase-I on EPC Mode Length-35.605 Km CA No EPC/MORT&H/HRK/01/2021-22,Uttarakhand,Roads & Highways,Ministry of Road Transport & Highways,(MoRTH),603.92,0.0,81.17,0.0,81.17,0.0,0.0,0.0,0.0,0.0,1,2,61,1,1,1,0.20505582,20.51,LOW
2026-07-01,618766,Up-gradation to Four Lane with Paved Shoulder configuration of the highway starting from existing km 88.400 Savali Vihir to km 163.400 start of Ahmednagar bypass Design Length 75.000 km section of NH-160 in the State of Maharashtra under Bharatmala Pariyojana on EPC Mode,Maharashtra,Roads & Highways,Ministry of Road Transport & Highways,(NHAI),862.0,298.23,48.55,34.59744779582367,36.32,12.229999999999997,210.27,87.96000000000001,0.2004918032786884,1.4419672131147545,1,2,61,1,1,1,0.2050466,20.5,LOW
2026-07-01,618288,"Widening/lmprovement to 4-Lane with Paved Shoulder from Ch.5.580 Km to Ch.25.633 Km Design Ch.0.000 Km to Ch.17.737km Km 901.100 to Km 921.145 of old NH-31 of Bilasipara- Guwahati road NH-17 Section Near Chirakuta to near Mowatari, before Chapar Bypass in the state ol Assam on HAM mode Package-1",Assam,Roads & Highways,Ministry of Road Transport & Highways,(NHIDCL),1081.15,0.0,32.59,0.0,28.74,3.850000000000005,0.0,0.0,0.0631147540983607,0.0,2,3,515,1,1,1,0.20451556,20.45,LOW
2026-07-01,618130,Widening to 2 lane with paved shoulders from 0.00 to 32.970 ofAdilabadto Bela section of NH 353B in the State of Telangana,Telangana,Roads & Highways,Ministry of Road Transport & Highways,(MoRTH),490.92,0.0,77.79,0.0,75.38,2.410000000000011,0.0,0.0,0.0395081967213116,0.0,1,2,61,1,1,1,0.20410699,20.41,LOW
2026-07-01,702833,Kalyan-Dombivali Water Supply Infrastructure Project,Maharashtra,Waste & Water,Ministry of Housing & Urban Affairs,(Ministry of Housing & Urban Affairs),194.2,136.56,75.0,70.31925849639548,75.0,0.0,136.56,0.0,0.0,0.0,6,7,515,1,1,1,0.20394753,20.39,LOW
2026-07-01,618714,6L Access Controlled Greenfield Highway from Nallacheruvu palli Ch. 96300 to Yerragudipadu Ch. 129000 of [NH-544G] Package-5,Andhra Pradesh,Roads & Highways,Ministry of Road Transport & Highways,(NHAI),1253.26,388.46,65.04,30.995962529722483,62.02,3.020000000000003,339.28,49.18000000000001,0.0495081967213115,0.8062295081967215,3,4,515,1,1,1,0.20391373,20.39,LOW
2026-07-01,618611,Sangariya near Chautala-Rasisar near Bikaner section of NH-754K Phase-I AJ/SR- Package-7,Rajasthan,Roads & Highways,Ministry of Road Transport & Highways,(NHAI),520.63,450.58,100.0,86.54514722547682,100.0,0.0,426.0,24.579999999999984,0.0,0.4029508196721308,1,2,61,1,1,1,0.20353939,20.35,LOW
2026-07-01,618426,Construction/Up gradation of Existing road to 2 Lane with Paved Shoulder including Geometric Improvement from Ranipool to Pakyong Balance work from Km 2.000 to 16.167 of NH-717-A on EPC basis under SARDP-NE Phase A in the State of Sikkim,Sikkim,Roads & Highways,Ministry of Road Transport & Highways,(NHIDCL),264.84,0.17,87.03,0.064189699441172,85.15,1.8799999999999957,0.0,0.17,0.0308196721311474,0.0027868852459016,1,2,61,1,1,1,0.20353794,20.35,LOW
2026-07-01,617905,Construction of 4 lane ROB with approaches in lieu of LC No. RV-172 at km 176.00 of NH-201 present NH-26 at Kesinga including land acquisition in the state of Odisha on EPC mode under Annual Plan 2021-22,Odisha,Roads & Highways,Ministry of Road Transport & Highways,(MoRTH),324.09,88.48,70.09,27.30105834798976,70.09,0.0,84.57,3.910000000000011,0.0,0.0640983606557378,3,4,515,1,1,1,0.20316775,20.32,LOW
2026-07-01,611927,Kurnool - Setting up facilities for coach midlife rehabilitation workshop,Andhra Pradesh,Railways,Ministry of Railways,(WPO/Patna),560.72,276.66,65.0,49.34013411328292,65.0,0.0,276.66,0.0,0.0,0.0,7,8,515,1,1,1,0.20260824,20.26,LOW
2026-07-01,617940,"Rehabilitation and Upgradation of LB-Nagar to Malkapur section to 6-Lane main carriageway with service roads, drains cum footpath, including VUPs and widening of Minor bridge & road safety provisions from Km. 15/00 to Km 40/00 of NH-65 Old NH-9 under NH O for the year 2020-21 in the state of Telangana on EPC Mode.",Telangana,Roads & Highways,Ministry of Road Transport & Highways,(MoRTH),545.11,290.36,82.28,53.26631322118472,80.59,1.6899999999999975,273.9,16.460000000000036,0.0277049180327868,0.2698360655737711,3,4,515,1,1,1,0.20213094,20.21,LOW
2026-07-01,619185,Rehabilitation and up-gradation and completion of balance work of section from Km 155.00 to Km 181.00 End of Jarwa to Rangat of NH -4 Total length 26 Km to Intermediate Lane/2-lane with hard shoulders in the UT of A&N Islands on EPC basis - Package-III.B Balance work,Andaman & Nicobar,Roads & Highways,Ministry of Road Transport & Highways,(NHIDCL),183.56,0.0,50.15,0.0,47.28,2.869999999999997,0.0,0.0,0.0470491803278688,0.0,1,2,61,1,1,1,0.20150019,20.15,LOW
2026-07-01,612853,Gurdaspur Jammu Pipeline,"Multi-States (Jammu and Kashmir, Punjab)",Oil & Gas,Ministry of Petroleum & Natural Gas,(Gas Authority of India Limited [GAIL]),521.9,319.1,84.6,61.14198122245642,47.6,36.99999999999999,302.5,16.600000000000023,0.6065573770491802,0.272131147540984,7,8,515,1,1,1,0.20101851,20.1,LOW
2026-07-01,618397,Widening and Up-gradation to 2-Lane with Paved Shoulder of configuration and geometric improvement from Km 0.000 to Km 16.990 on Chenani Sudhmahadev section of NH-244 in UT of Jammu and Kashmir to be executed on EPC basis,Jammu and Kashmir,Roads & Highways,Ministry of Road Transport & Highways,(NHIDCL),255.9,242.42,94.06,94.73231731144978,0.0,94.06,0.0,242.42,1.5419672131147542,3.9740983606557374,1,2,61,1,1,1,0.20101026,20.1,LOW
2026-07-01,618297,Construction of 2-lane with hard shoulder of Kohima - Jessami road on NH-29 Old NH- 150 from existing Km 30.474 Near Kidwema road Chakahabama to existing Km 53.220 Near Kikruma Village Design Km 29.60 to Km 51.50 Design length-21.90 Km in the state of Nagaland Under Bharatmala Pariyojna on EPC Mode under NHO Package-II -Balance work,Nagaland,Roads & Highways,Ministry of Road Transport & Highways,(NHIDCL),355.79,0.0,43.13,0.0,40.88,2.25,0.0,0.0,0.0368852459016393,0.0,3,4,515,1,1,1,0.2008228,20.08,LOW
2026-07-01,705785,Lodhma - Piska - Link Line bypassing Hatia/Ranchi with Y connection,Jharkhand,Railways,Ministry of Railways,(South Eastern Railway [SER] - I),473.0,349.31,10.0,73.84989429175477,10.0,0.0,306.22,43.089999999999975,0.0,0.7063934426229505,7,8,515,1,1,1,0.2007861,20.08,LOW
2026-07-01,618777,4L of Pileru to Kalur Section from Km 55.900 to Km 92.800 & Km 94.500 to Km 95.717 of NH-71Package-II,Andhra Pradesh,Roads & Highways,Ministry of Road Transport & Highways,(NHAI),1877.47,246.41,98.84,13.124577223604106,98.84,0.0,246.22,0.1899999999999977,0.0,0.0031147540983606,3,4,515,1,1,1,0.19931193,19.93,LOW
2026-07-01,617895,Construction of Mangaldoi Bypass NH-15 starting at Ch 26400 and terminating at Ch 41505 under Rangia NH Division L 15.105 Km in the State of Assam. Job No. 15/AS/2021-22/234,Assam,Roads & Highways,Ministry of Road Transport & Highways,(MoRTH),535.03,209.27,75.82,39.11369455918361,70.71,5.109999999999999,161.56,47.71000000000001,0.0837704918032786,0.7821311475409838,3,4,515,1,1,1,0.19886532,19.89,LOW
2026-07-01,618121,Improvement to two lane with paved shoulders of NH-319A from km 0 to km 45 in state of Bihar under EPC mode,Bihar,Roads & Highways,Ministry of Road Transport & Highways,(MoRTH),427.29,198.15,93.0,46.373657235133045,93.0,0.0,178.43,19.72,0.0,0.3232786885245901,3,4,515,1,1,1,0.19808494,19.81,LOW
2026-07-01,701597,Provision of 4G Mobile Services in Uncovered Villages of Arunachal Pradesh and 2 Districts of Assam,"Multi-States (Arunachal Pradesh, Assam)",Telecommunication,Department of Telecommunications,(Department of Telecommunications),1255.49,237.98,99.6,18.955148985655,99.43,0.1699999999999875,332.43,-94.45000000000002,0.0027868852459014,-1.5483606557377052,7,8,515,1,1,1,0.19702555,19.7,LOW
2026-07-01,618920,Access Controlled Highway of 4 Lane with Paved Shoulders from TN/AP Border Design Chainage Km 6151 to Puttur Design Chainage Km 81540 of NH-716 & 6 Lane with Paved Shoulders from Mallavaram to Renigunta,Andhra Pradesh,Roads & Highways,Ministry of Road Transport & Highways,(NHAI),1346.82,188.66,39.57,14.007810991817763,34.98,4.590000000000003,171.16,17.5,0.0752459016393443,0.2868852459016393,1,2,61,1,1,1,0.19660161,19.66,LOW
2026-07-01,618179,Rehabilitation and Upgradation of Shewali phata to Kalambhir section i.e. Km 0443 to Km 4500 & Nizampur to Chadwel section i.e. Km 13485 to Km 26265 Length16.317 Km excluding 2 Major Bridges with approaches Km 13735 to Km 14095 & Km 19660 to Km 20030 of NH 753B to 2LPS Configuration in the State of Maharashtra on EPC Mode.,Maharashtra,Roads & Highways,Ministry of Road Transport & Highways,(MoRTH),181.58,0.0,97.0,0.0,93.01,3.989999999999995,0.0,0.0,0.0654098360655736,0.0,1,2,61,1,1,1,0.19640996,19.64,LOW
2026-07-01,617280,"Construction of Basement + Ground Floor+ 10 Storeyed building for State of the Art Director General, GSI Building at plot No.GN-40, Sector-V, Salt Lake, Kolkata",West Bengal,Construction,Ministry of Mines,(Central Public Works Department [CPWD]),255.37,98.92,64.0,38.73595175627521,64.0,0.0,98.92,0.0,0.0,0.0,7,8,515,1,1,1,0.19636187,19.64,LOW
2026-07-01,618218,Rehabilitation & upgradation of existing road to 2-lane with hard shoulder from Joshimath km 0.00 to Saraithota km 29.725 road on NH-107B under Bharatmala Pariyojna on EPC mode in the state of Uttarakhand,Uttarakhand,Roads & Highways,Ministry of Road Transport & Highways,(MoRTH),338.38,0.0,80.0,0.0,78.2,1.7999999999999972,0.0,0.0,0.0295081967213114,0.0,1,2,61,1,1,1,0.19615531,19.62,LOW
2026-07-01,618427,Construction & upgradation of existing road to 2-lane with paved shoulder including geometric improvement of Kafer- Lava More section from km 40.00 to km 61.100 of NH717-A on EPC under SARDP-NE A in state of West Bengal Pkg-VA,West Bengal,Roads & Highways,Ministry of Road Transport & Highways,(NHIDCL),311.02,6.12,95.98,1.9677191177416244,95.6,0.3800000000000096,6.11,0.0099999999999997,0.0062295081967214,0.0001639344262295,3,4,515,1,1,1,0.19612981,19.61,LOW
2026-07-01,619022,"Metro connectivity from Millennium City Centre to Cyber City with Spur to Dwarka Expressway, Gurugram.",Haryana,Urban Public Transport,Ministry of Housing & Urban Affairs,(Gurugram Metro Rail Limited [GMRL]),5452.72,159.67,4.3,2.9282633254595867,0.0,4.3,92.12,67.54999999999998,0.0704918032786885,1.1073770491803276,2,3,515,1,1,1,0.19532862,19.53,LOW
2026-07-01,618690,"4 lanning of Aligarh Palwal section from km 0.00 to km 46.39 package -1 from khereshwar junction-kurana of NH33D , including khair & jattari bypass in the state of UP on HAM mode",Uttar Pradesh,Roads & Highways,Ministry of Road Transport & Highways,(NHAI),1663.38,553.34,19.5,33.2660005530907,15.75,3.75,534.65,18.69000000000005,0.0614754098360655,0.3063934426229517,1,2,61,1,1,1,0.19528392,19.53,LOW
2026-07-01,618263,"Rehabilitation and Up-gradation to 2LPS from Km. 0.000 to Km. 7.800 and Km. 35.400 to Km. 52.345 Design length 24.745 Km., except Bihar portion of NH-727B Tamkuhiraj to Bihar Border and Bihar Border to Majhauli on EPC mode in the State of Uttar Pradesh",Uttar Pradesh,Roads & Highways,Ministry of Road Transport & Highways,(MoRTH),701.02,0.0,81.18,0.0,81.18,0.0,0.0,0.0,0.0,0.0,2,3,515,1,1,1,0.19524407,19.52,LOW
2026-07-01,618816,4L Access Controlled Greenfield Highway section on NH-163G Warangal-Khammam from Thallasenkesa village at Design Ch. 189.650 km to V.Vekatayapalem village in Khammam District at Design Ch. 220.480 KmPackage-III,Telangana,Roads & Highways,Ministry of Road Transport & Highways,(NHAI),1105.25,168.17,10.06,15.215562090024882,6.46,3.6000000000000005,108.59,59.579999999999984,0.0590163934426229,0.9767213114754096,2,3,515,1,1,1,0.1949814,19.5,LOW
2026-07-01,618354,Wideinig & Upgradation to 2-lanes with paved shoulders road from Tamenglong to Mahur NH-137 in the State of Assam starting from km 96.870 near Jiri River to km 116.550 near Hangrum Package-7 on EPC mode Package7,Assam,Roads & Highways,Ministry of Road Transport & Highways,(NHIDCL),846.82,0.0,90.36,0.0,85.29,5.069999999999993,0.0,0.0,0.0831147540983605,0.0,3,4,515,1,1,1,0.19491073,19.49,LOW
2026-07-01,618428,Realignment of NH-717A from Design Ch.0.00 Km 77.800 of NH-10 to Design Ch.2.00 Km 3.100 of NH-717A with two lane paved shoulder including Major Bridge of 680 m in the State of Sikkim on EPC Mode-COS work,Sikkim,Roads & Highways,Ministry of Road Transport & Highways,(NHIDCL),264.84,70.7,100.0,26.695363238181542,97.57,2.430000000000007,61.11,9.590000000000003,0.0398360655737706,0.1572131147540984,1,2,61,1,1,1,0.19407186,19.41,LOW
2026-07-01,618724,6L Greenfield Varanasi-Ranchi-Kolkata Highway from Anarbansalea village to Sagrampur village From KM. 151200 to KM. 184700Package-7,"Multi-States (Bihar, Jharkhand)",Roads & Highways,Ministry of Road Transport & Highways,(NHAI),1719.2,322.79,25.19,18.775593299208936,17.1,8.09,64.54,258.25,0.1326229508196721,4.233606557377049,2,3,515,1,1,1,0.19405417,19.41,LOW
2026-07-01,618350,Improvement & widening of existing NH-08 to 4-lane with Paved Shoulder from Champak Nagar to Khayerpur section design Km 242500 to Km 261610 in the state of Tripura on EPC basis under NHO-NE,Tripura,Roads & Highways,Ministry of Road Transport & Highways,(NHIDCL),920.66,0.0,48.3,0.0,43.8,4.5,0.0,0.0,0.0737704918032786,0.0,2,3,515,1,1,1,0.19360775,19.36,LOW
2026-07-01,602535,"Ratle HE Project - 850 MW, Ratle Hydroelectric Power Corporation Limited.",Jammu and Kashmir,Electricity Generation,Ministry of Power,(National Hydroelectric Power Corporation Limited [NHPC]),5281.94,1639.83,31.29,31.045979318205053,29.85,1.4399999999999975,1566.39,73.43999999999983,0.0236065573770491,1.2039344262295053,7,8,515,1,1,1,0.19341864,19.34,LOW
2026-07-01,615338,TRANSMISSION SYSTEM FOR EVACUATION OF POWER FROM RAJASTHAN REZ PH -IV [PART-2 5.5 GW] [JAISALMER/BARMER COMPLEX] PART F [SPV Name POWERGRID BARMER I TRANSMISSION LIMITED],Rajasthan,Transmission & Distribution,Ministry of Power,(Power Grid Corporation of India Limited [POWERGRID]),2735.0,1100.29,43.0,40.22998171846434,31.48,11.52,875.2,225.08999999999992,0.1888524590163934,3.689999999999999,7,8,515,1,1,1,0.19331682,19.33,LOW
2026-07-01,702625,Bhopal Metro Rail Project,Madhya Pradesh,Urban Public Transport,Ministry of Housing & Urban Affairs,(Madhya Pradesh Metro Rail Co Limited [MPMRCL]),6941.4,4362.43,62.5,62.84654392485667,59.94,2.5600000000000023,4259.25,103.18000000000028,0.0419672131147541,1.6914754098360705,7,8,515,1,1,1,0.1930327,19.3,LOW
2026-07-01,618731,6 Lane Greenfield Varanasi- Ranchi- Kolkata Highway from Chatra to junction with NH- 100 in Deoria village from km 222.000 to km 253.000 Pkg -9,Jharkhand,Roads & Highways,Ministry of Road Transport & Highways,(NHAI),1418.16,143.72,0.0,10.13425847577142,,,,,,,0,1,0,1,1,1,0.1929439,19.29,LOW
2026-07-01,618250,Construction of 6-Lane Elevated / Extra Dose Cable Bridge on River Ganga parallel to & Western side of Digha-Sonepur Rail cum-Road Bridge of NH 139W in the State of Bihar,Bihar,Roads & Highways,Ministry of Road Transport & Highways,(MoRTH),3064.45,0.0,17.24,0.0,10.69,6.549999999999999,0.0,0.0,0.1073770491803278,0.0,3,4,515,1,1,1,0.19286413,19.29,LOW
2026-07-01,618252,"Improvement and Up-gradation to two Lane with Paved Shoulder/Four Lane configuration from existing Km 130.000 to Km 191.000 design km 131.500 to Km 188.735, Design length 57.235 Km of NH-227A near Barhalganj to Mehrauna Ghat in the state of Uttar Pradesh on Hybrid Annuity Model HAM basis",Uttar Pradesh,Roads & Highways,Ministry of Road Transport & Highways,(MoRTH),974.19,0.99,58.0,0.1016228867058787,48.0,10.0,0.82,0.17,0.1639344262295081,0.0027868852459016,2,3,515,1,1,1,0.19210128,19.21,LOW
2026-07-01,617939,6-Laning of Pune-Hyderabad Section of NH-65 from Km 493/0 to Km 524/0 from Sangareddy X Roads to Madinaguda in the State of Telangana,Telangana,Roads & Highways,Ministry of Road Transport & Highways,(MoRTH),1297.75,0.0,44.73,0.0,37.5,7.229999999999997,0.0,0.0,0.1185245901639343,0.0,1,2,61,1,1,1,0.19206315,19.21,LOW
2026-07-01,618691,4 laning of Aligarh-Palwal Section from Km. 46.390 Design Chainage to Km. 69.110 Terminating at junction EPE Package-II from Kurana- Eastern Peripheral Expressway of NH-334D,"Multi-States (Haryana, Uttar Pradesh)",Roads & Highways,Ministry of Road Transport & Highways,(NHAI),939.17,246.86,12.5,26.284911144947134,7.5,5.0,146.48,100.38000000000002,0.081967213114754,1.6455737704918036,2,3,515,1,1,1,0.19151892,19.15,LOW
2026-07-01,618243,Construction of Basti Ring Road Phase-I with 4L configuration for Basti City in the state of Uttar Pradesh on HAM mode,Uttar Pradesh,Roads & Highways,Ministry of Road Transport & Highways,(MoRTH),1138.72,0.07,35.0,0.0061472530560629,27.0,8.0,0.0,0.07,0.1311475409836065,0.0011475409836065,2,3,515,1,1,1,0.1907601,19.08,LOW
2026-07-01,618926,4L of Siwan- Masrakh section of Ram Janki Marg from Km 230.385 to Km 281.391 of NH-227A,Bihar,Roads & Highways,Ministry of Road Transport & Highways,(NHAI),1431.36,502.89,10.33,35.133718980549965,10.07,0.2599999999999998,190.58,312.30999999999995,0.0042622950819672,5.11983606557377,1,2,61,1,1,1,0.19064379,19.06,LOW
2026-07-01,706781,Mumbai Urban Transport Project Phase-III,Maharashtra,Railways,Ministry of Railways,(Mumbai Rail Vikas Corporation Ltd.[MRVC]),10947.0,6880.48,75.0,62.85265369507628,75.0,0.0,6609.95,270.52999999999975,0.0,4.434918032786881,7,8,515,1,1,1,0.19024979,19.02,LOW
2026-07-01,701172,AIIMS Darbhanga,Bihar,Healthcare,Ministry of Health & Family Welfare,(PMSSY AND Institute of NATIONAL Importance),1264.0,27.81,0.0,2.2001582278481013,0.0,0.0,0.0,27.81,0.0,0.4559016393442622,3,4,515,1,1,1,0.19011472,19.01,LOW
2026-07-01,618364,"Widening to 2 Lane with Hard shoulder of Akegwo-Avangkhu section of NH-202K for Package-I Design Chainage 0000 Km to 34795 Km, in the State of Nagaland on EPC mode under NH O-NE",Nagaland,Roads & Highways,Ministry of Road Transport & Highways,(NHIDCL),430.24,0.0,87.0,0.0,87.0,0.0,0.0,0.0,0.0,0.0,3,4,515,1,1,1,0.1899347,18.99,LOW
2026-07-01,618184,Construction of 2 Lane with paved shoulder from km 55.6 to km 90.7 existing chainages of NH-766C complete Realignment of 13.76 km with 2 major Bridges across Sharavathi Backwaters on EPC mode under Annual Plan 2022-23 in the state of Karnataka NH-766C-KNT-2022-23 dated 14.10.2022,Karnataka,Roads & Highways,Ministry of Road Transport & Highways,(MoRTH),313.56,151.04,65.0,48.169409363439215,46.52,18.48,0.0,151.04,0.3029508196721311,2.476065573770492,2,3,515,1,1,1,0.18969335,18.97,LOW
2026-07-01,617069,Augmentation of Transformation Capacity at KPS1 [GIS] and KPS2 [GIS] [Phase-V Part B1 and Part B2 Scheme] [SPV Name- POWERGRID KPS1 and 2 Augmentation Transmission Limited],Gujarat,Transmission & Distribution,Ministry of Power,(Power Grid Corporation of India Limited [POWERGRID]),466.0,143.48,37.0,30.789699570815447,22.5,14.5,93.2,50.27999999999999,0.2377049180327868,0.824262295081967,7,8,515,1,1,1,0.18876359,18.88,LOW
2026-07-01,618249,Widening to 4 lane from km. 108.50 to km 139.00 of NH-135A Pkg-II Jaunpur Akbarpur section on Hybrid Annuity Mode in the state of Uttar Pradesh,Uttar Pradesh,Roads & Highways,Ministry of Road Transport & Highways,(MoRTH),1511.57,0.0,36.02,0.0,32.0,4.020000000000003,0.0,0.0,0.0659016393442623,0.0,2,3,515,1,1,1,0.18826468,18.83,LOW
2026-07-01,618449,Construction & Upgradation of existing road to 2-lane with paved shoulder from km27.200 End of Rongli bypass to km37.600New Rolep Bridge of Rhenok-Menla spur NH-717B on EPC Mode under SARDP-NE Phase-A in Sikkim Pkg-II B,Sikkim,Roads & Highways,Ministry of Road Transport & Highways,(NHIDCL),230.45,0.0,86.19,0.0,80.46,5.730000000000004,0.0,0.0,0.0939344262295082,0.0,3,4,515,1,1,1,0.18783003,18.78,LOW
2026-07-01,618505,Additional Structures on 6LGurgaon-Jaipur Section of NH-48 between KM 42.700 to KM 273.00,"Multi-States (Haryana, Rajasthan)",Roads & Highways,Ministry of Road Transport & Highways,(NHAI),409.64,199.54,88.9,48.711063372717504,87.14,1.7600000000000051,195.8,3.7399999999999807,0.0288524590163935,0.0613114754098357,3,4,515,1,1,1,0.18760978,18.76,LOW
2026-07-01,616671,Transmission System under ISTS for evacuation of Power from Kudankulam Unit-3&4 [2x1000 MW] [SPV Name POWERGRID Kudankulam Tarnsmission Limited],Tamil Nadu,Transmission & Distribution,Ministry of Power,(Power Grid Corporation of India Limited [POWERGRID]),548.0,208.24,20.49,38.0,18.72,1.7699999999999996,120.56,87.68,0.0290163934426229,1.437377049180328,7,8,515,1,1,1,0.18741657,18.74,LOW
2026-07-01,618156,"Construction of Morena bypass, Ambah bypass & Porsa bypass Totat length 27.16 km Section of NH-552 Ext. to TWo lane with paved shoulder configuration in the state of Madhya Pradesh on EPC mode",Madhya Pradesh,Roads & Highways,Ministry of Road Transport & Highways,(MoRTH),492.66,0.0,73.5,0.0,69.25,4.25,0.0,0.0,0.0696721311475409,0.0,2,3,515,1,1,1,0.1874127,18.74,LOW
2026-07-01,616616,"Sewer Networks, SPS and STP at Hajipur",Bihar,Waste & Water,"Department of Water Resources, River Development & GR",(National Mission for Clean Ganga),305.19,346.46,95.0,113.52272354926438,95.0,0.0,346.46,0.0,0.0,0.0,7,8,515,1,1,1,0.18701887,18.7,LOW
2026-07-01,618385,Rehabilitation and up-gradation of road from design km 25.250 to km 36.460 Total lengh 11.210 km of Kailashahar-Kurti Bridge section on NH-208A to 2-lane with paved shoulder on EPC basis under NHO Package-III- Balance Work,Tripura,Roads & Highways,Ministry of Road Transport & Highways,(NHIDCL),174.43,0.0,41.9,0.0,41.9,0.0,0.0,0.0,0.0,0.0,3,4,515,1,1,1,0.1859689,18.6,LOW
2026-07-01,617887,Beawer Gomti 4LPS from km 58.245 to km 108.600 Pkg-I,Rajasthan,Roads & Highways,Ministry of Road Transport & Highways,(MoRTH),379.23,206.48,100.0,54.44716926403501,99.0,1.0,179.11,27.369999999999976,0.0163934426229508,0.4486885245901635,3,4,515,1,1,1,0.18548632,18.55,LOW
2026-07-01,619031,Delhi Metro Rail Phase V A,Delhi,Urban Public Transport,Ministry of Housing & Urban Affairs,(Delhi Metro Rail Corporation Limited [DMRC]),12014.91,253.96,5.63,2.113707052320825,5.34,0.29,17.4,236.56,0.0047540983606557,3.878032786885246,2,3,515,1,1,1,0.18470766,18.47,LOW
2026-07-01,618108,Up-gradation and strengthening to 2lanePS from Km 95/500 to km 129/775 of Nh 168G Idar-Bhiloda-Samlaji in the state of Gujarat Length 34.275 km,Gujarat,Roads & Highways,Ministry of Road Transport & Highways,(MoRTH),237.28,0.0,63.0,0.0,63.0,0.0,0.0,0.0,0.0,0.0,3,4,515,1,1,1,0.18263027,18.26,LOW
2026-07-01,618415,"Improvement of existing road to 2 laning with Hard Shoulders of Maram-Peren section Package-1B, length- 17.660 km from Design Chainage 22.340 km to 40.000 km on NH-129A in the State of Manipur on EPC mode",Manipur,Roads & Highways,Ministry of Road Transport & Highways,(NHIDCL),188.36,0.0,100.0,0.0,100.0,0.0,0.0,0.0,0.0,0.0,3,4,515,1,1,1,0.18256485,18.26,LOW
2026-07-01,616615,"Sewer Network, SPS and STP at Begusarai",Bihar,Waste & Water,"Department of Water Resources, River Development & GR",(National Mission for Clean Ganga),230.06,261.82,97.0,113.80509432322005,97.0,0.0,261.82,0.0,0.0,0.0,7,8,515,1,1,1,0.18135819,18.14,LOW
2026-07-01,618738,6L Bridge and its approaches across River Ganga as Part of Patna Ring Road NH- 131G starting from Km 8.480 near Sherpur to Km 23.000 near Dighwara,Bihar,Roads & Highways,Ministry of Road Transport & Highways,(NHAI),6291.69,733.93,21.21,11.66506932159722,19.02,2.1900000000000013,581.87,152.05999999999997,0.0359016393442623,2.4927868852459008,3,4,515,1,1,1,0.18002978,18.0,LOW
2026-07-01,702793,Indore Water Supply Infrastructure Project,Madhya Pradesh,Waste & Water,Ministry of Housing & Urban Affairs,(Ministry of Housing & Urban Affairs),287.17,252.5,99.0,87.92701187449941,99.0,0.0,252.5,0.0,0.0,0.0,6,7,515,1,1,1,0.17991269,17.99,LOW
2026-07-01,616672,System Strengthening at Koppal-II and GadagII for integration of RE generation projects [SPV Name POWERGRID Koppal Gadag Augmentation Transmission Limited],Karnataka,Transmission & Distribution,Ministry of Power,(Power Grid Corporation of India Limited [POWERGRID]),1354.0,284.34,34.6,21.0,22.5,12.1,270.8,13.539999999999964,0.1983606557377049,0.2219672131147535,7,8,515,1,1,1,0.17943132,17.94,LOW
2026-07-01,618366,Widening to 2 Lane with Hard shoulder of Akegwo-Avangkhu section of NH-202K for Package-II Design Chainage 34795 Km to 69875 Km in the State of Nagaland on EPC mode under NHO-NE,Nagaland,Roads & Highways,Ministry of Road Transport & Highways,(NHIDCL),442.54,0.0,58.5,0.0,54.66,3.8400000000000034,0.0,0.0,0.0629508196721312,0.0,3,4,515,1,1,1,0.17938209,17.94,LOW
2026-07-01,618054,Construction of Balrampur bypass with 2L flexible pavement configuration from km.223.000 of NH-330 to km.328.300 of NH-730 under EPC mode,Uttar Pradesh,Roads & Highways,Ministry of Road Transport & Highways,(MoRTH),515.69,118.72,54.0,23.02158273381295,46.0,8.0,104.56,14.159999999999997,0.1311475409836065,0.2321311475409835,3,4,515,1,1,1,0.17925681,17.93,LOW
2026-07-01,618203,"Construction of 4 lane with paved shoulder Pattan bypass Greenfield bypass from existing Ch. Km 24320 to Km 33760 and Design Ch. from Km 24400 to Km 35300, total length 10.900 km on road SrinagarBaramulla Uri NH-01 in the UT of Jammu & Kashmir under Project BEACON, Border Roads Organization BRO on EPC mode. Package-II",Jammu and Kashmir,Roads & Highways,Ministry of Road Transport & Highways,(MoRTH),980.21,131.91,57.0,13.457320370124767,50.01,6.990000000000002,0.27,131.64,0.1145901639344262,2.158032786885246,2,3,515,1,1,1,0.17908855,17.91,LOW
2026-07-01,618448,Construction of 2-Laning with Paved Shoulder of New Greenfield Alignment From Chochenpheri at Km 52000 to Helipad near Menla at Km 82000 of Rhenock-Menla Spur NH-717B Package-IIIA on EPC Basis under SARDP-NE Phase 'A' in the State of Sikkim.,Sikkim,Roads & Highways,Ministry of Road Transport & Highways,(NHIDCL),816.79,32.28,64.31,3.9520562200810496,60.88,3.43,32.28,0.0,0.0562295081967213,0.0,3,4,515,1,1,1,0.17890203,17.89,LOW
2026-07-01,618196,Widening to 2 lane with Paved Shoulders of Siddipet-Elkathurthy section from Km 69/978 to km 133/619 of NH-765DG in the State of Telangana under Annual plan 2021-22 on EPC mode,Telangana,Roads & Highways,Ministry of Road Transport & Highways,(MoRTH),578.85,0.0,85.0,0.0,85.0,0.0,0.0,0.0,0.0,0.0,3,4,515,1,1,1,0.1787354,17.87,LOW
2026-07-01,618450,Rehabilitation & Upgradation of existing road to 2-lane with paved shoulder including geometric improvement of section from start of Rabangla km33.600 to km58.840 under SARDP-NE Phase A Pkg- IV,Sikkim,Roads & Highways,Ministry of Road Transport & Highways,(NHIDCL),292.8,1.91,65.15,0.6523224043715846,65.1,0.0500000000000113,1.91,0.0,0.0008196721311477,0.0,3,4,515,1,1,1,0.17870316,17.87,LOW
2026-07-01,618335,Widening to 2 Lane with Paved shoulder of lmphal to Jiribam section of NH-37 from Design Ch. from Km 101280 Near Khongsang Village to Km 131280 near Puilon Kambiron Village on EPC Mode in Manipur PKG-5,Manipur,Roads & Highways,Ministry of Road Transport & Highways,(NHIDCL),410.68,345.66,90.61,84.1677218272134,89.95,0.6599999999999966,339.14,6.520000000000039,0.0108196721311474,0.1068852459016399,3,4,515,1,1,1,0.17845926,17.85,LOW
2026-07-01,617327,Thane Integral Ring Metro Rail Project,Maharashtra,Urban Public Transport,Ministry of Housing & Urban Affairs,(Maharashtra Metro Rail Corporation Limited [MMRCL]),12200.1,95.64,9.49,0.7839280005901591,8.25,1.2400000000000002,81.63,14.010000000000003,0.020327868852459,0.229672131147541,5,6,515,1,1,1,0.17809832,17.81,LOW
2026-07-01,618654,4L Greenfield Rudhi to Deshgaon Pkg V of Betul-Khandwa/Deshgaon,Madhya Pradesh,Roads & Highways,Ministry of Road Transport & Highways,(NHAI),521.21,199.48,63.79,38.27248134149382,63.62,0.1700000000000017,196.17,3.3100000000000023,0.0027868852459016,0.0542622950819672,3,4,515,1,1,1,0.17802592,17.8,LOW
2026-07-01,618550,Corridor Efficiency Improvement including removal of black spots in Lakhanpur - Samba section of NH-44 from Chainage Km. 16.300 to Km. 74.100,Jammu and Kashmir,Roads & Highways,Ministry of Road Transport & Highways,(NHAI),855.74,203.36,74.63,23.76422745226354,74.63,0.0,197.46,5.900000000000006,0.0,0.0967213114754099,3,4,515,1,1,1,0.17767072,17.77,LOW
2026-07-01,618043,Upgradation and reconstruction of Dindori - Mandla Section of NH 543 from Km 77100 Design to Km 170580 Design Total length 93.48km to Two lane with paved shoulder configuration along with One time improvement in 04 nos of bypassed built-up areas in a total length of 7.23 km in the state of Madhya Pradesh on EPC mode,Madhya Pradesh,Roads & Highways,Ministry of Road Transport & Highways,(MoRTH),492.12,0.0,88.0,0.0,87.5,0.5,0.0,0.0,0.0081967213114754,0.0,1,2,61,1,1,1,0.17753592,17.75,LOW
2026-07-01,618122,Widening to 2 lane with paved shoulded of Jareikela Jharkhand/Odisha Border - Dhabaleswar section from 0/0 to 36/0 of NH-320D in the State of Odisha under Annual Plan 2021-22.,Odisha,Roads & Highways,Ministry of Road Transport & Highways,(MoRTH),172.09,0.0,32.0,0.0,20.25,11.75,0.0,0.0,0.1926229508196721,0.0,1,2,61,1,1,1,0.17704189,17.7,LOW
2026-07-01,702658,Nagpur Metro Rail Phase II Development Project,Maharashtra,Urban Public Transport,Ministry of Housing & Urban Affairs,(Maharashtra Metro Rail Corporation Limited [MMRCL]),6708.0,2026.56,40.86,30.211091234347048,38.0,2.8599999999999994,1912.03,114.52999999999996,0.0468852459016393,1.8775409836065569,7,8,515,1,1,1,0.17663774,17.66,LOW
2026-07-01,617931,Construction of ROB and its approaches in lieu of LC No. 10/B/T at Km 307.050 of NH-60.,West Bengal,Roads & Highways,Ministry of Road Transport & Highways,(MoRTH),155.87,0.0,16.84,0.0,15.7,1.1400000000000006,0.0,0.0,0.0186885245901639,0.0,1,2,61,1,1,1,0.17586683,17.59,LOW
2026-07-01,618407,Jammu-Akhnoor Road Pkg-I,Jammu and Kashmir,Roads & Highways,Ministry of Road Transport & Highways,(NHIDCL),245.3,97.2,75.29,39.6249490419894,68.07,7.220000000000013,82.06,15.14,0.1183606557377051,0.2481967213114754,3,4,515,1,1,1,0.17585339,17.59,LOW
2026-07-01,618721,6L Access Controlled Greenfield Highway from Chandrasekharapuram Ch. 228000 to Polavaram Ch. 260000of [NH-544G] Package-11,Andhra Pradesh,Roads & Highways,Ministry of Road Transport & Highways,(NHAI),1292.65,337.78,60.8,26.13081653966657,58.42,2.3799999999999955,319.82,17.95999999999998,0.0390163934426228,0.2944262295081964,3,4,515,1,1,1,0.1738147,17.38,LOW
2026-07-01,617991,"Rehabilitation and up-gradation of NH-167 from Km 14/900 to Km70/000 Design Ch. 14/900 to 69/700 Chintakunta to Adoni section to two lane with paved shoulders in the State of Andhra Pradesh under Corridor Approach through Engineering, Procurement",Andhra Pradesh,Roads & Highways,Ministry of Road Transport & Highways,(MoRTH),290.15,141.83,91.9,48.881612958814415,91.9,0.0,140.23,1.6000000000000227,0.0,0.0262295081967216,3,4,515,1,1,1,0.17326078,17.33,LOW
2026-07-01,618256,"Rehabilitation and Upgradation to 2-lane with paved should ders Sir, configuration of Chaprathipalem to Lambasingi section Km 165500 to Km 205000 of NH-516E in the State of Andhra Pradesh under Green National Highways Corridor Project GNHCP with the loan assistance of World Bank on EPC mode",Andhra Pradesh,Roads & Highways,Ministry of Road Transport & Highways,(MoRTH),311.22,211.05,91.25,67.81376518218623,91.25,0.0,195.13,15.920000000000016,0.0,0.2609836065573773,3,4,515,1,1,1,0.17290789,17.29,LOW
2026-07-01,618244,Construction of Raebareli Ring Road Phase-2 with four Lane configuration for Raebareli City in the state of Uttar Pradesh on Hybrid Annuity Model HAM basis,Uttar Pradesh,Roads & Highways,Ministry of Road Transport & Highways,(MoRTH),1273.72,0.0,54.0,0.0,44.37,9.630000000000004,0.0,0.0,0.1578688524590164,0.0,2,3,515,1,1,1,0.17281331,17.28,LOW
2026-07-01,618823,4 laning of Barasat - Barajaguli Section of NH-12 from Km. 31.000 to Km. 48.679 in the district of North 24 - Parganas,West Bengal,Roads & Highways,Ministry of Road Transport & Highways,(NHAI),352.01,87.41,41.67,24.831680918155737,35.78,5.890000000000001,84.95,2.4599999999999937,0.0965573770491803,0.0403278688524589,1,2,61,1,1,1,0.1722095,17.22,LOW
2026-07-01,618155,Development/Widening of Talegaon Chakan Shikrapur Nhavara Section of NH-548D from existing chainage km. 54/000 to 82/300 and Design chainage Km. 54/000 to 82/120 Shikrapur to Nhavara Section to 2LPS/4L Configuration on EPC Mode in the State of Maharashtra.,Maharashtra,Roads & Highways,Ministry of Road Transport & Highways,(MoRTH),396.17,95.2,76.2,24.030088093495216,70.8,5.400000000000006,85.57,9.63000000000001,0.0885245901639345,0.1578688524590165,1,2,61,1,1,1,0.17137443,17.14,LOW
2026-07-01,618163,"Rehabilitation and Up-gradation from km. 0000 to km.40390 of NH-730S MaharajganjNichloulThuthibari to two lane with paved shoulders in the State of U.P. on Engineering, Procurement & Construction EPC Basis.",Uttar Pradesh,Roads & Highways,Ministry of Road Transport & Highways,(MoRTH),809.25,0.0,59.0,0.0,58.0,1.0,0.0,0.0,0.0163934426229508,0.0,3,4,515,1,1,1,0.17109703,17.11,LOW
2026-07-01,702746,Augmentation and Strenghthning of Urban Water Supply Phase 1 - SAAP 3,Jharkhand,Waste & Water,Ministry of Housing & Urban Affairs,(Ministry of Housing & Urban Affairs),278.28,186.5,81.0,67.01882995544057,81.0,0.0,186.5,0.0,0.0,0.0,6,7,515,1,1,1,0.17042494,17.04,LOW
2026-07-01,618260,"Construction of Salempur bypass to 4LPS from km 64.000 of NH-727A Km 171.00 of Sonauli Balia Marg, old SH-01, near Mahadahan Chauraha to km 61.500 of NH-727B Km 178.500 of Sonauli Balia Marg, old SH-01, near near Ahirauli Village under Hybrid Annuity Mode HAM in the State of Uttar Pradesh",Uttar Pradesh,Roads & Highways,Ministry of Road Transport & Highways,(MoRTH),1348.06,0.0,35.0,0.0,25.0,10.0,0.0,0.0,0.1639344262295081,0.0,2,3,515,1,1,1,0.16973442,16.97,LOW
2026-07-01,618157,Construction of Ater realignment & Bhind bypass Total length. 21.50 km Section of NH-552Extn. to Two lane with paved shoulder configuration in the State of Madhya Pradesh on EPC mode.,Madhya Pradesh,Roads & Highways,Ministry of Road Transport & Highways,(MoRTH),348.06,0.0,79.0,0.0,68.41,10.590000000000003,0.0,0.0,0.1736065573770492,0.0,1,2,61,1,1,1,0.16899113,16.9,LOW
2026-07-01,400275,Tindivanam-Nagari New Line Project [184.5 km],"Multi-States (Andhra Pradesh, Tamil Nadu)",Railways,Ministry of Railways,(Ministry of Railways),3631.0,1335.29,16.85,36.774717708620216,16.5,0.3500000000000014,1259.7,75.58999999999992,0.0057377049180328,1.2391803278688511,7,8,515,1,1,1,0.16794758,16.79,LOW
2026-07-01,617257,Rebuilding of Coke Oven Battery No.6 at Bokaro Steel Plant,Jharkhand,Steel,Ministry of Steel,(Steel Authority of India Limited [SAIL]),627.31,342.26,66.11,54.55994643796528,61.84,4.269999999999996,330.82,11.439999999999998,0.0699999999999999,0.1875409836065573,7,8,515,1,1,1,0.16724692,16.72,LOW
2026-07-01,709798,Ethylene Cracker Project at Bina Refinery including downstream Petrochemical Plants and expansion of Refinery,Madhya Pradesh,Oil & Gas,Ministry of Petroleum & Natural Gas,(MinistryofPetroleumNaturalGas),43367.0,5596.0,30.7,12.903820877625844,25.5,5.199999999999999,4802.7,793.3000000000002,0.0852459016393442,13.004918032786888,7,8,515,1,1,1,0.1670014,16.7,LOW
2026-07-01,617906,Up-gradation of Dhoraji-Jamkandorna-Kalavad Section of NH-927D from Design Chainage km 0/00 to km 58/115 to Two lane with PS configuration in the State of Gujarat on EPC,Gujarat,Roads & Highways,Ministry of Road Transport & Highways,(MoRTH),246.6,0.0,35.0,0.0,35.0,0.0,0.0,0.0,0.0,0.0,2,3,515,1,1,1,0.16601188,16.6,LOW
2026-07-01,619265,Rehabilitation & Upgradation of Thorrur to Nehru Nagar section to Two Lane with Paved shoulders from Km 109/420 to Km 178/500 of NH 930P in the state of Telangana on EPC mode under Annual Plan 2022-2023,Telangana,Roads & Highways,Ministry of Road Transport & Highways,(MoRTH),675.45,0.0,0.0,0.0,,,,,,,0,1,0,1,1,1,0.16599394,16.6,LOW
2026-07-01,701127,Construction of New Passenger Terminal Building for Domestic Operations at Jodhpur Airport.,Rajasthan,Aviation & Aviation Infrastructure,Ministry of Civil Aviation,(Airport Authority of India [AAI]),480.0,348.01,100.0,72.50208333333333,97.35,2.6500000000000057,339.96,8.050000000000011,0.0434426229508197,0.1319672131147543,7,8,515,1,1,1,0.16465512,16.47,LOW
2026-07-01,617897,Construction of proposed 4Lane Revelgunj bypass NH-19 in the State of Bihar on EPC mode connecting NH 19 to 85 origin,Bihar,Roads & Highways,Ministry of Road Transport & Highways,(MoRTH),295.24,44.18,86.02,14.964097005825767,81.7,4.319999999999993,33.07,11.11,0.0708196721311474,0.1821311475409835,3,4,515,1,1,1,0.16446473,16.45,LOW
2026-07-01,709856,MPLS-IP BASED ACCESS AND AGGREGATION NETWORK [MAAN] IN BSNL ALONG WITH TEST AND MEASURING EQUIPMENT,PAN India,Telecommunication,Department of Telecommunications,(BSNL),645.13,407.15,92.1,63.11131089857858,92.1,0.0,377.59,29.56,0.0,0.4845901639344263,7,8,515,1,1,1,0.16402593,16.4,LOW
2026-07-01,618031,Balance work of Construction of Two/Four lane with paved shoulder from Km 422.000 to 523.600 Chitradurga to Shivamogga of NH-13 in the state of Kanataka on EPC mode.,Karnataka,Roads & Highways,Ministry of Road Transport & Highways,(MoRTH),516.96,121.75,98.0,23.55114515629836,75.0,23.0,105.08,16.67,0.3770491803278688,0.2732786885245902,3,4,515,1,1,1,0.16364567,16.36,LOW
2026-07-01,617927,Widening to 2LPS between Km 0/0 to 56/0 Khokhara Gujarat Border Vijayanagar Antrasuba Mathasur road of NH 58 in the State of Gujarat,Gujarat,Roads & Highways,Ministry of Road Transport & Highways,(MoRTH),699.19,0.0,35.0,0.0,24.0,11.0,0.0,0.0,0.180327868852459,0.0,2,3,515,1,1,1,0.16358718,16.36,LOW
2026-07-01,618096,Rehabilitation and Up-gradation to 2 lane road with paved shoulders configuration for the balance work of 13 km length on Helwak-Patan-Karad section Km. 85000 to 133 417 of NH-166E in the state of Maharashtra on EPC mode.,Maharashtra,Roads & Highways,Ministry of Road Transport & Highways,(MoRTH),181.45,0.0,87.0,0.0,87.0,0.0,0.0,0.0,0.0,0.0,1,2,61,1,1,1,0.16221395,16.22,LOW
2026-07-01,612916,"Construction of permanent campus of Central University of Gujarat at Village kundhela, Dist. Vadodara, Gujarat.",Gujarat,Education,Department of Higher Education,(Central University of Gujarat),490.63,339.4,86.0,69.17636508162974,85.0,1.0,335.08,4.319999999999993,0.0163934426229508,0.0708196721311474,7,8,515,1,1,1,0.16190425,16.19,LOW
2026-07-01,618811,4L Access Controlled Greenfield Highway Section Mancherial Warangal from Pangidipalle village at Design Ch. 72.350 Km to Oorugonda village at Design Ch. 112.240 KmPackage-III,Telangana,Roads & Highways,Ministry of Road Transport & Highways,(NHAI),1183.71,163.15,5.0,13.782936699022564,0.0,5.0,83.68,79.47,0.081967213114754,1.3027868852459017,2,3,515,1,1,1,0.16145775,16.15,LOW
2026-07-01,617413,Mobile connectivity in Left Wing Extremism [LWE] affected areas-Phase 1 Upgradation,"Multi-States (Andhra Pradesh, Bihar, Chhattisgarh, Jharkhand, Madhya Pradesh, Maharashtra, Odisha, Telangana, Uttar Pradesh, West Bengal)",Telecommunication,Department of Telecommunications,(Department of Telecommunications [DoT]),1884.6,376.8,98.28,19.99363260108246,98.0,0.2800000000000011,376.8,0.0,0.0045901639344262,0.0,5,6,515,1,1,1,0.1612824,16.13,LOW
2026-07-01,617963,Rehabilitation and upgradation to four lane road from km 70.500 to km 78.600 of NH- 92 under EPC mode in the State of Uttar Pradesh,Uttar Pradesh,Roads & Highways,Ministry of Road Transport & Highways,(MoRTH),296.02,0.0,33.0,0.0,35.0,-2.0,0.0,0.0,-0.0327868852459016,0.0,2,3,515,1,1,1,0.16112715,16.11,LOW
2026-07-01,618129,"Construction of Kasrawad bypass, Selani bypass, Khargone bypass & Bistan bypass Total length. 31.950 km Section of NH-347 C to Two lane with paved shoulder configuration in the State of Madhya Pradesh on EPC mode.",Madhya Pradesh,Roads & Highways,Ministry of Road Transport & Highways,(MoRTH),467.93,0.0,86.03,0.0,86.03,0.0,0.0,0.0,0.0,0.0,1,2,61,1,1,1,0.1602894,16.03,LOW
2026-07-01,618333,Widening to 2 lane with Paved shoulder of lmphal to Jiribam section of NH-37 from Design Ch. from km 169570 Near Nungkao vlllage under Tamenglong District to km 205974 near Jiribam Bridge under Jiribam district under NHO-NE PKG-7,Manipur,Roads & Highways,Ministry of Road Transport & Highways,(NHIDCL),760.16,424.3,92.52,55.81719637970954,90.52,2.0,414.38,9.920000000000016,0.0327868852459016,0.1626229508196724,3,4,515,1,1,1,0.1593021,15.93,LOW
2026-07-01,618057,Construction of Shohratgarh Bypass on NH-730 under EPC mode in the State of Uttar Pradesh,Uttar Pradesh,Roads & Highways,Ministry of Road Transport & Highways,(MoRTH),189.31,0.0,52.0,0.0,49.22,2.780000000000001,0.0,0.0,0.0455737704918033,0.0,3,4,515,1,1,1,0.15890887,15.89,LOW
2026-07-01,618310,Widening/lmprovement to 4-L of Karimgani - sutarkandi section of NH 37 from design Ch 0020 Start of proposed Karimganj Bypass from NH -8 to design Chainage Km 14380 near Sutarkandi Spur Connectivity to Indo/Bangladesh Border on Silchar- Churaibari in the State of Assam on HAM Mode Package-7,Assam,Roads & Highways,Ministry of Road Transport & Highways,(NHIDCL),791.79,0.06,41.88,0.0075777668321145,40.4,1.480000000000004,0.06,0.0,0.0242622950819672,0.0,1,2,61,1,1,1,0.15867054,15.87,LOW
2026-07-01,611966,Transmission System for Evacuation of power from Potential RE Zone in Khavda Area of Gujarat under phase IV 7GW-Part E4,Maharashtra,Transmission & Distribution,Ministry of Power,(Power Grid Corporation of India Limited [POWERGRID]),224.41,224.41,100.0,100.0,94.8,5.200000000000003,206.45,17.960000000000008,0.0852459016393443,0.2944262295081968,7,8,515,1,1,1,0.15850167,15.85,LOW
2026-07-01,618209,Construction & up gradation of existing road to 2-Lane with paved shoulder from existing chainage km 468000 to km 489350 Design Chainage km 465150 to km 471500 of NH-07 Old NH-58 including Joshimath bypass on EPC mode in the state of Uttarakhand Length 6.35 km,Uttarakhand,Roads & Highways,Ministry of Road Transport & Highways,(MoRTH),258.85,0.0,37.23,0.0,35.6,1.6299999999999957,0.0,0.0,0.0267213114754097,0.0,1,2,61,1,1,1,0.15791264,15.79,LOW
2026-07-01,618907,2L/4L of Hoshiarpur to Una section including Hoshiarpur Bypass of NH 503A,"Multi-States (Himachal Pradesh, Punjab)",Roads & Highways,Ministry of Road Transport & Highways,(NHAI),571.34,257.77,26.18,45.11674309517974,24.87,1.3099999999999987,63.4,194.37,0.0214754098360655,3.1863934426229505,1,2,61,1,1,1,0.15757014,15.76,LOW
2026-07-01,618368,Improvement and Widening to 2-lane with paved shoulder of road from design Km 36.000 Rangamati to design Km 72.000 Pati Chhari Total length 36.000 Km on Teliamura to Harina section of NH 208 in the state of Tripura on EPC mode under JICA ODA Loan Phase VI Package-3,Tripura,Roads & Highways,Ministry of Road Transport & Highways,(NHIDCL),670.9,0.0,14.5,0.0,14.0,0.5,0.0,0.0,0.0081967213114754,0.0,3,4,515,1,1,1,0.15753251,15.75,LOW
2026-07-01,618137,Rehabilitation and Up-gradation of Jarud - Sirsala section of NH-361F km 59500 to km11500 to Two lane with paved shoulder/ Four Lane in the state of Maharashtra on EPC mode Length 55.5 Km.,Maharashtra,Roads & Highways,Ministry of Road Transport & Highways,(MoRTH),540.35,139.11,63.67,25.7444249097807,49.89,13.78,95.57,43.54000000000002,0.2259016393442623,0.713770491803279,1,2,61,1,1,1,0.1574858,15.75,LOW
2026-07-01,618720,6L Access Controlled Greenfield Highway from Audireddipalle Ch. 160000 to Mallapalle Ch. 176000Package-07,Andhra Pradesh,Roads & Highways,Ministry of Road Transport & Highways,(NHAI),987.1,338.11,70.51,34.2528619187519,65.77,4.740000000000009,297.0,41.110000000000014,0.077704918032787,0.6739344262295084,3,4,515,1,1,1,0.15717097,15.72,LOW
2026-07-01,618022,Upgradation to two lane with paved Shoulder Configuaration from Km. 0/00 to 47/000 of NH 351 Mahuva to Badhada section in the State of Gujarat,Gujarat,Roads & Highways,Ministry of Road Transport & Highways,(MoRTH),173.06,22.63,74.0,13.076389691436496,67.0,7.0,22.53,0.0999999999999978,0.1147540983606557,0.001639344262295,2,3,515,1,1,1,0.15693831,15.69,LOW
2026-07-01,618311,Widening/lmprovement to 4-Lane with Paved shoulder for existing as well as Greenfield alignment of Badarpur Churaibari section of NH-8 from Design chainage 87.700 Chandkhira to Km. 106.500 Churaibari section Assam-Tripura border in the state of Assam on HAM Mode Package-6,Assam,Roads & Highways,Ministry of Road Transport & Highways,(NHIDCL),870.0,0.0,40.99,0.0,31.83,9.160000000000004,0.0,0.0,0.1501639344262295,0.0,1,2,61,1,1,1,0.15681696,15.68,LOW
2026-07-01,618199,"Rehabilitation, Upgradation & Widening of existing Highway to Rigid Pavement 2 Lane with Paved Shoulder of NH 965DD from Lonand Shirval-Bhor Mandangad-Pchral Section ShindewadiPhata to Varandah Ghat Dist Border from Km 33/550 to 92/550 in the state of Maharashtra on EPC mode.",Maharashtra,Roads & Highways,Ministry of Road Transport & Highways,(MoRTH),723.13,0.0,53.5,0.0,48.5,5.0,0.0,0.0,0.081967213114754,0.0,3,4,515,1,1,1,0.1567302,15.67,LOW
2026-07-01,618177,Pal Phata Phulambri - Khultabad 2LPS,Maharashtra,Roads & Highways,Ministry of Road Transport & Highways,(MoRTH),227.19,0.0,95.29,0.0,99.15,-3.86,0.0,0.0,-0.0632786885245901,0.0,3,4,515,1,1,1,0.15663262,15.66,LOW
2026-07-01,618718,6L Access Controlled Greenfield Highway from Kavulakuntla Ch. 196000 to Narayanmpet Ch. 203500Package-09,Andhra Pradesh,Roads & Highways,Ministry of Road Transport & Highways,(NHAI),1092.18,200.13,47.73,18.323902653408776,36.0,11.729999999999997,178.93,21.19999999999999,0.192295081967213,0.3475409836065571,2,3,515,1,1,1,0.15659726,15.66,LOW
2026-07-01,618870,4L PS from near Hemmige Village Periyapatna - Hassan Road Jn. to near Hunsur - KR Nagar Jn section from Km. 144.900 to Km. 169.000 of NH-275 Pkg. III,Karnataka,Roads & Highways,Ministry of Road Transport & Highways,(NHAI),883.62,437.77,24.27,49.54278988705552,20.1,4.169999999999998,61.05,376.72,0.0683606557377048,6.175737704918032,1,2,61,1,1,1,0.15659021,15.66,LOW
2026-07-01,618404,Construction of lntermediate Lane Road with hard shoulder from design chainage Km 0.000 to Km 53.040 Existing Length68.500 Km & Total Design length 53.04 km of Tato to Monigong section of NH-913 Frontier Highway on Nafra Bomdila to Vijaynagar along China border in state of Arunachal pradesh on EPC mode,Arunachal Pradesh,Roads & Highways,Ministry of Road Transport & Highways,(NHIDCL),625.61,0.0,21.97,0.0,21.37,0.5999999999999979,0.0,0.0,0.0098360655737704,0.0,1,2,61,1,1,1,0.15581913,15.58,LOW
2026-07-01,618591,"Construction of 6-lane flyover at Ainthapali junction and a 2-lane ROB LHS on NH-53 Earlier NH-6 in Sambalpur, on EPC mode in Odisha under NHO",Odisha,Roads & Highways,Ministry of Road Transport & Highways,(NHAI),374.17,106.42,50.87,28.441617446615176,50.0,0.8699999999999974,97.05,9.370000000000005,0.0142622950819671,0.1536065573770492,1,2,61,1,1,1,0.15563488,15.56,LOW
2026-07-01,619039,"Balance Works of Rehabilitation and Up gradation of NH-43 New NH-30 from Krn 162120 to Krn 173500 Length 11.380 Km. Keshkal Bypass 4-Lane with Paved shoulder in the State Of Chhattisgarh under NHDP-IV through Engineering, Procurement & Construction EPC Basis",Chhattisgarh,Roads & Highways,Ministry of Road Transport & Highways,(MoRTH),307.96,0.0,0.0,0.0,,,,,,,0,1,0,1,1,1,0.1555626,15.56,LOW
2026-07-01,701602,"Provision of 4G based mobile services in 7,287 uncovered villages of 44 Aspirational District across 5 states of Andhra Pradesh, Chhattisgarh, Jharkhand, Maharashtra & Odisha","Multi-States (Andhra Pradesh, Chhattisgarh, Jharkhand, Maharashtra, Odisha)",Telecommunication,Department of Telecommunications,(Department of Telecommunications [DoT]),3685.0,1100.41,81.2,29.86187245590231,83.0,-1.7999999999999972,1457.51,-357.0999999999999,-0.0295081967213114,-5.854098360655736,7,8,515,1,1,1,0.15508674,15.51,LOW
2026-07-01,618405,"Construction of Intermediate Lane of Pango to Jorging Road from 0000 to Design Km Design Km 40000 Design Length 40.00 Km, Pkg-l, Greenfield Alignment in the State of Arunachal Pradesh on EPC mode Pkg-1",Arunachal Pradesh,Roads & Highways,Ministry of Road Transport & Highways,(NHIDCL),898.19,0.0,39.8,0.0,39.1,0.6999999999999957,0.0,0.0,0.0114754098360655,0.0,2,3,515,1,1,1,0.15506276,15.51,LOW
2026-07-01,618035,Rehabilitation & Upgradation of existing intermediate lane to two Lane with paved shoulder from km. 0.600 Gulganj bypass on NH-34 to km. 43.00 Barna River length 42.400 km. on Gulganj-Amanganj-Pawai-Katni NH43 Extn. in the state of Madhya Pradesh on EPCmode.,Madhya Pradesh,Roads & Highways,Ministry of Road Transport & Highways,(MoRTH),275.4,0.0,54.25,0.0,53.0,1.25,0.0,0.0,0.0204918032786885,0.0,1,2,61,1,1,1,0.15455727,15.46,LOW
2026-07-01,709837,"Creation of Gas Dehydration Facilities, Tripura Asset",Tripura,Oil & Gas,Ministry of Petroleum & Natural Gas,(Oil and Natural Gas Corporation Limited [ONGC]),209.33,79.98,70.5,38.20761477093584,68.9,1.5999999999999943,78.98,1.0,0.0262295081967212,0.0163934426229508,7,8,515,1,1,1,0.15447672,15.45,LOW
2026-07-01,618264,"Widening and Strengthening to two Lane with Paved Shoulder/Four Lane with paved shoulder configuration from km. 61.500 of NH-727B near Nawalpur km 178.500 of Sonauli Balia Marg, Old SH-01 i.e. end point of Salempur Bypass to km. 106.495 of NH-727B near Sikanderpur under EPC mode",Uttar Pradesh,Roads & Highways,Ministry of Road Transport & Highways,(MoRTH),2061.86,0.0,37.0,0.0,25.0,12.0,0.0,0.0,0.1967213114754098,0.0,2,3,515,1,1,1,0.15432924,15.43,LOW
2026-07-01,618170,Construction of Two lane with paved shoulder configuration of Shujalpur Bypass section of NH-752C from km 33100 Design to km. 42570 Design total design length 10.470 km in the State of Madhya Pradesh on EPC mode.,Madhya Pradesh,Roads & Highways,Ministry of Road Transport & Highways,(MoRTH),214.07,0.0,41.59,0.0,40.3,1.2900000000000065,0.0,0.0,0.0211475409836066,0.0,1,2,61,1,1,1,0.15407537,15.41,LOW
2026-07-01,618207,Widening to 2-lane with Hard Shoulder configuration of Mana Ch. 0.00 to Mana Pass Ch. 50.987 road on NH-07 under Bharatmala Pariyojna in the state of Uttarakhand under Annual Plan 2022-23 length 50.987,Uttarakhand,Roads & Highways,Ministry of Road Transport & Highways,(MoRTH),573.96,0.0,21.03,0.0,20.78,0.25,0.0,0.0,0.0040983606557377,0.0,1,2,61,1,1,1,0.15378031,15.38,LOW
2026-07-01,619143,4L Access Controlled Greenfield Highway section on NH-163G Khammam Vijayawada from BrahmanapalliK village at Design Ch. 250.400 Km to Remidicherla village at Design Ch. 280.200 KmPackage-II,"Multi-States (Andhra Pradesh, Telangana)",Roads & Highways,Ministry of Road Transport & Highways,(NHAI),826.01,165.28,23.73,20.00944298495176,22.08,1.650000000000002,69.29,95.99,0.0270491803278688,1.573606557377049,2,3,515,1,1,1,0.15334564,15.33,LOW
2026-07-01,618317,4-Laning of chhimluang-Kolasib from section pkg-4 of NH-306 & NH-6 existing chainage km 59700 to km 86000 design chainage km 61000 to km 77500 on Silchar- vairengte-sairang road in the state of Mizoram under Bharatmala Pariyojna on EPC mode Vairengte - Sairang Pkg-4,Mizoram,Roads & Highways,Ministry of Road Transport & Highways,(NHIDCL),561.91,0.0,17.12,0.0,17.12,0.0,0.0,0.0,0.0,0.0,2,3,515,1,1,1,0.15327033,15.33,LOW
2026-07-01,709857,"Planning, Engineering, Supply, Installation, Testing, Commissioning, Integration & Annual Maintenance of 4G mobile network at 1 Lakh sites on PAN India basis including Mumbai & Delhi LSA on turnkey basis under Phase IX.2 Project.",PAN India,Telecommunication,Department of Telecommunications,(BSNL),24544.55,9143.48,98.41,37.25258764165568,98.23,0.1799999999999926,8472.04,671.4399999999987,0.002950819672131,11.007213114754077,7,8,515,1,1,1,0.1531569,15.32,LOW
2026-07-01,705496,Tumkur-Chitradurga-Davangere New Rail Line Project [191 km],Karnataka,Railways,Ministry of Railways,(South Western Railway [SWR] - II),1876.0,602.36,16.0,32.10874200426439,15.5,0.5,563.37,38.99000000000001,0.0081967213114754,0.6391803278688526,7,8,515,1,1,1,0.15191212,15.19,LOW
2026-07-01,618255,Two laning with paved shoulders of Lambasingi to Paderusection of NH 516E,Andhra Pradesh,Roads & Highways,Ministry of Road Transport & Highways,(MoRTH),361.24,145.94,43.22,40.39973424869893,43.22,0.0,109.5,36.44,0.0,0.5973770491803279,3,4,515,1,1,1,0.15167424,15.17,LOW
2026-07-01,618392,"Construction for Mitigation Measures of 5 Nos. Landslides, 5 Nos. Sinking Zones in between Ch. 433.00 to 450.00 BANERPANI VILLAGE on NH-07 on EPC mode in the state of Uttarakhand Package-2",Uttarakhand,Roads & Highways,Ministry of Road Transport & Highways,(NHIDCL),259.64,0.0,64.23,0.0,59.75,4.480000000000004,0.0,0.0,0.0734426229508197,0.0,2,3,515,1,1,1,0.15151002,15.15,LOW
2026-07-01,589703,Implementation of Treatment System-2 Under ZLD at RSP,Odisha,Steel,Ministry of Steel,(Steel Authority of India Limited (SAIL)),216.02,134.29,89.83,62.16554022775668,,,,,,,0,1,0,1,1,1,0.15111564,15.11,LOW
2026-07-01,245986,Jaipur Metro Rail Project Phase 2 (Prahladpura to Todi Mod),Rajasthan,Urban Public Transport,Ministry of Housing & Urban Affairs,(Jaipur Metro Rail Corporation),13037.66,1.79,1.79,0.0137294575867141,,,,,,,0,1,0,1,1,1,0.1507726,15.08,LOW
2026-07-01,617984,"Gudivada Town 2 RoB, and Road improvement NH-165",Andhra Pradesh,Roads & Highways,Ministry of Road Transport & Highways,(MoRTH),317.22,0.0,75.2,0.0,73.46,1.740000000000009,0.0,0.0,0.0285245901639345,0.0,3,4,515,1,1,1,0.15052222,15.05,LOW
2026-07-01,618775,Ara Bypass,Bihar,Roads & Highways,Ministry of Road Transport & Highways,(NHAI),226.32,5.62,24.84,2.4832096147048426,15.93,8.91,1.94,3.68,0.1460655737704918,0.060327868852459,2,3,515,1,1,1,0.15046339,15.05,LOW
2026-07-01,618225,Rehabilitation and up-gradation to 2 lane with paved shoulder from existing chainage km 134950 to km 166100 Design chainage km 116980 to km 146700 under 31 TF on Akhnoor-Poonch road NH-144A in the UT of Jammu & Kashmir under Project Sampark BRO on EPC mode Package-VI Job no NH-144A-J&K-2021-22-106,Jammu and Kashmir,Roads & Highways,Ministry of Road Transport & Highways,(MoRTH),395.25,156.58,89.2,39.61543327008223,89.05,0.1500000000000056,144.04,12.54000000000002,0.0024590163934427,0.2055737704918036,2,3,515,1,1,1,0.14982069,14.98,LOW
2026-07-01,618295,Improvement/Widening of New NH-217 Dainadubi-Darugiri section to Two lane with paved shoulder in Meghalaya from design Km 0000 to Km 40840 existing Km 8600 to Km 53000 of Old NH-62 under BMP Lot-1 Pkg-1B Meghalaya portion,Meghalaya,Roads & Highways,Ministry of Road Transport & Highways,(NHIDCL),705.83,0.0,45.52,0.0,38.75,6.770000000000003,0.0,0.0,0.1109836065573771,0.0,2,3,515,1,1,1,0.14974712,14.97,LOW
2026-07-01,618211,Improvement/construction of 2-lane with paved shoulder of Askote Llipulekh road from Tawaghat village to Budhi village design km. 56935 to km 95748 and from end of Tunnel portal to Kali Mandir design km 113828 to km. 133078 [total design length 58.063 km] under project Hirak of BRO in the state of Uttarakhand under Bharatmala Pariyojna on EPC Mode,Uttarakhand,Roads & Highways,Ministry of Road Transport & Highways,(MoRTH),649.6,0.0,30.76,0.0,29.72,1.0400000000000027,0.0,0.0,0.0170491803278688,0.0,1,2,61,1,1,1,0.14957927,14.96,LOW
2026-07-01,618316,4-Laning of Vairengte - Chhimluang section Package-3 of NH-306 from Existing Chainage km 43000 to Km 59700 Design Chainage km 46000 to km 60850 on Silchar - Vairengte- Sairang road in the State of Mizoram under Bharatmala Pariyojna under NHO-NE. Package-1&2 in Assam state,Mizoram,Roads & Highways,Ministry of Road Transport & Highways,(NHIDCL),491.39,237.85,17.86,48.40350841490466,17.86,0.0,32.46,205.39,0.0,3.367049180327869,2,3,515,1,1,1,0.14950283,14.95,LOW
2026-07-01,618071,Construction of two lane with paved shoulder Gangtok Bypass Road from Ranipool to Burtuk Ch 0.00 Km to 23.316 L23.316 Km in the State of Sikkim,Sikkim,Roads & Highways,Ministry of Road Transport & Highways,(MoRTH),385.15,0.0,90.0,0.0,90.0,0.0,0.0,0.0,0.0,0.0,3,4,515,1,1,1,0.14949328,14.95,LOW
2026-07-01,618369,Improvement and Widening to 2-lane with paved shoulder of road from existing Km 438.170 Khowai Chowmuhani to existing Km 439.410 South Pulinpur of NH-08 and from design Km 0.000 South Pulinpur to design Km 36.00 near Rangamati of NH 208 on Khowai Teliamura- Harina section Total length 37.24 in the state of Tripura on EPC mode under JICA ODA Loan Phase VI Package-2,Tripura,Roads & Highways,Ministry of Road Transport & Highways,(NHIDCL),657.21,0.0,60.5,0.0,57.95,2.549999999999997,0.0,0.0,0.0418032786885245,0.0,3,4,515,1,1,1,0.14913353,14.91,LOW
2026-07-01,618085,Upgradation of Nasrullagani-Rehti-Budhni Scction to 2-lane with paved shoulder from Km 0150 to Km 50500 of NH-146B in the state of Madhya Pradesh on EPC mode.,Madhya Pradesh,Roads & Highways,Ministry of Road Transport & Highways,(MoRTH),305.12,0.0,89.07,0.0,78.0,11.069999999999991,0.0,0.0,0.1814754098360654,0.0,3,4,515,1,1,1,0.14881559,14.88,LOW
2026-07-01,618119,Rehabilitation and up-gradation to 2-lane configuration of Bageshwar to Kangarchina road from km 129.600 to Km 161.600 Existing Chainage 136.00 to Km 169.00 of NH- 309Ain the State of Uttarakhand Package-IV under NHO Annual Plan 2021-22,Uttarakhand,Roads & Highways,Ministry of Road Transport & Highways,(MoRTH),472.23,0.0,65.0,0.0,60.0,5.0,0.0,0.0,0.081967213114754,0.0,1,2,61,1,1,1,0.14846364,14.85,LOW
2026-07-01,618932,Construction of 6 lane Indore western bypass from km 0000 to Km 34000 Pkg -l in the State of Madhya Pradesh on Hybrid Annuity Mode under NHO,Madhya Pradesh,Roads & Highways,Ministry of Road Transport & Highways,(NHAI),1534.7,655.83,22.96,42.73343324428227,10.07,12.89,307.46,348.37000000000006,0.211311475409836,5.710983606557378,2,3,515,1,1,1,0.14841716,14.84,LOW
2026-07-01,618355,"Construction of of 2 -Lane with paved shoulders road from Tamenglong-Tousem- Lisang-Mahur Road NH-137 starting near Dialong Village from km 10.000 at Dialong to km 31.430 near Old Tamenglong , near Barak River on EPC Mode Package-2",Manipur,Roads & Highways,Ministry of Road Transport & Highways,(NHIDCL),483.87,372.1,95.28,76.9008204683076,95.28,0.0,361.96,10.140000000000043,0.0,0.166229508196722,3,4,515,1,1,1,0.14841501,14.84,LOW
2026-07-01,619311,Kalai-II Hydro Electric Project [1200 MW],Arunachal Pradesh,Electricity Generation,Ministry of Power,(THDC India Limited),14105.83,188.62,0.0,1.3371776067058798,0.0,0.0,187.16,1.460000000000008,0.0,0.0239344262295083,1,2,61,1,1,1,0.14794034,14.79,LOW
2026-07-01,618560,Improvement of Geometrics of Thondupally to Kothur from Km 22.300 to Km 34.14 of NH-44,Telangana,Roads & Highways,Ministry of Road Transport & Highways,(NHAI),541.58,74.01,17.05,13.665571106761698,17.05,0.0,72.23,1.7800000000000011,0.0,0.0291803278688524,3,4,515,1,1,1,0.14724459,14.72,LOW
2026-07-01,618089,Rehabilitation & Up-gradation of Mudkhed to Nanded section from Km. 372000 to Km 388400 of NH 161A i.e. Nanded-Bhokar-Himayatnagar-Kinwat-Mahur-Arani Road Design chainage from Km 372000 Mudkhed to Km 387650 Nanded of NH 161A Length 15.65 Km to 2/4Lane with paved shoulders configuration in the State of Maharashtra on EPC mode.,Maharashtra,Roads & Highways,Ministry of Road Transport & Highways,(MoRTH),206.54,0.0,65.14,0.0,65.14,0.0,0.0,0.0,0.0,0.0,3,4,515,1,1,1,0.14672005,14.67,LOW
2026-07-01,616670,Transmission System for evacuation of Power from Rajasthan REZ Ph-IV [Part-4 3.5 GW] Part A [SPV name POWERGRID Ghiror Transmission Limited],"Multi-States (Rajasthan, Uttar Pradesh)",Transmission & Distribution,Ministry of Power,(Power Grid Corporation of India Limited [POWERGRID]),5846.0,1753.81,37.67,30.00017105713308,31.37,6.300000000000001,1636.88,116.92999999999984,0.1032786885245901,1.9168852459016368,7,8,515,1,1,1,0.14659458,14.66,LOW
2026-07-01,618079,Construction of Dharmagarh Bypass on NH-130C including land acquisition in the state of Odisha on EPC Mode under Annual plan 2022-23.,Odisha,Roads & Highways,Ministry of Road Transport & Highways,(MoRTH),172.66,0.0,15.0,0.0,15.0,0.0,0.0,0.0,0.0,0.0,1,2,61,1,1,1,0.14631149,14.63,LOW
2026-07-01,618725,6L Greenfield Varanasi-Ranchi-Kolkata Highway from Pachmon village to Anarbansalea village From KM. 116000 to KM. 151200 Package-6,Bihar,Roads & Highways,Ministry of Road Transport & Highways,(NHAI),1915.99,405.1,23.77,21.14311661334349,10.38,13.39,64.59,340.51,0.2195081967213114,5.582131147540983,2,3,515,1,1,1,0.14598387,14.6,LOW
2026-07-01,618539,Construction of Ring Road Kanpur from Ch. 32.090 to Ch.51.200 Transganaga to Sathara Package-II B,Uttar Pradesh,Roads & Highways,Ministry of Road Transport & Highways,(NHAI),1089.41,48.77,17.25,4.476735113501803,13.67,3.58,38.74,10.03,0.0586885245901639,0.1644262295081967,1,2,61,1,1,1,0.14576449,14.58,LOW
2026-07-01,618956,Construction of Major Bridge over Baghmati and Lakhandei River along with Approaches from Design km.16.500 to km.21.500,Bihar,Roads & Highways,Ministry of Road Transport & Highways,(NHAI),498.97,43.95,25.03,8.80814477824318,20.42,4.609999999999999,43.95,0.0,0.0755737704918032,0.0,1,2,61,1,1,1,0.14551313,14.55,LOW
2026-07-01,619056,"Darlipali Super Thermal Power Project, Stage-II [1x800 MW]",Odisha,Electricity Generation,Ministry of Power,(National Thermal Power Corporation [NTPC]),11131.0,560.18,2.45,5.032611625190908,1.95,0.5000000000000002,460.85,99.32999999999991,0.0081967213114754,1.6283606557377035,1,2,61,1,1,1,0.1454968,14.55,LOW
2026-07-01,611754,GUNTAKAL WEST-MALLAPPA GATE RAIL OVER RAIL - ROR TRACK,Andhra Pradesh,Railways,Ministry of Railways,(South Central Railway [SCR] - II),293.3,272.72,0.24,92.98329355608593,0.23,0.0099999999999999,267.51,5.210000000000036,0.0001639344262295,0.0854098360655743,7,8,515,1,1,1,0.1454306,14.54,LOW
2026-07-01,707229,"Integrated Command control Center [ICCC] - Construction and Development of Integrated Command Control Center with Security, Surveillance, ITMS, Connecting Port, Ship Service, Smart Solid Waste Management, Smart Public Transport System",Andaman & Nicobar,Real Estate,Ministry of Housing & Urban Affairs,(ministry of housing and urban affairs),209.88,37.35,97.0,17.7958833619211,70.0,27.0,0.0,37.35,0.4426229508196721,0.6122950819672132,7,8,515,1,1,1,0.14467405,14.47,LOW
2026-07-01,618216,"Improvement/construction of existing CL-5 Road to NH Intermediate lane specification with hard shoulder from Km 133.000 to 166.000 net Length 33.000 kms of NH-505 Sumdo-Kaza-Gramphoo road in the state of Himachal Pradesh on EPC mode under project Deepak, BRO",Himachal Pradesh,Roads & Highways,Ministry of Road Transport & Highways,(MoRTH),230.55,31.4,23.24,13.619605291693771,23.24,0.0,15.16,16.24,0.0,0.2662295081967213,3,4,515,1,1,1,0.14457549,14.46,LOW
2026-07-01,618716,6L Access Controlled Greenfield Highway from Vankarakunta Ch. 45700 to Odulapalle Ch. 72000 of [NH-544G]Package-3,Andhra Pradesh,Roads & Highways,Ministry of Road Transport & Highways,(NHAI),992.91,320.05,77.21,32.23353576859937,73.1,4.109999999999999,319.82,0.2300000000000182,0.0673770491803278,0.0037704918032789,3,4,515,1,1,1,0.14404367,14.4,LOW
2026-07-01,619125,6L Access Controlled Greenfield Highway from Somavarappadu Ch.314.600 to Muppavaram Ch.343240 of [NH-544G] Package-14,Andhra Pradesh,Roads & Highways,Ministry of Road Transport & Highways,(NHAI),1103.9,259.07,44.56,23.46861128725428,43.16,1.4000000000000057,197.36,61.70999999999998,0.0229508196721312,1.0116393442622948,2,3,515,1,1,1,0.1438205,14.38,LOW
2026-07-01,619298,Construction of 6 Lane Elevated corridor from KM 612582 to KM 617540 including construction of Service Roads in Kolhapur City on NH -48 in the State of Maharashtra on EPC mode under NHO,Maharashtra,Roads & Highways,Ministry of Road Transport & Highways,(NHAI),1039.0,0.0,0.0,0.0,,,,,,,0,1,0,1,1,1,0.14333011,14.33,LOW
2026-07-01,705428,Bhanupalli-Bilaspur-Beri New Railway Line Project,"Multi-States (Himachal Pradesh, Punjab)",Railways,Ministry of Railways,(RVNL - II),13447.0,7781.89,64.0,57.87082620658883,63.0,1.0,7558.16,223.73000000000047,0.0163934426229508,3.6677049180327943,7,8,515,1,1,1,0.14328273,14.33,LOW
2026-07-01,619221,Realignment of Rudrapur-Kathgodam Section of NH-87 New NH-109 From Design Chainage 000 Existing Chainage Km.54050 To Design Chainage 7875 Existing Chainage Km.61550 Due To Proposed Expansion Of Pantnagar Airport in the state of Uttarakhand.,Uttarakhand,Roads & Highways,Ministry of Road Transport & Highways,(NHAI),252.97,0.14,0.0,0.0553425307348697,,,,,,,0,1,0,1,1,1,0.14237954,14.24,LOW
2026-07-01,617914,Upgradation and reconstruction of Shahpura-Dindori Section of NH 45 from Km 103.700 Design to Km 164.580 Design including 3 bypasses Total length 60.88km to Two lane with paved shoulder configuration along with One time improvement in 03 nos of bypassed built-up areas in a total length of 12.341 km in the State of Madhya Pradesh on EPC mode,Madhya Pradesh,Roads & Highways,Ministry of Road Transport & Highways,(MoRTH),241.23,0.0,32.52,0.0,29.09,3.4300000000000037,0.0,0.0,0.0562295081967213,0.0,2,3,515,1,1,1,0.1423493,14.23,LOW
2026-07-01,702741,Dhanbad Water Supply Infrastructure Project,Jharkhand,Waste & Water,Ministry of Housing & Urban Affairs,(Ministry of Housing & Urban Affairs),216.55,129.16,76.0,59.644423920572606,76.0,0.0,129.16,0.0,0.0,0.0,6,7,515,1,1,1,0.14223771,14.22,LOW
2026-07-01,618120,construction of Four-Lane of chausa-Buxar Bypass from Km 45.000 to Km 65.915 Package - 2 in the State of Bihar on EPC Mode.,Bihar,Roads & Highways,Ministry of Road Transport & Highways,(MoRTH),1060.16,0.0,4.0,0.0,0.0,4.0,0.0,0.0,0.0655737704918032,0.0,2,3,515,1,1,1,0.14203267,14.2,LOW
2026-07-01,618389,Construction of 2-laning with Hard shoulder road of Ukhrul - Tolloi - Tadubi section of NH-102A from Design Chainage 81.870 km to 105.825 km in the State of Manipur on EPC mode under NHO-TSP Package -4,Manipur,Roads & Highways,Ministry of Road Transport & Highways,(NHIDCL),310.76,255.6,97.0,82.24996782082637,96.8,0.2000000000000028,247.28,8.319999999999993,0.0032786885245902,0.1363934426229507,3,4,515,1,1,1,0.14192557,14.19,LOW
2026-07-01,617909,Construction of Rewa Bypass to 4-lane with paved shoulder along with service road from Ratahara Chowk to Chorhata Chowk Road section of NH-30 from km 00.000 to 19.200 in the State of Madhya Pradesh on Hybrid Annuity Mode HAM.,Madhya Pradesh,Roads & Highways,Ministry of Road Transport & Highways,(MoRTH),648.05,0.0,50.0,0.0,50.0,0.0,0.0,0.0,0.0,0.0,1,2,61,1,1,1,0.14141074,14.14,LOW
2026-07-01,618403,Construction of Intermediate Lane Road with hard shoulder from design Km 0.000 to Km 17.387 Total length 17.387 km of Hunli to Ithun Bridge section on NH-913 Frontier Highway in State of Arunachal Pradesh on EPC mode under NHO-NE,Arunachal Pradesh,Roads & Highways,Ministry of Road Transport & Highways,(NHIDCL),275.5,0.0,54.11,0.0,49.23,4.880000000000003,0.0,0.0,0.08,0.0,2,3,515,1,1,1,0.14138626,14.14,LOW
2026-07-01,618116,lmprovement and Up-gradation from Km. 73.300 Bikapur to Km.140.960 Patranga of NH-227B 84 Kosi Parikrama Marg to 2LPS along with Parikrama Path,Uttar Pradesh,Roads & Highways,Ministry of Road Transport & Highways,(MoRTH),1679.75,142.53,40.45,8.485191248697722,25.4,15.050000000000004,66.99,75.54,0.2467213114754099,1.238360655737705,2,3,515,1,1,1,0.14090917,14.09,LOW
2026-07-01,619138,Yekkambi-Haveri,Karnataka,Roads & Highways,Ministry of Road Transport & Highways,(NHAI),309.9,94.8,24.7,30.59051306873185,21.12,3.5799999999999983,82.28,12.519999999999996,0.0586885245901639,0.2052459016393442,2,3,515,1,1,1,0.1405263,14.05,LOW
2026-07-01,619347,Balance Work Estimate of Rehabilitation and Up-gradation of NH- 43 from Km. 468.600 to Km. 531.250 Pathalgaon to kunkuri Section to two-lane with paved shoulder in the State of Chhattisgarh on SBD mode under NHO under Annual plan 2025-26,Chhattisgarh,Roads & Highways,Ministry of Road Transport & Highways,(MoRTH),201.16,0.0,0.0,0.0,,,,,,,0,1,0,1,1,1,0.14039055,14.04,LOW
2026-07-01,617255,"Replacement of Converter Vessels, Trunnion Rings, Support System & Installation of Secondary Emission at Bhilai Steel Plant",Chhattisgarh,Steel,Ministry of Steel,(Steel Authority of India Limited [SAIL]),471.83,257.18,70.5,54.506919865205695,67.07,3.430000000000007,239.59,17.590000000000003,0.0562295081967214,0.288360655737705,7,8,515,1,1,1,0.13996865,14.0,LOW
2026-07-01,612793,"Widening of basic strip at Western Side of Runway Chainage 80m to 920m i/c slope stabilization Measures [Balance work] of uphill and Improvement of Storm Water Drainage System at Pakyong Airport, Sikkim on design & build basis [EPC] with integrated 10 years maintenance.",Sikkim,Aviation & Aviation Infrastructure,Ministry of Civil Aviation,(Airport Authority of India [AAI]),323.26,87.6,36.12,27.098929654148364,34.25,1.8699999999999972,80.84,6.759999999999991,0.0306557377049179,0.1108196721311473,7,8,515,1,1,1,0.13995107,14.0,LOW
2026-07-01,618391,"Construction for Mitigation Measures of 5 Nos. Landslides, 05 No. Sinking Zones and 01 No. Bridge from Ch. 450.00 to Ch. 468.00 18 Km. Length on NH-07 Package-III",Uttarakhand,Roads & Highways,Ministry of Road Transport & Highways,(NHIDCL),250.33,0.0,87.57,0.0,82.25,5.319999999999993,0.0,0.0,0.0872131147540982,0.0,3,4,515,1,1,1,0.13978028,13.98,LOW
2026-07-01,709851,Integrated Development of 4 Contract Areas under DSF-II,Offshore,Oil & Gas,Ministry of Petroleum & Natural Gas,(Ministry of Petroleum & Natural Gas),6183.79,2023.95,43.9,32.729927762747444,40.4,3.5,1555.0,468.9500000000001,0.0573770491803278,7.687704918032788,7,8,515,1,1,1,0.1392486,13.92,LOW
2026-07-01,618300,Improvement/Up-gradation of existing 2-Lane Road to 4-Lane Divided Highway from Taphukuki to Daili section of Imphal-Kohima road NH-02 Design Chainage from Km 262175 to Km 274610 in the state of Manipur on EPC mode Pkg-4A,Manipur,Roads & Highways,Ministry of Road Transport & Highways,(NHIDCL),379.39,312.58,91.39,82.39015261340573,91.31,0.0799999999999983,301.89,10.689999999999998,0.001311475409836,0.1752459016393442,3,4,515,1,1,1,0.13853878,13.85,LOW
2026-07-01,618376,Improvement/Widening to 2-Lane with Paved Shoulder between Shillong-Dawki road up to Bangladesh Border from design Km 10.670 to Km 37.550 under JICA ODA Loan assistance Phase-II -Balance Work-Pkg-2,Meghalaya,Roads & Highways,Ministry of Road Transport & Highways,(NHIDCL),525.67,0.0,51.02,0.0,49.31,1.7100000000000009,0.0,0.0,0.0280327868852459,0.0,3,4,515,1,1,1,0.13807079,13.81,LOW
2026-07-01,705794,New Delhi- Howrah Speed Booster[160Kmph] Project,"Multi-States (Bihar, Delhi, Jharkhand, Uttar Pradesh, West Bengal)",Railways,Ministry of Railways,(PCE/NCR),6684.81,127.03,0.0,1.9002783923552051,0.0,0.0,127.03,0.0,0.0,0.0,7,8,515,1,1,1,0.13725434,13.73,LOW
2026-07-01,709865,Power Recovery Turbine [PRT] in PFCCU unit as an Energy Conservation Scheme,Assam,Oil & Gas,Ministry of Petroleum & Natural Gas,(NRL),293.5,81.84,99.0,27.884156729131178,99.0,0.0,81.84,0.0,0.0,0.0,7,8,515,1,1,1,0.13695644,13.7,LOW
2026-07-01,618253,Construction of missing link from Birhu to Lathiani from Km 35/550 Design chainage Km 0.000 to Km 42/800 Design Chainage Km 8.153on NH-503A including Lathiani Bridge on back water of Govindsagar and its approaches in Himachal Pradesh.,Himachal Pradesh,Roads & Highways,Ministry of Road Transport & Highways,(MoRTH),870.95,0.0,0.0,0.0,0.0,0.0,0.0,0.0,0.0,0.0,1,2,61,1,1,1,0.1369335,13.69,LOW
2026-07-01,618336,Widening to 2 -Lane with Paved shoulder of Imphal to Jiribam section of NH-37 from Design Chainage 66.110 km to 101.280 Km Existing Chainage km 67.496 to km 103.557 on EPC Mode in Manipur PKG-4,Manipur,Roads & Highways,Ministry of Road Transport & Highways,(NHIDCL),579.63,404.8,85.98,69.83765505581147,84.86,1.1200000000000043,377.13,27.670000000000016,0.0183606557377049,0.4536065573770494,3,4,515,1,1,1,0.13579252,13.58,LOW
2026-07-01,619297,Upgradation of Existing Two Lane Carriageway to Two Lane Carriageway with Paved Shoulder from Ch. 665686 Existing Km. 665.686 in Khanpur Village in Vansda Taluka to Ch. 710470 Existing Km. 710.483 in Karvad Village in Vapi Taluka Length 44.784 Km Section of NH-56 in the State of Gujarat on EPC Mode,Gujarat,Roads & Highways,Ministry of Road Transport & Highways,(NHAI),647.2,9.24,0.0,1.4276885043263288,,,,,,,0,1,0,1,1,1,0.13543423,13.54,LOW
2026-07-01,617804,Mechanization of Berth No.14 for handling Containers and other cargo on DBFOT basis - Phase II,Karnataka,Shipping,"Ministry of Ports, Shipping and Waterways",(New Mangalore Port Authority),153.23,97.45,95.0,63.59720681328722,58.0,37.0,58.93,38.52,0.6065573770491803,0.6314754098360656,5,6,515,1,1,1,0.13529179,13.53,LOW
2026-07-01,705912,Sawai Madhopur-Jaipur Railway Line Project,Rajasthan,Railways,Ministry of Railways,(North Western Railway [NWR]),1203.89,240.33,19.0,19.962787297842823,19.0,0.0,207.11,33.22,0.0,0.5445901639344262,7,8,515,1,1,1,0.13455257,13.46,LOW
2026-07-01,617904,Construction of Bypass road to Balangir town from km 72/400 Desing km 0/0 to km 79/800 Design km 11/670 of NH-26 in the State of Odisha.,Odisha,Roads & Highways,Ministry of Road Transport & Highways,(MoRTH),238.78,6.79,55.0,2.843621743864645,55.0,0.0,6.09,0.7000000000000002,0.0,0.0114754098360655,3,4,515,1,1,1,0.1342887,13.43,LOW
2026-07-01,705396,Byrnihat-Shillong New Rail Line- 108 km,Meghalaya,Railways,Ministry of Railways,(Northeast Frontier Railway [NFR]),8324.28,266.12,2.04,3.1969131264205437,2.04,0.0,266.12,0.0,0.0,0.0,1,2,61,1,1,1,0.13417725,13.42,LOW
2026-07-01,617918,"Widening and Strengthening of existing S/L, I/L, & D/L to 2 Lane with PS from Km 256/455 to 256/503, 256/820 to 256/960, 265/760 to 266/010, 266/010 to 266/800, 270/975 to 271/055, 276/460 to 276/560, 276/560 to 276/700, 276/700 to 277/480, 285/780 to 288/290, 288/290 to 291/050 and construction of 3 Nos. of Bypass from Km 266/800 to 267/300, 270/025 to 270/975, & 284/700 to 285/780 on NH-53 under NHO in Annual Plan 2022-23 for the State of Odisha.",Odisha,Roads & Highways,Ministry of Road Transport & Highways,(MoRTH),174.21,6.43,0.0,3.6909477067906544,,,,,,,0,1,0,1,1,1,0.13403599,13.4,LOW
2026-07-01,618201,"Widening and strengthening to 2 lane with paved shoulder from existing Ch. Km 56720 to Km 100820 and Design Ch. From Km 62600 to Km 106360 Total Length43.760 Km on SRINAGAR -BARAMULA URINH-01 in the UT of Jammu & Kashmir under project BEACON, Border Roads Organization BRO on EPC mode.",Jammu and Kashmir,Roads & Highways,Ministry of Road Transport & Highways,(MoRTH),702.1,0.0,51.0,0.0,45.0,6.0,0.0,0.0,0.0983606557377049,0.0,1,2,61,1,1,1,0.13365154,13.37,LOW
2026-07-01,617186,Rajasthan REZ Ph-V [Part-1- 4 GW] [Sirohi/Nagaur] Complex [Rajasthan V Power Transmission Limited],"Multi-States (Madhya Pradesh, Rajasthan)",Transmission & Distribution,Ministry of Power,(Power Grid Corporation of India Limited [POWERGRID]),5028.0,1263.53,31.49,25.12987271280827,24.07,7.419999999999998,1054.2,209.32999999999996,0.121639344262295,3.431639344262294,7,8,515,1,1,1,0.13332981,13.33,LOW
2026-07-01,618294,Improvement and Widening of National Highway No. 127B Darugiri - Songsak - Williamnagar Junction Section to two lane with paved shoulder from design Km 0000 to Km 36635 Design length 36.635 Km existing Km 112000 to Km 151060 of NH-1278 under Bharatmala Pariyojana Lot-1 Pkg-1B Meghalaya portion,Meghalaya,Roads & Highways,Ministry of Road Transport & Highways,(NHIDCL),801.07,176.12,26.08,21.985594267666997,24.13,1.9499999999999995,64.53,111.59,0.031967213114754,1.829344262295082,2,3,515,1,1,1,0.132207,13.22,LOW
2026-07-01,619253,Construction of 4 lane Bypass to Nalgonda Town lrorn Km 000 Existing Ch. 181590 to Km 14.00 Existing Ch. 28/685 ol Nakrekal to Nagarjunsagar Section of NH -565 in the State of Telangara on EPC under Annual Plan 2024 -25,Telangana,Roads & Highways,Ministry of Road Transport & Highways,(MoRTH),516.17,0.0,49.34,0.0,43.13,6.210000000000001,0.0,0.0,0.1018032786885246,0.0,1,2,61,1,1,1,0.13149625,13.15,LOW
2026-07-01,618713,6L Access Controlled Greenfield Highway from Yerragudipadu Ch. 129000 to Audireddipalle Ch. 160000 of [NH 544G] Package-6,Andhra Pradesh,Roads & Highways,Ministry of Road Transport & Highways,(NHAI),1200.42,282.03,45.04,23.49427700304893,38.41,6.630000000000003,218.52,63.50999999999996,0.1086885245901639,1.041147540983606,3,4,515,1,1,1,0.13116266,13.12,LOW
2026-07-01,618447,Construction of 2-Laning with Paved Shoulder of New Greenfield Alignment From Helipad near Menla at Km 82000 to Menla at Km 94030 of Rhenock-Menla Spur NH- 717B Package-IIIB on EPC Basis under SARDP-NE Phase 'A' in the State of Sikkim.,Sikkim,Roads & Highways,Ministry of Road Transport & Highways,(NHIDCL),410.6,0.0,82.64,0.0,81.83,0.8100000000000023,0.0,0.0,0.0132786885245902,0.0,3,4,515,1,1,1,0.13075073,13.08,LOW
2026-07-01,617985,Widening to two lane with paved shoulders from Km 0/0 to 64/020 Pamarru to Akiveedu,Andhra Pradesh,Roads & Highways,Ministry of Road Transport & Highways,(MoRTH),529.54,0.0,74.41,0.0,69.62,4.789999999999992,0.0,0.0,0.0785245901639343,0.0,3,4,515,1,1,1,0.13072641,13.07,LOW
2026-07-01,618019,Upgradation & widening of Jharkheda- Berasia - Dholkhedi from design km 0000 to km 87900 Design length 87.90km of NH-346 including 3 nos. bypasses of 13.10 Km in the State of Madhya Pradesh under EPC mode.,Madhya Pradesh,Roads & Highways,Ministry of Road Transport & Highways,(MoRTH),365.21,0.0,89.0,0.0,88.0,1.0,0.0,0.0,0.0163934426229508,0.0,3,4,515,1,1,1,0.12912358,12.91,LOW
2026-07-01,617405,Jamnagar Transmission Limited,Gujarat,Transmission & Distribution,Ministry of Power,(Adani Transmission Limited),4000.0,553.0,19.0,13.825,18.0,1.0,537.0,16.0,0.0163934426229508,0.2622950819672131,5,6,515,1,1,1,0.12895808,12.9,LOW
2026-07-01,707420,Gaya Integrated Manufacturing Cluster IMC in Bihar,Bihar,Real Estate,Department for Promotion of Industry & Internal Trade,(National Industrial Corridor Development Corporation),1339.02,0.0,5.0,0.0,,,,,,,0,1,0,1,1,1,0.12885258,12.89,LOW
2026-07-01,704495,"502 Aspirational District Scheme in Four states - Bihar, Madhya Pradesh, Rajastha and Uttar Pradesh","Multi-States (Bihar, Madhya Pradesh, Rajasthan, Uttar Pradesh)",Telecommunication,Department of Telecommunications,(Department of Telecommunications [DoT]),421.65,152.96,99.0,36.27653266927547,99.0,0.0,152.96,0.0,0.0,0.0,7,8,515,1,1,1,0.12880331,12.88,LOW
2026-07-01,617254,Replacement of remaining 04 sets of Battery Cyclones with 04 Nos. of ESPs in Sinter Plant-1 at Bokaro Steel Plant,Jharkhand,Steel,Ministry of Steel,(Steel Authority of India Limited [SAIL]),260.37,125.6,50.16,48.23904443676306,44.17,5.989999999999995,102.86,22.739999999999995,0.0981967213114753,0.3727868852459015,7,8,515,1,1,1,0.12842685,12.84,LOW
2026-07-01,618134,Rehabilitation /Upgradation from Lagam to Alapalli section Desing Km. 199/400 to km 227/400 Length 28.0 Km to 2 lane with Paved Shoulders/ 4 lane configuration section of NH-353 C Sakoli-Wadsa-Armori-Gadchiroli-Ashti-Alapalli Sironcha in Gadchiroli District on EPC mode in the state of Maharashtra.,Maharashtra,Roads & Highways,Ministry of Road Transport & Highways,(MoRTH),459.39,0.0,81.42,0.0,69.15,12.269999999999996,0.0,0.0,0.2011475409836065,0.0,2,3,515,1,1,1,0.12809508,12.81,LOW
2026-07-01,617901,Widening of Pachpadra-Bagundi Section to 4 Lane from Km 73/60 to 95/70 of NH-25 on EPC mode in the state of Rajasthan.,Rajasthan,Roads & Highways,Ministry of Road Transport & Highways,(MoRTH),194.88,55.29,98.58,28.37130541871921,98.58,0.0,48.47,6.82,0.0,0.1118032786885245,3,4,515,1,1,1,0.12775338,12.78,LOW
2026-07-01,618719,6L Access Controlled Greenfield Highway from Mallapalle Ch. 176000 to Kavulakuntla Ch. 196000 Package-08,Andhra Pradesh,Roads & Highways,Ministry of Road Transport & Highways,(NHAI),909.02,289.88,60.57,31.889287364414425,56.01,4.560000000000002,257.58,32.30000000000001,0.0747540983606557,0.5295081967213117,3,4,515,1,1,1,0.12756802,12.76,LOW
2026-07-01,702760,Belgavi Improvement in Sewerage System Project,Karnataka,Waste & Water,Ministry of Housing & Urban Affairs,(Ministry of Housing & Urban Affairs),162.73,79.5,80.0,48.85392982240521,80.0,0.0,79.5,0.0,0.0,0.0,6,7,515,1,1,1,0.12742655,12.74,LOW
2026-07-01,618015,"Upgradation of Keonchi - Ratanpur Road of NH 45 Package-I, from design chainage km 237.860 to km 273.200 of length 35.340 km to two lane with paved shoulders under Corridor scheme on EPC mode in the state of Chhattisgarh.",Chhattisgarh,Roads & Highways,Ministry of Road Transport & Highways,(MoRTH),225.41,77.46,60.0,34.36404773523801,55.0,5.0,63.38,14.079999999999991,0.081967213114754,0.2308196721311474,1,2,61,1,1,1,0.12738085,12.74,LOW
2026-07-01,618251,"Improvement and Up gradation to four lane with Paved shoulder configuration from Existing Km 0000 to Km 39500 design km 0500 to Km 40342, Design length km of NH 227A near Mehrauna GhatUP Bihar Border to Siwan on the state of Bihar on Hybrid Annuity Model HAM basis",Bihar,Roads & Highways,Ministry of Road Transport & Highways,(MoRTH),1661.25,0.83,7.89,0.0499623777276147,5.52,2.37,0.0,0.83,0.0388524590163934,0.0136065573770491,2,3,515,1,1,1,0.12725908,12.73,LOW
2026-07-01,617964,"Widening to Four Lane rigid pavement configuration from Km 90.00 to Km 100.800 on NH-96 Km 42.0 to Km 53.300 as per new NH-330,design length of 11.300 km under EPC mode in the state of Uttar Pradesh.",Uttar Pradesh,Roads & Highways,Ministry of Road Transport & Highways,(MoRTH),309.63,38.08,31.0,12.298549882117364,25.0,6.0,32.4,5.68,0.0983606557377049,0.0931147540983606,3,4,515,1,1,1,0.12694065,12.69,LOW
2026-07-01,618042,"Rehabilitation/ Upgradation of existing Highway to four lane standards in Kurkheda town from km.413257 to km 410775, Two lane in Shankarpur Gurnuli km 42400 to km 43100 section and Reconstruction of Major Bridge at Ch. 448558 Bhuti Nallah and Ch. 411695 Sati River bridge, Minor Bridge at Ch. 411477 and Ch. 405800 Lendhari Bridge of NH 543 Bhamhapuri-wadsa-kurkheda-korchi-Deori-Amgaon road on EPC mode in the State of Maharashtra",Maharashtra,Roads & Highways,Ministry of Road Transport & Highways,(MoRTH),163.86,0.0,42.78,0.0,42.78,0.0,0.0,0.0,0.0,0.0,3,4,515,1,1,1,0.12680563,12.68,LOW
2026-07-01,476006,Amended BharatNet Program - HP,PAN India,Telecommunication,Department of Telecommunications,(Department of Telecommunications),1292.0,148.93,23.18,11.527089783281737,,,,,,,0,1,0,1,1,1,0.12659512,12.66,LOW
2026-07-01,618150,Rehabilitation and Up-gradation of i. Deogaon phata to Digras phata Ch. 0/000 to 15/000 & Selu to Borgavhan Ch 20/900 to 35/800 [Length 29.9km] ii. Injegaon Dhamoni to Pohner Phata Ch.58/200 to Ch. 83/700 [Length25.5 km] and iii. Pohner phata to Pathri Design Ch. 42/700 to 58/200 [Length 15.5 km] sections of NH-548B to Two lane with paved shoulder configuartion in the state of Maharashtra on EPC mode Total project length 70.9 Km.,Maharashtra,Roads & Highways,Ministry of Road Transport & Highways,(MoRTH),761.83,0.0,15.0,0.0,15.0,0.0,0.0,0.0,0.0,0.0,1,2,61,1,1,1,0.12648557,12.65,LOW
2026-07-01,617345,SER Upgradation of maintenance infrastructure at Shalimar into Vande Bharat Chair Car maintenance cum workshop depot.,West Bengal,Railways,Ministry of Railways,(South Eastern Railway - JH),226.87,86.69,50.0,38.21131044210341,50.0,0.0,86.69,0.0,0.0,0.0,5,6,515,1,1,1,0.1264131,12.64,LOW
2026-07-01,618183,Widening to 2 lane with paved shoulders from Km 62/920 to km 106/830 of Medak - Yellareddy section in the State of Telangana under Annual Plan 2022-23 on EPC mode under NHO,Telangana,Roads & Highways,Ministry of Road Transport & Highways,(MoRTH),399.01,0.0,69.6,0.0,66.04,3.559999999999988,0.0,0.0,0.0583606557377047,0.0,1,2,61,1,1,1,0.12564836,12.56,LOW
2026-07-01,619124,6L Access Controlled Greenfield Highway from Polavaram Ch. 260000 to Marripudi Ch. 285500 of [NH-544G]Package-12,Andhra Pradesh,Roads & Highways,Ministry of Road Transport & Highways,(NHAI),747.29,242.62,70.2,32.466646148081736,69.6,0.6000000000000085,227.96,14.659999999999997,0.0098360655737706,0.2403278688524589,2,3,515,1,1,1,0.12553619,12.55,LOW
2026-07-01,618180,Pune raigarh District Border To Mangaon Ch 69000 to 103775 NH-753F,Maharashtra,Roads & Highways,Ministry of Road Transport & Highways,(MoRTH),223.46,0.0,89.08,0.0,89.08,0.0,0.0,0.0,0.0,0.0,3,4,515,1,1,1,0.1254879,12.55,LOW
2026-07-01,702742,SAAP-3 Water Supply Infrastructure SAAP-3 Project,Jharkhand,Waste & Water,Ministry of Housing & Urban Affairs,(Ministry of Housing & Urban Affairs),159.31,87.5,67.0,54.92436130814136,67.0,0.0,87.5,0.0,0.0,0.0,6,7,515,1,1,1,0.1254115,12.54,LOW
2026-07-01,617882,"Setting up IT Infrastructure including Network Security and Hosting at AIIMS, New Delhi",Delhi,Healthcare,Ministry of Health & Family Welfare,(PMSSY AND Institute of NATIONAL Importance),358.19,53.73,35.0,15.000418772160026,0.0,35.0,0.0,53.73,0.5737704918032787,0.8808196721311475,4,5,515,1,1,1,0.12529442,12.53,LOW
2026-07-01,618097,Guhagar - Rampur - 2L-PS - km 0/00 Guhagar to 26/230 Rampur and 40/00 Mirjoli to 53/600 Sati on NH-166E,Maharashtra,Roads & Highways,Ministry of Road Transport & Highways,(MoRTH),407.2,0.0,91.89,0.0,91.89,0.0,0.0,0.0,0.0,0.0,3,4,515,1,1,1,0.12522534,12.52,LOW
2026-07-01,618742,"Construction of 6-lane Greenfield corridor from Ramnagar to Kacchi Dargah NH-119D from Km 109700 to Km 122300, including widening of the existing NH-31 from Km 196700 to Km 198600, as part of the Amas-Darbhanga.",Bihar,Roads & Highways,Ministry of Road Transport & Highways,(NHAI),1113.46,12.43,0.5,1.11634005711925,0.0,0.5,1.31,11.12,0.0081967213114754,0.1822950819672131,1,2,61,1,1,1,0.12514028,12.51,LOW
2026-07-01,618388,Construction of 2-laning with Hard shoulder road of Ukhrul - Tolloi - Tadubi section of NH-102A from Design Chainage 50.850 km to 81.870 km in the State of Manipur on EPC mode under NHO-TSP Package -3,Manipur,Roads & Highways,Ministry of Road Transport & Highways,(NHIDCL),315.56,251.46,91.11,79.68690581822791,90.91,0.2000000000000028,227.98,23.480000000000015,0.0032786885245902,0.3849180327868855,3,4,515,1,1,1,0.12488345,12.49,LOW
2026-07-01,619186,Construction of Balance works of Major Bridge over Middle Strait Creek between Km.106.590 to km108.553 of NH-04 connecting South Andaman & Baratang Island in the Union Territory of Andaman & Nicobar Islands on EPC basis,Andaman & Nicobar,Roads & Highways,Ministry of Road Transport & Highways,(NHIDCL),262.96,0.0,12.98,0.0,12.64,0.3399999999999998,0.0,0.0,0.0055737704918032,0.0,1,2,61,1,1,1,0.12487109,12.49,LOW
2026-07-01,618309,Widening/lmprovement to 4-Laning and Greenfield alignment with Paved shoulder of Silchar-Badarpur Churaibari section of NH-37 & NH-8 from Design chainage 38.600 End point of proposed Badarpur Bypass to Km. 62.800 Start point of proposed Nilambazar/Cheragi Bypass in the state of Assam on HAM Mode Package-4,Assam,Roads & Highways,Ministry of Road Transport & Highways,(NHIDCL),1319.55,0.0,25.16,0.0,14.6,10.56,0.0,0.0,0.1731147540983606,0.0,2,3,515,1,1,1,0.12469144,12.47,LOW
2026-07-01,709796,City Gas Distribution Projects at the Nilgiris and Erode districts,Tamil Nadu,Oil & Gas,Ministry of Petroleum & Natural Gas,(Bharat Petroleum Corporation Limited [BPCL]),3685.0,297.76,25.5,8.080325644504748,25.4,0.1000000000000014,288.66,9.099999999999966,0.0016393442622951,0.1491803278688519,7,8,515,1,1,1,0.12427019,12.43,LOW
2026-07-01,617980,Construction of six lane elevated corridor from km 7.950 Uppal to km 14.200 of NH- 163 to De-Congest the urban limits of Hyderabad-Bhoopalapatnam section on EPC mode in the state of Telangana,Telangana,Roads & Highways,Ministry of Road Transport & Highways,(MoRTH),626.76,19.3,53.01,3.079328610632459,51.7,1.3099999999999952,16.13,3.1700000000000017,0.0214754098360654,0.0519672131147541,3,4,515,1,1,1,0.12397698,12.4,LOW
2026-07-01,618221,Rehabilitation and upgradation to 2 lane with paved shoulder from existing chainage Km 166.100 to Km 192.98 design chainage Km 146.700 to Km 162.800 including construction of Bhimber Gali Tunnel Total Length of Tunnel 1.100 Km under 31 BRTF on Akhnoor-Poonch Roads on EPC mode NH-144A Package-VII,Jammu and Kashmir,Roads & Highways,Ministry of Road Transport & Highways,(MoRTH),734.64,0.0,50.03,0.0,45.41,4.6200000000000045,0.0,0.0,0.0757377049180328,0.0,2,3,515,1,1,1,0.12393307,12.39,LOW
2026-07-01,618039,Widening to 2 Lane from Existing Chainage Km 74.700 Km 100.660 Design Chainage Km 53.365 to Km 78.785 on NH- 507 in the State of Uttarakhand.,Uttarakhand,Roads & Highways,Ministry of Road Transport & Highways,(MoRTH),346.82,0.0,31.75,0.0,29.64,2.1099999999999994,0.0,0.0,0.0345901639344262,0.0,2,3,515,1,1,1,0.12390524,12.39,LOW
2026-07-01,617243,Replacement of Hot Leveller No.1 of Plate Mill at Bhilai Steel Plant,Chhattisgarh,Steel,Ministry of Steel,(Steel Authority of India Limited [SAIL]),198.62,129.24,82.13,65.06897593394422,79.73,2.3999999999999915,75.16,54.08000000000001,0.0393442622950818,0.8865573770491806,7,8,515,1,1,1,0.12355841,12.36,LOW
2026-07-01,618012,"Widening & strengthenlng to 2LPS from km 0,000 to 40.000 Dhaugaon- Podamari section of NH 326 in the State of Odisha under Annual Plan 2021.22.",Odisha,Roads & Highways,Ministry of Road Transport & Highways,(MoRTH),186.52,46.39,60.0,24.871327471584813,60.0,0.0,42.83,3.5600000000000023,0.0,0.0583606557377049,3,4,515,1,1,1,0.12355821,12.36,LOW
2026-07-01,612781,Rebuilding of COB 4 at Durgapur Steel Plant,West Bengal,Steel,Ministry of Steel,(Steel Authority of India Limited [SAIL]),916.78,234.05,35.36,25.529570889417307,33.66,1.7000000000000028,206.54,27.51000000000002,0.0278688524590164,0.4509836065573773,7,8,515,1,1,1,0.12326982,12.33,LOW
2026-07-01,618356,Construction of 2 -Lane with paved shoulders road from Tamenglong to Mahur in the state of Manipur from km 31.430 at Old Tamenglong to km 43.480 ending near Phelong on EPC Mode Package-3,Manipur,Roads & Highways,Ministry of Road Transport & Highways,(NHIDCL),234.08,201.13,98.5,85.92361585782638,100.0,-1.5,196.29,4.840000000000003,-0.0245901639344262,0.079344262295082,3,4,515,1,1,1,0.12267212,12.27,LOW
2026-07-01,618302,Widening/Improvement to 2-lane with earthen shoulder of Yaingangpokpi - Finch corner road section of NH-202 from Km 16.900 to Km 30.970 of NH-202 in the state of Manipur on EPC mode Package-2,Manipur,Roads & Highways,Ministry of Road Transport & Highways,(NHIDCL),256.04,0.0,98.12,0.0,97.12,1.0,0.0,0.0,0.0163934426229508,0.0,3,4,515,1,1,1,0.12260029,12.26,LOW
2026-07-01,619024,Mahan Transmission Limited,Madhya Pradesh,Transmission & Distribution,Ministry of Power,(Adani Transmission Limited),3125.32,317.79,18.0,10.16823877234971,17.0,1.0,286.79,31.0,0.0163934426229508,0.5081967213114754,2,3,515,1,1,1,0.12180049,12.18,LOW
2026-07-01,618172,Paithan - Shirur section 2LPS Km 0.0 to 55.00,Maharashtra,Roads & Highways,Ministry of Road Transport & Highways,(MoRTH),341.8,0.0,82.0,0.0,82.0,0.0,0.0,0.0,0.0,0.0,3,4,515,1,1,1,0.121703565,12.17,LOW
2026-07-01,618133,Strengthening and Widening of road Sakoli- Wadsa-Armori-Gadchiroli-Ashti- Allapalli - Sironcha National highway NH 353C in Km 262/00 to 321/00 including 16 minor Bridges and 2 Major Bridge Total length 59 Km section from repanpalli to sironcha in Gadchiroli Dist in the State of Maharashtra.,Maharashtra,Roads & Highways,Ministry of Road Transport & Highways,(MoRTH),280.57,0.0,65.0,0.0,61.61,3.390000000000001,0.0,0.0,0.0555737704918032,0.0,3,4,515,1,1,1,0.121549,12.15,LOW
2026-07-01,618417,"Construction of 4-Lane with paved shoulder Agartala bypass Western side, length 25.402 km connecting NH-8 near Amtali to NH-108B near Lembuchhera in the state of Tripura on EPC basis under NHO-NE",Tripura,Roads & Highways,Ministry of Road Transport & Highways,(NHIDCL),2026.05,487.38,9.2,24.0556748352706,9.2,0.0,292.55,194.83,0.0,3.193934426229508,3,4,515,1,1,1,0.121499285,12.15,LOW
2026-07-01,618367,Improvement and Widening to 2-lane with paved shoulder of road from design Km 72.000 Pati Chhari to design Km 107.654 Harina Total length 35.654 Km on Teliamura to Harina section of NH 208 in the state of Tripura on EPC mode under JICA ODA Loan Phase VI Package-4,Tripura,Roads & Highways,Ministry of Road Transport & Highways,(NHIDCL),726.9,259.36,9.33,35.68028614665016,8.65,0.6799999999999997,194.74,64.62,0.0111475409836065,1.059344262295082,2,3,515,1,1,1,0.12113925,12.11,LOW
2026-07-01,618248,Widening to 4 lane from km. 139.00 to km 179.20 of NH-135A Pkg-III Jaunpur Akbarpur section and Akbarpur bypass on Hybrid Annuity Mode in the state of Uttar Pradesh.,Uttar Pradesh,Roads & Highways,Ministry of Road Transport & Highways,(MoRTH),1653.15,0.0,21.06,0.0,10.0,11.06,0.0,0.0,0.181311475409836,0.0,2,3,515,1,1,1,0.120661296,12.07,LOW
2026-07-01,618732,6L Greenfield Varanasi- Ranchi- Kolkata Highway from Sonepurbigha village to junction with NH- 22 Chatra Bypass near Chatra from km 184.700 to km 222.000Pkg - 8,"Multi-States (Bihar, Jharkhand)",Roads & Highways,Ministry of Road Transport & Highways,(NHAI),1728.17,114.23,3.94,6.609882129651597,0.0,3.94,3.57,110.66,0.0645901639344262,1.814098360655738,1,2,61,1,1,1,0.120636106,12.06,LOW
2026-07-01,618037,Rehabilitation and Up-gradation of existin of road from 2-lane to 2-lane with paved shoulders from km. 0.00 to km 53.590 total length-53.590 km of Raychoti to Vempalli section of NH-440 in the State of Andhra Pradesh on EPC mode.,Andhra Pradesh,Roads & Highways,Ministry of Road Transport & Highways,(MoRTH),439.82,213.04,86.54,48.43799736255741,82.0,4.540000000000006,178.83,34.20999999999998,0.0744262295081968,0.5608196721311473,3,4,515,1,1,1,0.1204992,12.05,LOW
2026-07-01,618688,Outer Ring Road of Jabalpur Town from Amjhar Road including Airport Connectivity to barela Pkg-V,Madhya Pradesh,Roads & Highways,Ministry of Road Transport & Highways,(NHAI),794.7,84.37,30.26,10.61658487479552,25.12,5.140000000000001,69.33,15.040000000000006,0.0842622950819672,0.2465573770491804,2,3,515,1,1,1,0.120363556,12.04,LOW
2026-07-01,705763,Indore - Budni New Railway Line [198 kms],Madhya Pradesh,Railways,Ministry of Railways,(RVNL - II),7474.0,2879.62,41.0,38.52849879582553,36.0,5.0,2529.21,350.40999999999985,0.081967213114754,5.7444262295081945,7,8,515,1,1,1,0.12007038,12.01,LOW
2026-07-01,619183,Widening of Existing Road from Intermediate Lane 2-lane to 4-lane Between Km 19.994 to Km 35.180 of NH-848A Rakholi-Khadoli-Velugam Section in U.T. of Dadra and Nagar Haveli and Daman and Diu,Dadra & Nagar Haveli and Daman & Diu,Roads & Highways,Ministry of Road Transport & Highways,(MoRTH),198.06,75.95,80.0,38.3469655659901,52.0,28.0,73.03,2.9200000000000017,0.4590163934426229,0.0478688524590164,1,2,61,1,1,1,0.120031394,12.0,LOW
2026-07-01,611752,Doubling between Gooty-Pendakallu 29.225 km PB73/2023-24/NR,Andhra Pradesh,Railways,Ministry of Railways,(CAO/C/SCoR SCoR mor),351.83,149.34,0.0,42.446636159508856,3.03,-3.03,330.25,-180.91,-0.0496721311475409,-2.9657377049180327,7,8,515,1,1,1,0.119973585,12.0,LOW
2026-07-01,618733,6L Greenfield Varanasi- Ranchi- Kolkata Highway from junction with NH-20 in Bongabar village to junction with NH-30 in Lepo village from km 325.500 to km 358.500 Pkg -12,Jharkhand,Roads & Highways,Ministry of Road Transport & Highways,(NHAI),1525.52,218.27,0.0,14.307908123131783,,,,,,,0,1,0,1,1,1,0.11984034,11.98,LOW
2026-07-01,617390,Sardega -Bhalumuda New Double line [37.24 Km],"Multi-States (Chhattisgarh, Odisha)",Railways,Ministry of Railways,(SECR),1281.81,130.14,5.0,10.152830762749549,4.0,1.0,128.07,2.069999999999993,0.0163934426229508,0.033934426229508,5,6,515,1,1,1,0.119650714,11.97,LOW
2026-07-01,619123,6L Access Controlled Greenfield Highway from Narayanmpet Ch. 203500 to Chandrasekharpuram Ch. 228000Package-10,Andhra Pradesh,Roads & Highways,Ministry of Road Transport & Highways,(NHAI),813.66,223.05,66.12,27.413170120197627,61.5,4.6200000000000045,196.59,26.460000000000008,0.0757377049180328,0.4337704918032788,2,3,515,1,1,1,0.11912964,11.91,LOW
2026-07-01,618198,Balance work of Rehabilitation and Up-gradation to 2-lane road with paved shoulders configuration for NH- 965DD from Pacharal-Mandangad-Mhapral-Rajewadi Upto Junction of NH-66 Ch-22700 to 75100 Km and Ambadave connector Birth place of Dr. Babasaheb Ambedkar Ch-0000 to 7325 Km length Km 59.725 in the state of Maharashtra on EPC mode. Balance Work,Maharashtra,Roads & Highways,Ministry of Road Transport & Highways,(MoRTH),388.93,0.0,93.07,0.0,93.0,0.0699999999999931,0.0,0.0,0.0011475409836064,0.0,3,4,515,1,1,1,0.11912902,11.91,LOW
2026-07-01,618705,"4L Godibandha to Ballhar Chhak, Ballhar Chhak to Banarpal & Banarpal to Start of Angul bypass at Km.314.130 to Km.321.035 of NH53, at Km.75.200 to Km.84.000 of NH149 & at Km.84.000 to Km.86.100 of NH55",Odisha,Roads & Highways,Ministry of Road Transport & Highways,(NHAI),973.12,238.15,4.2,24.472829661295627,1.5,2.7,153.23,84.92000000000002,0.0442622950819672,1.392131147540984,1,2,61,1,1,1,0.1188212,11.88,LOW
2026-07-01,618149,Widening to two lane with paved shoulders from Km 0.00 to 102.310 Design Chainage of NH-548B Murrum-Maharashtra Border in the State of Karnataka,Karnataka,Roads & Highways,Ministry of Road Transport & Highways,(MoRTH),957.09,288.15,60.21,30.106886499702217,0.0,60.21,248.13,40.01999999999998,0.9870491803278688,0.6560655737704915,1,2,61,1,1,1,0.117877476,11.79,LOW
2026-07-01,619300,Construction of Four Lane Nagpur-Katol section of NH-353J including Mitigation Structures from Design Ch. 37000 to Ch. 45990 Tiger Corridor-I Mitigation Structures from Design Ch. 37000 to Ch. 45990 Tiger Corridor-I in the State of Maharashtra on EPC Mode,Maharashtra,Roads & Highways,Ministry of Road Transport & Highways,(NHAI),300.68,0.0,0.0,0.0,,,,,,,0,1,0,1,1,1,0.1177637,11.78,LOW
2026-07-01,618202,Construction of 2 lane with paved shoulders Baramulla Bypass Greenfield bypass from existing Ch. Km 47020 to Km 56720 and Design Ch. From 48500 to 62600 Total length 14.100 km on road Srinagar Baramulla Uri NH-01 in the UT of Jammu & Kashmir under Project.Package-III,Jammu and Kashmir,Roads & Highways,Ministry of Road Transport & Highways,(MoRTH),992.43,98.99,46.8,9.974507018127223,39.84,6.959999999999994,34.01,64.97999999999999,0.1140983606557376,1.065245901639344,2,3,515,1,1,1,0.11771605,11.77,LOW
2026-07-01,618729,6 Lane Greenfield Varanasi- Ranchi- Kolkata Highway from Donoreshan village to junction with NH-20 in Bongabar village from km 288.600 to km 325.500 Pkg -11,Jharkhand,Roads & Highways,Ministry of Road Transport & Highways,(NHAI),1856.12,261.76,0.0,14.102536473934876,,,,,,,0,1,0,1,1,1,0.117458366,11.75,LOW
2026-07-01,618287,"Widening/Improvement to 4-Lane with paved Shoulder from Ch. 25.633 Km to Ch. 52.470 Km Design Ch. 21.850 Km to Ch.48.670 Km for Package-2 of Bilasipura- Guwahati road NH-17 Section Near Mowatari, before Chapar Bypass to Tulungia junction with NH-17 in the state of Assam on HAM mode under NHO-NE Package-2",Assam,Roads & Highways,Ministry of Road Transport & Highways,(NHIDCL),1338.61,0.0,12.45,0.0,12.45,0.0,0.0,0.0,0.0,0.0,2,3,515,1,1,1,0.117354676,11.74,LOW
2026-07-01,617965,Kopargaon to Savali Vihir section,Maharashtra,Roads & Highways,Ministry of Road Transport & Highways,(MoRTH),195.38,0.0,90.5,0.0,80.0,10.5,0.0,0.0,0.1721311475409836,0.0,3,4,515,1,1,1,0.11710723,11.71,LOW
2026-07-01,616612,Sewage Treatment Plant 50MLD and Sewerage Network 150 km in Kankarbagh Patna under Hybrid annuity based PPP mode Namami Gange Programme,Bihar,Waste & Water,"Department of Water Resources, River Development & GR",(NMCG1),578.89,171.79,55.0,29.67575877973363,54.0,1.0,171.79,0.0,0.0163934426229508,0.0,7,8,515,1,1,1,0.11569554,11.57,LOW
2026-07-01,618004,Construction of Bhabhua Bypass from Ch. 10800Design Ch. 10800 to Ch. 19860 Design Ch. 18150 and Chand Bypass from Ch. 38060 Design Ch. 36250 to Ch. 40460 Design Ch. 38650 and widening of existing road to 2 - lane with Paved shoulder from Ch. 40460 Design Ch. 38650 to Ch. 46860 Design Ch. 45050 of NH-219 Total length- 16.150 Kmunder EPC mode in the state of Bihar,Bihar,Roads & Highways,Ministry of Road Transport & Highways,(MoRTH),179.86,2.37,2.0,1.317691537862782,0.05,1.95,0.0,2.37,0.031967213114754,0.0388524590163934,3,4,515,1,1,1,0.115630835,11.56,LOW
2026-07-01,618320,Construction of 4-Laning of N. Kawnpui N. Mualvum Mualkhang via Khamrang Village section Package-7 of NH-6 from Existing Chainage km 127200 to km 142000 Design Chainage km 111850 to km 123400 on Silchar - Vairengte - Sairang road in the State of Mizoram on EPC mode,Mizoram,Roads & Highways,Ministry of Road Transport & Highways,(NHIDCL),866.32,0.0,18.9,0.0,18.9,0.0,0.0,0.0,0.0,0.0,2,3,515,1,1,1,0.115307756,11.53,LOW
2026-07-01,618445,Construction of 2-Laning with hard shoulders of Demwe-Brahmakund section of NH- 13 from Ch.0.00 km to 18.464 km on EPC under SARDP-NE NHO-NE -Balance Work,Arunachal Pradesh,Roads & Highways,Ministry of Road Transport & Highways,(NHIDCL),353.9,0.0,19.55,0.0,17.91,1.6400000000000006,0.0,0.0,0.0268852459016393,0.0,1,2,61,1,1,1,0.1152813,11.53,LOW
2026-07-01,618312,Widening/lmprovement to 4-Lane with Paved Shoulder from existing road and Greenfield alignment form Design Ch. 62.800 start of proposed Nilambazar/Cheragi Bypass to Design Ch. 87.700 near Chandkhira Village of NH-8 on Silchar-Churaibari in the state of Assam on HAM Mode Package-5,Assam,Roads & Highways,Ministry of Road Transport & Highways,(NHIDCL),1258.13,0.0,14.04,0.0,11.0,3.039999999999999,0.0,0.0,0.0498360655737704,0.0,2,3,515,1,1,1,0.114897266,11.49,LOW
2026-07-01,617930,Construction of Bypass on NH-59 from Km 336/350 to 349/910 13.56 km near Berhampur town including 4-lane RoB in the state of Odisha.,Odisha,Roads & Highways,Ministry of Road Transport & Highways,(MoRTH),196.94,59.54,70.0,30.23255813953488,75.0,-5.0,51.16,8.380000000000003,-0.081967213114754,0.1373770491803279,3,4,515,1,1,1,0.11432342,11.43,LOW
2026-07-01,702851,Pune Water Supply Infrastructure Project,Maharashtra,Waste & Water,Ministry of Housing & Urban Affairs,(Ministry of Housing & Urban Affairs),235.95,220.77,96.0,93.56643356643356,95.0,1.0,220.77,0.0,0.0163934426229508,0.0,6,7,515,1,1,1,0.11402941,11.4,LOW
2026-07-01,618842,"2L PS Greenfield bypass lalganj ajhara, mohanganj and Raniganj on Raebareli - Jaunpur Section Design km 0.00 to Km 53177 of NH-31",Uttar Pradesh,Roads & Highways,Ministry of Road Transport & Highways,(NHAI),1280.68,186.29,0.0,14.546178592622669,,,,,,,0,1,0,1,1,1,0.11393791,11.39,LOW
2026-07-01,617246,Up-gradation of Blast Furnace No. 3 at Durgapur Steel Plant,West Bengal,Steel,Ministry of Steel,(Steel Authority of India Limited [SAIL]),758.09,286.36,41.68,37.77387909087312,38.12,3.5600000000000023,219.33,67.03,0.0583606557377049,1.0988524590163935,7,8,515,1,1,1,0.11348289,11.35,LOW
2026-07-01,618812,4L Access Controlled Greenfield Section Mancherial Warangal from Puttapaka village at Design Ch. 35.300 Km to Pangidipalle village at Design Ch. 72.350 KmPackage-II,Telangana,Roads & Highways,Ministry of Road Transport & Highways,(NHAI),1129.33,209.45,8.05,18.546394765037675,6.3,1.7500000000000009,78.94,130.51,0.0286885245901639,2.1395081967213114,1,2,61,1,1,1,0.11332583,11.33,LOW
2026-07-01,618171,"Work of Upgradation of Jirapur-Pachore Road including Pachore, Jirapur, Chhapiheda & Khujner Bypasses from 0000 to 58790 Design Length 58.79 Km section of NH-752C to 2LPS in the State of Madhya Pradesh under EPC mode",Madhya Pradesh,Roads & Highways,Ministry of Road Transport & Highways,(MoRTH),352.69,0.0,57.26,0.0,47.29,9.97,0.0,0.0,0.1634426229508196,0.0,1,2,61,1,1,1,0.113232255,11.32,LOW
2026-07-01,618717,6L Access Controlled Greenfield Highway from Vanavolu Ch. 24300 to Vankarakunta Ch. 45700 of [NH-544G] Package-2,Andhra Pradesh,Roads & Highways,Ministry of Road Transport & Highways,(NHAI),750.81,250.23,86.13,33.32800575378591,82.18,3.9499999999999886,226.46,23.769999999999985,0.0647540983606555,0.3896721311475407,3,4,515,1,1,1,0.11318267,11.32,LOW
2026-07-01,701661,Development of IMC Khurpia Farms under AKIC Project,Uttarakhand,Real Estate,Department for Promotion of Industry & Internal Trade,(National Industrial Corridor Development Corporation),1265.37,0.0,3.23,0.0,,,,,,,0,1,0,1,1,1,0.113115825,11.31,LOW
2026-07-01,619314,Pipeline Replacement Project- PRP-IX,Offshore,Oil & Gas,Ministry of Petroleum & Natural Gas,(Ministry of Petroleum & Natural Gas),6684.0,864.28,21.2,12.930580490724116,11.3,9.9,520.71,343.56999999999994,0.1622950819672131,5.632295081967212,1,2,61,1,1,1,0.11306372,11.31,LOW
2026-07-01,618924,2L PS of Najibabad Kotdwar section from 112.575 to Km. 138.635 of NH 119,Uttar Pradesh,Roads & Highways,Ministry of Road Transport & Highways,(NHAI),188.87,50.34,55.9,26.653253560650185,50.44,5.460000000000001,33.37,16.970000000000006,0.0895081967213115,0.2781967213114755,1,2,61,1,1,1,0.11220287,11.22,LOW
2026-07-01,618962,4L of Budhni to Shahganj Bypass End Package-III of NH-146B from Km. 73.750 to Km. 102.000,Madhya Pradesh,Roads & Highways,Ministry of Road Transport & Highways,(NHAI),1102.97,174.55,27.25,15.82545309482579,18.4,8.850000000000001,65.45,109.1,0.1450819672131147,1.7885245901639346,2,3,515,1,1,1,0.11201955,11.2,LOW
2026-07-01,618014,"Upgradation of Ambikapur-Ramanujganj-Garwa road of NH-343, Package-III, Badki mahri village to Ramanujganj section from existing km 80.600 to km 110.330 Design Ch. 85.370 to Ch. 114.800 of total length 29.430 km to two lane with paved shoulders udner corridor scheme under EPC Mode in the of Chhattisgarh",Chhattisgarh,Roads & Highways,Ministry of Road Transport & Highways,(MoRTH),199.05,52.96,33.58,26.606380306455662,31.0,2.5799999999999983,28.95,24.01,0.042295081967213,0.3936065573770492,1,2,61,1,1,1,0.111454174,11.15,LOW
2026-07-01,709777,Installation of Bitumen Manufacturing Unit along with allied facilities at Barauni Refinery,Bihar,Oil & Gas,Ministry of Petroleum & Natural Gas,(MinistryofPetroleumNaturalGas),389.35,130.89,64.6,33.61756774110697,60.8,3.799999999999997,115.69,15.199999999999989,0.062295081967213,0.2491803278688522,7,8,515,1,1,1,0.11140588,11.14,LOW
2026-07-01,618584,4L of Kishanganj - Bahadurganj section from Km. 0.000 to Km. 23.649 & interchange at Start Point Length - 1.200 Km of NH-27,"Multi-States (Bihar, West Bengal)",Roads & Highways,Ministry of Road Transport & Highways,(NHAI),962.84,179.31,18.31,18.6230318640688,9.21,9.099999999999998,60.94,118.37,0.1491803278688524,1.9404918032786889,2,3,515,1,1,1,0.111269094,11.13,LOW
2026-07-01,618324,Construction of 2-lane Aizawl Bypass from km 15.200 to km 34.500 Package-3 on Sairang - Phaibawk section of NH-6 in the State of Mizoram under Bharatmala Pariyojna on EPC Mode under NHO-NE,Mizoram,Roads & Highways,Ministry of Road Transport & Highways,(NHIDCL),720.72,0.0,15.1,0.0,15.1,0.0,0.0,0.0,0.0,0.0,2,3,515,1,1,1,0.11124089,11.12,LOW
2026-07-01,612211,"Demolition, Construction and upgradation of ESI Hospital, Kalol, Gujarat from 50 beds to 150 beds.",Gujarat,Healthcare,Ministry of Labour and Employment,(Employee's State Insurance Company [ESIC]),205.87,51.74,50.0,25.13236508476223,46.0,4.0,51.74,0.0,0.0655737704918032,0.0,5,6,515,1,1,1,0.11065769,11.07,LOW
2026-07-01,619005,Construction of bypass around Chatra Town on NH-22 old NH-99 in the state of Jharkhand under EPC Mode,Jharkhand,Roads & Highways,Ministry of Road Transport & Highways,(MoRTH),235.42,0.86,12.0,0.3653045620592983,12.0,0.0,0.0,0.86,0.0,0.0140983606557377,2,3,515,1,1,1,0.11028623,11.03,LOW
2026-07-01,618412,Construction of i Connecting Road from Z-Morh Tunnel to Zojila Tunnel Road Length 18.475km and ii 14.150 Km long 2-L Bi-directional single tube Zoji-la Tunnel across Zojila Pass on Sonamarg - Kargil section from Km 82 to Km 118 of NH-01 under PMDP,Andhra Pradesh,Roads & Highways,Ministry of Road Transport & Highways,(NHIDCL),6808.69,3549.07,68.8,52.12559244142413,66.05,2.75,3214.27,334.8000000000002,0.0450819672131147,5.488524590163937,3,4,515,1,1,1,0.109702915,10.97,LOW
2026-07-01,618053,Muddanur to B. Kothapalli section of NH-716G from Km. 0/000 to Km. 56/500 56.500 Km in the State of Andhra Pradesh on EPC mode Job no. 741,Andhra Pradesh,Roads & Highways,Ministry of Road Transport & Highways,(MoRTH),1019.97,0.0,30.55,0.0,20.63,9.920000000000002,0.0,0.0,0.1626229508196721,0.0,2,3,515,1,1,1,0.10953302,10.95,LOW
2026-07-01,618101,Kondamodu to Perecherla Section Design Ch. Km 000 to Km 49917 of NH-167AG to to 4LPS,Andhra Pradesh,Roads & Highways,Ministry of Road Transport & Highways,(MoRTH),881.61,0.0,37.95,0.0,36.82,1.1300000000000026,0.0,0.0,0.0185245901639344,0.0,1,2,61,1,1,1,0.1095067,10.95,LOW
2026-07-01,618204,Construction of realignment between Pandrass- Pashkyun Total length 27.10 km on road Zozila-Kargil -Leh NH-1 to 2 lane specifications i.e. Drass alignment 9.30 km Kharboo realignment 6.30 km & Kargil alignment 11.50 km under project Vijayak BRO in the UT of Ladakh on EPC Mode,Jammu and Kashmir,Roads & Highways,Ministry of Road Transport & Highways,(MoRTH),426.15,112.2,54.89,26.32875747976065,54.89,0.0,97.91,14.290000000000006,0.0,0.2342622950819673,2,3,515,1,1,1,0.10941254,10.94,LOW
2026-07-01,618814,4L Access Controlled Greenfield Highway section on NH163G Warangal-Khammam from Oorugonda village in Hanamkonda District at Design Ch. 112.240 Km to Venkatpur village in Warangal District at Design Ch. 150.240 KmPackage-I,Telangana,Roads & Highways,Ministry of Road Transport & Highways,(NHAI),1142.6,147.2,0.0,12.882898652196744,0.0,0.0,65.67,81.52999999999999,0.0,1.33655737704918,2,3,515,1,1,1,0.108455606,10.85,LOW
2026-07-01,616604,Pollution Abatement works for River Ganga at Hooghly Chinsurah- Municipal Town Interception & Diversion with STP,West Bengal,Waste & Water,"Department of Water Resources, River Development & GR",(National Mission for Clean Ganga),154.73,102.04,94.0,65.94713371679701,93.0,1.0,96.17,5.8700000000000045,0.0163934426229508,0.0962295081967213,7,8,515,1,1,1,0.1082837,10.83,LOW
2026-07-01,617403,SADULPUR - CHURU DOUBLING PROJECT,Rajasthan,Railways,Ministry of Railways,(North Western Railway [NWR]),468.64,197.84,95.0,42.21577330146808,90.0,5.0,188.7,9.140000000000017,0.081967213114754,0.1498360655737707,5,6,515,1,1,1,0.10825866,10.83,LOW
2026-07-01,703057,Patiala Water Supply Infrastructure Part-2 Project,Punjab,Waste & Water,Ministry of Housing & Urban Affairs,(Ministry of Housing & Urban Affairs),287.0,213.64,99.0,74.4390243902439,99.0,0.0,213.64,0.0,0.0,0.0,6,7,515,1,1,1,0.1079586,10.8,LOW
2026-07-01,618824,"Development to 4-laning of the de-scoped stretches from Km 115.342 to Km 191.700 of NH-34 in Nadia District 3.962 & Murshidabad District 5.538 pertaining to Krishnagar to Berhampore section of NH-34 New NH-12 , in the state of West Bengal under NHO.",West Bengal,Roads & Highways,Ministry of Road Transport & Highways,(NHAI),201.1,56.97,54.02,28.3291894579811,48.82,5.200000000000003,56.95,0.019999999999996,0.0852459016393443,0.0003278688524589,1,2,61,1,1,1,0.10768712,10.77,LOW
2026-07-01,619054,Development of Keshod Airport.,Gujarat,Aviation & Aviation Infrastructure,Ministry of Civil Aviation,(Airport Authority of India [AAI]),363.1,102.3,41.5,28.17405673368218,33.13,8.369999999999997,87.88,14.420000000000002,0.1372131147540983,0.2363934426229508,2,3,515,1,1,1,0.10759513,10.76,LOW
2026-07-01,616843,AJMER- CHANDERIYA DOUBLING,Rajasthan,Railways,Ministry of Railways,(North Western Railway [NWR]),1634.79,489.56,22.0,29.946353965952817,12.0,10.0,377.37,112.19,0.1639344262295081,1.8391803278688523,7,8,515,1,1,1,0.10754832,10.75,LOW
2026-07-01,619043,Capacity Augmentation in the stretch of DhulePimpalgaon section of NH60 Km. 261.720 to Km. 380.000 by Construction of Slip/Service Road on either side at various locations total length 30.30 Km LHSRHS and Flyover 2 x 30m at Sawadgaon Phata Km. 310.415,Maharashtra,Roads & Highways,Ministry of Road Transport & Highways,(NHAI),341.63,10.9,5.1,3.190586306823171,,,,,,,0,1,0,1,1,1,0.107274756,10.73,LOW
2026-07-01,612066,Rajasthan Metro Rail Project Phase 1C from Badi Chaupar to Transport Nagar via Galta Gate,Rajasthan,Urban Public Transport,Ministry of Housing & Urban Affairs,(Jaipur Metro Rail Corporation),980.08,103.03,0.0,10.5124071504367,0.0,0.0,103.03,0.0,0.0,0.0,1,2,61,1,1,1,0.10676482,10.68,LOW
2026-07-01,617922,Construction of Jharsuguda Bypass including Land acqusition on NH-49 from km 258.636 to km 283.300 design chainage 258.636 to km 289.876 under NHO in Annual Plan 2022-23 for the state of Odisha Job No.NH-49-OD-2022-23-655,Odisha,Roads & Highways,Ministry of Road Transport & Highways,(MoRTH),587.1,52.51,23.0,8.94396184636348,21.0,2.0,52.43,0.0799999999999983,0.0327868852459016,0.001311475409836,1,2,61,1,1,1,0.10655347,10.66,LOW
2026-07-01,619299,Construction of a 6-Lane Elevated Corridor from Km 593766 to Km 596620 Including Construction of Service Roads in Kagal City on NH-48 in the State of Maharashtra on EPC Mode.,Maharashtra,Roads & Highways,Ministry of Road Transport & Highways,(NHAI),357.99,0.0,0.0,0.0,,,,,,,0,1,0,1,1,1,0.10610103,10.61,LOW
2026-07-01,615340,TRANSMISSION SYSTEM FOR EVACUATION OF POWER FROM RAJASTHAN REZ PH-IV [PART-3/ 6 GW] [BIKANER COMPLEX] PART B [SPV Name POWERGRID Siwani Transmission Limited],"Multi-States (Haryana, Rajasthan)",Transmission & Distribution,Ministry of Power,(Power Grid Corporation of India Limited [POWERGRID]),5357.0,1812.81,34.01,33.84002240059735,28.27,5.739999999999998,1446.39,366.4199999999999,0.0940983606557376,6.006885245901636,7,8,515,1,1,1,0.10587144,10.59,LOW
2026-07-01,709818,4TH LINE RAJNANDGAON-DONGARHGARH [31.2 KM] [PB-72/NR/2022-23],Chhattisgarh,Railways,Ministry of Railways,(SECR),328.34,96.2,36.0,29.298897484315045,33.0,3.0,78.66,17.540000000000006,0.0491803278688524,0.2875409836065575,7,8,515,1,1,1,0.105744734,10.57,LOW
2026-07-01,618661,4L from km 0.000 to 42.040 Bhopal Ratnaigiri Tiraha to Vidisha Morikodi,Madhya Pradesh,Roads & Highways,Ministry of Road Transport & Highways,(NHAI),1032.3,178.3,17.11,17.272110820497918,8.96,8.149999999999999,44.78,133.52,0.1336065573770491,2.1888524590163936,2,3,515,1,1,1,0.10548864,10.55,LOW
2026-07-01,618139,Rehabilitation and Up-gradation of Gangakhed Loha section of NH-361F from Km 169/00 to 210/00 to two lane with paved shoulder/ four lane configuration in the state of Maharashtra on EPC mode Length - 41.00 Km.,Maharashtra,Roads & Highways,Ministry of Road Transport & Highways,(MoRTH),355.12,0.0,43.46,0.0,43.46,0.0,0.0,0.0,0.0,0.0,1,2,61,1,1,1,0.10520414,10.52,LOW
2026-07-01,400045,Proposed 6 nos Road Over Bridge [ROB] at different locations under MCL Talcher Under Deposit Scheme.,Odisha,Railways,Ministry of Railways,(East Coast Railway [ECoR] - II),168.32,69.85,82.0,41.49833650190114,82.0,0.0,69.85,0.0,0.0,0.0,7,8,515,1,1,1,0.10489687,10.49,LOW
2026-07-01,618511,Upgradation & rehabilitation of Service Roads on both sides in urban areas of Pune City on PuneSatara section of NH48,Maharashtra,Roads & Highways,Ministry of Road Transport & Highways,(NHAI),604.59,66.29,22.96,10.96445525066574,14.7,8.260000000000002,44.03,22.260000000000005,0.1354098360655738,0.3649180327868853,1,2,61,1,1,1,0.104277045,10.43,LOW
2026-07-01,619248,"lmprovement and Widening to 2-lane with Paved Shoulder of NH-13 & 15 Old NH-52 from Existing Km 745.60 Design Km 0.000 to Existing km 770.600 Design Km 24.819 Brahmakund T-junction to Kamlang T-Junction, Existing Length 25.00 Km, Design Length 24.819 Km in the state of Arunachal Pradesh on EPC mode Pkg-1",Arunachal Pradesh,Roads & Highways,Ministry of Road Transport & Highways,(NHIDCL),441.41,0.0,0.0,0.0,,,,,,,0,1,0,1,1,1,0.10418371,10.42,LOW
2026-07-01,618480,Construction of Trumpet Interchange Connecting Bangalore Chennai Expressway km.261705 to km. 262800 with Maduravoyal to Walajapet Section of NH 48 near Sriperumbudur Toll Plaza at km. 35700,Tamil Nadu,Roads & Highways,Ministry of Road Transport & Highways,(NHAI),162.55,52.47,38.52,32.27929867733005,24.13,14.390000000000004,43.1,9.369999999999996,0.2359016393442623,0.1536065573770491,1,2,61,1,1,1,0.10398676,10.4,LOW
2026-07-01,619321,Balance work of widening to two laning/re-alignment and geometric improvement from Km. 11000 to Km. 114618 with rectification of damaged stretches and provision of protection works in vulnerable location of NH-44 in the State of Mizoram.,Mizoram,Roads & Highways,Ministry of Road Transport & Highways,(MoRTH),170.96,0.0,2.0,0.0,0.0,2.0,0.0,0.0,0.0327868852459016,0.0,1,2,61,1,1,1,0.103482075,10.35,LOW
2026-07-01,618173,Shirur-Kharda section from 55937 km to 114486 km to 2LPS/4L,Maharashtra,Roads & Highways,Ministry of Road Transport & Highways,(MoRTH),381.77,0.0,83.93,0.0,83.93,0.0,0.0,0.0,0.0,0.0,3,4,515,1,1,1,0.10330872,10.33,LOW
2026-07-01,618040,Rehabilitation and Upgradation to Two lanes with Paved Shoulders configuration and Strengthening from Km 175.00 to Km 196.00 Gumkhal to Satpuli of NH-119 New NH- 534 in the State of Uttarakhand under NHO Annual Plan 2021-22 under EPC mode,Uttarakhand,Roads & Highways,Ministry of Road Transport & Highways,(MoRTH),452.81,0.0,42.0,0.0,42.0,0.0,0.0,0.0,0.0,0.0,1,2,61,1,1,1,0.10290767,10.29,LOW
2026-07-01,617938,Rehabilitation And Upgradation to four lane with paved shoulder configuration from km 24350 to km 61875 Jawale - Borgaon Kale of NH-63 in the State of Maharashtra on EPC mode under Annual Plan 2024-25 Total length - 37.525 Km.,Maharashtra,Roads & Highways,Ministry of Road Transport & Highways,(MoRTH),574.18,7.49,20.0,1.304468981852381,10.0,10.0,0.06,7.430000000000001,0.1639344262295081,0.1218032786885246,2,3,515,1,1,1,0.10271987,10.27,LOW
2026-07-01,709759,"Petrochemical evacuation marketing terminal at Barmer, Rajasthan",Rajasthan,Energy Storage,Ministry of Petroleum & Natural Gas,(Hindustan Petroleum Corporation Limited [HPCL]),461.05,235.1,95.8,50.99230018436178,89.8,6.0,225.25,9.849999999999994,0.0983606557377049,0.1614754098360654,7,8,515,1,1,1,0.10262077,10.26,LOW
2026-07-01,618262,Construction of Deoria Bypass from existing Km. 27.140 to existing Km. 46.780 Design Km. 49.109 on NH727A Design length 21.969 Km. to four lane with paved shoulder configuration under Hybrid Annuity Mode HAM in the State of Uttar Pradesh,Uttar Pradesh,Roads & Highways,Ministry of Road Transport & Highways,(MoRTH),1734.7,0.0,10.0,0.0,10.0,0.0,0.0,0.0,0.0,0.0,2,3,515,1,1,1,0.10257742,10.26,LOW
2026-07-01,618646,4L of Pathalgaon-Kunkuri-CG/JH Border section of NH-43 from Km. 00.000 to Km.104.250,Chhattisgarh,Roads & Highways,Ministry of Road Transport & Highways,(NHAI),3147.07,0.03,0.0,0.0009532676426008,0.0,0.0,0.0,0.03,0.0,0.0004918032786885,1,2,61,1,1,1,0.102516636,10.25,LOW
2026-07-01,618346,Widening to 2-lane with Hard shoulder of Churachandpur to Tuivai Section of NH- 102B from km 32.835 to km 48.587 in the State of Manipur on EPC mode under NHO Package-2A,Manipur,Roads & Highways,Ministry of Road Transport & Highways,(NHIDCL),232.99,155.44,100.0,66.71530966994291,96.35,3.6500000000000057,149.21,6.22999999999999,0.0598360655737705,0.1021311475409834,3,4,515,1,1,1,0.10230075,10.23,LOW
2026-07-01,400081,"National Sports University [NSU], Imphal [Manipur]",Manipur,Education,Department of Sports,(Department of Sports & Youth Affairs),906.47,576.37,97.25,63.584012708639,97.0,0.25,574.12,2.25,0.0040983606557377,0.0368852459016393,5,6,515,1,1,1,0.101986535,10.2,LOW
2026-07-01,618065,"Rehabilitation/Upgradation of existing Highway to 2LPS/4 lane of Dhawali to Rajoli from Design Km.149476 to 163476 existing Km.150000 to 164000, Pandhasala to Mohadongri from design Km.170476 to 181476 existing Km.171000 to 182000, Ambeshivni Fata to Bodli from design Km.183476 to 185476 existing Km.184000 to 186000 and Made Tukum to Gadchiroli from design Km.188476 to 189476 existing Km.188000 to 18900 having length 28 km of NH-930 of Dhawali to Gadchroli road in the",Maharashtra,Roads & Highways,Ministry of Road Transport & Highways,(MoRTH),316.44,0.0,34.1,0.0,31.97,2.1300000000000026,0.0,0.0,0.0349180327868852,0.0,3,4,515,1,1,1,0.101885706,10.19,LOW
2026-07-01,617338,Stamp Charge Battery No.12 Battery Proper at IISCO Steel Plant,West Bengal,Steel,Ministry of Steel,(Steel Authority of India Limited [SAIL]),2518.39,415.31,26.7,16.49109153070017,22.5,4.199999999999999,375.65,39.660000000000025,0.0688524590163934,0.6501639344262299,5,6,515,1,1,1,0.101164944,10.12,LOW
2026-07-01,618212,"STABILIZATION OF LAND SLIDE AND SLOPE PROTECTION AT KM 11.00 TO KM 11.08, 29,730 KM TO 30,060 KM, 30,400 KM TO 31,060 KM, 34,750 KM TO 35,300 KM, 38,950 KM TO 39,030 KM & 39,460 KM TO 39,540 KM TWO LOC CLUBBED, KM 40,400 TO KM 40,650, KM 43,500 KM 43,680, 52,460 RISHIKESH - DHARASU ROAD NH-94 ON EPC MODE IN THE STATE OF UTTARAKHAND. NOSE OF LAND SLIDE - 12 NOS",Uttarakhand,Roads & Highways,Ministry of Road Transport & Highways,(MoRTH),197.26,0.0,22.0,0.0,15.06,6.94,0.0,0.0,0.1137704918032786,0.0,2,3,515,1,1,1,0.10111328,10.11,LOW
2026-07-01,618081,Construction of Mariahu Bypass with four lane paved shoulder configuration Km. 53.540 to Km.59.200 of NH-135A on EPC mode in the state of Uttar Pradesh,Uttar Pradesh,Roads & Highways,Ministry of Road Transport & Highways,(MoRTH),438.24,0.0,55.0,0.0,52.0,3.0,0.0,0.0,0.0491803278688524,0.0,3,4,515,1,1,1,0.100984305,10.1,LOW
2026-07-01,709786,"Augmentation/ Revamping of Dimapur Depot, Dimapur",Nagaland,Oil & Gas,Ministry of Petroleum & Natural Gas,(MinistryofPetroleumNaturalGas),227.62,27.63,41.6,12.138652139530796,41.0,0.6000000000000014,25.94,1.6899999999999975,0.0098360655737705,0.0277049180327868,7,8,515,1,1,1,0.10095996,10.1,LOW
2026-07-01,618321,Construction of 4-Laning of West Serawlg-Sairang section of NH-6 from Existing Chainage km 142000 to km 158900 Design Chainage km 123400 to km 136260 on Silchar - Vairengte - Sairang road in the State of Mizoram under Bharatmala Pariyojna on EPC mode under NHO-NE Package-8,Mizoram,Roads & Highways,Ministry of Road Transport & Highways,(NHIDCL),875.79,0.0,13.95,0.0,13.95,0.0,0.0,0.0,0.0,0.0,2,3,515,1,1,1,0.10075365,10.08,LOW
2026-07-01,618853,Construction of Four lane Elevated Structure at Raniwada Circle in Sanchore City on NH-68,Rajasthan,Roads & Highways,Ministry of Road Transport & Highways,(NHAI),353.3,184.84,86.18,52.31814322105859,80.94,5.240000000000009,174.42,10.420000000000016,0.0859016393442624,0.1708196721311478,1,2,61,1,1,1,0.10073534,10.07,LOW
2026-07-01,618358,Construction of 2 -Lane with paved shoulders road from Tamenglong to Mahur NH- 137 starting from km 80.630 near Mandeu to km 96.870 near Jiri River on EPC Mode Package-6,Manipur,Roads & Highways,Ministry of Road Transport & Highways,(NHIDCL),311.18,231.08,87.3,74.2592711613857,86.73,0.5699999999999932,230.69,0.3900000000000148,0.0093442622950818,0.006393442622951,3,4,515,1,1,1,0.100668944,10.07,LOW
2026-07-01,618086,"Widening to Two Lane with Paved Shoulders from KB Cross to Chunchanahalli ie., Design Ch. 485240 Km Existing Km 494.000 to Design Ch. 523393 Km Existing km 533.152 & From Design Ch. 530393 Existing Km 540.175 to Design Ch. 534476 Existing Km 544.200 at Nelligere of NH-150A on EPC mode under Annual Plan 2022-23 NH-150A-KNT-2022-23-977 dated 08.03.2023",Karnataka,Roads & Highways,Ministry of Road Transport & Highways,(MoRTH),617.28,7.59,48.5,1.229587869362364,40.0,8.5,4.47,3.12,0.1393442622950819,0.0511475409836065,2,3,515,1,1,1,0.10027932,10.03,LOW
2026-07-01,617827,"Pipeline Rehabilitation Project, Phase-II","Multi-States (Assam, Bihar, West Bengal)",Oil & Gas,Ministry of Petroleum & Natural Gas,(Ministry of Petroleum & Natural Gas),680.0,12.65,29.0,1.8602941176470589,24.0,5.0,8.19,4.460000000000001,0.081967213114754,0.0731147540983606,4,5,515,1,1,1,0.100149825,10.01,LOW
2026-07-01,618127,Construction of 2- Lane with paved shoulder from km 56.45 Dharampur More to 93.050 Pakur of NH-333A in the State of Jharkhand on EPC mode,Jharkhand,Roads & Highways,Ministry of Road Transport & Highways,(MoRTH),255.73,10.06,10.4,3.933836468150002,8.5,1.9000000000000004,0.0,10.06,0.0311475409836065,0.1649180327868852,2,3,515,1,1,1,0.099246,9.92,LOW
2026-07-01,618339,Widening/Improvement to 2-Lane Lane with Paved Shoulder from km 16900 Bogapani to km 27150 Golai Goan on existing Dibrugarh to Ledo section with proposed Digboi Bypass Green Field and Brownfield 2-LanePS of NH-315 OLD NH-38 in Tinsukia District under NHO- NE Package-4,Assam,Roads & Highways,Ministry of Road Transport & Highways,(NHIDCL),356.65,80.08,20.45,22.453385672227675,20.45,0.0,0.0,80.08,0.0,1.3127868852459017,3,4,515,1,1,1,0.098655626,9.87,LOW
2026-07-01,617986,Kurnool/Kadapa Border-Jammalamadugu section of NH-167K i.e. Design Ch. Km 248010 to km 269900 to 2,Andhra Pradesh,Roads & Highways,Ministry of Road Transport & Highways,(MoRTH),292.63,0.0,95.77,0.0,82.57,13.200000000000005,0.0,0.0,0.2163934426229508,0.0,3,4,515,1,1,1,0.09837441,9.84,LOW
2026-07-01,618059,Construction of four-lane Concrete Road from Police Headquarter Gondia City to Rawanwadi Village Birsi Airport Junction from design km 0.000 to km 15.781 existing km 39/720 of NH-753 to existing Km 8/400 of NH 543 on sections from Kohmara- Goregaon- Police HeadquarterKaranja - Collector Office Square - Balaghat T Point- Rawanwadi- Rajegaon of NH-753 and NH-543 in Gondia District in the state of Maharashtra. Total Length of the project 15.781 Km.,Maharashtra,Roads & Highways,Ministry of Road Transport & Highways,(MoRTH),328.11,0.0,34.15,0.0,34.15,0.0,0.0,0.0,0.0,0.0,3,4,515,1,1,1,0.0980362,9.8,LOW
2026-07-01,612878,Bangalore Metro Rail Project - PHASE-3,Karnataka,Urban Public Transport,Ministry of Housing & Urban Affairs,(Bengaluru Metro Rail),15611.0,0.0,0.0,0.0,0.0,0.0,0.0,0.0,0.0,0.0,1,2,61,1,1,1,0.09800359,9.8,LOW
2026-07-01,618034,Construction of 2 lane Barpeta Bypass from Km 77900Baradi to Km 86150 Deurikuchi Length8.25Km on NH-427 in the state of Assam under EPC ModeJob No.427/AS/2022-23/245,Assam,Roads & Highways,Ministry of Road Transport & Highways,(MoRTH),173.65,11.38,20.0,6.553412035704002,20.0,0.0,8.07,3.3100000000000005,0.0,0.0542622950819672,2,3,515,1,1,1,0.09719836,9.72,LOW
2026-07-01,618370,Improvement and Widening to 2-lane with paved shoulder of road from Km 101.300 to km 127.319 Total Length 26.019 Km i.e. the Khowai Teliamura-Amarpur-Harina- Sabroom section of NH 208 in the state of Tripura on EPC under JICA ODA Loan Phase VI Package-1,Tripura,Roads & Highways,Ministry of Road Transport & Highways,(NHIDCL),431.78,0.0,63.15,0.0,58.12,5.030000000000001,0.0,0.0,0.0824590163934426,0.0,3,4,515,1,1,1,0.09714427,9.71,LOW
2026-07-01,617806,Transmission System for Integration of Ananthapur 2 REZ Phase 1 for 4.5 GW. SPV Name Anantapuram 2 REZ Transmission Ltd,"Multi-States (Andhra Pradesh, Karnataka)",Transmission & Distribution,Ministry of Power,(Sterlite Power),4535.99,1057.57,50.0,23.3150866734715,40.0,10.0,677.57,379.9999999999999,0.1639344262295081,6.2295081967213095,4,5,515,1,1,1,0.096830346,9.68,LOW
2026-07-01,618066,Construction of Amethi bypass Part-II at km.30.050 of NH-931 under EPC mode in the state of Uttar Pradesh,Uttar Pradesh,Roads & Highways,Ministry of Road Transport & Highways,(MoRTH),283.86,38.69,48.0,13.629958430212074,43.0,5.0,24.5,14.189999999999998,0.081967213114754,0.2326229508196721,2,3,515,1,1,1,0.0961921,9.62,LOW
2026-07-01,618313,Widening/lmprovement of Existing 2 lane to 4-Laning of Karimganj-Silchar section of NH-37 from Design Ch 0.000 near Silchar ISBT to Design Ch 15.970 near Kalinagar Pt I on NH-37 in Assam on HAM Mode Pkg-1,Assam,Roads & Highways,Ministry of Road Transport & Highways,(NHIDCL),1181.55,0.0,41.26,0.0,0.0,41.26,0.0,0.0,0.6763934426229508,0.0,2,3,515,1,1,1,0.09585456,9.59,LOW
2026-07-01,617987,Nandyala-Kurnool/Kadapa Border section of NH-167K i.e. Km 186/000 to Km 250/000Design Ch.186000 to 248010 to 2LPS,Andhra Pradesh,Roads & Highways,Ministry of Road Transport & Highways,(MoRTH),691.81,0.0,46.45,0.0,40.49,5.960000000000001,0.0,0.0,0.0977049180327869,0.0,2,3,515,1,1,1,0.0958003,9.58,LOW
2026-07-01,618440,"Construction of Balance Work of 4-Laning of the Section from Jhanji to Demow of NH- 37 Old from Km 490.800 to Km 534.800, under SARDP- NE on EPC Mode in the state of Assam Pkg- IV Structures & Toll Plaza",Assam,Roads & Highways,Ministry of Road Transport & Highways,(NHIDCL),187.09,0.0,58.19,0.0,0.0,58.19,0.0,0.0,0.9539344262295082,0.0,2,3,515,1,1,1,0.09495081,9.5,LOW
2026-07-01,705742,Jeypore - Malkangiri 130 km,Odisha,Railways,Ministry of Railways,(CAO/C/ECOR ECoR mor),2344.0,736.58,6.0,31.424061433447097,23.1,-17.1,549.72,186.86,-0.280327868852459,3.06327868852459,7,8,515,1,1,1,0.09491529,9.49,LOW
2026-07-01,617971,Up-gradation to Two/Four lane with paved shoulder Configuration of Kondagaon- Narayanpur from design ch. 0.00 - 48.693 Design Length 47.493 Km. 1.20 Km. retained on NH-130D under EPC mode in the State Chhattisgarh.,Chhattisgarh,Roads & Highways,Ministry of Road Transport & Highways,(MoRTH),322.4,1.14,70.0,0.3535980148883375,62.0,8.0,1.1,0.0399999999999998,0.1311475409836065,0.000655737704918,2,3,515,1,1,1,0.09487982,9.49,LOW
2026-07-01,709770,City Gas Distribution Project at Pathankot District,Punjab,Oil & Gas,Ministry of Petroleum & Natural Gas,(MinistryofPetroleumNaturalGas),151.0,8.96,2.0,5.933774834437087,2.0,0.0,8.89,0.0700000000000002,0.0,0.0011475409836065,7,8,515,1,1,1,0.09480274,9.48,LOW
2026-07-01,611716,700 MW Tato-II HE Project,Arunachal Pradesh,Electricity Generation,Ministry of Power,(North Eastern Electric Power Corporation Limited),8146.21,253.97,6.54,3.117646120097567,6.41,0.1299999999999999,243.25,10.72,0.0021311475409836,0.1757377049180327,1,2,61,1,1,1,0.09471719,9.47,LOW
2026-07-01,619008,Rehabilitation and Up gradation of Charthana Jintur Section of NH 752 I Km 25100 to 47100 to 2 Lane with Paved Shoulder configuration Flexible Pavement in the state of Maharashtra on EPC mode. Reg- Resubmission of Annual Plan Estimate.,Maharashtra,Roads & Highways,Ministry of Road Transport & Highways,(MoRTH),157.69,0.01,51.0,0.0063415562178958,0.0,51.0,0.0,0.01,0.8360655737704918,0.0001639344262295,1,2,61,1,1,1,0.09443049,9.44,LOW
2026-07-01,619014,"lmprovement and Widening to 2 lane with paved Shoulder of NH-15 old NH-52 from Existing Km 770.600 Design Km 24.819 to Existing km 805.750 Design Km 59.885 Kamlang T-Junction to Chowkham, Existing Length 35.150 Km, Design Length-35.066 Km in the state of Arunachal Pradesh on EPC mode Pkg-2",Arunachal Pradesh,Roads & Highways,Ministry of Road Transport & Highways,(NHIDCL),316.73,0.0,11.74,0.0,0.0,11.74,0.0,0.0,0.1924590163934426,0.0,1,2,61,1,1,1,0.09392913,9.39,LOW
2026-07-01,617976,Work of development and construction of elevated corridorfrom km 38/660 to km 42/690 Iscon junction to start point of approach of sanand flyover of NH-147 in the sate of Gujarat,Gujarat,Roads & Highways,Ministry of Road Transport & Highways,(MoRTH),530.2,58.29,90.0,10.993964541682384,80.0,10.0,58.29,0.0,0.1639344262295081,0.0,3,4,515,1,1,1,0.093726836,9.37,LOW
2026-07-01,617925,Construction of Bypass to Khordha town from Km 294/000 to 300/300 on NH-57 including LA in the State of Odisha on EPC mode.,Odisha,Roads & Highways,Ministry of Road Transport & Highways,(MoRTH),157.49,33.67,92.0,21.37913518318624,82.0,10.0,33.61,0.0600000000000022,0.1639344262295081,0.000983606557377,3,4,515,1,1,1,0.09363803,9.36,LOW
2026-07-01,709813,NEW BG LINE INTERSECTION [5 NOS] BETWEEN GERATPUR-SANAND & BOTAD-AHMEDABAD [16.51 KM],Gujarat,Railways,Ministry of Railways,(Western Railway [WR] - II),437.21,117.95,22.0,26.977882482102423,21.0,1.0,117.87,0.0799999999999983,0.0163934426229508,0.001311475409836,7,8,515,1,1,1,0.09325809,9.33,LOW
2026-07-01,619156,4 Laning of Paramakudi to Ramanathapuram Section of NH-87 Old NH-49,Tamil Nadu,Roads & Highways,Ministry of Road Transport & Highways,(NHAI),1853.16,159.26,0.0,8.59396922014289,0.0,0.0,24.3,134.95999999999998,0.0,2.212459016393442,1,2,61,1,1,1,0.09314791,9.31,LOW
2026-07-01,618151,Widening to 4LPS of NH-548B from Km 118.450 Near Shirguppi to Km 128.450 Near Ankali in the State of Karnataka under NH O on EPC Mode Under Annual Plan 2022- 23 NH-548B-KNT-2022-23-982,Karnataka,Roads & Highways,Ministry of Road Transport & Highways,(MoRTH),1084.29,0.0,0.0,0.0,0.0,0.0,0.0,0.0,0.0,0.0,1,2,61,1,1,1,0.09283222,9.28,LOW
2026-07-01,618976,"Gadarwara Super Thermal Power Project, Stage-II [2x800 MW]",Madhya Pradesh,Electricity Generation,Ministry of Power,(National Thermal Power Corporation [NTPC]),20446.0,2141.47,10.0,10.473784603345395,7.5,2.5,1721.18,420.2899999999997,0.040983606557377,6.889999999999995,3,4,515,1,1,1,0.09260851,9.26,LOW
2026-07-01,706718,C/o NITB Imphal Airport,Manipur,Aviation & Aviation Infrastructure,Ministry of Civil Aviation,(Airport Authority of India [AAI]),499.0,206.83,52.64,41.44889779559119,50.69,1.9500000000000028,201.99,4.840000000000003,0.0319672131147541,0.079344262295082,7,8,515,1,1,1,0.09245538,9.25,LOW
2026-07-01,618357,Construction of 2 -Lane with paved shoulders road from Tamenglong to Mahur NH- 137 in Manipur starting from km 54.180 near Azuram to km 80.630 near Mandeu on EPC Mode Package 5,Manipur,Roads & Highways,Ministry of Road Transport & Highways,(NHIDCL),477.86,330.12,84.87,69.08299501946176,84.87,0.0,330.1,0.0199999999999818,0.0,0.0003278688524587,3,4,515,1,1,1,0.09230589,9.23,LOW
2026-07-01,619196,Change of service of existing Mundra-Panipat Pipeline [Panipat - Churwa section] from Crude oil to Product,Haryana,Oil & Gas,Ministry of Petroleum & Natural Gas,(IOCL),359.0,40.86,39.6,11.381615598885794,35.3,4.300000000000004,10.37,30.49,0.0704918032786885,0.4998360655737705,1,2,61,1,1,1,0.092192985,9.22,LOW
2026-07-01,618338,Widening to 2-Lane with Paved shoulder of Imphal to Jiribam section of NH-37 from Design Chainage 15.940 km to 33.120 Km Existing Chainage Km 15.946 to Km 33.395 Total length17.180 Km in the State of Manipur on EPC mode PKG-2 - Balance Works & Rectification works,Manipur,Roads & Highways,Ministry of Road Transport & Highways,(NHIDCL),195.14,161.96,92.99,82.99682279389158,76.18,16.809999999999988,0.0,161.96,0.2755737704918031,2.655081967213115,2,3,515,1,1,1,0.09209673,9.21,LOW
2026-07-01,617902,construction or By-pass road on NH-26 for Nabrangpur Town,Odisha,Roads & Highways,Ministry of Road Transport & Highways,(MoRTH),168.95,10.62,35.0,6.285883397454868,21.0,14.0,7.84,2.78,0.2295081967213114,0.0455737704918032,1,2,61,1,1,1,0.09208489,9.21,LOW
2026-07-01,618107,Upgradation of Mehsana-Visnagar-vadnagar-Kheralu-Idar section from km 0/00 to 81/300 of NH 168G Mehsana to Idar in the State of GujaratTotal Length 81.300 Km on Hybrid Annuity Mode HAM,Gujarat,Roads & Highways,Ministry of Road Transport & Highways,(MoRTH),1155.21,378.6,16.0,32.77326200431091,11.0,5.0,32.09,346.51,0.081967213114754,5.680491803278688,2,3,515,1,1,1,0.091799706,9.18,LOW
2026-07-01,705648,Vijaywada-Gudur 3rd Line,Andhra Pradesh,Railways,Ministry of Railways,(RVNL - II),6654.0,6213.64,96.0,93.38202584911332,96.0,0.0,6170.32,43.32000000000062,0.0,0.7101639344262396,7,8,515,1,1,1,0.091317214,9.13,LOW
2026-07-01,618334,Widening to 2 Lane with Paved shoulder of lmphal to Jiribam section of NH-37 from Design Ch. from km 131.280 to km 169.570 on EPC mode in Manipur under NHO- TSP PKG-6,Manipur,Roads & Highways,Ministry of Road Transport & Highways,(NHIDCL),504.76,325.89,95.2,64.56335684285601,95.0,0.2000000000000028,308.06,17.829999999999984,0.0032786885245902,0.2922950819672129,3,4,515,1,1,1,0.091201484,9.12,LOW
2026-07-01,618095,Widening to Two Lane with Paved Shoulders from Km 0.00 Design Chainage 0.00 to Km 23.338 Design Chainage 23310 of NH-166E MH/KNT Border- Kanamadi- Bijjargi- Tikota section in the state of Karnataka in EPC Mode under Annual plan 2022-23 NH- 166E-KNT-2022-23-974,Karnataka,Roads & Highways,Ministry of Road Transport & Highways,(MoRTH),196.05,0.0,71.0,0.0,30.0,41.0,0.0,0.0,0.6721311475409836,0.0,1,2,61,1,1,1,0.0910235,9.1,LOW
2026-07-01,617926,Construction of new 4 lane major bridge with approaches on Sabarmati River near Dharoi at Km. 82/00 to 86/00 Design length 3.300 km on NH-58 in the State of Gujarat on Hybrid Annuity Mode HAM,Gujarat,Roads & Highways,Ministry of Road Transport & Highways,(MoRTH),398.4,0.0,44.0,0.0,33.0,11.0,0.0,0.0,0.180327868852459,0.0,2,3,515,1,1,1,0.09095722,9.1,LOW
2026-07-01,615339,Transmission system for evacuation of power from Rajasthan REZ Ph-IV [Part- 3/6GW] [Bikaner complex] Part A [SPV Name POWERGRID Bikaner IV Transmission Limited],"Multi-States (Haryana, Punjab, Rajasthan)",Transmission & Distribution,Ministry of Power,(Power Grid Corporation of India Limited [POWERGRID]),5969.0,1880.23,30.6,31.49991623387502,24.07,6.530000000000001,1313.18,567.05,0.1070491803278688,9.295901639344262,7,8,515,1,1,1,0.090302885,9.03,LOW
2026-07-01,617211,Doubling of Guntur Bibinagar 239 Km,"Multi-States (Andhra Pradesh, Telangana)",Railways,Ministry of Railways,(South Central Railway [SCR] - II),2853.23,357.74,2.6,12.538070888081226,2.5,0.1,348.95,8.79000000000002,0.001639344262295,0.144098360655738,7,8,515,1,1,1,0.09022006,9.02,LOW
2026-07-01,617184,Transmission Scheme for integration of Davanagere/ Chitradurga and Bellary REZ in Karnataka [POWERGRID Chitradurga Bellary REZ Transmission Limited],Karnataka,Transmission & Distribution,Ministry of Power,(Power Grid Corporation of India Limited [POWERGRID]),3453.0,483.42,21.31,14.000000000000002,13.41,7.899999999999999,414.36,69.06,0.1295081967213114,1.1321311475409837,7,8,515,1,1,1,0.08935538,8.94,LOW
2026-07-01,619204,"Capacity Augmentation in the stretch of Pimpri Sado Vadape section of NH848 Km. 460900 to Km. 537000 by Construction of Slip/Service Road on either side at various locations total length 25.140 Km LHSRHS, Flyover 2 x 25m at Borivali Junction Km. 528550 & LVUP 1 x 15m at Sherekarpada Km. 528800",Maharashtra,Roads & Highways,Ministry of Road Transport & Highways,(NHAI),372.03,0.0,1.0,0.0,,,,,,,0,1,0,1,1,1,0.08850149,8.85,LOW
2026-07-01,619060,"Construction of Balance Work of 4-Laning of the Section from Jhanji to Demow of NH- 37 Old from Km 514.800 to Km 534.800 20.000 Km, under SARDP- NE under EPC Mode in the state of Assam Pkg-III Road Works",Assam,Roads & Highways,Ministry of Road Transport & Highways,(NHIDCL),344.71,54.48,72.0,15.804589364973456,62.9,9.1,46.37,8.11,0.1491803278688525,0.1329508196721311,2,3,515,1,1,1,0.08781168,8.78,LOW
2026-07-01,400205,Sahjanwa-Dohrighat,Uttar Pradesh,Railways,Ministry of Railways,(North Eastern Railway [NER]),1319.75,544.89,4.2,41.28736503125592,4.0,0.2000000000000001,492.3,52.589999999999975,0.0032786885245901,0.8621311475409832,7,8,515,1,1,1,0.08721938,8.72,LOW
2026-07-01,617972,Upgradation to Two lane with Paved Shoulder Configuration of Narayanpur Kasturmeta pkg-II from design ch. 48.693 to 70.453 design length21.760 Km. on NH-130D under EPC mode in the state of Chhattisgarh.,Chhattisgarh,Roads & Highways,Ministry of Road Transport & Highways,(MoRTH),200.67,0.0,0.0,0.0,0.0,0.0,14.99,-14.99,0.0,-0.2457377049180328,1,2,61,1,1,1,0.08689044,8.69,LOW
2026-07-01,618347,Widening to 2-lane with Hard shoulder of Churachandpur to Tuivai Section of NH- 102B from km 13.747 to km 32.835 in the State of Manipur on EPC mode under NHO Package-1B,Manipur,Roads & Highways,Ministry of Road Transport & Highways,(NHIDCL),241.52,164.85,100.0,68.25521695925802,96.54,3.4599999999999937,152.85,12.0,0.0567213114754097,0.1967213114754098,3,4,515,1,1,1,0.08658767,8.66,LOW
2026-07-01,665021,Amended BharatNet Program - UKD,PAN India,Telecommunication,Department of Telecommunications,(Department of Telecommunications),1821.0,209.87,20.54,11.524986271279516,,,,,,,0,1,0,1,1,1,0.086320415,8.63,LOW
2026-07-01,701370,Borolia Irrigation Project,Assam,Water Resources,"Department of Water Resources, River Development & GR","(Department of Water Resources, River Development & GR)",256.16,44.7,55.44,17.45003123048095,55.44,0.0,44.7,0.0,0.0,0.0,7,8,515,1,1,1,0.08615977,8.62,LOW
2026-07-01,618387,Construction of 2-laning with Hard shoulder of Ukhrul Tolloi - Tadubi section of NH- 102A from Design Chainage km 9450 to km 50850 in the State of Manipur on EPC mode under NHO-NE Package-2,Manipur,Roads & Highways,Ministry of Road Transport & Highways,(NHIDCL),578.98,267.11,80.02,46.13458150540606,79.5,0.519999999999996,249.29,17.82000000000002,0.0085245901639343,0.2921311475409839,3,4,515,1,1,1,0.085106395,8.51,LOW
2026-07-01,618939,Construction of Standalone Flyover cum ROB from Design Ch.66.600 to Design Ch.68.800 in Gadchandur Town on NH-353B,Maharashtra,Roads & Highways,Ministry of Road Transport & Highways,(NHAI),191.31,33.97,36.99,17.756520830066382,29.96,7.030000000000001,25.19,8.779999999999998,0.1152459016393442,0.1439344262295081,2,3,515,1,1,1,0.08446753,8.45,LOW
2026-07-01,635651,"New Product Testing Laboratory for NPM, SPP & NHSM at RSP",Odisha,Steel,Ministry of Steel,(Steel Authority of India Limited (SAIL)),155.26,56.24,71.75,36.2231096225686,,,,,,,0,1,0,1,1,1,0.08433749,8.43,LOW
2026-07-01,618466,Vadodara Mumbai Expressway Jujuwa - Gandeva from Km. 154.600 to Km. 190.000 Phase-I Package-VIII,Gujarat,Roads & Highways,Ministry of Road Transport & Highways,(NHAI),3834.24,197.98,4.85,5.163474378234017,4.85,0.0,197.13,0.8499999999999943,0.0,0.0139344262295081,1,2,61,1,1,1,0.08389399,8.39,LOW
2026-07-01,617923,Construction of Daspalla Bypass from km 195.250 To 200.635 of NH-57 including land acquisition in the state of Odisha on EPC mode under Annual Plan 2022-23.,Odisha,Roads & Highways,Ministry of Road Transport & Highways,(MoRTH),155.97,50.04,25.0,32.08309290248125,20.0,5.0,36.6,13.439999999999998,0.081967213114754,0.2203278688524589,2,3,515,1,1,1,0.08381504,8.38,LOW
2026-07-01,618080,Improvement to two lane with paved shoulders of BH WB Border Amdabad Manihari section from design Km 0.000 to Km 23.945 of NH 131 A Total length 23.945 Km under EPC mode in the state of Bihar,Bihar,Roads & Highways,Ministry of Road Transport & Highways,(MoRTH),353.27,0.0,7.0,0.0,3.1,3.9,0.0,0.0,0.0639344262295081,0.0,3,4,515,1,1,1,0.08357146,8.36,LOW
2026-07-01,617937,Udgir Raavi Degloor Aadampur phata to Sagroli fata,Maharashtra,Roads & Highways,Ministry of Road Transport & Highways,(MoRTH),809.77,0.0,12.0,0.0,0.0,12.0,0.0,0.0,0.1967213114754098,0.0,1,2,61,1,1,1,0.08351822,8.35,LOW
2026-07-01,619007,Upgradation of Sarvardewla to Pal MP/MH Border Road section of NH-347 C from Design Chainge km 81.600 to 137.400 Total length 55.80 km to two lane with paved shoulder configuration along with One time improvement of 1 .95 km in the State of Madhya Pradesh on EPC mode.,Madhya Pradesh,Roads & Highways,Ministry of Road Transport & Highways,(MoRTH),461.23,0.0,0.0,0.0,0.0,0.0,0.0,0.0,0.0,0.0,1,2,61,1,1,1,0.083271794,8.33,LOW
2026-07-01,617920,Widening and Strengthening to 2LPS including LA from km 318.970 to 353.450 Balikuda-Mulkani Section of NH-55 under NHO in Annual Plan 2022-23 in the State of Odisha. Job No. NH-55-OD-2022-23-656,Odisha,Roads & Highways,Ministry of Road Transport & Highways,(MoRTH),511.54,0.0,3.0,0.0,3.0,0.0,0.0,0.0,0.0,0.0,1,2,61,1,1,1,0.08288447,8.29,LOW
2026-07-01,616594,Interception & Diversion with Rehabilitation of sewerage scheme at Agra under Hybrid annuity based PPP model-Namami Gange Programme,Uttar Pradesh,Waste & Water,"Department of Water Resources, River Development & GR",(National Mission for Clean Ganga),842.25,208.64,84.0,24.771742356782426,80.0,4.0,208.64,0.0,0.0655737704918032,0.0,7,8,515,1,1,1,0.08281949,8.28,LOW
2026-07-01,705298,North Region Video Surveillance Project,PAN India,Railways,Ministry of Railways,(RCIL),274.39,0.0,48.0,0.0,48.0,0.0,0.0,0.0,0.0,0.0,7,8,515,1,1,1,0.08253856,8.25,LOW
2026-07-01,618323,Construction of Twin Tube Uni-directional Aizawl Bypass Tunnel of 2.5 km and its approaches of 2.1 km from km 10.600 to km 15.200 on Sarrang - Phaibawk section of NH-6 in the State of Mizoram on EPC Mode under NHO-NE Package-2,Mizoram,Roads & Highways,Ministry of Road Transport & Highways,(NHIDCL),1313.28,0.0,0.0,0.0,0.0,0.0,0.0,0.0,0.0,0.0,2,3,515,1,1,1,0.08217805,8.22,LOW
2026-07-01,914467,Amended BharatNet Program - BR,PAN India,Telecommunication,Department of Telecommunications,(Department of Telecommunications),1550.0,222.77,17.76,14.37225806451613,,,,,,,0,1,0,1,1,1,0.082161196,8.22,LOW
2026-07-01,618138,"Widening, Reconstruction & Up-gradation to 2 lane with Paved Shoulder/Four Lane configuration for the work of Sautada to Shirapur Section of NH-561 from Design km 86300 to km 125589 in the state of Maharashtra on EPC mode. Design length 39.289 km",Maharashtra,Roads & Highways,Ministry of Road Transport & Highways,(MoRTH),349.57,0.0,54.04,0.0,41.13,12.909999999999997,0.0,0.0,0.211639344262295,0.0,1,2,61,1,1,1,0.082104094,8.21,LOW
2026-07-01,618535,Construction of Six lane elevated flyover including reconstruction/rehabilitation of existing pavement from Km 406100 to Km 411150 Length 5.05 Km at Gobindpur area in the Barwa Adda Panagarh section of NH-19 from Km.398.240 to Km.521.120 including Panagarh Bypass in the State of Jharkhand on EPC Mode.,Jharkhand,Roads & Highways,Ministry of Road Transport & Highways,(NHAI),687.77,66.59,16.1,9.68201579016241,11.8,4.300000000000001,33.97,32.620000000000005,0.0704918032786885,0.5347540983606558,2,3,515,1,1,1,0.081456535,8.15,LOW
2026-07-01,617896,"Construction of 4 lane Gauripur Bypass Starting bfrom Km 852.56 of NH- 31Dumardoha Pt-II and Terminating at Km 862.17 Baladmara via. Khudimari Pt.- II, Fulkumari, Charaldanga, Sajuakuti,Geramari Pt.-III and finally meeting at km 862.17 of NH-17New/ NH-31Old in the State of Assam under EPC Mode Job no. 31/AS/ 2023- 24/265",Assam,Roads & Highways,Ministry of Road Transport & Highways,(MoRTH),421.15,0.0,20.8,0.0,17.9,2.900000000000002,0.0,0.0,0.0475409836065574,0.0,2,3,515,1,1,1,0.081186876,8.12,LOW
2026-07-01,617272,Implementation of LILO of both circuits of 400KV vindhyachal PS-Sasan D/C Line at Hindalco Switchyard,Madhya Pradesh,Transmission & Distribution,Ministry of Power,(Power Grid Corporation of India Limited [POWERGRID]),370.0,129.5,52.14,35.0,35.03,17.11,114.7,14.799999999999995,0.2804918032786885,0.242622950819672,7,8,515,1,1,1,0.081149906,8.11,LOW
2026-07-01,613002,Redevelopment of Chennai Egmore Station,Tamil Nadu,Railways,Ministry of Railways,(Ministry of Railways),842.0,340.0,0.0,40.38004750593824,0.0,0.0,340.0,0.0,0.0,0.0,7,8,515,1,1,1,0.080651544,8.07,LOW
2026-07-01,619270,"Upgradation of 6 laned Jaipur- Kishangarh section of NH-48 from km 274100 to 363885 involving construction of flyovers and Service road in Rajasthan On Engineering, Procurement & Construction EPC Mode",Rajasthan,Roads & Highways,Ministry of Road Transport & Highways,(NHAI),910.91,0.0,0.0,0.0,,,,,,,0,1,0,1,1,1,0.08040863,8.04,LOW
2026-07-01,618267,Widening/Upgradation to four lane configuration of Shahjahanpur-Bisalpur section from km 0.00 to km 47.026 of NH-731K on Hybrid Annuity Mode in the state of Uttar Pradesh.,Uttar Pradesh,Roads & Highways,Ministry of Road Transport & Highways,(MoRTH),1590.2,0.0,0.0,0.0,0.0,0.0,0.0,0.0,0.0,0.0,1,2,61,1,1,1,0.08034179,8.03,LOW
2026-07-01,619194,"Construction of Four Lane Gola Flyover at Km 99.850 of NH 730 Major Junction with State Highways -93 of Engineering, Procurement and Construction EPC mode in the State of Uttar Pradesh.",Uttar Pradesh,Roads & Highways,Ministry of Road Transport & Highways,(MoRTH),168.05,0.0,2.0,0.0,1.5,0.5,0.0,0.0,0.0081967213114754,0.0,1,2,61,1,1,1,0.080204405,8.02,LOW
2026-07-01,709812,NADIAD-PETLAD [37.26 KM],Gujarat,Railways,Ministry of Railways,(Railway),461.91,186.9,8.0,40.46242774566473,8.0,0.0,186.78,0.1200000000000045,0.0,0.0019672131147541,7,8,515,1,1,1,0.07970078,7.97,LOW
2026-07-01,618018,Upgradation of Bilaspur-Takhatpur-Mungeli-Pandariya-Pondi Road on N.H.-130A Package IIIA Takhatpur By-pass from existing Ch. 26.542 to 32.093 [Design Ch. 18.700 to 25.900] & Mungeli By-pass from existing Ch. 45.786 to 56.275 [Design Ch. 29.600 to 51.600] and Package IIIB Pandariya By-Pass from existing Ch. 82.582 to 87.133 [Design Ch. 77.900 to 81.1000 & Pondi By-pass from existing Ch. 103.166 to 104.756 [Design Ch. 97.000 to 103.395] to two lane with paved shoulder configuration in the,Chhattisgarh,Roads & Highways,Ministry of Road Transport & Highways,(MoRTH),351.19,11.63,11.0,3.311597710640964,10.0,1.0,11.48,0.1500000000000003,0.0163934426229508,0.0024590163934426,1,2,61,1,1,1,0.07967352,7.97,LOW
2026-07-01,618069,Upgradation to Two-lane with paved shoulder of Hanumangarh to Kenchiyan section from Km 0.000existing chainage-Km 23.200 to Km 49.605existing chainage-Km 74.645 of NH-54 in the State of Rajasthan on EPC mode.,Rajasthan,Roads & Highways,Ministry of Road Transport & Highways,(MoRTH),334.64,0.0,70.0,0.0,68.0,2.0,0.0,0.0,0.0327868852459016,0.0,2,3,515,1,1,1,0.07923142,7.92,LOW
2026-07-01,618441,"Construction of Balance Work of 4-Laning of the Section from Jhanji to Demow of NH- 37 Old from Km 490.800 to Km 501.800 11.000 Km, under SARDP- NE under EPC Mode in the state of Assam Pkg-I Road Works",Assam,Roads & Highways,Ministry of Road Transport & Highways,(NHIDCL),467.79,0.0,87.33,0.0,0.0,87.33,72.13,-72.13,1.431639344262295,-1.1824590163934423,3,4,515,1,1,1,0.07910106,7.91,LOW
2026-07-01,617951,Construction of Chintamani Bypass from Design Ch.0000 Existing Ch.428880 to Design Ch.15400 Existing Ch.444010 on NH-69 in the State of Karnataka in EPC Mode under NHO Annual Plan 2022-23. NH-69-KNT-2022-23-989 dated 24.03.2023,Karnataka,Roads & Highways,Ministry of Road Transport & Highways,(MoRTH),314.55,4.03,10.0,1.2811953584485771,0.0,10.0,0.0,4.03,0.1639344262295081,0.0660655737704918,1,2,61,1,1,1,0.0789547,7.9,LOW
2026-07-01,617893,Construction of additional major Bridge with 4- lane configuration of length 1.48 km on NH-60 NH-14 over River Kangshabati from Km. 117.770 to Km 119.250 and additional major Bridge with 4- lane configuration of length 0.900 km on NH-60 NH- 14 over River Shilabati from Km. 173.220 to Km 174.120 in the district of Paschim Medinipur of West Bengal under Annual Plan for FY 2023-24 on EPC mode. Job No 014-W8-2023-24/527 .,West Bengal,Roads & Highways,Ministry of Road Transport & Highways,(MoRTH),304.83,0.04,0.0,0.0131220680379227,0.0,0.0,0.0,0.04,0.0,0.000655737704918,2,3,515,1,1,1,0.078548886,7.85,LOW
2026-07-01,617214,Rail Connectivity to Errupalem Amravati Namburu 57 Km,"Multi-States (Andhra Pradesh, Telangana)",Railways,Ministry of Railways,(South Central Railway [SCR] - II),2047.4,208.57,0.17,10.187066523395526,0.16,0.01,208.59,-0.0200000000000102,0.0001639344262295,-0.0003278688524591,7,8,515,1,1,1,0.078239694,7.82,LOW
2026-07-01,612748,"Construction of 100 bed ESI Hospital and Staff Quarters [32 Nos.] at Harohalli, Karnataka",Karnataka,Healthcare,Ministry of Labour and Employment,(Employee's State Insurance Company [ESIC]),150.92,31.05,25.9,20.57381394116088,10.0,15.9,6.76,24.29,0.260655737704918,0.3981967213114754,5,6,515,1,1,1,0.07821871,7.82,LOW
2026-07-01,617215,Doubling between Parbhani Parli Vaijanath stations 64.71 Km,Maharashtra,Railways,Ministry of Railways,(South Central Railway [SCR] - II),769.93,197.62,0.2,25.66726845297625,0.19,0.01,197.06,0.5600000000000023,0.0001639344262295,0.0091803278688524,7,8,515,1,1,1,0.07814569,7.81,LOW
2026-07-01,616697,3rd & 4th line between Vadlapudi -Gate Jn. cabin and Tie line between Gate Junction to Gangavaram port,Andhra Pradesh,Railways,Ministry of Railways,(East Coast Railway [ECoR] - II),154.28,69.59,80.0,45.106300233341976,75.0,5.0,58.16,11.430000000000009,0.081967213114754,0.187377049180328,7,8,515,1,1,1,0.07761013,7.76,LOW
2026-07-01,210914,Amended BharatNet Program - WB & ANI,PAN India,Telecommunication,Department of Telecommunications,(Department of Telecommunications),1674.0,223.41,15.13,13.345878136200716,,,,,,,0,1,0,1,1,1,0.07735918,7.74,LOW
2026-07-01,618114,"Improvement and up-gradation of NH-227B 84 Kosi Parikrama Marg PackageV, from Design Km.140.960 Patranga to Km.160.200 Bahuvan Madar Majha on EPC mode in the State of Uttar Pradesh",Uttar Pradesh,Roads & Highways,Ministry of Road Transport & Highways,(MoRTH),1192.33,0.0,4.0,0.0,0.0,4.0,0.0,0.0,0.0655737704918032,0.0,1,2,61,1,1,1,0.07733907,7.73,LOW
2026-07-01,618627,Construction of 7 Nos of Standalone safety structures/works at different locations on various NHs,Maharashtra,Roads & Highways,Ministry of Road Transport & Highways,(NHAI),168.52,26.55,33.35,15.754806551151198,26.37,6.98,10.11,16.44,0.1144262295081967,0.2695081967213115,2,3,515,1,1,1,0.077166036,7.72,LOW
2026-07-01,617943,4-laning of Navelim to Cuncolim Section of NH-66 from Km 554.245 to Km 561.480 on HAM Mode,Goa,Roads & Highways,Ministry of Road Transport & Highways,(MoRTH),746.75,0.0,0.0,0.0,0.0,0.0,0.0,0.0,0.0,0.0,1,2,61,1,1,1,0.076887816,7.69,LOW
2026-07-01,618882,Construction of additional 3-Lane Bridge over River Ganga for connection between Buxar and Bharauli on NH-922 in the State of Uttar Pradesh and Bihar on Hybrid Annuity Mode,"Multi-States (Bihar, Uttar Pradesh)",Roads & Highways,Ministry of Road Transport & Highways,(NHAI),531.61,46.76,20.16,8.795921822388593,15.51,4.65,18.86,27.9,0.0762295081967213,0.4573770491803278,2,3,515,1,1,1,0.07680009,7.68,LOW
2026-07-01,619107,4 Lane with PS from Des. Ch 136.100 to Des. Ch. 182.300 of Belgaum-Hungund- Raichur Section of NH-748A Package-4,Karnataka,Roads & Highways,Ministry of Road Transport & Highways,(NHAI),1311.41,227.3,13.18,17.332489457911713,8.88,4.299999999999999,46.41,180.89,0.0704918032786885,2.965409836065574,2,3,515,1,1,1,0.07672146,7.67,LOW
2026-07-01,618052,Gorantla - Hindupur section from Km 120/300 to 165/000 of NH716G in the State of Andhra Pradesh,Andhra Pradesh,Roads & Highways,Ministry of Road Transport & Highways,(MoRTH),808.7,0.0,28.78,0.0,18.72,10.060000000000002,0.0,0.0,0.1649180327868852,0.0,2,3,515,1,1,1,0.07638408,7.64,LOW
2026-07-01,705761,SHIMOGA - SHIKARIPURA - RANEBENNUR [96 Km],Karnataka,Railways,Ministry of Railways,(South Western Railway [SWR] - II),1454.0,102.64,13.9,7.059147180192572,13.5,0.4000000000000003,97.75,4.890000000000001,0.0065573770491803,0.0801639344262295,7,8,515,1,1,1,0.075938396,7.59,LOW
2026-07-01,617183,Transmission system strengthening at Kurnool- III PS for integration of additional RE generation projects [POWERGRID Kurnool III PS RE Transmission Limited],Andhra Pradesh,Transmission & Distribution,Ministry of Power,(Power Grid Corporation of India Limited [POWERGRID]),2886.0,739.68,41.68,25.629937629937626,26.19,15.489999999999998,721.48,18.19999999999993,0.2539344262295082,0.2983606557377038,7,8,515,1,1,1,0.07592296,7.59,LOW
2026-07-01,618036,Upgradation and reconstruction of existing intermediate lane to two Lane with paved shoulder configuration from km. 43.00 Barna River to km. 77.00 ken river length 34.00 km. on Gulganj-Amanganj-Pawai-Katni NH43 Extn. along with One time improvement in 01 no. of bypassed built-up area in a total length of 1.585 km in the state of Madhya Pradesh on EPCmode.,Madhya Pradesh,Roads & Highways,Ministry of Road Transport & Highways,(MoRTH),315.55,0.0,40.02,0.0,25.3,14.720000000000002,0.0,0.0,0.2413114754098361,0.0,1,2,61,1,1,1,0.07564833,7.56,LOW
2026-07-01,618318,4-Laning of Kolasib - Sethawn section Package-5 of NH-6 from Existing Chainage km 86000 to km 107850 Design Chainage km 77500 to km 95500 on silchar - vairengte - sairang road under Bharatmala Pariyojna on EPC mode under NHO-NE Vairengte - Sairang Pkg-5,Mizoram,Roads & Highways,Ministry of Road Transport & Highways,(NHIDCL),720.4,247.14,11.86,34.305941143808994,11.86,0.0,40.29,206.85,0.0,3.390983606557377,2,3,515,1,1,1,0.07528941,7.53,LOW
2026-07-01,618158,"Upgradation of Goras to Shyampur Road section of NH-552 Ext., from Design Chainge 48.400 to 111.800 Km Total length 63.40 km to two lane with paved shoulder configuration along with One time improvement of 8.91 km in the state of Madhya Pradesh on EPC mode",Madhya Pradesh,Roads & Highways,Ministry of Road Transport & Highways,(MoRTH),416.96,0.0,15.49,0.0,13.11,2.380000000000001,0.0,0.0,0.0390163934426229,0.0,1,2,61,1,1,1,0.07523409,7.52,LOW
2026-07-01,616221,"Extension of Aqua Line Metro Corridor from Noida Sector-142 station to Botanical Garden, Noida of Noida Metro Rail Corporation",Uttar Pradesh,Urban Public Transport,Ministry of Housing & Urban Affairs,(Noida Metro Rail Corporation Ltd. [NMRCL]),2254.35,0.0,0.0,0.0,0.0,0.0,0.0,0.0,0.0,0.0,1,2,61,1,1,1,0.07505462,7.51,LOW
2026-07-01,617248,Third Ladle Furnace in Secondary Refinery Unit at IISCO Steel Plant,West Bengal,Steel,Ministry of Steel,(Steel Authority of India Limited [SAIL]),227.96,103.97,74.55,45.60887875065801,66.37,8.179999999999993,75.66,28.31,0.1340983606557375,0.4640983606557377,7,8,515,1,1,1,0.07495959,7.5,LOW
2026-07-01,617182,Augmentation of Banaskantha [Raghanesda] PS [GIS] [POWERGRID Banaskantha Transco Limited],Gujarat,Transmission & Distribution,Ministry of Power,(Power Grid Corporation of India Limited [POWERGRID]),172.0,58.48,39.0,34.0,36.0,3.0,58.48,0.0,0.0491803278688524,0.0,7,8,515,1,1,1,0.074601635,7.46,LOW
2026-07-01,709785,Laying of Natural Gas Pipeline from Hazaribagh to Ranchi [HRPL],Jharkhand,Oil & Gas,Ministry of Petroleum & Natural Gas,(MinistryofPetroleumNaturalGas),202.07,65.3,58.1,32.31553422081457,56.5,1.6000000000000014,63.8,1.5,0.0262295081967213,0.0245901639344262,7,8,515,1,1,1,0.074274346,7.43,LOW
2026-07-01,834015,Stamp Charge Battery No.12 By-product Plant at RSP,Odisha,Steel,Ministry of Steel,(Steel Authority of India Limited (SAIL)),1140.07,207.56,22.59,18.205899637741545,,,,,,,0,1,0,1,1,1,0.07425592,7.43,LOW
2026-07-01,618162,"Improvement and up-gradation to 2LPS of NH-227B 84-Kosi Parikrama Marg PackageVI, Design Km 160200 Bahuvan Madar Majha to Km 224040 Jagarnathpur under HAM",Uttar Pradesh,Roads & Highways,Ministry of Road Transport & Highways,(MoRTH),2008.7,0.0,18.0,0.0,5.0,13.0,0.0,0.0,0.2131147540983606,0.0,2,3,515,1,1,1,0.07408087,7.41,LOW
2026-07-01,400178,DINESH[MAKARDHOKRA-III] OC,Maharashtra,Coal,Ministry of Coal,(WCL - CIL),822.88,791.48,40.63,96.18413377406183,40.54,0.0900000000000034,652.67,138.81000000000006,0.0014754098360656,2.275573770491804,7,8,515,1,1,1,0.07408003,7.41,LOW
2026-07-01,618301,Widening/Improvement of existing 2-lane to 4-Lane Divided Highway from Kuraopokpi to Sekmai section of Imphal-Kohima Road Design Ch. km 287.00 to 297.700 of NH-39 New NH-02 in state of Manipur on EPC mode Pkg-5A,Manipur,Roads & Highways,Ministry of Road Transport & Highways,(NHIDCL),228.97,114.62,48.31,50.05895968904224,48.16,0.1500000000000056,33.76,80.86000000000001,0.0024590163934427,1.3255737704918036,1,2,61,1,1,1,0.07379283,7.38,LOW
2026-07-01,617212,Doubling between Mudkhed Medchal & Mahbubnagar Dhone section 417.88 Km,"Multi-States (Andhra Pradesh, Maharashtra, Telangana)",Railways,Ministry of Railways,(South Central Railway [SCR] - II),4686.09,640.06,21.0,13.658721876873894,2.08,18.92,1938.02,-1297.96,0.3101639344262295,-21.278032786885248,7,8,515,1,1,1,0.073695295,7.37,LOW
2026-07-01,619061,Construction of 4 lane with PS Idar-Badoli bypass section from design km 81/300 to km 95/500 of NH 168G in the State of Gujarat,Gujarat,Roads & Highways,Ministry of Road Transport & Highways,(MoRTH),705.09,0.0,4.0,0.0,2.0,2.0,0.0,0.0,0.0327868852459016,0.0,1,2,61,1,1,1,0.07327811,7.33,LOW
2026-07-01,618306,"Widening/Improvement to 2 lane with earthen shoulder of Choithar to Marrem Khullen section of NH-202 of Imphal Ukhrul Jessami Economic Corridor from Design Chainage km 53.110 to km 95.700 in the State of Manipur on EPC mode under Bharatmala Pariyojana, under NHO-NE Package-5",Manipur,Roads & Highways,Ministry of Road Transport & Highways,(NHIDCL),564.05,172.98,14.5,30.6674940164879,14.08,0.4199999999999999,72.58,100.4,0.0068852459016393,1.6459016393442625,2,3,515,1,1,1,0.07324238,7.32,LOW
2026-07-01,612745,"Construction of 200 bed ESI Hospital at Bommasandra, Karnataka",Karnataka,Healthcare,Ministry of Labour and Employment,(Employee's State Insurance Company [ESIC]),278.0,80.52,34.0,28.964028776978417,23.0,11.0,68.23,12.289999999999992,0.180327868852459,0.2014754098360654,5,6,515,1,1,1,0.07320374,7.32,LOW
2026-07-01,705493,Hubli-Ankola New Line Project [164.44 km],Karnataka,Railways,Ministry of Railways,(South Western Railway [SWR] - II),5174.0,180.48,4.7,3.4882102821801317,4.7,0.0,178.42,2.0600000000000023,0.0,0.0337704918032787,1,2,61,1,1,1,0.07318772,7.32,LOW
2026-07-01,618768,Four laning of Agra-Aligarh Section from Km. 0.000 Junction of NH-34 Aligarh Km 144.60 to Km. 28.000 near Asroi village in Hathras of NH-509 Package-I,Uttar Pradesh,Roads & Highways,Ministry of Road Transport & Highways,(NHAI),1309.08,305.43,1.99,23.331652763773032,0.0,1.99,0.0,305.43,0.0326229508196721,5.007049180327869,1,2,61,1,1,1,0.07316475,7.32,LOW
2026-07-01,946208,Amended BharatNet Program - SKM,PAN India,Telecommunication,Department of Telecommunications,(Department of Telecommunications),160.0,0.0,0.0,0.0,,,,,,,0,1,0,1,1,1,0.072616406,7.26,LOW
2026-07-01,618160,"Construction of 2 lane Major Bridge including approaches over Brahmaputra between Majuli on North Bank and Jorhat on South Bank from km. 11.690 to km. 19.715 length of bridge 6,812.5m Package - II on NH-715K in the state of Assam Job no. 715/AS/2020-21/213",Assam,Roads & Highways,Ministry of Road Transport & Highways,(MoRTH),1019.17,0.0,3.25,0.0,1.82,1.43,0.0,0.0,0.0234426229508196,0.0,2,3,515,1,1,1,0.07205236,7.21,LOW
2026-07-01,618148,Widening to 4LPS of NH-548B from Km 80.000 Near Murgundi to Km 140.200 Near Chikkodi excluding length from Km 118.450 to Km 128.450 in the State of Karnataka under NH O on EPC Mode under Annual Plan 2022-23 - Package 1 NH-548B-KNT- 2022-23-979 dated 09.03.2023,Karnataka,Roads & Highways,Ministry of Road Transport & Highways,(MoRTH),785.79,6.15,0.0,0.7826518535486582,0.0,0.0,0.0,6.15,0.0,0.1008196721311475,1,2,61,1,1,1,0.071840376,7.18,LOW
2026-07-01,400151,NORTH URIMARI EXPANSION OCP,Jharkhand,Coal,Ministry of Coal,(Ministry of Coal),634.3,598.32,68.9,94.32760523411636,71.38,-2.4799999999999898,605.7,-7.3799999999999955,-0.0406557377049178,-0.1209836065573769,7,8,515,1,1,1,0.07096311,7.1,LOW
2026-07-01,618027,Widening to 2LPS from Km 71.00 to 104.00 Existing chainages Sarjapur to Pattadkallu on Bhanapur to Gaddanakeri section NH-367 in the State of Karnataka under NHO on EPC mode under Annual Plan 2022-23 NH-367-KNT-2022-23-972 dated 08.02.2023,Karnataka,Roads & Highways,Ministry of Road Transport & Highways,(MoRTH),445.62,0.0,90.0,0.0,65.0,25.0,0.0,0.0,0.4098360655737705,0.0,1,2,61,1,1,1,0.07063905,7.06,LOW
2026-07-01,618021,Up-gradation of Pichhore- Dinara section of NH-346 from Km 292.750 to 334.550 to two lane with paved shoulders in the state of Madhya Pradesh on EPC mode,Madhya Pradesh,Roads & Highways,Ministry of Road Transport & Highways,(MoRTH),425.97,0.0,31.29,0.0,19.31,11.98,0.0,0.0,0.1963934426229508,0.0,2,3,515,1,1,1,0.070485786,7.05,LOW
2026-07-01,616857,Doubling between Motumari Vishnupuram - 88.81 Km and Rail over Rail - RoR at Motumari - 10.877 Km,"Multi-States (Andhra Pradesh, Telangana)",Railways,Ministry of Railways,(South Central Railway [SCR] - II),1595.55,264.89,2.05,16.60179875278117,2.04,0.0099999999999997,212.11,52.77999999999997,0.0001639344262295,0.8652459016393438,7,8,515,1,1,1,0.0701849,7.02,LOW
2026-07-01,616933,Lube Modernization & Bottom Upgradation Project at Mumbai Refinery,Maharashtra,Oil & Gas,Ministry of Petroleum & Natural Gas,(Ministry of Petroleum and Natural Gas),4679.0,288.53,12.3,6.166488565932891,10.7,1.6000000000000014,270.1,18.42999999999995,0.0262295081967213,0.3021311475409828,7,8,515,1,1,1,0.07004738,7.0,LOW
2026-07-01,619009,Upgradation to Two Lane with Paved Shoulders from Km 0.000 to Km 41.920 Green Field Alignment of Gowrelly to Valigonda Section of NH-930P in the State of Telangana on EPC Mode under Annual Plan 2022-23,Telangana,Roads & Highways,Ministry of Road Transport & Highways,(MoRTH),690.33,0.0,0.0,0.0,0.0,0.0,0.0,0.0,0.0,0.0,1,2,61,1,1,1,0.07002706,7.0,LOW
2026-07-01,618730,6 Lane Greenfield Varanasi- Ranchi- Kolkata Highway from Deoria village to Donoreshan village from km 253.000 to km 288.600 Pkg -10,Jharkhand,Roads & Highways,Ministry of Road Transport & Highways,(NHAI),1546.27,82.65,3.96,5.345120839180739,0.0,3.96,0.26,82.39,0.0649180327868852,1.350655737704918,1,2,61,1,1,1,0.069940865,6.99,LOW
2026-07-01,607653,Ludhiana Mullanpur 21Km Doubling Railway project,Punjab,Railways,Ministry of Railways,(CAO/C/NR),234.78,61.39,99.0,26.14788312462731,0.0,99.0,10.0,51.39,1.6229508196721312,0.8424590163934427,1,2,61,1,1,1,0.069901414,6.99,LOW
2026-07-01,617941,4-Laning from End of Zuari approaches to Start of Margao Bypass section of NH-66 from Km 536.800 to Km 543.450,Goa,Roads & Highways,Ministry of Road Transport & Highways,(MoRTH),398.25,0.0,0.5,0.0,0.0,0.5,0.0,0.0,0.0081967213114754,0.0,1,2,61,1,1,1,0.06951138,6.95,LOW
2026-07-01,618305,Widening/Improvement to 2 lane with earthen shoulder of Marrem Khullen to Jessami section of NH-202 of Imphal - Ukhrul - Jessami Economic Corridor from Design Chainage km 95.700 to km 140.180 in the State of Manipur on EPC mode under Bharatmala Pariyojana under NHO-NE Package-6,Manipur,Roads & Highways,Ministry of Road Transport & Highways,(NHIDCL),554.66,221.02,24.43,39.8478347095518,22.55,1.879999999999999,201.52,19.5,0.0308196721311475,0.319672131147541,2,3,515,1,1,1,0.069301315,6.93,LOW
2026-07-01,618375,Improvement/Widening to 2-Lane with Paved Shoulder from design Km 45.760 to Km 63.530 between Shillong-Dawki under JICA ODA Loan assistance Phase-II -Balance work Pkg-4,Meghalaya,Roads & Highways,Ministry of Road Transport & Highways,(NHIDCL),445.51,42.39,53.21,9.514937936297729,49.05,4.160000000000004,42.32,0.0700000000000002,0.0681967213114754,0.0011475409836065,3,4,515,1,1,1,0.06924231,6.92,LOW
2026-07-01,618534,Construction of Six lane elevated flyover including reconstruction/rehabilitation of existing pavement from Km 426230 to Km 430500 Length 4.27 Km at Nirsa in the Barwa Adda Panagarh section of NH-19 from Km.398.240 to Km.521.120 including Panagarh Bypass in the State of Jharkhand on EPC Mode.,Jharkhand,Roads & Highways,Ministry of Road Transport & Highways,(NHAI),470.75,0.04,0.0,0.0084970791290493,0.0,0.0,0.89,-0.85,0.0,-0.0139344262295081,1,2,61,1,1,1,0.0691634,6.92,LOW
2026-07-01,617912,Construction of 6 lane flyover from Khapari ROB to Mihan Interchange design chainage km 8760 to 11450 L- 2.69 km and upgradation of existing 4L PS road to 6LPS with service road by flexible pavement design chainage km 11450 to 14500 L- 3.05 [total project length 5.74 km] in section of Nagpur - Hyderabad NH-44 Old NH-7 in Nagpur district in the state of Maharashtra on HAM mode.,Maharashtra,Roads & Highways,Ministry of Road Transport & Highways,(MoRTH),619.55,0.0,8.24,0.0,6.05,2.1900000000000004,0.0,0.0,0.0359016393442623,0.0,2,3,515,1,1,1,0.068939954,6.89,LOW
2026-07-01,618401,"Construction of Intermediate Lane with Hard Shoulder of Hunli to Hayuliang Package- III from design Km 60.000 to Km 121.500 Design Length 61.500 km, Greenfield Section of Frontier Highway NH-913 in the State of Arunachal Pradesh on EPC Mode Pkg-3",Arunachal Pradesh,Roads & Highways,Ministry of Road Transport & Highways,(NHIDCL),1418.67,0.0,1.7,0.0,1.7,0.0,0.0,0.0,0.0,0.0,2,3,515,1,1,1,0.06871263,6.87,LOW
2026-07-01,618524,Construction of 6 lane elevated corridor including its approaches from Km. 629880 to Km. 634470 Design Chainage of NH-16 in Ranasthalam Town portion in the state of Andhra Pradesh on EPC Mode under NHO.,Andhra Pradesh,Roads & Highways,Ministry of Road Transport & Highways,(NHAI),257.98,55.83,35.63,21.641212497092795,34.5,1.1300000000000026,46.41,9.420000000000002,0.0185245901639344,0.1544262295081967,1,2,61,1,1,1,0.06848883,6.85,LOW
2026-07-01,618592,"Balance work of 8 nos. of Elephant Underpasses EUPs, 1 no. of Vehicular Underpass VUP, 1 nos. of Light Vehicular Underpass LVUP, 1 nos. of Pedestrian Underpass PUP, 1 nos. of Foot Over Bridge FOB and A2 side approach of Jharpokharia Flyover at Km.215.270 in Baharagora-Singhara section of NH-49",Odisha,Roads & Highways,Ministry of Road Transport & Highways,(NHAI),320.64,54.79,22.85,17.087699600798402,18.0,4.850000000000001,33.71,21.08,0.0795081967213115,0.3455737704918032,2,3,515,1,1,1,0.06824852,6.82,LOW
2026-07-01,705244,Coach Production Factory Upgradation Project,Tamil Nadu,Railways,Ministry of Railways,(CPM/ICF),520.0,192.25,0.0,36.97115384615385,0.0,0.0,192.25,0.0,0.0,0.0,7,8,515,1,1,1,0.06737531,6.74,LOW
2026-07-01,619013,"Construction of Balance Work of 4-Laning of the Section from Jhanji to Demow of NH- 37 Old from Km 501.800 to Km 514.800 13.000 Km, under SARDP- NE under EPC Mode in the state of Assam Pkg-II Road Works",Assam,Roads & Highways,Ministry of Road Transport & Highways,(NHIDCL),508.76,111.01,73.88,21.81971853133108,47.34,26.539999999999992,58.12,52.89000000000001,0.4350819672131146,0.8670491803278689,2,3,515,1,1,1,0.06721017,6.72,LOW
2026-07-01,618345,Widening to 2-lane with Hard shoulder of Churachandpur to Tuivai Section from Km 48.587 to Km 69.875 in the State of Manipur on EPC mode under NHO Package-2B,Manipur,Roads & Highways,Ministry of Road Transport & Highways,(NHIDCL),365.53,195.73,88.2,53.54690449484311,85.09,3.1099999999999994,187.39,8.340000000000003,0.050983606557377,0.1367213114754099,3,4,515,1,1,1,0.066933766,6.69,LOW
2026-07-01,618088,Nandurshingote to Kolhar,Maharashtra,Roads & Highways,Ministry of Road Transport & Highways,(MoRTH),325.79,23.01,37.74,7.06283188557046,27.0,10.740000000000002,9.87,13.140000000000002,0.1760655737704918,0.2154098360655738,1,2,61,1,1,1,0.06690415,6.69,LOW
2026-07-01,171218,Amended BharatNet Program - PB,PAN India,Telecommunication,Department of Telecommunications,(Department of Telecommunications),1245.0,0.0,26.58,0.0,,,,,,,0,1,0,1,1,1,0.06668387,6.67,LOW
2026-07-01,617974,Rehabilitation and upgradation of 2 lane with paved shoulder from existing km. 195.175 to km. 220.000 Design Chainage km71.300 to Km. 95.947 Excluding existing chainage Km 200.300 to Km 202.400 Design chainage Km 76.400 to Km 78.400 on Dharasu to Yamunotri Road of NH- 134 Old NH-94,Uttarakhand,Roads & Highways,Ministry of Road Transport & Highways,(MoRTH),344.73,0.0,53.74,0.0,17.78,35.96,0.0,0.0,0.5895081967213115,0.0,2,3,515,1,1,1,0.06660904,6.66,LOW
2026-07-01,618044,Upgradation of Shahdol- Sagartola Section of NH 543 from km 0000 to km 69400 to 2 lane with paved shoulders under Hybrid Annuity Mode HAM in the State of Madhya Pradesh,Madhya Pradesh,Roads & Highways,Ministry of Road Transport & Highways,(MoRTH),851.4,0.0,0.0,0.0,0.0,0.0,0.0,0.0,0.0,0.0,1,2,61,1,1,1,0.06651225,6.65,LOW
2026-07-01,619004,"Construction of Dubrajpur Bypass with 4-lane configuration of length 5.676 km on NH- 60 new NH-14 from design chainage 0.00 existing km 316.135 on NH-60 to design chainage 5.676 existing km 320.980 on NH-60 in the district of Birbhum, West Bengal under Annual Plan 2022-23 in EPC Mode- reg. Job. No. 014-WB-2022- 23/518 .",West Bengal,Roads & Highways,Ministry of Road Transport & Highways,(MoRTH),560.79,0.03,5.5,0.005349596105494,3.5,2.0,0.0,0.03,0.0327868852459016,0.0004918032786885,2,3,515,1,1,1,0.06648181,6.65,LOW
2026-07-01,618886,Road Safety Improvement of Critical Junctions on MuzaffarnagarHaridwar Section of NH-334 from Km 143000 to Km 196000,"Multi-States (Uttar Pradesh, Uttarakhand)",Roads & Highways,Ministry of Road Transport & Highways,(NHAI),238.66,33.07,20.5,13.856532305371658,11.12,9.38,11.65,21.42,0.1537704918032787,0.3511475409836065,2,3,515,1,1,1,0.066422835,6.64,LOW
2026-07-01,618662,4L Vidisha Gyaraspur section of NH-146 from Design Chainage km 59475 existing chainage km 81240 to Design Chainage km 88361 existing chainage km 110.315,Madhya Pradesh,Roads & Highways,Ministry of Road Transport & Highways,(NHAI),980.2,96.41,11.1,9.835747806570089,1.7,9.4,0.81,95.6,0.1540983606557377,1.5672131147540982,1,2,61,1,1,1,0.06618697,6.62,LOW
2026-07-01,618076,Improvement and Widening two lannig with paved Shoulder of NH 127B from km 31.500 Goeragre to km 63.224 Package-II in state of Meghalaya,Meghalaya,Roads & Highways,Ministry of Road Transport & Highways,(MoRTH),504.0,0.0,2.5,0.0,2.5,0.0,0.0,0.0,0.0,0.0,2,3,515,1,1,1,0.066180944,6.62,LOW
2026-07-01,618593,Balance work of Rehabilitation and Upgradation to four laning of Baharagora Singhara section of NH-49 from Km.229.727 to Km.238.990 Length 9.263 Km. including construction of five nos. of Elephant Underpasses EUP and fourteen nos. of Animal Underpasses AUP inside the buffer zone of Similipal Tiger Reserve Area in Bangriposi Ghat section in the State of Odisha on EPC Mode,Odisha,Roads & Highways,Ministry of Road Transport & Highways,(NHAI),263.32,13.82,9.8,5.248367005924351,8.8,1.0,8.76,5.0600000000000005,0.0163934426229508,0.0829508196721311,1,2,61,1,1,1,0.06583791,6.58,LOW
2026-07-01,618843,Construction of two lane with paved shoulders bypass to Mungrabadshapur town starting from near Kodahu at Km 47/225 of NH-319D and ending near Nauwadandi at Km 219/720 of NH-31 under NHO in the state of Uttar Pradesh on EPC mode,Uttar Pradesh,Roads & Highways,Ministry of Road Transport & Highways,(NHAI),197.6,53.53,17.22,27.09008097165992,12.39,4.829999999999998,36.16,17.370000000000005,0.0791803278688524,0.2847540983606558,2,3,515,1,1,1,0.06581586,6.58,LOW
2026-07-01,618299,Improvement/Up-gradation of existing 2-Lane Road to 4-Lane Divided Highway from Daili to Kuraopokpi section of Imphal-Kohima road NH-02 Design Chainage from Km 274610 to Km 287000 in the state of Manipur on EPC mode Pkg-4B,Manipur,Roads & Highways,Ministry of Road Transport & Highways,(NHIDCL),268.98,0.0,56.16,0.0,55.15,1.009999999999998,0.0,0.0,0.0165573770491802,0.0,1,2,61,1,1,1,0.06544395,6.54,LOW
2026-07-01,618067,"Rehabilitation & Up-gradation from design Km. 0.000 to Km. 69.280 of NH-931 Pratapgarh - Amethi - Gauriganj -Musafirkhana to two lane with paved shoulder on Engineering, Procurement & Construction EpC mode in the State of Uttar Pradesh",Uttar Pradesh,Roads & Highways,Ministry of Road Transport & Highways,(MoRTH),1086.3,0.0,9.0,0.0,4.0,5.0,0.0,0.0,0.081967213114754,0.0,2,3,515,1,1,1,0.065415956,6.54,LOW
2026-07-01,618307,Rehabilitation and up-gradation of road from km 16.077 to km 43.935 total length 27.858 km of Lalchara-Kanchanpur section via Shivbari on NH-44A to 2 lane with paved shoulder in the state of Tripura on EPC Mode Pkg-2 under BharatMala Pariyojana Manu-Simlung -2,Tripura,Roads & Highways,Ministry of Road Transport & Highways,(NHIDCL),456.88,0.0,54.56,0.0,0.0,54.56,0.0,0.0,0.2573584905660377,0.0,2,3,515,1,1,1,0.06464462,6.46,LOW
2026-07-01,618061,"Strengthening, Widening & Up-gradation of newly declared NH-761 from NH- 61Junction-BelheAlkutiDevibhoyareNighojShirur, from Design chainage Km 0.000 to Km 37.970 from Single/Intermediate/2L to 2LPS in the State of Maharashtra on EPC Mode Length 37.970 Km",Maharashtra,Roads & Highways,Ministry of Road Transport & Highways,(MoRTH),386.16,57.06,62.5,14.776258545680546,56.86,5.640000000000001,30.86,26.200000000000003,0.0924590163934426,0.4295081967213115,2,3,515,1,1,1,0.064589515,6.46,LOW
2026-07-01,618112,"Improvement and up-gradation of NH-227B 84 Kosi Parikrama Marg Package I, from km 228.920 Jagarnathpur to Km 235.960/0.000 MakhaudaDham to Km 29.000 Sarpur in the State of Uttar Pradesh on EPC basis",Uttar Pradesh,Roads & Highways,Ministry of Road Transport & Highways,(MoRTH),912.5,1.9,7.0,0.2082191780821917,3.0,4.0,0.0,1.9,0.0655737704918032,0.0311475409836065,2,3,515,1,1,1,0.06447554,6.45,LOW
2026-07-01,618964,4 Laning of Sandalpur to Nasrullaganj Pkg-1 section of NH-146B Length 43.2 Km.,Madhya Pradesh,Roads & Highways,Ministry of Road Transport & Highways,(NHAI),1425.98,197.48,10.9,13.84872158094784,8.02,2.880000000000001,66.78,130.7,0.0472131147540983,2.142622950819672,2,3,515,1,1,1,0.064220354,6.42,LOW
2026-07-01,617408,NATHDWARA- NATHDWARA TOWN NL,Rajasthan,Railways,Ministry of Railways,(North Western Railway [NWR]),166.33,112.55,15.0,67.66668670714844,15.0,0.0,109.96,2.5900000000000034,0.0,0.0424590163934426,5,6,515,1,1,1,0.06414044,6.41,LOW
2026-07-01,944288,Super accelerated cooling system (Uniform Cooling) for high strength plates in Plate Mill at BSP,Chhattisgarh,Steel,Ministry of Steel,(Steel Authority of India Limited (SAIL)),192.21,63.8,48.01,33.19286197388273,,,,,,,0,1,0,1,1,1,0.063879035,6.39,LOW
2026-07-01,612186,350 Bedded [Upgradable to 500 beds] ESI Hospital at Sanand,Gujarat,Healthcare,Ministry of Labour and Employment,(Employee's State Insurance Company [ESIC]),558.12,55.81,21.5,9.99964165412456,21.0,0.5,55.81,0.0,0.0081967213114754,0.0,5,6,515,1,1,1,0.06349288,6.35,LOW
2026-07-01,618189,Widening to two lane with paved shoulder of NH-73New spur road Ujire - Dharmasthala - Periyashanthi in the State of Karnataka under NHO on HAM Mode Job No. NH-73Spur-KNT-2023-24-996,Karnataka,Roads & Highways,Ministry of Road Transport & Highways,(MoRTH),613.65,0.0,23.16,0.0,0.0,23.16,0.0,0.0,0.379672131147541,0.0,1,2,61,1,1,1,0.06329698,6.33,LOW
2026-07-01,617950,Construction of Srinivasapura Bypass from existing Km 453.890 Design Ch. 0000 to existing Km 461.450 Design Ch 10080 on NH-69 in the State of Karnataka Under NH O in EPC mode under Annual Plan 2022-23 NH-69-KNT-2022-23-966 dated 22.11.2022,Karnataka,Roads & Highways,Ministry of Road Transport & Highways,(MoRTH),204.42,0.0,20.0,0.0,0.0,20.0,0.0,0.0,0.3278688524590163,0.0,2,3,515,1,1,1,0.06303441,6.3,LOW
2026-07-01,618003,Construction of four lane ROB and its approaches in lieu of existing Level Crossing No. RV-71 at km 435 on NH-217 New NH-353 at Khariar including land acquisition under NHO in Annual Plan 2021-22 for the state of Odisha for F.Y. 2021-22 to F.Y 2033-34,Odisha,Roads & Highways,Ministry of Road Transport & Highways,(MoRTH),154.49,25.17,90.0,16.292316654799663,72.0,18.0,22.32,2.8500000000000014,0.2950819672131147,0.0467213114754098,3,4,515,1,1,1,0.06291654,6.29,LOW
2026-07-01,400047,Doubling of Lingaraj SILO connectivity of NTPC line and augmentation of NTPC exchange yard and NTPC Block Cabin.,Odisha,Railways,Ministry of Railways,(East Coast Railway [ECoR] - II),210.0,41.17,53.0,19.604761904761904,52.0,1.0,39.31,1.8599999999999997,0.0163934426229508,0.0304918032786885,3,4,515,1,1,1,0.06286595,6.29,LOW
2026-07-01,611957,"Phase III A works at IIT Indore [03 Hostels, 01 Studio Apartment, 01 Housing, Heavy & Sophisticated lab complex, Academic POD and Infrastructure for center of excellence]",Madhya Pradesh,Education,Department of Higher Education,"(Indian Institute of Technology, Indore)",496.28,97.35,65.0,19.615942613041028,58.0,7.0,78.35,19.0,0.1147540983606557,0.3114754098360656,7,8,515,1,1,1,0.06250677,6.25,LOW
2026-07-01,617898,New construction of Major Bridge with Approaches from Km 0.000 to 1.200 Madhopur -Badabanta section of NH-20 under NHO in Annual Plan 2022-23 in the State of Odisha,Odisha,Roads & Highways,Ministry of Road Transport & Highways,(MoRTH),199.5,0.32,0.0,0.1604010025062656,0.0,0.0,0.1,0.22,0.0,0.0036065573770491,1,2,61,1,1,1,0.06196449,6.2,LOW
2026-07-01,613785,Redevelopment of New Delhi Railway Station and construction of associated infrastructure,Delhi,Railways,Ministry of Railways,(Rail Land Development Authority),4744.0,355.8,6.0,7.5,3.0,3.0,257.53,98.27000000000004,0.0491803278688524,1.6109836065573775,7,8,515,1,1,1,0.061948158,6.19,LOW
2026-07-01,618147,Widening to 2 Lane with Paved Shoulders from design Km 103.200 Existing Km 103.200 to design Km 116.700 Existing Km 118.470 on AP/KNT Border to Sira Section of NH-544E in the State of Karnatakaon EPC mode under Annual plan 2022- 23,Karnataka,Roads & Highways,Ministry of Road Transport & Highways,(MoRTH),166.58,42.48,65.0,25.501260655540875,40.0,25.0,35.33,7.149999999999999,0.4098360655737705,0.1172131147540983,1,2,61,1,1,1,0.06139644,6.14,LOW
2026-07-01,618187,"Rehabilitation and upgradation of Salon - Jais - Jagdishpur Road section of NH-931A, from design Chainage km 0.000 to km 5.740 to four lane divided carriageway and from design Chainage km 5.740 to km 53.500 to two lane with paved Total length km 53.500 along with One time improvement in 04 no's of realigned/bypassed built-up areas in a total length of 9.732 km in the state of Uttar Pradesh on EPC mode",Uttar Pradesh,Roads & Highways,Ministry of Road Transport & Highways,(MoRTH),947.15,0.0,8.0,0.0,4.0,4.0,0.0,0.0,0.0655737704918032,0.0,2,3,515,1,1,1,0.061151784,6.12,LOW
2026-07-01,706860,Barauni-Bachwara [16 km] - 3rd & 4th line incl. Barauni yard remodelling [32 km],Bihar,Railways,Ministry of Railways,(East Central Railway [ECR] - I),645.0,54.13,56.9,8.392248062015504,56.7,0.1999999999999957,47.53,6.600000000000001,0.00327868852459,0.1081967213114754,6,7,515,1,1,1,0.061053894,6.11,LOW
2026-07-01,701668,Development of Palakkad Node under extension of CBIC to Kochi,Kerala,Real Estate,Department for Promotion of Industry & Internal Trade,(National Industrial Corridor Development Corporation),3805.0,0.0,5.25,0.0,1.0,4.25,0.0,0.0,0.0696721311475409,0.0,1,2,61,1,1,1,0.060863566,6.09,LOW
2026-07-01,619045,Construction of New Double Tier 4L Elevated Corridor from Chennai Port to Maduravoyal in Chennai District from km -0.342 to Km 20.593 and Package IV from Km 14.185 to Km 20.593,Tamil Nadu,Roads & Highways,Ministry of Road Transport & Highways,(NHAI),1205.4,86.0,8.58,7.134561141529783,7.91,0.6699999999999999,62.01,23.99,0.010983606557377,0.3932786885245902,1,2,61,1,1,1,0.060482856,6.05,LOW
2026-07-01,617997,Widening of existing 2 lane to 4 lane with paved shoulder from Designed km 25.15 to km 56.70 Except Km 52.70 to 53.50 of NH-169 Nellisara Camp to Thirthahalli of NH- 169 on Shimoga-Mangalore section in the state of Karnataka on EPC mode under Annual plan 2022-23 NH-169-KNT-2022-23-978 dated 08.03.2023,Karnataka,Roads & Highways,Ministry of Road Transport & Highways,(MoRTH),538.71,14.63,6.0,2.7157468767982773,6.0,0.0,0.28,14.35,0.0,0.2352459016393442,1,2,61,1,1,1,0.060355924,6.04,LOW
2026-07-01,618092,Up-gradation to 2 lane with paved shoulder from Neechli Oden Nathdwara at Design Km 88.800 existing km 55.95 to Bhatewar at Design Km 142.028 existing km 0.00 of NH-162E in the State of Rajasthan on EPC mode.,Rajasthan,Roads & Highways,Ministry of Road Transport & Highways,(MoRTH),606.61,0.0,60.39,0.0,52.5,7.890000000000001,0.0,0.0,0.1293442622950819,0.0,2,3,515,1,1,1,0.05950108,5.95,LOW
2026-07-01,437130,"Amended BharatNet Program - J&K, LAD",PAN India,Telecommunication,Department of Telecommunications,(Department of Telecommunications),1621.0,170.05,8.28,10.490438001233809,,,,,,,0,1,0,1,1,1,0.05947961,5.95,LOW
2026-07-01,618950,Construction of Bypass to NH-114A Connecting NH-333 and NH-133 Deoghar Bypass from design km 0.000 to design Km 49.000,Jharkhand,Roads & Highways,Ministry of Road Transport & Highways,(NHAI),1565.47,55.24,9.0,3.528652736877743,5.02,3.98,48.97,6.270000000000003,0.0652459016393442,0.1027868852459017,2,3,515,1,1,1,0.059108816,5.91,LOW
2026-07-01,617945,Balance work of NH-66 from design Km 84/00 to Km 87/100 Indapur Bypass and Km 91/600 to Km 99/100 Mangaon Bypass to four lane with paved shoulder in State of Maharashtra under NHO on EPC Mode.,Maharashtra,Roads & Highways,Ministry of Road Transport & Highways,(MoRTH),354.21,0.0,66.44,0.0,52.09,14.349999999999994,0.0,0.0,0.2352459016393441,0.0,2,3,515,1,1,1,0.058897793,5.89,LOW
2026-07-01,618041,Rehabilitation and upgrading to two lanes with paved shoulders and Strengthening of Kotdwar-Pauri-Srinagar road section from Km 232.00 to 274.470 on NH-119 New 534 Paidul to Srinagar in the State of Uttarakhand on EPC Mode under NHO Annual Plan 2021-22.,Uttarakhand,Roads & Highways,Ministry of Road Transport & Highways,(MoRTH),299.31,0.0,2.0,0.0,2.0,0.0,0.0,0.0,0.0,0.0,2,3,515,1,1,1,0.058498766,5.85,LOW
2026-07-01,400165,SUBHADRA OCP,Odisha,Coal,Ministry of Coal,(Mahanadi Coalfields Limited [MCL]),1693.81,1331.36,46.27,78.6014960355648,45.57,0.7000000000000028,1329.14,2.2199999999998,0.0114754098360656,0.0363934426229475,7,8,515,1,1,1,0.058315925,5.83,LOW
2026-07-01,618185,Widening to 2LPS from Km 0.000 to 37.850 Except Ex. Km 24.45 to 27.20 of NH-766c Byndoor-Ranebennur Section in the state of Karnataka on EPC Mode under Annual Plan 2022-23 NH-766C-KNT-2022-23-969 dated 30.12.2022,Karnataka,Roads & Highways,Ministry of Road Transport & Highways,(MoRTH),394.95,0.0,12.0,0.0,0.0,12.0,0.0,0.0,0.1967213114754098,0.0,2,3,515,1,1,1,0.05807443,5.81,LOW
2026-07-01,618083,Construction of byepass around Lohardaga town of NH-143A in the Sate of Jharkhand under EPC mode.,Jharkhand,Roads & Highways,Ministry of Road Transport & Highways,(MoRTH),458.78,2.32,5.0,0.5056890012642224,3.0,2.0,0.0,2.32,0.0327868852459016,0.0380327868852458,1,2,61,1,1,1,0.05732703,5.73,LOW
2026-07-01,617727,Orvakal Industrial Area,Andhra Pradesh,Real Estate,Department for Promotion of Industry & Internal Trade,(NICDC),2786.0,278.6,12.81,10.0,6.14,6.670000000000001,112.0,166.60000000000002,0.1093442622950819,2.731147540983607,1,2,61,1,1,1,0.057012532,5.7,LOW
2026-07-01,618113,"Improvement and up-gradation of NH-227B 84 Kosi Parikrama Marg Package III, from Km.47.800 Gosaiganj to Km.73.300 Bikapur in the State of Uttar Pradesh on EPC basis.",Uttar Pradesh,Roads & Highways,Ministry of Road Transport & Highways,(MoRTH),587.97,61.19,43.46,10.406993554092896,28.0,15.46,37.42,23.77,0.2534426229508197,0.3896721311475409,2,3,515,1,1,1,0.056883316,5.69,LOW
2026-07-01,601812,Development of Zaheerabad Node under Hyderabad Nagpur Industrial Corridor,Telangana,Real Estate,Department for Promotion of Industry & Internal Trade,(National Industrial Corridor Development Corporation),2360.0,42.89,3.58,1.817372881355932,0.3,3.28,0.0,42.89,0.0537704918032786,0.7031147540983607,1,2,61,1,1,1,0.05684807,5.68,LOW
2026-07-01,617890,Construction of Champawat Bypass with two lane with paved shoulder configuration starting from existing chainage 121.700 to existing chainage 129.450 Design Length 9.847 of NH-125 in District-Champawat in the state of Uttrakhand on EPC mode.,Uttarakhand,Roads & Highways,Ministry of Road Transport & Highways,(MoRTH),220.89,0.0,8.0,0.0,5.0,3.0,0.0,0.0,0.0491803278688524,0.0,2,3,515,1,1,1,0.056723975,5.67,LOW
2026-07-01,618247,Construction of 4 lane Mirzapur bypass including bridge over river Ganga from km 0.000 to km 15.000 of NH 135A in the State of Uttar Pradesh on HAM Mode.,Uttar Pradesh,Roads & Highways,Ministry of Road Transport & Highways,(MoRTH),1708.62,0.0,5.5,0.0,2.0,3.5,0.0,0.0,0.0573770491803278,0.0,2,3,515,1,1,1,0.05659221,5.66,LOW
2026-07-01,618303,Widening/Improvement to 2-lane with earthen shoulder of Yaingangpokpi - Finch corner road section of NH-202 from Km 0.000 to Km 16.900 of NH-202 in the state of Manipur on EPC mode Package-1,Manipur,Roads & Highways,Ministry of Road Transport & Highways,(NHIDCL),222.77,0.0,88.96,0.0,88.85,0.1099999999999994,0.0,0.0,0.0018032786885245,0.0,3,4,515,1,1,1,0.056445282,5.64,LOW
2026-07-01,400204,Bahraich-Shravasti-Balrampur-Siddharthnagar -Santkabir nagar,Uttar Pradesh,Railways,Ministry of Railways,(North Eastern Railway [NER]),4939.78,1086.23,13.1,21.989440825299912,8.9,4.199999999999999,1055.82,30.41000000000008,0.0688524590163934,0.4985245901639357,7,8,515,1,1,1,0.056228135,5.62,LOW
2026-07-01,108841,"Amended BharatNet Program - KTK, GOA, PY",PAN India,Telecommunication,Department of Telecommunications,(Department of Telecommunications),3742.0,435.31,0.0,11.633083912346338,,,,,,,0,1,0,1,1,1,0.056101657,5.61,LOW
2026-07-01,709781,Revamping / Augmentation of Facilities at Mathura Bitumen Plant,Uttar Pradesh,Oil & Gas,Ministry of Petroleum & Natural Gas,(MinistryofPetroleumNaturalGas),260.12,24.1,55.7,9.2649546363217,52.3,3.4000000000000057,20.15,3.950000000000003,0.0557377049180328,0.0647540983606557,7,8,515,1,1,1,0.056077693,5.61,LOW
2026-07-01,617185,Transmission System for Integration of Kurnool-IV REZ Phase-I [for 4.5 GW] [POWERGRID Kurnool-IV Transmission Limited],"Multi-States (Andhra Pradesh, Karnataka)",Transmission & Distribution,Ministry of Power,(Power Grid Corporation of India Limited [POWERGRID]),5550.0,1595.07,24.88,28.74,17.86,7.02,943.5,651.5699999999999,0.1150819672131147,10.681475409836064,7,8,515,1,1,1,0.05497246,5.5,LOW
2026-07-01,976009,"Amended BharatNet Program - ARP, NGL, MNP",PAN India,Telecommunication,Department of Telecommunications,(Department of Telecommunications),1168.0,123.28,0.61,10.554794520547944,,,,,,,0,1,0,1,1,1,0.05462797,5.46,LOW
2026-07-01,617988,Sangameswaram - Atmakuru section from Km 96 to Km 124 & Velegodu- Nandyal section including Nandyal Bypass from Km 143/6 to 185/9 NH-167K,Andhra Pradesh,Roads & Highways,Ministry of Road Transport & Highways,(MoRTH),776.17,0.0,35.6,0.0,20.94,14.66,0.0,0.0,0.240327868852459,0.0,2,3,515,1,1,1,0.054220196,5.42,LOW
2026-07-01,615183,KHADIA EXPANSION [10 TO 16 MTP,"Multi-States (Madhya Pradesh, Uttar Pradesh)",Coal,Ministry of Coal,(NCL - CIL),491.67,379.69,57.12,77.22456118941567,55.57,1.5499999999999972,276.75,102.94,0.0254098360655737,1.6875409836065574,7,8,515,1,1,1,0.05370241,5.37,LOW
2026-07-01,702674,"ESR - 8 nos., distribution system - 216 Km, new house service connections - 38760 nos. upgrading of feeder mains, pumping station etc. - Phase II",Andhra Pradesh,Waste & Water,Ministry of Housing & Urban Affairs,(Ministry of Housing & Urban Affairs),172.22,88.86,82.0,51.59679479735222,82.0,0.0,88.86,0.0,0.0,0.0,6,7,515,1,1,1,0.053636126,5.36,LOW
2026-07-01,618117,Upgradation to 2-Lane with Paved Shoulder from Design Km 36300 to Design Chainage 47918 and from Design Ch 69900 to Design Ch 83940 of NH-248A Natni Ka Bara in the State of Rajasthan on EPC Mode.,Rajasthan,Roads & Highways,Ministry of Road Transport & Highways,(MoRTH),154.89,15.13,23.0,9.768222609593908,23.0,0.0,11.94,3.1900000000000013,0.0,0.0522950819672131,1,2,61,1,1,1,0.053291764,5.33,LOW
2026-07-01,425828,Stamp Charge Battery No.12 Coke Dry Cooling Plant at IISCO Steel Plant,West Bengal,Steel,Ministry of Steel,(Steel Authority of India Limited (SAIL)),706.51,132.26,11.87,18.72018796620005,,,,,,,0,1,0,1,1,1,0.05313183,5.31,LOW
2026-07-01,618176,Rehabilitation and upgradation from ch km 50/200 to 56/800 and km 62/600 to 100/403 of Kolde to Visarwadi Near Junction with NH-6 section of NH 752G total length 44.40 to two-lane with paved shoulder / four lanes in the State of Maharashtra on EPC mode.,Maharashtra,Roads & Highways,Ministry of Road Transport & Highways,(MoRTH),349.08,25.6,35.45,7.333562507161682,21.6,13.85,0.0,25.6,0.2270491803278689,0.419672131147541,2,3,515,1,1,1,0.052355025,5.24,LOW
2026-07-01,618818,4L Access Controlled Greenfield Highway section on NH-163G Khammam Vijayawada from Remidicherla village at Design Ch. 280.200 Km to Jakkampudi village on NH-16 at Design Ch. 309.909 Km Package-III,"Multi-States (Andhra Pradesh, Telangana)",Roads & Highways,Ministry of Road Transport & Highways,(NHAI),1183.23,228.66,4.37,19.325067822823964,2.8,1.5700000000000005,1.28,227.38,0.0257377049180327,3.727540983606557,1,2,61,1,1,1,0.051553145,5.16,LOW
2026-07-01,617206,Delhi Metro Rail Phase-IV [Rithala - Kundli Corridor],"Multi-States (Delhi, Haryana)",Urban Public Transport,Ministry of Housing & Urban Affairs,(Delhi Metro Rail Corporation Limited [DMRC]),6230.99,570.13,3.02,9.149910367373405,0.0,3.02,72.98,497.15,0.0495081967213114,8.15,7,8,515,1,1,1,0.05141442,5.14,LOW
2026-07-01,618254,Construction of Paderu bypass Km 0000 to Km 13000 of 2- lane with paved shoulder on NH-516E,Andhra Pradesh,Roads & Highways,Ministry of Road Transport & Highways,(MoRTH),244.43,21.96,13.0,8.984167246246368,13.0,0.0,11.67,10.29,0.0,0.1686885245901639,3,4,515,1,1,1,0.05132519,5.13,LOW
2026-07-01,618028,"Construction of Bypass at Kuknoor, Yelburga, Gajendragada of Bhanapur Gaddanakeri section of NH-367 in the State of Karnataka under NHO on EPC mode under Annual Plan 2022-23. NH-367-KNT-2022-23-973 dated 08.02.2023",Karnataka,Roads & Highways,Ministry of Road Transport & Highways,(MoRTH),333.96,63.57,36.0,19.03521379805965,20.0,16.0,40.61,22.96,0.2622950819672131,0.3763934426229508,1,2,61,1,1,1,0.051211923,5.12,LOW
2026-07-01,619102,4 L of China Orampadu-Renigunta section of NH-716 Package-II of Kadapa- Renigunta section,Andhra Pradesh,Roads & Highways,Ministry of Road Transport & Highways,(NHAI),1500.11,120.46,0.0,8.030077794295085,0.0,0.0,0.17,120.29,0.0,1.9719672131147536,1,2,61,1,1,1,0.05120063,5.12,LOW
2026-07-01,619295,Four/Six laning of Bhaniyawala-Jollygrant-Rishikesh spur section of NH-07 from Km. 0.000 to Km 19.780,Uttarakhand,Roads & Highways,Ministry of Road Transport & Highways,(NHAI),742.43,12.47,0.0,1.679619627439624,0.0,0.0,0.45,12.02,0.0,0.1970491803278688,1,2,61,1,1,1,0.05107504,5.11,LOW
2026-07-01,615337,Additional Transmission System for evacuation of Power from Bhadla-III PS as part of Rajasthan REZ Phase III Scheme [20 GW] [SPV Name POWERGRID Bhadla-III Power Transmission Limited],Rajasthan,Transmission & Distribution,Ministry of Power,(Power Grid Corporation of India Limited [POWERGRID]),369.0,228.78,82.1,62.0,63.85,18.249999999999996,210.33,18.44999999999999,0.2991803278688523,0.3024590163934424,7,8,515,1,1,1,0.051061746,5.11,LOW
2026-07-01,619029,Transmission System for Reliable Power Supply to Dholera,Gujarat,Transmission & Distribution,Ministry of Power,(Power Grid Corporation of India Limited [POWERGRID]),319.42,63.88,31.0,19.998747730261098,18.0,13.0,51.1,12.78,0.2131147540983606,0.2095081967213115,2,3,515,1,1,1,0.05105062,5.11,LOW
2026-07-01,618931,4L PS from Ch. 179.780 in Bitada/Movi Village to Ch. 208.900 in Nasarpore Village of NH-56 Pkg-V,Gujarat,Roads & Highways,Ministry of Road Transport & Highways,(NHAI),764.02,79.56,7.59,10.413339964922384,2.6,4.99,25.82,53.74,0.0818032786885245,0.8809836065573771,2,3,515,1,1,1,0.050977983,5.1,LOW
2026-07-01,709815,4TH LINE - BHATAPARA-HATHBAND [8.8 KM] [PB-72/NR/2022-23],Chhattisgarh,Railways,Ministry of Railways,(SECR),177.03,12.3,18.0,6.947974919505169,16.0,2.0,4.8,7.500000000000001,0.0327868852459016,0.1229508196721311,7,8,515,1,1,1,0.050846927,5.08,LOW
2026-07-01,612876,"Construction of Permanent Campus for NIT Mizoram at Lengpui, Aizawl",Mizoram,Education,Department of Higher Education,(NIT Mizoram),474.23,167.55,4.0,35.33095755224258,4.0,0.0,167.55,0.0,0.0,0.0,7,8,515,1,1,1,0.050424375,5.04,LOW
2026-07-01,618933,Construction of 6 lane Indore western bypass from km 34000 to Km 64000 Pkg-II in the state of Madhya Pradesh on Hybrid Annuity Mode under NHO,Madhya Pradesh,Roads & Highways,Ministry of Road Transport & Highways,(NHAI),1430.56,662.12,17.5,46.283972709987694,0.0,17.5,8.62,653.5,0.2868852459016393,10.71311475409836,1,2,61,1,1,1,0.050141823,5.01,LOW
2026-07-01,619223,Petro Resid Fluidized Catalytic Cracking [PRFCC] Unit and its associated facilities at Mumbai Refinery,Maharashtra,Oil & Gas,Ministry of Petroleum & Natural Gas,(Ministry of Petroleum & Natural Gas),13626.0,81.87,6.1,0.6008366358432409,4.4,1.6999999999999993,55.4,26.47000000000001,0.0278688524590163,0.4339344262295083,1,2,61,1,1,1,0.049908914,4.99,LOW
2026-07-01,505491,Installation of 140 TPH Walking Beam type Reheating Furnace in Plate Mill at BSP,Chhattisgarh,Steel,Ministry of Steel,(Steel Authority of India Limited (SAIL)),268.36,0.0,0.0,0.0,,,,,,,0,1,0,1,1,1,0.049859017,4.99,LOW
2026-07-01,617829,LPG Bottling Plant at Mualkhang,Mizoram,Energy Storage,Ministry of Petroleum & Natural Gas,(MinistryofPetroleumNaturalGas),225.71,30.84,33.0,13.66355057374507,32.0,1.0,22.78,8.059999999999999,0.0163934426229508,0.1321311475409836,4,5,515,1,1,1,0.04947605,4.95,LOW
2026-07-01,364934,Stamp Charge Battery No.12 By-product Plant at IISCO Steel Plant,West Bengal,Steel,Ministry of Steel,(Steel Authority of India Limited (SAIL)),999.46,70.37,18.72,7.040802033097873,,,,,,,0,1,0,1,1,1,0.049370926,4.94,LOW
2026-07-01,618671,4-lanning of Rahatgarh to Berkhedi section of NH-146 from Design Ch 124470 to Ch. 134.549,Madhya Pradesh,Roads & Highways,Ministry of Road Transport & Highways,(NHAI),618.33,53.13,12.07,8.592499150938819,5.08,6.99,5.01,48.120000000000005,0.1145901639344262,0.7888524590163936,2,3,515,1,1,1,0.049319144,4.93,LOW
2026-07-01,618641,4 Lane of CG/JH Border-Gumla from km 0.000 to km 32.370 of NH-43 in the State of Jhrkhand,Jharkhand,Roads & Highways,Ministry of Road Transport & Highways,(NHAI),1325.8,292.91,5.73,22.093075878714743,1.0,4.73,13.83,279.08000000000004,0.0775409836065573,4.575081967213116,1,2,61,1,1,1,0.049198173,4.92,LOW
2026-07-01,618633,4L of Kadapa China Orampadu section of NH-716 Package I of Kadapa-Renigunta section,Andhra Pradesh,Roads & Highways,Ministry of Road Transport & Highways,(NHAI),1732.66,105.77,2.3,6.104486742927059,0.0,2.3,0.03,105.74,0.0377049180327868,1.7334426229508195,1,2,61,1,1,1,0.048997037,4.9,LOW
2026-07-01,400187,INTEGRATED LAKHANPUR-BELPAHAR-,Odisha,Coal,Ministry of Coal,(Mahanadi Coalfields Limited [MCL]),2434.75,2030.9,82.5,83.41308142519766,79.05,3.450000000000003,2002.75,28.15000000000009,0.0565573770491803,0.461475409836067,7,8,515,1,1,1,0.048509184,4.85,LOW
2026-07-01,660056,Amended BharatNet Program - KL,PAN India,Telecommunication,Department of Telecommunications,(Department of Telecommunications),765.0,94.95,1.63,12.411764705882351,,,,,,,0,1,0,1,1,1,0.04833287,4.83,LOW
2026-07-01,618832,4L from Km 55.00 Kuru to Km 95.400 Udaipura on NH-75 Sec-I,Jharkhand,Roads & Highways,Ministry of Road Transport & Highways,(NHAI),1274.82,231.62,9.66,18.168839522442383,5.0,4.66,41.83,189.79,0.0763934426229508,3.1113114754098365,1,2,61,1,1,1,0.048323963,4.83,LOW
2026-07-01,612068,Jaipur Metro Phase 1D Project from Mansarovar to Ajmer Road Chauraha,Rajasthan,Urban Public Transport,Ministry of Housing & Urban Affairs,(Jaipur Metro Rail Corporation),204.81,23.34,12.48,11.395927933206384,12.48,0.0,23.34,0.0,0.0,0.0,1,2,61,1,1,1,0.048305668,4.83,LOW
2026-07-01,618619,Bypass on Western side of Gwalior City,Madhya Pradesh,Roads & Highways,Ministry of Road Transport & Highways,(NHAI),998.95,195.11,0.0,19.53150808348766,0.0,0.0,20.06,175.05,0.0,2.8696721311475413,2,3,515,1,1,1,0.04819457,4.82,LOW
2026-07-01,612845,Gauge Conversion of Pachora-Jamner with Extension upto Malkapur [Bodwad] [84.34 Kms],Maharashtra,Railways,Ministry of Railways,(Central Railway [CR] - II),955.39,13.99,10.0,1.464323469996546,10.0,0.0,13.97,0.0199999999999995,0.0,0.000327868852459,1,2,61,1,1,1,0.04774514,4.77,LOW
2026-07-01,400160,RAJRAPPA RCE OCP,Jharkhand,Coal,Ministry of Coal,(CCL - CIL),510.85,489.2,75.61,95.76196535186452,78.25,-2.640000000000001,488.71,0.4900000000000091,-0.0432786885245901,0.008032786885246,7,8,515,1,1,1,0.047627717,4.76,LOW
2026-07-01,611971,Samni Jambusar 24 km,Gujarat,Railways,Ministry of Railways,(PCE/WR),350.0,80.49,31.0,22.99714285714285,31.0,0.0,71.06,9.429999999999993,0.0,0.1545901639344261,7,8,515,1,1,1,0.047501132,4.75,LOW
2026-07-01,616983,Kosamba Umarpada GC PROJECT,Gujarat,Railways,Ministry of Railways,(Ministry of Railways-),467.58,70.54,16.0,15.08618845972882,16.0,0.0,70.54,0.0,0.0,0.0,1,2,61,1,1,1,0.04684669,4.68,LOW
2026-07-01,617279,Transmission System for evacuation of power from Mahan Energen Limited Generating Station in Madhya Pradesh [SPV Name - POWERGRID MEL Power Transmission Limited],Madhya Pradesh,Transmission & Distribution,Ministry of Power,(Power Grid Corporation of India Limited [POWERGRID]),558.0,180.9,15.11,32.41935483870968,9.75,5.359999999999999,50.22,130.68,0.0878688524590163,2.1422950819672133,7,8,515,1,1,1,0.046592023,4.66,LOW
2026-07-01,616841,PUSHKAR- MERTA CITY NEW LINE,Rajasthan,Railways,Ministry of Railways,(North Western Railway [NWR]),799.64,224.71,8.0,28.101395628032616,8.0,0.0,131.75,92.96,0.0,1.5239344262295085,7,8,515,1,1,1,0.046463955,4.65,LOW
2026-07-01,707419,IMC at Prayagraj,Uttar Pradesh,Real Estate,Department for Promotion of Industry & Internal Trade,(National Industrial Corridor Development Corporation),658.0,75.63,22.54,11.493920972644377,6.5,16.04,0.0,75.63,0.2629508196721311,1.2398360655737704,1,2,61,1,1,1,0.046306327,4.63,LOW
2026-07-01,618319,"4-Laning of Sethawn - N. Kawnpui section Package-6 of NH-6 from Existing Chainage km 107850 to km 126315 Design Chainage km 95500 to km 111850 on Silchar- Vairengte- Sairang road, Vairengte - Sairang Pkg-6",Mizoram,Roads & Highways,Ministry of Road Transport & Highways,(NHIDCL),595.65,173.14,6.72,29.067405355494,6.72,0.0,21.02,152.11999999999998,0.0,2.493770491803278,2,3,515,1,1,1,0.04616253,4.62,LOW
2026-07-01,617822,ATF Pipeline from BPCLs Malkapur POL Installation to Hyderabad International airport,Telangana,Oil & Gas,Ministry of Petroleum & Natural Gas,(MinistryofPetroleumNaturalGas),215.0,45.99,26.1,21.390697674418604,24.7,1.400000000000002,45.69,0.3000000000000042,0.0229508196721311,0.0049180327868853,4,5,515,1,1,1,0.04603401,4.6,LOW
2026-07-01,611699,186 MW Tato-I H E Project,Arunachal Pradesh,Electricity Generation,Ministry of Power,(North Eastern Electric Power Corporation Limited),1750.07,78.38,5.1,4.478677995737313,5.04,0.0599999999999996,73.91,4.469999999999999,0.000983606557377,0.0732786885245901,7,8,515,1,1,1,0.04569201,4.57,LOW
2026-07-01,617764,North Dhadu Western Part OCP,Jharkhand,Coal,Ministry of Coal,(NLC India Limited [NLCIL]),1354.2,228.36,40.0,16.86309260079752,40.0,0.0,141.98,86.38000000000002,0.0,1.416065573770492,1,2,61,1,1,1,0.04568145,4.57,LOW
2026-07-01,618805,6L Connectivity to Port Road from Sabbavaram Sheelanagar-NH516C,Andhra Pradesh,Roads & Highways,Ministry of Road Transport & Highways,(NHAI),977.33,127.79,6.3,13.07541976609743,4.0,2.3,64.7,63.09,0.0377049180327868,1.034262295081967,1,2,61,1,1,1,0.045657136,4.57,LOW
2026-07-01,618961,4 Lane Inner Ring Road around Allahabad City Pkg-1 Prayagraj Southern Bypass 34.400 43.200,Uttar Pradesh,Roads & Highways,Ministry of Road Transport & Highways,(NHAI),775.94,42.97,18.5,5.537799314379977,4.44,14.06,15.11,27.86,0.2304918032786885,0.4567213114754098,2,3,515,1,1,1,0.045629118,4.56,LOW
2026-07-01,618871,4L PS from Near Guddehosur to Start of Kushalnagara Bypass to near Hemmige Village Periyapatna - Hassan Road Jn from Km. 122.200 to Km. 144.900 of NH-275 Pkg. II,Karnataka,Roads & Highways,Ministry of Road Transport & Highways,(NHAI),909.86,313.21,13.61,34.423977315191344,7.18,6.43,32.64,280.57,0.1054098360655737,4.599508196721311,2,3,515,1,1,1,0.045225825,4.52,LOW
2026-07-01,708687,Amended BharatNet Program - UP (West),Uttar Pradesh,Telecommunication,Department of Telecommunications,(Department of Telecommunications),1917.0,183.16,0.0,9.55451225873761,,,,,,,0,1,0,1,1,1,0.04517122,4.52,LOW
2026-07-01,618140,Widening to two/four lane with paved shoulders from Km.34.250 to Km.71.830 of NH- 365A on Kodad-Khammam-Kurvi road.,Telangana,Roads & Highways,Ministry of Road Transport & Highways,(MoRTH),445.76,18.32,9.39,4.109834888729361,10.8,-1.41,18.32,0.0,-0.0231147540983606,0.0,1,2,61,1,1,1,0.045142375,4.51,LOW
2026-07-01,618038,Construction of Shopian Bypass on NH-444 taking off from existing chainage Km 36500 and re-joining at km 47588 of existing Chainage New Design Ch. From km 28000 to km 36925 as 2- lane with paved shoulder in the UT of Jammu & Kashmir on EPC mode.,Jammu and Kashmir,Roads & Highways,Ministry of Road Transport & Highways,(MoRTH),224.44,0.0,3.0,0.0,3.0,0.0,0.0,0.0,0.0,0.0,2,3,515,1,1,1,0.04445627,4.45,LOW
2026-07-01,611698,240MW Heo HE Project,Arunachal Pradesh,Electricity Generation,Ministry of Power,(North Eastern Electric Power Corporation Limited),1938.85,105.5,6.33,5.4413698842097125,4.95,1.38,96.94,8.560000000000002,0.0226229508196721,0.140327868852459,7,8,515,1,1,1,0.04408639,4.41,LOW
2026-07-01,612815,4th line between Nipania Bhatapara 14.4 Km,Chhattisgarh,Railways,Ministry of Railways,(South East Central Railway [SECR] - II),170.49,9.98,15.0,5.853715760455159,15.0,0.0,9.56,0.4199999999999999,0.0,0.0068852459016393,7,8,515,1,1,1,0.044014808,4.4,LOW
2026-07-01,619033,"1000 seater Boys hostel, 500 seater Girls hostel, 1.5 MLD Sewage Treatment Plant and Faculty Residence - 72 nos. Flats",Odisha,Education,Department of Higher Education,(NIT Rourkela),198.97,51.73,47.0,25.99889430567422,42.0,5.0,42.55,9.18,0.081967213114754,0.1504918032786885,2,3,515,1,1,1,0.04400343,4.4,LOW
2026-07-01,618016,"Upgradation of Ambikapur Ramanujganj - Garhwa Road NH 343 of Package-I, Rajpuri Khurd Village to Padih Village section from existing km 7.830 to km 57.650 Design Ch. 13.700 to Ch. 62.700 of total length 49.00 km to two lane with paved shoulders under EPC mode in the state of Chhattisgarh",Chhattisgarh,Roads & Highways,Ministry of Road Transport & Highways,(MoRTH),397.44,56.95,26.26,14.32920692431562,10.22,16.04,18.97,37.98,0.2629508196721311,0.6226229508196722,1,2,61,1,1,1,0.043942552,4.39,LOW
2026-07-01,618737,Grade separated Interchanges at Km. 113.730 junction with Ranchi Hazaribagh Road & Km. 139.225 junction with Ranchi Jamshedpur road on 4L Ranchi Bypass of NH-33,Jharkhand,Roads & Highways,Ministry of Road Transport & Highways,(NHAI),303.53,4.98,0.0,1.640694494778111,0.0,0.0,3.16,1.8200000000000005,0.0,0.0298360655737704,2,3,515,1,1,1,0.04355161,4.36,LOW
2026-07-01,618707,Additional works under BM1 to ensure road safety under 6L of Bengaluru Mysuru Access control with close toll from Km.17.300 to Km.136.300 of NH-275,Karnataka,Roads & Highways,Ministry of Road Transport & Highways,(NHAI),738.37,17.91,9.67,2.42561317496648,5.63,4.04,14.27,3.640000000000001,0.0662295081967213,0.0596721311475409,2,3,515,1,1,1,0.04323109,4.32,LOW
2026-07-01,617226,Pune Metro Phase-1 Extension line towards south from Swargate to Katraj,Maharashtra,Urban Public Transport,Ministry of Housing & Urban Affairs,(Maharashtra Metro Rail Corporation Limited [MMRCL]),2954.53,88.81,6.2,3.005892646207688,5.2,1.0,46.13,42.68,0.0163934426229508,0.699672131147541,7,8,515,1,1,1,0.04297044,4.3,LOW
2026-07-01,611970,Samlaya Timba Road 54 km,Gujarat,Railways,Ministry of Railways,(PCE/WR),670.17,47.46,12.0,7.08178521867586,12.0,0.0,45.86,1.6000000000000014,0.0,0.0262295081967213,7,8,515,1,1,1,0.04295727,4.3,LOW
2026-07-01,618030,Widening to 2 lane with paved shoulder from Km. 103.225 Pattadakal to Km. 133.00 Shirur cross of NH-367 in the state of Karnataka on EPC Mode.Job No. NH-367-KNT- 2021-22-934,Karnataka,Roads & Highways,Ministry of Road Transport & Highways,(MoRTH),264.14,3.78,0.0,1.4310592867418794,0.0,0.0,3.58,0.1999999999999997,0.0,0.0032786885245901,3,4,515,1,1,1,0.042311624,4.23,LOW
2026-07-01,618349,Balance work of Widening to 2 Two lane with hard shoulder of Churachandpur to Tuivai section of NH-102B from Design Chainage km 118850 to km 130000 Package- 4A in the State of Manipur on EPC Mode,Manipur,Roads & Highways,Ministry of Road Transport & Highways,(NHIDCL),204.12,0.0,24.66,0.0,21.39,3.27,0.0,0.0,0.0536065573770491,0.0,2,3,515,1,1,1,0.0418969,4.19,LOW
2026-07-01,618525,Construction of flyover at Gammon Junction at Km.903.265 on NH16 including vent at Diwancheruvu junction at Km.902.308 Blackspot ID No.AP03299 in Andhra Pradesh on EPC mode under NHO,Andhra Pradesh,Roads & Highways,Ministry of Road Transport & Highways,(NHAI),326.61,43.67,18.79,13.370686751783472,8.8,9.989999999999998,13.18,30.49,0.1637704918032786,0.4998360655737705,2,3,515,1,1,1,0.04161579,4.16,LOW
2026-07-01,616856,Doubling between Bhadrachalam Road and Dornakal,Telangana,Railways,Ministry of Railways,(South Central Railway [SCR] - II),770.12,87.94,0.06,11.418999636420295,0.05,0.0099999999999999,87.93,0.0099999999999909,0.0001639344262295,0.0001639344262293,7,8,515,1,1,1,0.04154121,4.15,LOW
2026-07-01,709771,"City Gas Distribution Project at Beed, Jalgaon and Jalna Districts",Maharashtra,Oil & Gas,Ministry of Petroleum & Natural Gas,(MinistryofPetroleumNaturalGas),865.0,84.85,3.4,9.809248554913294,3.4,0.0,78.67,6.179999999999993,0.0,0.1013114754098359,7,8,515,1,1,1,0.041529935,4.15,LOW
2026-07-01,706866,Sawaimadhopur Bye Pass Line Project,Rajasthan,Railways,Ministry of Railways,(North Western Railway [NWR]),304.0,93.09,77.0,30.621710526315795,72.0,5.0,83.03,10.060000000000002,0.081967213114754,0.1649180327868852,7,8,515,1,1,1,0.041412678,4.14,LOW
2026-07-01,619294,Road Safety Improvement of existing four lane section of Dehradun-Lal Tappar-Nepali Farm Section of NH-7 and Nepali Farm-Motichur NH-34 on EPC Mode in Uttarakhand under NHO.,Uttarakhand,Roads & Highways,Ministry of Road Transport & Highways,(NHAI),720.67,2.7,5.02,0.3746513660898886,1.0,4.02,1.6,1.1,0.0659016393442622,0.0180327868852459,1,2,61,1,1,1,0.041331783,4.13,LOW
2026-07-01,701745,New Suburba Station Development Project,Maharashtra,Urban Public Transport,Ministry of Housing & Urban Affairs,(ministry of housing and urban affairs),262.76,17.62,6.0,6.705739077485158,6.0,0.0,17.62,0.0,0.0,0.0,7,8,515,1,1,1,0.040937234,4.09,LOW
2026-07-01,709817,4th line - Dadhapara-Belha 9.2 km PB72/NR/2022-23,"Multi-States (Chhattisgarh, Maharashtra)",Railways,Ministry of Railways,(CAOC/SECR SECR mor),169.06,65.43,10.0,38.70223589258252,65.0,-55.0,22.52,42.91000000000001,-0.9016393442622952,0.7034426229508198,7,8,515,1,1,1,0.04092352,4.09,LOW
2026-07-01,175860,"Amended BharatNet Program - MP, DD and DNH",PAN India,Telecommunication,Department of Telecommunications,(Department of Telecommunications),4943.0,562.13,8.4,11.372243576775237,,,,,,,0,1,0,1,1,1,0.040848266,4.08,LOW
2026-07-01,317725,Amended BharatNet Program - OD,PAN India,Telecommunication,Department of Telecommunications,(Department of Telecommunications),1713.0,0.0,0.0,0.0,,,,,,,0,1,0,1,1,1,0.040819794,4.08,LOW
2026-07-01,222253,Amended BharatNet Program - UP (East),Uttar Pradesh,Telecommunication,Department of Telecommunications,(Department of Telecommunications),5008.0,502.0,0.0,10.023961661341852,,,,,,,0,1,0,1,1,1,0.040747147,4.07,LOW
2026-07-01,938832,Amended BharatNet Program - RJ,PAN India,Telecommunication,Department of Telecommunications,(Department of Telecommunications),2839.0,283.93,0.0,10.001056710109191,,,,,,,0,1,0,1,1,1,0.040523548,4.05,LOW
2026-07-01,618572,Binnaguri Bypass-Descoped portion of Ghoshpukur-Dhupguri Section of NH-31Dpkg-1,West Bengal,Roads & Highways,Ministry of Road Transport & Highways,(NHAI),309.99,2.17,2.58,0.7000225813735926,1.07,1.51,0.4,1.77,0.0247540983606557,0.0290163934426229,2,3,515,1,1,1,0.039945032,3.99,LOW
2026-07-01,400138,CHANDRAGUPT OCP,Jharkhand,Coal,Ministry of Coal,(CCL - CIL),973.5,772.12,25.11,79.31381612737545,24.86,0.25,440.75,331.37,0.0040983606557377,5.432295081967213,7,8,515,1,1,1,0.039828245,3.98,LOW
2026-07-01,618193,Widening of Existing Road to Two Lane with Paved Shoulder Configuration from Km 0.00 to 26.000 & Km 45.200 To 59.622 Of NH 365BB in the State of Andhra Pradesh Under Annual Plan 2023-24 through EPC Mode,Andhra Pradesh,Roads & Highways,Ministry of Road Transport & Highways,(MoRTH),368.63,62.43,22.55,16.93568076390961,22.55,0.0,37.37,25.06,0.0,0.4108196721311475,1,2,61,1,1,1,0.03960928,3.96,LOW
2026-07-01,240484,Amended BharatNet Program - AS,PAN India,Telecommunication,Department of Telecommunications,(Department of Telecommunications),832.0,83.16,0.0,9.995192307692308,,,,,,,0,1,0,1,1,1,0.039585542,3.96,LOW
2026-07-01,616879,Demo Bio-ATF Project,Karnataka,Oil & Gas,Ministry of Petroleum & Natural Gas,(Ministry of Petroleum & Natural Gas),364.0,85.56,51.1,23.505494505494507,47.4,3.700000000000003,71.1,14.460000000000008,0.060655737704918,0.2370491803278689,7,8,515,1,1,1,0.03955658,3.96,LOW
2026-07-01,615342,Augmentation of Transformation Capacity at jam Khambhaliya PS [GIS] [SPV Name POWERGRID Jam Khambhaliya Transmission Limited],Gujarat,Transmission & Distribution,Ministry of Power,(Power Grid Corporation of India Limited [POWERGRID]),329.0,51.98,18.0,15.799392097264436,13.5,4.5,36.19,15.79,0.0737704918032786,0.2588524590163934,7,8,515,1,1,1,0.03878772,3.88,LOW
2026-07-01,619225,Installation of Compression facility at GAIL Usar,Maharashtra,Oil & Gas,Ministry of Petroleum & Natural Gas,(Ministry of Petroleum & Natural Gas),260.2,0.0,0.0,0.0,0.0,0.0,0.0,0.0,0.0,0.0,1,2,61,1,1,1,0.038406704,3.84,LOW
2026-07-01,616600,Interception and Diversion and STP works in Bhagalpur under Hybrid annuity based PPP mode-Namami Gange Programme,Bihar,Waste & Water,"Department of Water Resources, River Development & GR",(National Mission for Clean Ganga),413.29,126.67,97.0,30.649180962520266,97.0,0.0,126.67,0.0,0.0,0.0,7,8,515,1,1,1,0.038248803,3.82,LOW
2026-07-01,618348,Balance work of Widening to 2 Two lane with hard shoulder of Churachandpur to Tuivai section of NH-102B from km 130.000 to km 141.029 Package-4B in the State of Manipur on EPC Mode,Manipur,Roads & Highways,Ministry of Road Transport & Highways,(NHIDCL),177.76,97.93,7.45,55.09113411341134,0.97,6.48,1.41,96.52,0.1062295081967213,1.5822950819672132,2,3,515,1,1,1,0.03819359,3.82,LOW
2026-07-01,619251,Construction of two lane with paved shoulder of Ghatol Bypass from km 133.250 to km 140.950 of NH-56 old NH No. 113 on EPC mode in the State of Rajasthan.,Rajasthan,Roads & Highways,Ministry of Road Transport & Highways,(MoRTH),170.49,0.0,11.0,0.0,0.0,11.0,0.0,0.0,0.180327868852459,0.0,1,2,61,1,1,1,0.037848268,3.78,LOW
2026-07-01,611945,Petlad-Bhadran 22.5 km,Gujarat,Railways,Ministry of Railways,(CAOCWR WR mor),307.11,18.9,17.0,6.154146722672657,17.0,0.0,18.9,0.0,0.0,0.0,7,8,515,1,1,1,0.037346106,3.73,LOW
2026-07-01,124199,Amended BharatNet Program - HR,PAN India,Telecommunication,Department of Telecommunications,(Department of Telecommunications),837.0,83.68,0.0,9.997610513739549,,,,,,,0,1,0,1,1,1,0.037327558,3.73,LOW
2026-07-01,619271,Construction of Elevated Corridor at Kherwara Town on Udaipur Ratanpur Shamlaji Section of NH-48 in Udaipur District in the State of Rajasthan on EPC mode,Rajasthan,Roads & Highways,Ministry of Road Transport & Highways,(NHAI),363.89,0.38,0.0,0.104427162054467,,,,,,,0,1,0,1,1,1,0.03719142,3.72,LOW
2026-07-01,619229,"Integrated development of Outer Container Terminal and berth No. 1 though 5 NSD at KDS, SMPK on DBFOT basis through PPP mode",West Bengal,Shipping,"Ministry of Ports, Shipping and Waterways",(Syama Prasad Mookerjee Port Kolkata),832.25,0.0,0.0,0.0,0.0,0.0,0.0,0.0,0.0,0.0,1,2,61,1,1,1,0.037059553,3.71,LOW
2026-07-01,618948,4L of NH-80 section of Mirza Chauki to Farakka section from existing km 190.00 to design km 200.75 junction at km 3.100 of NH 133 B and from existing km 260.00 to existing km 283.00 design km 274.133 in the state of Jharkhand package - II,"Multi-States (Jharkhand, West Bengal)",Roads & Highways,Ministry of Road Transport & Highways,(NHAI),782.18,202.69,5.64,25.913472602214327,4.3,1.34,22.95,179.74,0.021967213114754,2.9465573770491806,2,3,515,1,1,1,0.03701843,3.7,LOW
2026-07-01,618981,810 MW Solar Power Project - Rajasthan,Rajasthan,Electricity Generation,Ministry of Coal,(NLC India Limited [NLCIL]),4147.07,249.95,0.0,6.027146877192814,0.0,0.0,224.77,25.17999999999998,0.0,0.4127868852459013,1,2,61,1,1,1,0.036863245,3.69,LOW
2026-07-01,615861,Indaram Opencast Project,Telangana,Coal,Ministry of Coal,(Singareni Collieries Company Limited [SCCL]),424.81,408.29,81.0,96.11120265530472,81.0,0.0,406.81,1.4800000000000182,0.0,0.0242622950819675,7,8,515,1,1,1,0.03680663,3.68,LOW
2026-07-01,617828,Siliguri-Jhapa Pipeline Project,West Bengal,Oil & Gas,Ministry of Petroleum & Natural Gas,(Indian Oil Corporation Limited [IOCL]),267.0,2.41,14.3,0.902621722846442,11.2,3.1000000000000014,1.92,0.4900000000000002,0.0508196721311475,0.0080327868852459,4,5,515,1,1,1,0.03665857,3.67,LOW
2026-07-01,478482,Stamp Charge Battery No.7 Coke Dry Cooling Plant at RSP,Odisha,Steel,Ministry of Steel,(Steel Authority of India Limited (SAIL)),1064.55,73.91,0.0,6.942839697524776,,,,,,,0,1,0,1,1,1,0.036631443,3.66,LOW
2026-07-01,618985,Pune Metro Rail Project Phase-2 Line-4 Kharadi to Khadakwasla with Spur Line 4A Nal Stop - Warje - Manikbaug,Maharashtra,Urban Public Transport,Ministry of Housing & Urban Affairs,(Maharashtra Metro Rail Corporation Limited [MMRCL]),9857.85,7.41,1.3,0.0751685205191801,0.48,0.8200000000000001,3.94,3.47,0.0134426229508196,0.0568852459016393,3,4,515,1,1,1,0.03649759,3.65,LOW
2026-07-01,611961,Construction of IIT Bhubaneswar -Phase III,Odisha,Education,Department of Higher Education,"(Indian Institute of Technology, Bhubaneshwar)",454.27,101.36,9.2,22.3127215092346,7.0,2.1999999999999997,100.77,0.5900000000000034,0.0360655737704917,0.009672131147541,1,2,61,1,1,1,0.036447812,3.64,LOW
2026-07-01,619226,Provision of four bitumen tanks with capacity of 5 TMT each at Visakh Refinery,Andhra Pradesh,Oil & Gas,Ministry of Petroleum & Natural Gas,(Ministry of Petroleum and Natural Gas),258.34,7.12,15.7,2.7560579081830148,10.5,5.199999999999999,1.65,5.470000000000001,0.0852459016393442,0.089672131147541,1,2,61,1,1,1,0.036367357,3.64,LOW
2026-07-01,400142,Pachwara South Coal Block,Jharkhand,Coal,Ministry of Coal,(NLC India Limited),2242.9,1422.51,87.0,63.422800838200544,87.0,0.0,1365.83,56.680000000000064,0.0,0.9291803278688536,7,8,515,1,1,1,0.036248248,3.62,LOW
2026-07-01,612513,"Construction of 100 Bedded ESI Hospital at Duburi, Odisha.",Odisha,Healthcare,Ministry of Labour and Employment,(Employee's State Insurance Company [ESIC]),164.6,16.44,7.2,9.987849331713246,7.2,0.0,16.4,0.0400000000000027,0.0,0.000655737704918,5,6,515,1,1,1,0.03603365,3.6,LOW
2026-07-01,462136,"Amended BharatNet Program - MGH, MZM, TRP",PAN India,Telecommunication,Department of Telecommunications,(Department of Telecommunications),768.0,0.0,0.0,0.0,,,,,,,0,1,0,1,1,1,0.03594648,3.59,LOW
2026-07-01,618848,Construction of Underpass beneath airport runway on NH-31 old NH-56 for proposed expansion of runway of Babatpur Airport Varanasi,Uttar Pradesh,Roads & Highways,Ministry of Road Transport & Highways,(NHAI),649.44,0.09,6.7,0.0138580931263858,6.6,0.1000000000000005,0.09,0.0,0.001639344262295,0.0,2,3,515,1,1,1,0.035609704,3.56,LOW
2026-07-01,400173,MOHANPUR EXPANSION OC -PHASE I,West Bengal,Coal,Ministry of Coal,(ECL - CIL),888.99,143.29,31.52,16.11829154433683,31.52,0.0,142.55,0.7399999999999807,0.0,0.0121311475409832,7,8,515,1,1,1,0.035380375,3.54,LOW
2026-07-01,617200,KHARSIA- NAYA RAIPUR-PARMALKASA 5th and 6th Line [278KM],Chhattisgarh,Railways,Ministry of Railways,(CAO/C/SECR),7853.84,0.64,0.0,0.0081488800382997,0.0,0.0,0.64,0.0,0.0,0.0,7,8,515,1,1,1,0.035243914,3.52,LOW
2026-07-01,618797,Mayjilar Jaisalmer with Jaisalmer Bypass Link Road Section of NH-11 Part of BM-7 & Sundra Myajilar Ambsingh ki Dhani Road part of Munabao Tanot project NH-70,Rajasthan,Roads & Highways,Ministry of Road Transport & Highways,(NHAI),1237.71,76.97,18.56,6.218742678010196,5.6,12.96,0.54,76.42999999999999,0.2124590163934426,1.252950819672131,2,3,515,1,1,1,0.035242528,3.52,LOW
2026-07-01,400073,KONAR EXPANSION OCP,Jharkhand,Coal,Ministry of Coal,(CCL - CIL),674.65,172.3,50.78,25.53916845771882,53.47,-2.6899999999999977,433.64,-261.34,-0.0440983606557376,-4.284262295081967,7,8,515,1,1,1,0.034913357,3.49,LOW
2026-07-01,617807,Inter-regional [NR-WR] Transmission System strengthening to relieve the loading of 765 kV Vindhyachal-Varanasi D/c line,"Multi-States (Bihar, Uttar Pradesh)",Transmission & Distribution,Ministry of Power,(Power Grid Corporation of India Limited [POWERGRID]),2368.0,138.29,2.03,5.839949324324325,2.0,0.0299999999999998,35.52,102.76999999999998,0.0004918032786885,1.6847540983606557,4,5,515,1,1,1,0.03449083,3.45,LOW
2026-07-01,617216,3rd Line between Gudur Renigunta 83.17 Km,Andhra Pradesh,Railways,Ministry of Railways,(South Central Railway [SCR] - II),877.34,206.02,0.17,23.482344359085417,0.16,0.01,205.35,0.6700000000000159,0.0001639344262295,0.0109836065573773,7,8,515,1,1,1,0.034316577,3.43,LOW
2026-07-01,612827,Flyover between Pendurthi and Simhachalam North to avoid surface crossing at Simhachalam 7.135 km PB 73 of 2023 24 NR,Andhra Pradesh,Railways,Ministry of Railways,(East Coast Railway [ECoR] - II),183.65,17.25,16.0,9.392866866321809,15.0,1.0,14.79,2.460000000000001,0.0163934426229508,0.040327868852459,7,8,515,1,1,1,0.034279358,3.43,LOW
2026-07-01,619030,Inter-Regional Strengthening between SR Grid and ER Grid,"Multi-States (Andhra Pradesh, Odisha)",Transmission & Distribution,Ministry of Power,(Power Grid Corporation of India Limited [POWERGRID]),2722.5,143.2,1.77,5.259871441689623,1.0,0.77,13.4,129.79999999999998,0.0126229508196721,2.127868852459016,2,3,515,1,1,1,0.03409279,3.41,LOW
2026-07-01,618542,4L of existing Wayul Ganderbal Pandach Soura section of old NH-1 as a part of Srinagar Ring Road Phase IIA,Jammu and Kashmir,Roads & Highways,Ministry of Road Transport & Highways,(NHAI),827.98,262.83,0.0,31.74352037488828,0.0,0.0,25.21,237.62,0.0,3.8954098360655736,1,2,61,1,1,1,0.033462904,3.35,LOW
2026-07-01,618452,"2-laning of Zorinpui - Longmasu section of NH-502A from km 0.000 to km 28.244 in the State of Mizoram on EPC mode under NHO-NE, stretch of IMBR",Mizoram,Roads & Highways,Ministry of Road Transport & Highways,(NHIDCL),781.85,48.14,4.71,6.157191277099187,4.71,0.0,20.64,27.5,0.0,0.4508196721311475,2,3,515,1,1,1,0.03322233,3.32,LOW
2026-07-01,616839,Naupada-Gunupur - New line upto Theruvali [73.62 km],Odisha,Railways,Ministry of Railways,(Indian Railway),1165.89,0.0,0.0,0.0,0.0,0.0,0.0,0.0,0.0,0.0,1,2,61,1,1,1,0.03290958,3.29,LOW
2026-07-01,617250,Secondary Emission Control in Converters of SMS-II at Bokaro Steel Plant,Jharkhand,Steel,Ministry of Steel,(Steel Authority of India Limited [SAIL]),207.13,86.62,51.82,41.81914739535558,39.92,11.9,57.34,29.28,0.1950819672131147,0.48,7,8,515,1,1,1,0.032527015,3.25,LOW
2026-07-01,706865,Chandargaon - Cansaulium Rail Flyover Project [16 Km],Goa,Railways,Ministry of Railways,(South Western Railway [SWR] - II),1892.0,0.0,0.0,0.0,0.0,0.0,0.0,0.0,0.0,0.0,1,2,61,1,1,1,0.031496298,3.15,LOW
2026-07-01,615336,Transmission system for evacuation of Power from REZ in Rajasthan [20 GW] under phase-III Part-D Phase-II,Delhi,Transmission & Distribution,Ministry of Power,(Power Grid Corporation of India Limited [POWERGRID]),284.0,78.5,33.63,27.640845070422536,7.75,25.880000000000003,22.72,55.78,0.4242622950819673,0.9144262295081969,1,2,61,1,1,1,0.031222334,3.12,LOW
2026-07-01,709816,4TH LINE - BHILAI-BHILAI NAGAR [8.8 KM] [PB-72/NR/2022-23],Chhattisgarh,Railways,Ministry of Railways,(SECR),177.34,32.49,11.0,18.32073982181121,7.0,4.0,1.91,30.58,0.0655737704918032,0.5013114754098361,7,8,515,1,1,1,0.03108818,3.11,LOW
2026-07-01,611978,Dahod Rolling Stock Workshop Provision of Infrastructure for CBS at,Gujarat,Railways,Ministry of Railways,(PCE/WR),158.0,51.87,10.0,32.82911392405063,10.0,0.0,51.87,0.0,0.0,0.0,7,8,515,1,1,1,0.030901717,3.09,LOW
2026-07-01,706940,"Mariani-Jorhat, Tinsukia-Dangri and Makum -TirapTrack Electrification Project",Assam,Railways,Ministry of Railways,(GM/C/ NFR),183.99,0.0,0.0,0.0,0.0,0.0,0.0,0.0,0.0,0.0,6,7,515,1,1,1,0.03066767,3.07,LOW
2026-07-01,616605,Pollution Abatement Works for River Kali Meerut under Meerut Municipality Interception & Diversion with STP,Uttar Pradesh,Waste & Water,"Department of Water Resources, River Development & GR",(National Mission for Clean Ganga),690.71,34.79,56.0,5.036846143823023,51.0,5.0,34.79,0.0,0.081967213114754,0.0,7,8,515,1,1,1,0.03058624,3.06,LOW
2026-07-01,617231,Construction of Bulb line at Nabinagar Ankorah of East Central Railway,Bihar,Railways,Ministry of Railways,(East Central Railway [ECR] - I),611.74,0.0,0.0,0.0,0.0,0.0,0.0,0.0,0.0,0.0,6,7,515,1,1,1,0.030456213,3.05,LOW
2026-07-01,400192,Tubed Coal Mine,Jharkhand,Coal,Ministry of Power,(Damodar Valley Corporation),1581.0,616.91,36.5,39.0202403542062,36.0,0.5,601.03,15.879999999999995,0.0081967213114754,0.2603278688524589,7,8,515,1,1,1,0.030446734,3.04,LOW
2026-07-01,400392,BHARATPUR RE-ORGANIZATION OCP,Odisha,Coal,Ministry of Coal,(Mahanadi Coalfields Limited [MCL]),2838.86,1713.38,53.04,60.354508499890805,52.0,1.0399999999999991,1711.38,2.0,0.0170491803278688,0.0327868852459016,7,8,515,1,1,1,0.029889943,2.99,LOW
2026-07-01,706942,Harmuty-Murkongselek Branch Line Electrification Project,Assam,Railways,Ministry of Railways,(GM/C/ NFR),237.52,0.0,0.0,0.0,0.0,0.0,0.0,0.0,0.0,0.0,6,7,515,1,1,1,0.029320072,2.93,LOW
2026-07-01,400425,MOONIDIH XV SEAM UG,Jharkhand,Coal,Ministry of Coal,(BCCL - CIL),1230.27,796.31,84.02,64.7264421631024,82.45,1.5699999999999932,709.81,86.5,0.0257377049180326,1.4180327868852458,7,8,515,1,1,1,0.029163849,2.92,LOW
2026-07-01,705464,Bangalore-Satyamanglam New Line Project [260 Km] - Part Hejjala - Chamarajanagar [142 Km],Karnataka,Railways,Ministry of Railways,(South Western Railway [SWR] - II),1382.78,0.0,0.0,0.0,0.0,0.0,0.0,0.0,0.0,0.0,1,2,61,1,1,1,0.02912588,2.91,LOW
2026-07-01,619316,"Group Gathering Station, Lakwagaon",Assam,Oil & Gas,Ministry of Petroleum & Natural Gas,(Ministry of Petroleum & Natural Gas),495.59,20.04,7.8,4.0436651264149805,5.7,2.1,18.04,2.0,0.0344262295081967,0.0327868852459016,1,2,61,1,1,1,0.029103428,2.91,LOW
2026-07-01,603210,Development of Jodhpur Pali Marwar Industrial Area JPMIA in Rajasthan,Rajasthan,Real Estate,Department for Promotion of Industry & Internal Trade,(National Industrial Corridor Development Corporation),921.66,0.0,4.67,0.0,1.21,3.46,0.0,0.0,0.0567213114754098,0.0,1,2,61,1,1,1,0.02908309,2.91,LOW
2026-07-01,618934,Guwahati Ring Road in the State of Assam,Assam,Roads & Highways,Ministry of Road Transport & Highways,(NHAI),5729.47,328.42,0.0,5.732118328571404,0.0,0.0,3.15,325.27000000000004,0.0,5.332295081967214,2,3,515,1,1,1,0.028385548,2.84,LOW
2026-07-01,618991,200 MW SPP part of 510 MW CPSU scheme,Gujarat,Electricity Generation,Ministry of Coal,(NLC India Limited [NLCIL]),1221.41,66.07,0.0,5.409322013083239,0.0,0.0,64.03,2.039999999999992,0.0,0.0334426229508195,3,4,515,1,1,1,0.028113132,2.81,LOW
2026-07-01,617880,Desalpar-Hajipir-Luna and Vayor-Lakhpat New Line,Gujarat,Railways,Ministry of Railways,(Western Railway [WR] - II),2526.47,0.0,0.0,0.0,0.0,0.0,0.0,0.0,0.0,0.0,1,2,61,1,1,1,0.027979555,2.8,LOW
2026-07-01,705747,Parasnath-Madhuban-Giridih new line,Jharkhand,Railways,Ministry of Railways,(East Central Railway [ECR] - I),902.86,0.0,0.1,0.0,0.1,0.0,0.0,0.0,0.0,0.0,1,2,61,1,1,1,0.027851569,2.79,LOW
2026-07-01,706898,Khurda Road - Balangir Electrification of Railway Track Project,Odisha,Railways,Ministry of Railways,(Ministry of Railways),267.61,0.0,0.0,0.0,0.0,0.0,0.0,0.0,0.0,0.0,7,8,515,1,1,1,0.027795158,2.78,LOW
2026-07-01,618123,Widening and Strengthening/Reconstruction to Two Lane with Paved Shoulder/ Two Lane with paved shoulders with service road from km 0000 to km 42250 excluding design Ch. 03220 to 04200 & 28350 to 29060 of NH-320G in the state of Jharkhand under EPC mode,Jharkhand,Roads & Highways,Ministry of Road Transport & Highways,(MoRTH),423.18,5.46,0.01,1.290231107330214,0.0,0.01,4.11,1.3499999999999996,0.0001639344262295,0.0221311475409836,3,4,515,1,1,1,0.027791325,2.78,LOW
2026-07-01,617877,Phase B Construction of Permanent Campus of IIT Bhilai,Chhattisgarh,Education,Department of Higher Education,"(Indian Institute of Technology, Bhilai)",1188.97,0.0,0.0,0.0,0.0,0.0,0.0,0.0,0.0,0.0,4,5,515,1,1,1,0.027451914,2.75,LOW
2026-07-01,611864,AMALAGAMATED NTST KUJAMA OCP 8.5MTY,Jharkhand,Coal,Ministry of Coal,(Bharat Coking Coal Limited (BCCL)),4011.85,414.97,30.92,10.343607064072684,29.7,1.2200000000000024,414.93,0.0400000000000204,0.02,0.0006557377049183,7,8,515,1,1,1,0.02743251,2.74,LOW
2026-07-01,615863,Venkatesh Khani Coal Mine,Telangana,Coal,Ministry of Coal,(Singareni Collieries Company Limited [SCCL]),484.5,477.14,97.0,98.48090815273478,97.0,0.0,477.14,0.0,0.0,0.0,7,8,515,1,1,1,0.027369894,2.74,LOW
2026-07-01,619026,KPSIII HVDC Transmission Limited,Gujarat,Transmission & Distribution,Ministry of Power,(Adani Transmission Limited),19000.0,20.0,1.0,0.1052631578947368,1.0,0.0,20.0,0.0,0.0,0.0,2,3,515,1,1,1,0.027298113,2.73,LOW
2026-07-01,618200,Construction of 2 lane with Paved Shoulder for Northern Bypass Phase-II of Kota city in the State of Rajasthan.,Rajasthan,Roads & Highways,Ministry of Road Transport & Highways,(MoRTH),317.74,6.14,48.9,1.9323975577516208,36.87,12.03,6.07,0.0699999999999994,0.1972131147540984,0.0011475409836065,3,4,515,1,1,1,0.027200613,2.72,LOW
2026-07-01,619224,Augmentation of DUPL-DPPL Pipeline,Maharashtra,Oil & Gas,Ministry of Petroleum & Natural Gas,(Ministry of Petroleum & Natural Gas),844.0,0.61,7.3,0.0722748815165876,6.1,1.2000000000000002,0.61,0.0,0.0196721311475409,0.0,1,2,61,1,1,1,0.027131937,2.71,LOW
2026-07-01,616695,Paradeep - Badabandha 3rd & 4th Line / 18.51kms,Odisha,Railways,Ministry of Railways,(East Coast Railway [ECoR] - II),300.15,2.47,10.5,0.8229218723971348,10.5,0.0,0.89,1.58,0.0,0.0259016393442622,7,8,515,1,1,1,0.026865827,2.69,LOW
2026-07-01,618011,Construction of 2 lane with paved shoulder for the work of Development of remaining sections of NH-325 Balotra to sanderao via Jalore to 2 lane with paved shoulder configuration by Construction of Byasses for town portions1 Asotra- Brahmdham bypass 2Siwana Bypass 3 Mokalsar Bypass 4 Major realignment at Kathadi 5 Major realignment at Bishangarh 6 Jalore Bypass 7 Ahore Town portion 8 Dujana Bypass in the state of Rajasthan on EPC Mode,Rajasthan,Roads & Highways,Ministry of Road Transport & Highways,(MoRTH),411.44,85.69,91.36,20.826852031888,87.6,3.760000000000005,66.63,19.06,0.0616393442622951,0.3124590163934426,3,4,515,1,1,1,0.026727319,2.67,LOW
2026-07-01,613008,Construction of Permanent Campus of Central Tribal University of Andhra Pradesh Phase-1,Andhra Pradesh,Education,Department of Higher Education,(Central Tribal University of Andhra Pradesh),305.0,67.73,44.5,22.206557377049183,44.0,0.5,64.25,3.480000000000004,0.0081967213114754,0.0570491803278689,7,8,515,1,1,1,0.026269305,2.63,LOW
2026-07-01,400144,PORDA CHIMTAPANI OCP [10 MTY],Chhattisgarh,Coal,Ministry of Coal,(South Eastern Coalfields Limited [SECL]),2310.12,117.37,11.81,5.080688449084896,11.81,0.0,113.83,3.5400000000000063,0.0,0.058032786885246,7,8,515,1,1,1,0.025731398,2.57,LOW
2026-07-01,618978,Gondia - Dongargarh 4th line [84 Km],"Multi-States (Chhattisgarh, Maharashtra)",Railways,Ministry of Railways,(South Eastern Central Railway),2222.53,0.35,1.0,0.0157478189270785,0.0,1.0,0.0,0.35,0.0163934426229508,0.0057377049180327,3,4,515,1,1,1,0.025482075,2.55,LOW
2026-07-01,617370,Doubling between Jaunpur Jn - Zaffarabad 6.28 km,Uttar Pradesh,Railways,Ministry of Railways,(M/S SRC company Infra Private Limited),180.66,65.54,27.55,36.27809144248866,10.5,17.05,43.65,21.890000000000008,0.2795081967213115,0.3588524590163935,5,6,515,1,1,1,0.025131594,2.51,LOW
2026-07-01,400177,AMALGAMATED YEKONA I & YEKONA,Maharashtra,Coal,Ministry of Coal,(WCL - CIL),727.28,564.25,80.77,77.58359916400836,80.77,0.0,563.25,1.0,0.0,0.0163934426229508,7,8,515,1,1,1,0.02486661,2.49,LOW
2026-07-01,617364,Double Chord line Between Nilaje-Kopar,Maharashtra,Railways,Ministry of Railways,(CentralRailway),338.33,55.83,60.0,16.50164041025035,24.0,36.0,24.04,31.79,0.5901639344262295,0.5211475409836065,5,6,515,1,1,1,0.024630064,2.46,LOW
2026-07-01,618235,Balance work of Rehabilitation and Up-gradation to 4-Lane configuration of Ras- Beawar Section Km 00.000 to km 30.050 of NH-158 in the State of Rajasthan under Green National Highway Corridor Project GNHCP.,Rajasthan,Roads & Highways,Ministry of Road Transport & Highways,(MoRTH),278.1,82.5,53.45,29.665587918015103,37.16,16.290000000000006,28.57,53.93,0.2670491803278689,0.8840983606557377,1,2,61,1,1,1,0.02451063,2.45,LOW
2026-07-01,617249,Replacement of existing Grinders in CRM-I & II at Bokaro Steel Plant,Jharkhand,Steel,Ministry of Steel,(Steel Authority of India Limited [SAIL]),211.94,59.72,50.4,28.17778616589601,47.5,2.8999999999999986,58.64,1.0799999999999983,0.0475409836065573,0.0177049180327868,7,8,515,1,1,1,0.024495231,2.45,LOW
2026-07-01,400352,JHARKHAND-LAIYO OCP,Jharkhand,Coal,Ministry of Coal,(Ministry of Coal),654.87,0.43,32.45,0.0656618870920946,32.23,0.2200000000000059,145.81,-145.38,0.0036065573770492,-2.38327868852459,7,8,515,1,1,1,0.024470523,2.45,LOW
2026-07-01,615857,Naini Coal Mine,Odisha,Coal,Ministry of Coal,(Singareni Collieries Company Limited [SCCL]),494.3,491.33,80.0,99.39915031357476,80.0,0.0,491.33,0.0,0.0,0.0,7,8,515,1,1,1,0.024411954,2.44,LOW
2026-07-01,617729,Kopparthy Industrial Area,Andhra Pradesh,Real Estate,Department for Promotion of Industry & Internal Trade,(NICDC),2136.0,39.75,5.23,1.8609550561797756,3.0,2.2300000000000004,39.75,0.0,0.0365573770491803,0.0,1,2,61,1,1,1,0.024234343,2.42,LOW
2026-07-01,618995,New Line between Junagarh - Nabarangpur [116.21 Km],Odisha,Railways,Ministry of Railways,(Indian Railway),2864.51,1.06,0.0,0.0370045836809785,0.0,0.0,0.0,1.06,0.0,0.0173770491803278,3,4,515,1,1,1,0.02419438,2.42,LOW
2026-07-01,618972,Devbhumi Dwarka [Okha] - Kanalus Doubling,Gujarat,Railways,Ministry of Railways,(Western Railway [WR] - II),1456.77,0.28,0.0,0.0192206044880111,0.0,0.0,0.0,0.28,0.0,0.0045901639344262,3,4,515,1,1,1,0.02418928,2.42,LOW
2026-07-01,617878,Phase B of Construction of Permanent Campus of IIT Palakkad,Kerala,Education,Department of Higher Education,(INDIAN INSTITUTE OF TECHNOLOGY PALAKKAD),1527.0,9.8,0.0,0.641781270464964,0.0,0.0,9.8,0.0,0.0,0.0,4,5,515,1,1,1,0.02417464,2.42,LOW
2026-07-01,619326,Nidadavolu-Duvvada 3rd & 4th Lines,Andhra Pradesh,Railways,Ministry of Railways,(South Central Railway [SCR] - II),9889.24,0.0,0.01,0.0,0.01,0.0,0.01,-0.01,0.0,-0.0001639344262295,1,2,61,1,1,1,0.023875814,2.39,LOW
2026-07-01,616886,Delhi University Eastern Campus at Surajmal Vihar,Delhi,Education,Department of Higher Education,(Delhi University),373.0,30.13,13.0,8.077747989276139,12.0,1.0,28.13,2.0,0.0163934426229508,0.0327868852459016,7,8,515,1,1,1,0.023797208,2.38,LOW
2026-07-01,617832,Koderma-Arigada Doubling 133.38 Km of East Central Railway,Jharkhand,Railways,Ministry of Railways,(East Central Railway [ECR] - I),2887.11,0.1,0.0,0.0034636712837404,0.0,0.0,0.0,0.1,0.0,0.001639344262295,4,5,515,1,1,1,0.02372294,2.37,LOW
2026-07-01,618971,Pune Metro Rail Project Phase-2 Corridor 2A Vanaz to Chandani Chowk and Corridor 2B Ramwadi to Wagholi/Vitthalwadi,Maharashtra,Urban Public Transport,Ministry of Housing & Urban Affairs,(Maharashtra Metro Rail Corporation Limited [MMRCL]),3626.24,4.48,1.88,0.123543946346629,1.38,0.5,2.65,1.8300000000000003,0.0081967213114754,0.03,4,5,515,1,1,1,0.023592021,2.36,LOW
2026-07-01,615184,SAONER UG MINE -1 EXPANSION 1.,Maharashtra,Coal,Ministry of Coal,(WCL - CIL),228.64,157.02,69.33,68.67564730580827,69.33,0.0,150.47,6.550000000000011,0.0,0.107377049180328,7,8,515,1,1,1,0.023421902,2.34,LOW
2026-07-01,618977,"Development of New Greenfield Airport at Bundi, Kota Rajasthan.",Rajasthan,Aviation & Aviation Infrastructure,Ministry of Civil Aviation,(Airport Authority of India [AAI]),1507.0,71.13,13.3,4.719973457199735,12.8,0.5,40.4,30.73,0.0081967213114754,0.5037704918032786,3,4,515,1,1,1,0.022855967,2.29,LOW
2026-07-01,619052,LUCKNOW METRO RAIL PROJECT PHASE-1B EAST WEST CORRIDOR,Uttar Pradesh,Urban Public Transport,Ministry of Housing & Urban Affairs,(Uttar Pradesh metro rail corporation [UPMRC]),5801.05,0.0,1.5,0.0,1.0,0.5,0.0,0.0,0.0081967213114754,0.0,2,3,515,1,1,1,0.022792317,2.28,LOW
2026-07-01,709819,3RD AND 4TH LINE - SARAGBUNDIA AND MADWARANI,Chhattisgarh,Railways,Ministry of Railways,(SECR),167.64,28.01,11.0,16.708422810785017,8.0,3.0,20.13,7.880000000000003,0.0491803278688524,0.1291803278688525,7,8,515,1,1,1,0.02268992,2.27,LOW
2026-07-01,617287,KUSMUNDA OC EXPANSION PROJECT,Chhattisgarh,Coal,Ministry of Coal,(SECL - CIL),4516.88,837.14,23.75,18.5335895573936,22.0,1.75,817.06,20.08000000000004,0.0286885245901639,0.3291803278688531,7,8,515,1,1,1,0.021525344,2.15,LOW
2026-07-01,400353,DHUPTALA OC [SASTI UG TO OC ],Maharashtra,Coal,Ministry of Coal,(WCL - CIL),711.01,174.66,19.02,24.565055343806694,19.02,0.0,174.62,0.039999999999992,0.0,0.0006557377049179,7,8,515,1,1,1,0.021315072,2.13,LOW
2026-07-01,612183,Development of New Civil Enclave at Bihta,Bihar,Aviation & Aviation Infrastructure,Ministry of Civil Aviation,(Airport Authority of India [AAI]),1413.0,9.56,2.86,0.6765746638358103,1.28,1.5799999999999998,7.64,1.9200000000000008,0.0259016393442622,0.0314754098360655,7,8,515,1,1,1,0.021171132,2.12,LOW
2026-07-01,618986,Furkating-New Tinsukia[194 Km],Assam,Railways,Ministry of Railways,(Northeast Frontier Railway [NFR]),3633.58,0.0,0.0,0.0,0.0,0.0,0.0,0.0,0.0,0.0,3,4,515,1,1,1,0.021050472,2.11,LOW
2026-07-01,400074,KARO EXPANSION OCP,Jharkhand,Coal,Ministry of Coal,(CCL - CIL),849.31,208.28,23.28,24.52343667212208,23.57,-0.2899999999999991,289.45,-81.16999999999999,-0.0047540983606557,-1.3306557377049175,7,8,515,1,1,1,0.020956818,2.1,LOW
2026-07-01,619028,Augmentation of 1x500 MVA 400/220kV ICT [3rd] at Thrissur VSC HVDC Station in Kerala,Kerala,Transmission & Distribution,Ministry of Power,(Power Grid Corporation of India Limited [POWERGRID]),173.14,2.08,1.5,1.2013399561048863,1.5,0.0,2.08,0.0,0.0,0.0,2,3,515,1,1,1,0.020770378,2.08,LOW
2026-07-01,616232,HINGULA II OC EXPN PH III 15 M,Odisha,Coal,Ministry of Coal,(MCL - CIL),1561.85,279.32,31.05,17.88391971059961,29.19,1.8599999999999997,279.32,0.0,0.0304918032786885,0.0,7,8,515,1,1,1,0.020638011,2.06,LOW
2026-07-01,613808,MURAIDIH UG PROJECT,Jharkhand,Coal,Ministry of Coal,(BCCL - CIL),339.87,191.14,70.47,56.23915026333598,70.47,0.0,191.0,0.1399999999999863,0.0,0.0022950819672128,7,8,515,1,1,1,0.020584138,2.06,LOW
2026-07-01,618992,100 MW SPP part of SECI 150 MW Hybrid,Gujarat,Electricity Generation,Ministry of Coal,(NLC India Limited [NLCIL]),480.68,2.66,1.2,0.5533827078305734,1.2,0.0,2.62,0.04,0.0,0.000655737704918,3,4,515,1,1,1,0.020538121,2.05,LOW
2026-07-01,400162,BLOCK B EXPANSION [3.5 TO 8.0,Madhya Pradesh,Coal,Ministry of Coal,(NCL - CIL),998.71,684.46,51.08,68.53440938811066,50.0,1.0799999999999983,518.17,166.29000000000008,0.0177049180327868,2.726065573770493,7,8,515,1,1,1,0.020507487,2.05,LOW
2026-07-01,617068,"Augmentation of Transformation Capacity by 3x500 MVA, 400/220 KV ICTS [6th-8th] and 1x1500 MVA, 765/400 KV ICT [4th] at Bidar PS [SPV Name- POWERGRID Bidar Augmentation Transmission Limited]",Karnataka,Transmission & Distribution,Ministry of Power,(Power Grid Corporation of India Limited [POWERGRID]),288.0,20.16,18.0,7.000000000000001,7.2,10.8,20.16,0.0,0.1770491803278688,0.0,7,8,515,1,1,1,0.020278443,2.03,LOW
2026-07-01,615820,TIKAK EXTENSION OCP,Assam,Coal,Ministry of Coal,(INVALID CO.),159.77,112.8,89.73,70.60148964135945,88.18,1.5499999999999972,111.47,1.3299999999999983,0.0254098360655737,0.0218032786885245,7,8,515,1,1,1,0.020067489,2.01,LOW
2026-07-01,618159,"Construction of new 2 Lane with paved shoulders of NH Standards from km 0.080 to km 11.690 L11.610 km in Majuli and from km 19.715 to km 27.484 L 7.769 km in Jorhat on the newly declared NH 715K and construction of 1.10 km flyover on NH-715 with its approaches and service roads L1.10 km, Total Length 20.479 km in the State of Assam Job No. 715K/AS/2023-24/256",Assam,Roads & Highways,Ministry of Road Transport & Highways,(MoRTH),382.1,26.05,6.3,6.817587019104947,0.0,6.3,25.58,0.4700000000000024,0.1032786885245901,0.0077049180327869,2,3,515,1,1,1,0.019992098,2.0,LOW
2026-07-01,615858,Kalyanikhani Opencast Project,Telangana,Coal,Ministry of Coal,(Singareni Collieries Company Limited [SCCL]),384.32,301.56,76.0,78.46586178184846,75.0,1.0,291.01,10.550000000000011,0.0163934426229508,0.1729508196721313,7,8,515,1,1,1,0.019924607,1.99,LOW
2026-07-01,615919,N. EXTN. MUNGOLI NIRGUDA D OCP,Maharashtra,Coal,Ministry of Coal,(WCL - CIL),1024.91,218.36,27.92,21.3052853421276,27.92,0.0,217.01,1.3500000000000227,0.0,0.0221311475409839,7,8,515,1,1,1,0.019679915,1.97,LOW
2026-07-01,617213,Varanasi-Pt. Deen Dayal Upadhyaya multitracking 15km including construction of new Rail-cum-Road Bridge across Ganga River.,Uttar Pradesh,Railways,Ministry of Railways,(Northern Railways),2464.46,96.98,3.93,3.935141978364429,2.42,1.5100000000000002,59.82,37.16,0.0247540983606557,0.6091803278688526,3,4,515,1,1,1,0.018627418,1.86,LOW
2026-07-01,617801,Provision of ICT Augmentation & Bus Reactor at Bhuj-II PS,Gujarat,Transmission & Distribution,Ministry of Power,(Power Grid Corporation of India Limited [POWERGRID]),581.74,17.45,6.0,2.9996218241826247,1.5,4.5,7.08,10.37,0.0737704918032786,0.1699999999999999,5,6,515,1,1,1,0.018548924,1.85,LOW
2026-07-01,617251,Revamping of Air Pollution Control Systems of SP-1 at Durgapur Steel Plant,West Bengal,Steel,Ministry of Steel,(Steel Authority of India Limited [SAIL]),196.4,65.5,32.21,33.35030549898167,24.8,7.41,35.36,30.14,0.1214754098360655,0.4940983606557377,7,8,515,1,1,1,0.018449783,1.84,LOW
2026-07-01,400155,EPR ASHOK OC,Jharkhand,Coal,Ministry of Coal,(Ministry of Coal),2821.07,186.02,27.74,6.593951940221264,28.85,-1.110000000000003,185.19,0.8300000000000125,-0.0181967213114754,0.0136065573770493,7,8,515,1,1,1,0.018330568,1.83,LOW
2026-07-01,900874,JHAJHA - BATIA,Bihar,Railways,Ministry of Railways,(East Central Railway [ECR] - I),588.18,2.38,0.1,0.4046380359753816,0.1,0.0,2.38,0.0,0.0,0.0,5,6,515,1,1,1,0.018324438,1.83,LOW
2026-07-01,611918,Kosamba Umarpada 70 Km,Gujarat,Railways,Ministry of Railways,(PCE/WR),468.0,44.62,9.0,9.534188034188034,9.0,0.0,44.62,0.0,0.0,0.0,7,8,515,1,1,1,0.017575936,1.76,LOW
2026-07-01,617819,"City Gas Distribution [CGD] Project in Kondagaon, Bastar, Sukma, Narayanpur, Bijapur & Dantewada GA",Chhattisgarh,Oil & Gas,Ministry of Petroleum & Natural Gas,(Ministry of Petroleum & Natural Gas),557.04,10.33,2.2,1.8544449231653024,2.2,0.0,8.76,1.5700000000000005,0.0,0.0257377049180327,4,5,515,1,1,1,0.017552726,1.76,LOW
2026-07-01,617239,Doubling of Narkatiaganj Raxaul Sitamarhi Darbhanga & Sitamarhi Muzaffarpur 256 KM,Bihar,Railways,Ministry of Railways,(East Central Railway [ECR] - I),4079.95,9.93,0.0,0.243385335604603,0.0,0.0,2.67,7.26,0.0,0.1190163934426229,1,2,61,1,1,1,0.017239433,1.72,LOW
2026-07-01,616587,Badampahar-Kendujhargarh new line [82.06 km],Odisha,Railways,Ministry of Railways,(CAO/C/SER),1875.72,2.35,0.0,0.1252852238073913,0.0,0.0,2.15,0.2000000000000001,0.0,0.0032786885245901,7,8,515,1,1,1,0.017028915,1.7,LOW
2026-07-01,706835,Belgaum-Dharwad via Kittur [73.10Km],Karnataka,Railways,Ministry of Railways,(South Western Railway [SWR] - II),1591.0,0.38,0.0,0.0238843494657448,0.0,0.0,0.38,0.0,0.0,0.0,7,8,515,1,1,1,0.016899664,1.69,LOW
2026-07-01,617406,RATLAM- DUNGARPUR VIA BANSWARA NEW LINE PROJECT,"Multi-States (Madhya Pradesh, Rajasthan)",Railways,Ministry of Railways,(North Western Railway [NWR]),2417.24,7.7,8.0,0.3185451175721071,8.0,0.0,7.19,0.5099999999999998,0.0,0.0083606557377049,5,6,515,1,1,1,0.016824812,1.68,LOW
2026-07-01,709772,"City Gas Distribution Project at East Mednipore, West Mednipore & Jhargram Districts",West Bengal,Oil & Gas,Ministry of Petroleum & Natural Gas,(MinistryofPetroleumNaturalGas),609.0,63.62,2.9,10.44663382594417,2.8,0.1,62.42,1.1999999999999955,0.001639344262295,0.0196721311475409,7,8,515,1,1,1,0.016579956,1.66,LOW
2026-07-01,400033,BHATADI EXPANSION OC,Maharashtra,Coal,Ministry of Coal,(WCL - CIL),580.61,112.17,33.91,19.31933655982501,33.91,0.0,112.17,0.0,0.0,0.0,7,8,515,1,1,1,0.016228164,1.62,LOW
2026-07-01,616588,Buramara-Chakulia new line [59.96 km],"Multi-States (Jharkhand, Odisha, West Bengal)",Railways,Ministry of Railways,(South Eastern Railway [SER] - I),1459.13,9.16,0.0,0.6277713431976588,0.0,0.0,7.58,1.58,0.0,0.0259016393442622,7,8,515,1,1,1,0.016054459,1.61,LOW
2026-07-01,616694,Flyover between Siju and Paradeep coaching Yard to avoid Surface crossing of trains,Odisha,Railways,Ministry of Railways,(East Coast Railway [ECoR] - II),200.77,37.26,5.5,18.558549584101208,5.5,0.0,34.06,3.199999999999996,0.0,0.0524590163934425,5,6,515,1,1,1,0.016021635,1.6,LOW
2026-07-01,615982,NILJAI EXPANSION DEEP OCP,Maharashtra,Coal,Ministry of Coal,(WCL - CIL),319.75,196.82,79.83,61.554339327599685,79.83,0.0,196.86,-0.0400000000000204,0.0,-0.0006557377049183,7,8,515,1,1,1,0.015798768,1.58,LOW
2026-07-01,616586,Bangriposi-Gorumahisani new line [ 85.60 km ],Odisha,Railways,Ministry of Railways,(CAO/C/SER),2269.49,7.14,0.0,0.3146081278172629,0.0,0.0,7.14,0.0,0.0,0.0,7,8,515,1,1,1,0.015782947,1.58,LOW
2026-07-01,615186,SASTI EXPANSION OPENCAST,Maharashtra,Coal,Ministry of Coal,(WCL - CIL),319.04,153.78,32.21,48.20085255767302,32.21,0.0,111.17,42.61,0.0,0.6985245901639344,7,8,515,1,1,1,0.01572921,1.57,LOW
2026-07-01,400312,JHANJRA EXPANSION UG,West Bengal,Coal,Ministry of Coal,(Eastern Coal Fields Limited [ECL]),1210.12,633.57,52.04,52.35596469771594,45.48,6.560000000000002,619.6,13.970000000000027,0.1075409836065574,0.2290163934426234,7,8,515,1,1,1,0.0156301,1.56,LOW
2026-07-01,616227,Chandil - Anara - Damodar - 3rd line [121.26 km],"Multi-States (Jharkhand, West Bengal)",Railways,Ministry of Railways,(CAO/C/SER),1932.01,3.97,0.0,0.2054854788536291,0.0,0.0,4.51,-0.5399999999999996,0.0,-0.0088524590163934,6,7,515,1,1,1,0.015433374,1.54,LOW
2026-07-01,705252,Kazipet Wagon Overhauling Project,Telangana,Railways,Ministry of Railways,(RVNL),385.0,0.0,0.0,0.0,0.0,0.0,0.0,0.0,0.0,0.0,6,7,515,1,1,1,0.0153714465,1.54,LOW
2026-07-01,619228,Transmission System Strengthening for integration of additional RE Potential at Davanagere [0.25 GW] and Bellary [2.75 GW],Karnataka,Transmission & Distribution,Ministry of Power,(Power Grid Corporation of India Limited [POWERGRID]),1111.0,13.44,1.0,1.2097209720972095,1.0,0.0,5.5,7.939999999999999,0.0,0.1301639344262295,1,2,61,1,1,1,0.015280432,1.53,LOW
2026-07-01,618982,Talabira II & III OCP - FMC,Odisha,Coal,Ministry of Coal,(NLC India Limited [NLCIL]),522.45,324.74,73.65,62.15714422432769,72.65,1.0,324.74,0.0,0.0163934426229508,0.0,3,4,515,1,1,1,0.015270626,1.53,LOW
2026-07-01,400149,BAROUD OC EXPANSION [3.0-10.0M,Chhattisgarh,Coal,Ministry of Coal,(South Eastern Coalfields Limited [SECL]),2309.8,1007.09,55.95,43.60074465321673,55.95,0.0,993.79,13.300000000000068,0.0,0.218032786885247,7,8,515,1,1,1,0.0152345225,1.52,LOW
2026-07-01,616223,ADASA UG TO OC MINE,Maharashtra,Coal,Ministry of Coal,(WCL - CIL),316.0,209.29,86.49,66.23101265822785,86.49,0.0,209.35,-0.0600000000000022,0.0,-0.000983606557377,7,8,515,1,1,1,0.01519039,1.52,LOW
2026-07-01,616044,UKNI DEEP OC MINE -COST PLUS,Maharashtra,Coal,Ministry of Coal,(WCL - CIL),237.06,168.2,94.57,70.95250147641947,93.51,1.059999999999988,166.87,1.329999999999984,0.0173770491803276,0.0218032786885243,7,8,515,1,1,1,0.014892129,1.49,LOW
2026-07-01,400153,EPR ROHINI - KARKETTA OCP,Jharkhand,Coal,Ministry of Coal,(Ministry of Coal),995.57,85.34,24.02,8.571973844129493,22.84,1.1799999999999995,84.94,0.4000000000000057,0.0193442622950819,0.0065573770491804,7,8,515,1,1,1,0.014734821,1.47,LOW
2026-07-01,705741,Jeypore-Navarangpur New Rail Line Project,Odisha,Railways,Ministry of Railways,(East Coast Railway [ECoR] - II),748.0,15.91,2.13,2.127005347593583,1.97,0.1599999999999999,15.91,0.0,0.0026229508196721,0.0,7,8,515,1,1,1,0.014660473,1.47,LOW
2026-07-01,617288,MANIKPUR OC EXPANSION PROJECT,Chhattisgarh,Coal,Ministry of Coal,(SECL - CIL),382.61,138.83,21.29,36.28498993753431,21.29,0.0,116.09,22.74000000000001,0.0,0.3727868852459018,7,8,515,1,1,1,0.014660342,1.47,LOW
2026-07-01,709811,GANDHAMARDAN IRON ORE MINES TO GOALDIH STATION/12.76kms,Odisha,Railways,Ministry of Railways,(East Coast Railway [ECoR] - II),190.0,3.4,5.0,1.789473684210526,5.0,0.0,3.4,0.0,0.0,0.0,6,7,515,1,1,1,0.014627672,1.46,LOW
2026-07-01,400172,CHITRA EAST OC,Jharkhand,Coal,Ministry of Coal,(ECL - CIL),513.99,274.28,53.03,53.36290589311076,53.03,0.0,239.88,34.39999999999998,0.0,0.5639344262295078,7,8,515,1,1,1,0.014578009,1.46,LOW
2026-07-01,400139,KOTRE BASANTPUR PACHMO OCP,Jharkhand,Coal,Ministry of Coal,(Ministry of Coal),861.06,456.48,45.78,53.01372726639259,47.95,-2.1700000000000017,455.95,0.5300000000000296,-0.0355737704918033,0.0086885245901644,7,8,515,1,1,1,0.014504451,1.45,LOW
2026-07-01,400023,Construction of New BG line between Hassan to Belur [27 Km],Karnataka,Railways,Ministry of Railways,(South Western Railway [SWR] - II),749.0,3.43,0.5,0.4579439252336449,0.3,0.2,0.94,2.49,0.0032786885245901,0.0408196721311475,7,8,515,1,1,1,0.014480289,1.45,LOW
2026-07-01,705762,Construction of New BG line between Hassan [Alur] to Belur [ Km 27.34],Karnataka,Railways,Ministry of Railways,(CAOC/SWR SWR mor),748.86,3.64,0.0,0.4860721630211255,0.3,-0.3,1.15,2.49,-0.0049180327868852,0.0408196721311475,1,2,61,1,1,1,0.014368499,1.44,LOW
2026-07-01,619227,Network Expansion Scheme in Maharashtra for removal of Transmission constraints in Pune Region-I [765/400kV AIS Pune East],Maharashtra,Transmission & Distribution,Ministry of Power,(Power Grid Corporation of India Limited [POWERGRID]),1420.0,7.95,0.5,0.5598591549295775,0.5,0.0,2.84,5.11,0.0,0.0837704918032787,1,2,61,1,1,1,0.014344626,1.43,LOW
2026-07-01,400018,HURA C OCP,Jharkhand,Coal,Ministry of Coal,(ECL - CIL),859.41,455.95,63.3,53.05383926181916,63.22,0.0799999999999983,455.25,0.6999999999999886,0.001311475409836,0.0114754098360653,7,8,515,1,1,1,0.013998005,1.4,LOW
2026-07-01,400321,NIGAHI EXPANSION [15 TO 25 MTP,Madhya Pradesh,Coal,Ministry of Coal,(NCL - CIL),1729.68,968.37,53.73,55.98550020813098,48.76,4.969999999999999,929.02,39.35000000000002,0.0814754098360655,0.6450819672131152,7,8,515,1,1,1,0.013862187,1.39,LOW
2026-07-01,617210,Tiupati Katpadi 104.39 kms,Andhra Pradesh,Railways,Ministry of Railways,(South Central Railway [SCR] - II),1215.56,62.2,0.06,5.116983118891705,0.05,0.0099999999999999,0.16,62.040000000000006,0.0001639344262295,1.017049180327869,7,8,515,1,1,1,0.013856368,1.39,LOW
2026-07-01,615860,Godavarikhani Coal Mine - 5,Telangana,Coal,Ministry of Coal,(Singareni Collieries Company Limited [SCCL]),607.04,200.83,71.0,33.08348708487085,71.0,0.0,200.06,0.7700000000000102,0.0,0.0126229508196723,7,8,515,1,1,1,0.01366785,1.37,LOW
2026-07-01,616234,PELMA OC MDO,Chhattisgarh,Coal,Ministry of Coal,(SECL - CIL),1725.04,16.71,40.34,0.9686731901868942,40.34,0.0,16.71,0.0,0.0,0.0,7,8,515,1,1,1,0.013625442,1.36,LOW
2026-07-01,617416,"Revised Jharia Master Plan for Dealing with Fire, Subsidence & Rehabilitation of affected families in Jharia Coalfield- Reg.",Jharkhand,Coal,Ministry of Coal,(Bharat Coking Coal Limited [BCCL]),5940.47,327.78,31.0,5.517745228912864,26.0,5.0,262.83,64.94999999999999,0.081967213114754,1.0647540983606556,5,6,515,1,1,1,0.013513981,1.35,LOW
2026-07-01,613799,AMGAON OC RCE [1.0 MTY],Chhattisgarh,Coal,Ministry of Coal,(SECL - CIL),316.11,192.9,78.86,61.02306159248363,78.86,0.0,191.5,1.4000000000000057,0.0,0.0229508196721312,7,8,515,1,1,1,0.013452844,1.35,LOW
2026-07-01,400181,NAKRAKONDA KUMARDIH- B OCP,West Bengal,Coal,Ministry of Coal,(ECL - CIL),502.68,88.9,28.58,17.68520728893133,27.52,1.0599999999999987,83.8,5.1000000000000085,0.0173770491803278,0.0836065573770493,7,8,515,1,1,1,0.013389157,1.34,LOW
2026-07-01,616233,BALABHADRA OCP,Odisha,Coal,Ministry of Coal,(MCL - CIL),978.44,251.55,18.21,25.70929234291321,15.24,2.9700000000000006,251.55,0.0,0.0486885245901639,0.0,7,8,515,1,1,1,0.013221498,1.32,LOW
2026-07-01,619053,RPR FOR RAMPUR BATURA OCP,Madhya Pradesh,Coal,Ministry of Coal,(SECL - CIL),1604.69,75.23,0.3,4.688132910406371,0.3,0.0,74.71,0.5200000000000102,0.0,0.0085245901639345,2,3,515,1,1,1,0.013059925,1.31,LOW
2026-07-01,400154,EPR PUNDI OCP,Jharkhand,Coal,Ministry of Coal,(Ministry of Coal),639.6,236.58,11.24,36.98874296435272,10.19,1.0500000000000007,236.58,0.0,0.0172131147540983,0.0,7,8,515,1,1,1,0.013015902,1.3,LOW
2026-07-01,617333,Surface triangle line bet. Bhadura stn and new crossing stn Karma,Uttar Pradesh,Railways,Ministry of Railways,(East Central Railway [ECR] - I),199.96,7.67,0.6,3.8357671534306856,0.5,0.0999999999999999,5.19,2.4799999999999995,0.001639344262295,0.040655737704918,5,6,515,1,1,1,0.012941543,1.29,LOW
2026-07-01,617391,Augmentation of Transformation Capacity at Bhuj-II PS [GIS],Gujarat,Transmission & Distribution,Ministry of Power,(Power Grid Corporation of India Limited [POWERGRID]),488.29,9.76,4.5,1.9988121812857116,1.5,3.0,5.86,3.9,0.0491803278688524,0.0639344262295081,5,6,515,1,1,1,0.012683901,1.27,LOW
2026-07-01,617808,Inter-Regional Strengthening between SR Grid and WR Grid,"Multi-States (Karnataka, Maharashtra)",Transmission & Distribution,Ministry of Power,(Power Grid Corporation of India Limited [POWERGRID]),1007.0,49.85,2.5,4.950347567030785,2.5,0.0,20.14,29.71,0.0,0.4870491803278688,4,5,515,1,1,1,0.0123978825,1.24,LOW
2026-07-01,617818,"City Gas Distribution [CGD] Project in Gajapati, Kandhamal, Boudh, & Sonepur GA",Odisha,Oil & Gas,Ministry of Petroleum & Natural Gas,(Ministry of Petroleum & Natural Gas),514.91,24.9,5.9,4.835796546969373,5.9,0.0,22.08,2.8200000000000003,0.0,0.0462295081967213,4,5,515,1,1,1,0.0122074485,1.22,LOW
2026-07-01,400180,BONJEMEHARI EXPANSION OCP,West Bengal,Coal,Ministry of Coal,(Eastern Coal Fields Limited [ECL]),570.11,88.96,17.13,15.604006244408971,17.1,0.0299999999999975,88.78,0.1799999999999926,0.0004918032786884,0.002950819672131,7,8,515,1,1,1,0.01216966,1.22,LOW
2026-07-01,617269,Transmission System for Strengthening to facilitate evacuation of power from Bhadla/Bikaner Complex,Uttar Pradesh,Transmission & Distribution,Ministry of Power,(Power Grid Corporation of India Limited [POWERGRID]),212.81,9.98,11.17,4.689629246745923,3.0,8.17,6.38,3.6000000000000005,0.1339344262295081,0.0590163934426229,7,8,515,1,1,1,0.012070702,1.21,LOW
2026-07-01,611929,Maintenance cum workshop depot for Vande Bharat Sleeper Trains as per conditions under WTA 527,Rajasthan,Railways,Ministry of Railways,(WPO/Patna),166.86,0.0,0.0,0.0,0.0,0.0,0.0,0.0,0.0,0.0,7,8,515,1,1,1,0.01186599,1.19,LOW
2026-07-01,616226,INTEGRATED KULDA GARJANBAHAL O,Odisha,Coal,Ministry of Coal,(MCL - CIL),3563.5,652.7,10.24,18.316262101866144,6.18,4.0600000000000005,672.78,-20.079999999999927,0.0665573770491803,-0.3291803278688512,7,8,515,1,1,1,0.0117211295,1.17,LOW
2026-07-01,400148,AMADAND OCP[4.0MTY],Madhya Pradesh,Coal,Ministry of Coal,(SECL - CIL),869.44,324.92,75.15,37.371181450128816,75.15,0.0,325.4,-0.4799999999999613,0.0,-0.0078688524590157,7,8,515,1,1,1,0.011618845,1.16,LOW
2026-07-01,400185,GOPALJI KANIHA OCP [10 TO 30 M,Odisha,Coal,Ministry of Coal,(MCL - CIL),8416.19,1776.83,35.69,21.112047137719085,34.54,1.1499999999999986,1771.98,4.849999999999909,0.0188524590163934,0.0795081967213099,7,8,515,1,1,1,0.011498975,1.15,LOW
2026-07-01,619172,MADANNAGAR OCP 12 MTY - MDO,Chhattisgarh,Coal,Ministry of Coal,(SECL - CIL),1859.19,0.45,0.0,0.0242040888774143,0.0,0.0,0.45,0.0,0.0,0.0,1,2,61,1,1,1,0.011080658,1.11,LOW
2026-07-01,619171,RPR FOR DURGAPUR OCP 10 MTY,Chhattisgarh,Coal,Ministry of Coal,(SECL - CIL),2415.91,2.35,0.01,0.0972718354574466,0.01,0.0,2.35,0.0,0.0,0.0,1,2,61,1,1,1,0.011006167,1.1,LOW
2026-07-01,613800,JAGANNATHPUR OC RCE PROJECT,Chhattisgarh,Coal,Ministry of Coal,(SECL - CIL),459.49,278.71,96.15,60.65637989945374,96.15,0.0,276.8,1.909999999999968,0.0,0.0313114754098355,7,8,515,1,1,1,0.010966428,1.1,LOW
2026-07-01,615865,Kakatiyakhani OC - 2 Project,Telangana,Coal,Ministry of Coal,(Singareni Collieries Company Limited [SCCL]),442.42,253.39,63.0,57.27363139098593,63.0,0.0,252.26,1.1299999999999957,0.0,0.0185245901639343,7,8,515,1,1,1,0.0107912235,1.08,LOW
2026-07-01,400354,DIPKA EXPANSION OCP [40 MTY],Chhattisgarh,Coal,Ministry of Coal,(South Eastern Coalfields Limited [SECL]),5241.4,2939.33,39.34,56.07910100354867,38.0,1.3400000000000034,2910.11,29.2199999999998,0.0219672131147541,0.4790163934426196,7,8,515,1,1,1,0.01063881,1.06,LOW
2026-07-01,615343,Provision of Dynamic Reactive Compensation at Khavda pooling Station 1 [KPS1] and Khavda Pooling station 3 [KPS3],Gujarat,Transmission & Distribution,Ministry of Power,(Power Grid Corporation of India Limited [POWERGRID]),501.0,25.05,8.67,5.0,6.0,2.67,25.05,0.0,0.0437704918032786,0.0,7,8,515,1,1,1,0.010581535,1.06,LOW
2026-07-01,617201,Gondia-Balharshah [Chanda Fort] Doubling [240 Km],Maharashtra,Railways,Ministry of Railways,(South East Central Railway),4373.04,1.79,2.0,0.0409326235296269,1.0,1.0,1.0,0.79,0.0163934426229508,0.0129508196721311,7,8,515,1,1,1,0.01038606,1.04,LOW
2026-07-01,616231,BHUBANESWARI EXPN OCP 50 MTY,Odisha,Coal,Ministry of Coal,(MCL - CIL),5366.27,477.43,33.96,8.896868774772793,32.47,1.490000000000002,477.39,0.0400000000000204,0.0244262295081967,0.0006557377049183,7,8,515,1,1,1,0.010382428,1.04,LOW
2026-07-01,400183,BALARAM EXPANSION OCP,Odisha,Coal,Ministry of Coal,(Mahanadi Coalfields Limited [MCL]),3504.21,961.2,58.23,27.42986293629663,57.15,1.0799999999999983,958.0,3.200000000000045,0.0177049180327868,0.0524590163934433,7,8,515,1,1,1,0.010323294,1.03,LOW
2026-07-01,709773,"City Gas Distribution Project at Jammu, Udhampur, Reasi, Samba and Kathua Districts",Jammu and Kashmir,Oil & Gas,Ministry of Petroleum & Natural Gas,(MinistryofPetroleumNaturalGas),538.0,4.3,0.6,0.7992565055762081,0.6,0.0,4.32,-0.0200000000000004,0.0,-0.000327868852459,7,8,515,1,1,1,0.010301983,1.03,LOW
2026-07-01,617375,North Eastern Region Expansion Scheme-XXIII [NERES-XXIII],Arunachal Pradesh,Transmission & Distribution,Ministry of Power,(Power Grid Corporation of India Limited [POWERGRID]),209.38,3.14,1.56,1.4996656796255612,1.5,0.06,3.14,0.0,0.000983606557377,0.0,5,6,515,1,1,1,0.010243467,1.02,LOW
2026-07-01,617361,Babupeth - Sasti New Rail Line [13.114 KMs],Maharashtra,Railways,Ministry of Railways,(CentralRailway),362.81,0.48,0.0,0.1323006532344753,0.0,0.0,0.48,0.0,0.0,0.0,5,6,515,1,1,1,0.010210143,1.02,LOW
2026-07-01,617404,POKHRAN - RAMDEVRA New Line,Rajasthan,Railways,Ministry of Railways,(North Western Railway [NWR]),189.21,55.58,2.0,29.374768775434703,0.0,2.0,0.0,55.58,0.0327868852459016,0.9111475409836064,5,6,515,1,1,1,0.010174704,1.02,LOW
2026-07-01,613802,KANCHAN OC EXP,Madhya Pradesh,Coal,Ministry of Coal,(SECL - CIL),371.04,150.83,58.2,40.65060370849504,58.2,0.0,148.87,1.960000000000008,0.0,0.0321311475409837,7,8,515,1,1,1,0.010005859,1.0,LOW
2026-07-01,615187,RPR OF VISHNUPURI UG TO OC,Madhya Pradesh,Coal,Ministry of Coal,(WCL - CIL),220.62,0.0,11.2,0.0,11.2,0.0,0.0,0.0,0.0,0.0,7,8,515,1,1,1,0.00999998,1.0,LOW
2026-07-01,400136,SANGHMITRA OC,Jharkhand,Coal,Ministry of Coal,(CCL - CIL),2660.0,17.4,16.77,0.6541353383458646,16.77,0.0,16.1,1.2999999999999972,0.0,0.021311475409836,7,8,515,1,1,1,0.009895177,0.99,LOW
2026-07-01,616225,CHUPERBHITA SIMLONG OCP MDO 6,Jharkhand,Coal,Ministry of Coal,(ECL - CIL),979.08,0.0,0.05,0.0,0.05,0.0,0.0,0.0,0.0,0.0,7,8,515,1,1,1,0.009872227,0.99,LOW
2026-07-01,615916,AMLG GAURI PAUNI EXPANSION OC,Maharashtra,Coal,Ministry of Coal,(WCL - CIL),1225.21,91.83,4.21,7.495041666326588,4.21,0.0,88.88,2.950000000000003,0.0,0.0483606557377049,7,8,515,1,1,1,0.009719904,0.97,LOW
2026-07-01,400315,SONEPUR BAZARI EXPANSION OCP [,West Bengal,Coal,Ministry of Coal,(Eastern Coal Fields Limited [ECL]),5365.88,628.22,18.5,11.70767888957636,18.47,0.0300000000000011,623.88,4.340000000000032,0.0004918032786885,0.071147540983607,7,8,515,1,1,1,0.009691702,0.97,LOW
2026-07-01,400166,SIARMAL OCP,Odisha,Coal,Ministry of Coal,(Mahanadi Coalfields Limited [MCL]),5194.95,3491.08,60.66,67.2014167605078,59.5,1.1599999999999966,3490.38,0.6999999999998181,0.0190163934426228,0.0114754098360625,7,8,515,1,1,1,0.009555572,0.96,LOW
2026-07-01,400424,GEVRA OC [70 MTY],Chhattisgarh,Coal,Ministry of Coal,(SECL - CIL),11816.4,6960.23,78.48,58.90313462645137,78.48,0.0,6905.46,54.76999999999953,0.0,0.8978688524590086,7,8,515,1,1,1,0.009229511,0.92,LOW
2026-07-01,613793,SHYAMSUNDARPUR UG INCLUDING SA,West Bengal,Coal,Ministry of Coal,(ECL - CIL),483.65,96.8,16.79,20.014473276129436,16.79,0.0,77.79,19.00999999999999,0.0,0.3116393442622949,7,8,515,1,1,1,0.009135788,0.91,LOW
2026-07-01,617802,Augmentation of Transformation Capacity and Implementation of Line Bays at Mandsaur S/S for RE Interconnection [SPV Name- POWERGRID Mandsaur I RE Transmission Limited],Madhya Pradesh,Transmission & Distribution,Ministry of Power,(Power Grid Corporation of India Limited [POWERGRID]),319.0,16.3,2.5,5.109717868338558,2.5,0.0,12.76,3.540000000000001,0.0,0.0580327868852459,5,6,515,1,1,1,0.00910728,0.91,LOW
2026-07-01,619027,WRNES Talegaon Power Transmission Limited,Maharashtra,Transmission & Distribution,Ministry of Power,(Adani Transmission Limited),2000.0,18.0,5.0,0.8999999999999999,5.0,0.0,36.0,-18.0,0.0,-0.2950819672131147,2,3,515,1,1,1,0.00875709,0.88,LOW
2026-07-01,613794,PARASEA-BELBAID UG PROJECT,West Bengal,Coal,Ministry of Coal,(ECL - CIL),389.1,132.48,22.26,34.04780262143407,22.13,0.1300000000000025,132.48,0.0,0.0021311475409836,0.0,7,8,515,1,1,1,0.0085963905,0.86,LOW
2026-07-01,613798,AMERA OC RCE [1.0 MTY],Chhattisgarh,Coal,Ministry of Coal,(SECL - CIL),335.97,91.76,42.47,27.31196237759324,42.47,0.0,90.88,0.8800000000000097,0.0,0.0144262295081968,7,8,515,1,1,1,0.008556029,0.86,LOW
2026-07-01,611943,New Broad Gauge line between Naliya to Jakhau Port,Gujarat,Railways,Ministry of Railways,(Western Railway [WR] - II),410.26,11.3,5.0,2.7543508994296304,5.0,0.0,11.23,0.0700000000000002,0.0,0.0011475409836065,7,8,515,1,1,1,0.008470492,0.85,LOW
2026-07-01,616050,AMALGAMATED INDER-KAMPTEE DEEP,Maharashtra,Coal,Ministry of Coal,(WCL - CIL),235.9,128.23,98.97,54.35777871979652,98.97,0.0,127.42,0.8099999999999881,0.0,0.0132786885245899,7,8,515,1,1,1,0.008393052,0.84,LOW
2026-07-01,400150,RPR MAGADH EXP OCP,Jharkhand,Coal,Ministry of Coal,(Ministry of Coal),6964.33,2298.45,39.42,33.00317474904262,40.21,-0.7899999999999991,1688.4,610.0499999999997,-0.0129508196721311,10.000819672131144,7,8,515,1,1,1,0.008365176,0.84,LOW
2026-07-01,612816,ITAPARA OCP,West Bengal,Coal,Ministry of Coal,(ECL - CIL),929.1,132.43,8.41,14.25357873210634,8.35,0.0600000000000005,71.23,61.2,0.000983606557377,1.00327868852459,7,8,515,1,1,1,0.008218511,0.82,LOW
2026-07-01,615862,Goleti Opencast Mine,Telangana,Coal,Ministry of Coal,(Singareni Collieries Company Limited [SCCL]),345.6,111.94,33.0,32.39004629629629,32.0,1.0,111.15,0.789999999999992,0.0163934426229508,0.012950819672131,7,8,515,1,1,1,0.008199233,0.82,LOW
2026-07-01,615185,AMALGAMATED DHANKASA & JAMUNIA,Madhya Pradesh,Coal,Ministry of Coal,(WCL - CIL),399.2,117.0,67.13,29.308617234468937,67.13,0.0,100.03,16.97,0.0,0.2781967213114754,7,8,515,1,1,1,0.0078070406,0.78,LOW
2026-07-01,616236,JARANGDIH EXPN. OCP 1.5 MTY,Jharkhand,Coal,Ministry of Coal,(CCL - CIL),414.37,85.6,32.83,20.65786615826435,34.18,-1.3500000000000014,85.6,0.0,-0.0221311475409836,0.0,7,8,515,1,1,1,0.0077827713,0.78,LOW
2026-07-01,400156,EPR AMRAPALI OCP,Jharkhand,Coal,Ministry of Coal,(CCL - CIL),4983.57,1811.77,43.69,36.35486207678432,44.45,-0.7600000000000051,1326.01,485.76,-0.0124590163934427,7.96327868852459,7,8,515,1,1,1,0.0077632577,0.78,LOW
2026-07-01,619055,SAONER-III EXPN UG MINE 1.54,Maharashtra,Coal,Ministry of Coal,(WCL - CIL),444.42,0.0,0.0,0.0,0.0,0.0,0.0,0.0,0.0,0.0,2,3,515,1,1,1,0.0075604063,0.76,LOW
2026-07-01,613801,MAHAMAYA OCP [1.50 MTY],Chhattisgarh,Coal,Ministry of Coal,(SECL - CIL),410.26,188.6,54.6,45.97084775508215,54.6,0.0,187.63,0.9699999999999988,0.0,0.0159016393442622,7,8,515,1,1,1,0.0075408434,0.75,LOW
2026-07-01,617179,Transmission Scheme for evacuation of Power from Ratle HEP [850 MW] & kiru [624 MW] Part B,Jammu and Kashmir,Transmission & Distribution,Ministry of Power,(Power Grid Corporation of India Limited [POWERGRID]),218.6,3.72,1.7,1.7017383348581887,1.7,0.0,3.72,0.0,0.0,0.0,7,8,515,1,1,1,0.0075146235,0.75,LOW
2026-07-01,615821,TIRAP OCP,Assam,Coal,Ministry of Coal,(INVALID CO.),289.46,105.66,5.26,36.50245284322532,3.26,2.0,105.61,0.0499999999999971,0.0327868852459016,0.0008196721311474,7,8,515,1,1,1,0.0073252325,0.73,LOW
2026-07-01,616229,AMAL GONDEGAON GHATROHANA EXPN,Maharashtra,Coal,Ministry of Coal,(WCL - CIL),668.54,2.95,2.55,0.4412600592335537,2.52,0.0299999999999998,2.94,0.0100000000000002,0.0004918032786885,0.0001639344262295,7,8,515,1,1,1,0.0069006286,0.69,LOW
2026-07-01,617270,Eastern Region Expansion Scheme-44 [ERES-44],"Multi-States (Bihar, West Bengal)",Transmission & Distribution,Ministry of Power,(Power Grid Corporation of India Limited [POWERGRID]),408.94,6.13,1.5,1.4989974079327042,1.5,0.0,6.13,0.0,0.0,0.0,7,8,515,1,1,1,0.006724654,0.67,LOW
2026-07-01,617278,KOLARPIMPRI EXPANSION OC [2.5,Maharashtra,Coal,Ministry of Coal,(WCL - CIL),630.37,0.61,0.4,0.0967685644938686,0.35,0.05,0.61,0.0,0.0008196721311475,0.0,7,8,515,1,1,1,0.006644379,0.66,LOW
2026-07-01,615189,MAKARDHOKRA EXPN OC 4.9 MTY,Maharashtra,Coal,Ministry of Coal,(WCL - CIL),361.87,104.17,12.2,28.78658081631525,12.2,0.0,96.64,7.530000000000001,0.0,0.1234426229508196,7,8,515,1,1,1,0.0066074254,0.66,LOW
2026-07-01,615843,TETARIAKHAR OC,Jharkhand,Coal,Ministry of Coal,(CCL - CIL),243.52,50.82,30.06,20.86892247043364,31.27,-1.2100000000000009,50.82,0.0,-0.0198360655737705,0.0,7,8,515,1,1,1,0.0065306434,0.65,LOW
2026-07-01,615349,TAPIN SOUTH EXPN,Jharkhand,Coal,Ministry of Coal,(CCL - CIL),230.41,40.02,23.67,17.369037802178728,22.76,0.91,22.02,18.000000000000004,0.0149180327868852,0.2950819672131148,7,8,515,1,1,1,0.006289416,0.63,LOW
2026-07-01,617803,Transmission System Strengthening at Davanagere for Integration of RE Generation [SPV Name - POWERGRID Davanagere Power Transmission Limited],Karnataka,Transmission & Distribution,Ministry of Power,(Power Grid Corporation of India Limited [POWERGRID]),379.0,17.06,2.5,4.5013192612137205,2.5,0.0,17.06,0.0,0.0,0.0,5,6,515,1,1,1,0.0062626367,0.63,LOW
2026-07-01,615195,SHARDA UG MINE,Madhya Pradesh,Coal,Ministry of Coal,(WCL - CIL),166.25,5.93,9.39,3.5669172932330824,9.39,0.0,5.19,0.7399999999999993,0.0,0.0121311475409835,7,8,515,1,1,1,0.0060516936,0.61,LOW
2026-07-01,617233,WAGHODA UG MINE [1.02 MTY],Maharashtra,Coal,Ministry of Coal,(WCL - CIL),379.3,0.0,0.11,0.0,0.01,0.1,0.0,0.0,0.001639344262295,0.0,7,8,515,1,1,1,0.005468115,0.55,LOW
2026-07-01,615914,GHONSA EXPANSION DEEP OC MINE,Maharashtra,Coal,Ministry of Coal,(WCL - CIL),184.71,15.72,12.98,8.51063829787234,12.83,0.1500000000000003,15.72,0.0,0.0024590163934426,0.0,7,8,515,1,1,1,0.005454042,0.55,LOW
2026-07-01,617181,"Augmentation at Fatehgarh-II PS, Fatehgarh-IV PS [Section-II] and Barmer-I PS [POWERGRID Fatehgarh Barmer Augmentation Transmission Limited]",Rajasthan,Transmission & Distribution,Ministry of Power,(Power Grid Corporation of India Limited [POWERGRID]),404.0,29.61,16.4,7.329207920792078,9.8,6.599999999999998,28.28,1.3299999999999983,0.1081967213114753,0.0218032786885245,7,8,515,1,1,1,0.0054444135,0.54,LOW
2026-07-01,615917,GAURIDEEP/GAURI CENTRAL OCP 7.,Maharashtra,Coal,Ministry of Coal,(WCL - CIL),973.07,1.55,2.31,0.1592896708356027,2.31,0.0,1.55,0.0,0.0,0.0,7,8,515,1,1,1,0.0052607297,0.53,LOW
2026-07-01,615331,GADEGAON OC 3 MTY,Maharashtra,Coal,Ministry of Coal,(WCL - CIL),497.41,86.72,2.19,17.434309724372245,2.19,0.0,27.55,59.17,0.0,0.97,7,8,515,1,1,1,0.0051778606,0.52,LOW
2026-07-01,616230,PARASCOLE JAMBAD OCP,West Bengal,Coal,Ministry of Coal,(ECL - CIL),1193.55,11.81,0.23,0.9894851493443928,0.22,0.01,11.42,0.3900000000000005,0.0001639344262295,0.0063934426229508,7,8,515,1,1,1,0.005110884,0.51,LOW
2026-07-01,615191,KATKONA RO UG MINE,Chhattisgarh,Coal,Ministry of Coal,(SECL - CIL),329.21,62.01,2.01,18.836001336532917,2.01,0.0,62.03,-0.0200000000000031,0.0,-0.000327868852459,7,8,515,1,1,1,0.005005335,0.5,LOW
2026-07-01,615192,GOKUL EXTENSION OC MINE,Maharashtra,Coal,Ministry of Coal,(WCL - CIL),309.58,62.31,8.44,20.127269203436917,8.44,0.0,57.46,4.850000000000001,0.0,0.0795081967213115,7,8,515,1,1,1,0.0048989947,0.49,LOW
2026-07-01,615194,URDHAN EXPANSION OC COST PLUS,Madhya Pradesh,Coal,Ministry of Coal,(WCL - CIL),206.88,50.69,2.02,24.502126836813613,2.02,0.0,27.32,23.37,0.0,0.3831147540983606,7,8,515,1,1,1,0.0046975072,0.47,LOW
2026-07-01,613804,RPR TAWA-III UG 0.84 MTY,Madhya Pradesh,Coal,Ministry of Coal,(WCL - CIL),314.09,17.9,17.78,5.699003470342896,17.78,0.0,17.89,0.009999999999998,0.0,0.0001639344262294,7,8,515,1,1,1,0.004634238,0.46,LOW
2026-07-01,400186,TILABONI UG,West Bengal,Coal,Ministry of Coal,(ECL - CIL),749.08,53.97,12.14,7.2048379345330265,11.9,0.2400000000000002,53.88,0.0899999999999963,0.0039344262295082,0.0014754098360655,7,8,515,1,1,1,0.0046340753,0.46,LOW
2026-07-01,615190,SINGHORI DEEP OC MIN 2.0 MTY,Maharashtra,Coal,Ministry of Coal,(WCL - CIL),335.75,53.34,9.64,15.886820551005211,9.57,0.0700000000000002,49.75,3.5900000000000034,0.0011475409836065,0.0588524590163935,7,8,515,1,1,1,0.004535617,0.45,LOW
2026-07-01,615818,Jawahar Khani Open Cast Mine,Telangana,Coal,Ministry of Coal,(Singareni Collieries Company Limited [SCCL]),297.88,50.39,20.0,16.916207868940514,20.0,0.0,47.48,2.910000000000004,0.0,0.0477049180327869,7,8,515,1,1,1,0.004480772,0.45,LOW
2026-07-01,615199,KOLGAON EXPANSION DEEP OC MINE,Maharashtra,Coal,Ministry of Coal,(WCL - CIL),198.71,25.08,2.82,12.621408082129737,2.82,0.0,23.54,1.5399999999999991,0.0,0.0252459016393442,7,8,515,1,1,1,0.0040193293,0.4,LOW
2026-07-01,613803,JHIRIA WEST OCP [1.5 MTY],Madhya Pradesh,Coal,Ministry of Coal,(SECL - CIL),366.94,36.68,41.29,9.996184662342618,41.29,0.0,35.57,1.1099999999999994,0.0,0.0181967213114754,7,8,515,1,1,1,0.003709709,0.37,LOW
2026-07-01,615188,NEW MAJRI UG TO OC 3 MTY COST,Maharashtra,Coal,Ministry of Coal,(WCL - CIL),402.27,67.81,24.17,16.85683744748552,24.17,0.0,67.11,0.7000000000000028,0.0,0.0114754098360656,7,8,515,1,1,1,0.003701697,0.37,LOW
2026-07-01,615918,RPR OF BHANEGAON OC,Maharashtra,Coal,Ministry of Coal,(WCL - CIL),405.2,43.1,16.06,10.636722606120436,15.95,0.1099999999999994,35.03,8.07,0.0018032786885245,0.1322950819672131,7,8,515,1,1,1,0.003665192,0.37,LOW
2026-07-01,615206,GANDHIGRAM UG MINE,Madhya Pradesh,Coal,Ministry of Coal,(WCL - CIL),414.15,22.16,56.88,5.350718338766148,56.88,0.0,22.11,0.0500000000000007,0.0,0.0008196721311475,7,8,515,1,1,1,0.0032764783,0.33,LOW
2026-07-01,616253,BLOCK E OCP,Jharkhand,Coal,Ministry of Coal,(BCCL - CIL),5850.83,20.32,4.18,0.3473011521442257,4.17,0.0099999999999997,20.32,0.0,0.0001639344262295,0.0,7,8,515,1,1,1,0.0028376617,0.28,LOW
2026-07-01,615330,BALLARPUR NORTH WEST OC MINE,Maharashtra,Coal,Ministry of Coal,(WCL - CIL),360.81,26.97,5.35,7.474848258085973,5.17,0.1799999999999997,3.84,23.13,0.0029508196721311,0.3791803278688524,7,8,515,1,1,1,0.0023702744,0.24,LOW
